run,phase,date,source,x_m,y_m,z_m,is_centre,in_calib_table,calib_good,prephase1_rtraw,physics_good,in_kup_esd,run_kind
9415,pre-P1,,,,,,,0,0,1,0,0,other-calibration
9417,pre-P1,,,,,,,0,0,1,0,0,other-calibration
9420,pre-P1,,,,,,,0,0,1,0,0,other-calibration
9426,pre-P1,,,,,,,0,0,1,0,0,other-calibration
9431,pre-P1,,,,,,,0,0,1,0,0,other-calibration
9436,pre-P1,,,,,,,0,0,1,0,0,other-calibration
9438,pre-P1,,,,,,,0,0,1,0,0,other-calibration
9440,pre-P1,,,,,,,0,0,1,0,0,other-calibration
9442,pre-P1,,,,,,,0,0,1,0,0,other-calibration
9444,pre-P1,,,,,,,0,0,1,0,0,other-calibration
9446,pre-P1,,,,,,,0,0,1,0,0,other-calibration
9448,pre-P1,,,,,,,0,0,1,0,0,other-calibration
9451,pre-P1,,,,,,,0,0,1,0,0,other-calibration
9461,pre-P1,,,,,,,0,0,1,0,0,other-calibration
9463,pre-P1,,,,,,,0,0,1,0,0,other-calibration
9466,pre-P1,,,,,,,0,0,1,0,0,other-calibration
9468,pre-P1,,,,,,,0,0,1,0,0,other-calibration
9470,pre-P1,,,,,,,0,0,1,0,0,other-calibration
9472,pre-P1,,,,,,,0,0,1,0,0,other-calibration
9474,pre-P1,,,,,,,0,0,1,0,0,other-calibration
9476,pre-P1,,,,,,,0,0,1,0,0,other-calibration
9478,pre-P1,,,,,,,0,0,1,0,0,other-calibration
9480,pre-P1,,,,,,,0,0,1,0,0,other-calibration
9482,pre-P1,,,,,,,0,0,1,0,0,other-calibration
9484,pre-P1,,,,,,,0,0,1,0,0,other-calibration
9497,pre-P1,2025-08-24,Ge68,0.0,0.0,18.4,0,1,0,1,0,0,calib-source z-scan
9499,pre-P1,2025-08-24,Ge68,0.0,0.0,18.0,0,1,0,1,0,0,calib-source z-scan
9501,pre-P1,2025-08-24,Ge68,0.0,0.0,17.7,0,1,0,1,0,0,calib-source z-scan
9503,pre-P1,2025-08-24,Ge68,0.0,0.0,17.5,0,1,0,1,0,0,calib-source z-scan
9505,pre-P1,2025-08-24,Ge68,0.0,0.0,17.3,0,1,0,1,0,0,calib-source z-scan
9507,pre-P1,2025-08-24,Ge68,0.0,0.0,17.1,0,1,0,1,0,0,calib-source z-scan
9509,pre-P1,2025-08-24,Ge68,0.0,0.0,16.9,0,1,0,1,0,0,calib-source z-scan
9511,pre-P1,2025-08-24,Ge68,0.0,0.0,16.7,0,1,0,1,0,0,calib-source z-scan
9513,pre-P1,2025-08-24,Ge68,0.0,0.0,16.5,0,1,0,1,0,0,calib-source z-scan
9515,pre-P1,2025-08-24,Ge68,0.0,0.0,16.3,0,1,0,1,0,0,calib-source z-scan
9517,pre-P1,2025-08-24,Ge68,0.0,0.0,16.1,0,1,0,1,0,0,calib-source z-scan
9519,pre-P1,2025-08-24,Ge68,0.0,0.0,15.9,0,1,0,1,0,0,calib-source z-scan
9521,pre-P1,2025-08-24,Ge68,0.0,0.0,15.7,0,1,0,1,0,0,calib-source z-scan
9523,pre-P1,2025-08-24,Ge68,0.0,0.0,15.5,0,1,0,1,0,0,calib-source z-scan
9525,pre-P1,2025-08-24,Ge68,0.0,0.0,15.0,0,1,0,1,0,0,calib-source z-scan
9527,pre-P1,2025-08-24,Ge68,0.0,0.0,14.0,0,1,0,1,0,0,calib-source z-scan
9529,pre-P1,2025-08-24,Ge68,0.0,0.0,13.0,0,1,0,1,0,0,calib-source z-scan
9531,pre-P1,2025-08-24,Ge68,0.0,0.0,11.0,0,1,0,1,0,0,calib-source z-scan
9533,pre-P1,2025-08-24,Ge68,0.0,0.0,9.0,0,1,0,1,0,0,calib-source z-scan
9535,pre-P1,2025-08-24,Ge68,0.0,0.0,6.0,0,1,0,1,0,0,calib-source z-scan
9537,pre-P1,2025-08-24,Ge68,0.0,0.0,3.0,0,1,0,1,0,0,calib-source z-scan
9539,pre-P1,2025-08-24,Ge68,0.0,0.0,1.0,0,1,0,1,0,0,calib-source z-scan
9541,pre-P1,2025-08-24,Ge68,0.0,0.0,0.0,1,1,0,1,0,0,calib-source centre
9543,pre-P1,2025-08-24,Ge68,0.0,0.0,-1.0,0,1,0,1,0,0,calib-source z-scan
9545,pre-P1,2025-08-24,Ge68,0.0,0.0,-3.0,0,1,0,1,0,0,calib-source z-scan
9547,pre-P1,2025-08-24,Ge68,0.0,0.0,-6.0,0,1,0,1,0,0,calib-source z-scan
9549,pre-P1,2025-08-24,Ge68,0.0,0.0,-9.0,0,1,0,1,0,0,calib-source z-scan
9551,pre-P1,2025-08-24,Ge68,0.0,0.0,-11.0,0,1,0,1,0,0,calib-source z-scan
9553,pre-P1,2025-08-24,Ge68,0.0,0.0,-13.0,0,1,0,1,0,0,calib-source z-scan
9555,pre-P1,2025-08-24,Ge68,0.0,0.0,-14.0,0,1,0,1,0,0,calib-source z-scan
9557,pre-P1,2025-08-24,Ge68,0.0,0.0,-15.0,0,1,0,1,0,0,calib-source z-scan
9559,pre-P1,2025-08-24,Ge68,0.0,0.0,-15.5,0,1,0,1,0,0,calib-source z-scan
9561,pre-P1,2025-08-24,Ge68,0.0,0.0,-15.7,0,1,0,1,0,0,calib-source z-scan
9563,pre-P1,2025-08-24,Ge68,0.0,0.0,-15.9,0,1,0,1,0,0,calib-source z-scan
9565,pre-P1,2025-08-24,Ge68,0.0,0.0,-16.1,0,1,0,1,0,0,calib-source z-scan
9567,pre-P1,2025-08-24,Ge68,0.0,0.0,-16.3,0,1,0,1,0,0,calib-source z-scan
9569,pre-P1,2025-08-24,Ge68,0.0,0.0,-16.5,0,1,0,1,0,0,calib-source z-scan
9571,pre-P1,2025-08-24,Ge68,0.0,0.0,-16.7,0,1,0,1,0,0,calib-source z-scan
9573,pre-P1,2025-08-24,Ge68,0.0,0.0,-16.9,0,1,0,1,0,0,calib-source z-scan
9575,pre-P1,2025-08-24,Ge68,0.0,0.0,-17.1,0,1,0,1,0,0,calib-source z-scan
9577,pre-P1,2025-08-24,Ge68,0.0,0.0,-17.3,0,1,0,1,0,0,calib-source z-scan
9589,pre-P1,2025-08-24,Co60,0.0,0.0,14.0,0,1,0,1,0,0,calib-source z-scan
9591,pre-P1,2025-08-24,Co60,0.0,0.0,0.0,1,1,0,1,0,0,calib-source centre
9593,pre-P1,2025-08-25,Co60,0.0,0.0,-14.0,0,1,0,1,0,0,calib-source z-scan
9598,pre-P1,2025-08-25,Cs137,0.0,0.0,14.0,0,1,0,1,0,0,calib-source z-scan
9600,pre-P1,2025-08-25,Cs137,0.0,0.0,0.0,1,1,0,1,0,0,calib-source centre
9602,pre-P1,2025-08-25,Cs137,0.0,0.0,-14.0,0,1,0,1,0,0,calib-source z-scan
9607,pre-P1,2025-08-25,AmC117,0.0,0.0,14.0,0,1,0,1,0,0,calib-source z-scan
9609,pre-P1,2025-08-25,AmC117,0.0,0.0,0.0,1,1,0,1,0,0,calib-source centre
9611,pre-P1,2025-08-25,AmC117,0.0,0.0,-14.0,0,1,0,1,0,0,calib-source z-scan
9618,pre-P1,2025-08-25,Mn54,0.0,0.0,14.0,0,1,0,1,0,0,calib-source z-scan
9624,pre-P1,2025-08-25,Mn54,0.0,0.0,0.0,1,1,0,1,0,0,calib-source centre
9632,pre-P1,2025-08-25,K40,0.0,0.0,0.0,1,1,0,1,0,0,calib-source K40
9641,pre-P1,,,,,,,0,0,1,0,0,other-calibration
9642,pre-P1,,,,,,,0,0,1,0,0,other-calibration
9643,pre-P1,,,,,,,0,0,1,0,0,other-calibration
9644,pre-P1,,,,,,,0,0,1,0,0,other-calibration
9645,pre-P1,,,,,,,0,0,1,0,0,other-calibration
9646,pre-P1,,,,,,,0,0,1,0,0,other-calibration
9647,pre-P1,,,,,,,0,0,1,0,0,other-calibration
9648,pre-P1,,,,,,,0,0,1,0,0,other-calibration
9649,pre-P1,,,,,,,0,0,1,0,0,other-calibration
9650,pre-P1,,,,,,,0,0,1,0,0,other-calibration
9651,pre-P1,,,,,,,0,0,1,0,0,other-calibration
9652,pre-P1,,,,,,,0,0,1,0,0,other-calibration
9653,pre-P1,,,,,,,0,0,1,0,0,other-calibration
9654,pre-P1,,,,,,,0,0,1,0,0,other-calibration
9655,pre-P1,,,,,,,0,0,1,0,0,other-calibration
9656,pre-P1,,,,,,,0,0,1,0,0,other-calibration
9657,pre-P1,,,,,,,0,0,1,0,0,other-calibration
9658,pre-P1,,,,,,,0,0,1,0,0,other-calibration
9659,pre-P1,,,,,,,0,0,1,0,0,other-calibration
9660,pre-P1,,,,,,,0,0,1,0,0,other-calibration
9661,pre-P1,,,,,,,0,0,1,0,0,other-calibration
9662,pre-P1,,,,,,,0,0,1,0,0,other-calibration
9663,pre-P1,,,,,,,0,0,1,0,0,other-calibration
9664,pre-P1,,,,,,,0,0,1,0,0,other-calibration
9665,pre-P1,,,,,,,0,0,1,0,0,other-calibration
9666,pre-P1,,,,,,,0,0,1,0,0,other-calibration
9667,pre-P1,,,,,,,0,0,1,0,0,other-calibration
9669,pre-P1,,,,,,,0,0,1,0,0,other-calibration
9670,pre-P1,,,,,,,0,0,1,0,0,other-calibration
9671,pre-P1,,,,,,,0,0,1,0,0,other-calibration
9673,pre-P1,,,,,,,0,0,1,0,0,other-calibration
9674,pre-P1,,,,,,,0,0,1,0,0,other-calibration
9675,pre-P1,,,,,,,0,0,1,0,0,other-calibration
9676,pre-P1,,,,,,,0,0,1,0,0,other-calibration
9677,pre-P1,,,,,,,0,0,1,0,0,other-calibration
9678,pre-P1,,,,,,,0,0,1,0,0,other-calibration
9679,pre-P1,,,,,,,0,0,1,0,0,other-calibration
9680,pre-P1,,,,,,,0,0,1,0,0,other-calibration
9681,pre-P1,,,,,,,0,0,1,0,0,other-calibration
9682,pre-P1,,,,,,,0,0,1,0,0,other-calibration
9683,pre-P1,,,,,,,0,0,1,0,0,other-calibration
9684,pre-P1,,,,,,,0,0,1,0,0,other-calibration
9685,pre-P1,,,,,,,0,0,1,0,0,other-calibration
9686,pre-P1,,,,,,,0,0,1,0,0,other-calibration
9687,pre-P1,,,,,,,0,0,1,0,0,other-calibration
9688,pre-P1,,,,,,,0,0,1,0,0,other-calibration
9689,pre-P1,,,,,,,0,0,1,0,0,other-calibration
9690,pre-P1,,,,,,,0,0,1,0,0,other-calibration
9691,pre-P1,,,,,,,0,0,1,0,0,other-calibration
9692,pre-P1,,,,,,,0,0,1,0,0,other-calibration
9693,pre-P1,,,,,,,0,0,1,0,0,other-calibration
9694,pre-P1,,,,,,,0,0,1,0,0,other-calibration
9695,pre-P1,,,,,,,0,0,1,0,0,other-calibration
9696,pre-P1,,,,,,,0,0,1,0,0,other-calibration
9697,pre-P1,,,,,,,0,0,1,0,0,other-calibration
9698,pre-P1,,,,,,,0,0,1,0,0,other-calibration
9699,pre-P1,,,,,,,0,0,1,0,0,other-calibration
9700,pre-P1,,,,,,,0,0,1,0,0,other-calibration
9701,pre-P1,,,,,,,0,0,1,0,0,other-calibration
9702,pre-P1,,,,,,,0,0,1,0,0,other-calibration
9703,pre-P1,,,,,,,0,0,1,0,0,other-calibration
9704,pre-P1,,,,,,,0,0,1,0,0,other-calibration
9705,pre-P1,,,,,,,0,0,1,0,0,other-calibration
9706,pre-P1,,,,,,,0,0,1,0,0,other-calibration
9707,pre-P1,,,,,,,0,0,1,0,0,other-calibration
9708,pre-P1,,,,,,,0,0,1,0,0,other-calibration
9709,pre-P1,,,,,,,0,0,1,0,0,other-calibration
9710,pre-P1,,,,,,,0,0,1,0,0,other-calibration
9711,pre-P1,,,,,,,0,0,1,0,0,other-calibration
9712,pre-P1,,,,,,,0,0,1,0,0,other-calibration
9713,pre-P1,,,,,,,0,0,1,0,0,other-calibration
9714,pre-P1,,,,,,,0,0,1,0,0,other-calibration
9715,pre-P1,,,,,,,0,0,1,0,0,other-calibration
9716,pre-P1,,,,,,,0,0,1,0,0,other-calibration
9717,pre-P1,,,,,,,0,0,1,0,0,other-calibration
9718,pre-P1,,,,,,,0,0,1,0,0,other-calibration
9719,pre-P1,,,,,,,0,0,1,0,0,other-calibration
9720,pre-P1,,,,,,,0,0,1,0,0,other-calibration
9721,pre-P1,,,,,,,0,0,1,0,0,other-calibration
9722,pre-P1,,,,,,,0,0,1,0,0,other-calibration
9723,pre-P1,,,,,,,0,0,1,0,0,other-calibration
9733,pre-P1,,,,,,,0,0,1,0,0,other-calibration
9789,P1,,,,,,,0,0,,1,0,physics
9790,P1,,,,,,,0,0,,1,0,physics
9794,P1,,,,,,,0,0,,1,0,physics
9796,P1,,,,,,,0,0,,1,0,physics
9797,P1,,,,,,,0,0,,1,0,physics
9800,P1,,,,,,,0,0,,1,0,physics
9801,P1,,,,,,,0,0,,1,0,physics
9802,P1,,,,,,,0,0,,1,0,physics
9803,P1,,,,,,,0,0,,1,0,physics
9804,P1,,,,,,,0,0,,1,0,physics
9805,P1,,,,,,,0,0,,1,0,physics
9807,P1,,,,,,,0,0,,1,0,physics
9808,P1,,,,,,,0,0,,1,0,physics
9816,P1,,,,,,,0,0,,1,0,physics
9817,P1,,,,,,,0,0,,1,0,physics
9818,P1,,,,,,,0,0,,1,0,physics
9819,P1,,,,,,,0,0,,1,0,physics
9820,P1,,,,,,,0,0,,1,0,physics
9821,P1,,,,,,,0,0,,1,0,physics
9822,P1,,,,,,,0,0,,1,0,physics
9824,P1,,,,,,,0,0,,1,0,physics
9825,P1,,,,,,,0,0,,1,0,physics
9826,P1,,,,,,,0,0,,1,0,physics
9827,P1,,,,,,,0,0,,1,0,physics
9829,P1,,,,,,,0,0,,1,0,physics
9830,P1,,,,,,,0,0,,1,0,physics
9831,P1,,,,,,,0,0,,1,0,physics
9832,P1,,,,,,,0,0,,1,0,physics
9833,P1,,,,,,,0,0,,1,0,physics
9834,P1,,,,,,,0,0,,1,0,physics
9835,P1,,,,,,,0,0,,1,0,physics
9837,P1,,,,,,,0,0,,1,0,physics
9838,P1,,,,,,,0,0,,1,0,physics
9839,P1,,,,,,,0,0,,1,0,physics
9840,P1,,,,,,,0,0,,1,0,physics
9841,P1,,,,,,,0,0,,1,0,physics
9842,P1,,,,,,,0,0,,1,0,physics
9846,P1,,,,,,,0,0,,1,0,physics
9847,P1,,,,,,,0,0,,1,0,physics
9848,P1,,,,,,,0,0,,1,0,physics
9850,P1,,,,,,,0,0,,1,0,physics
9851,P1,,,,,,,0,0,,1,0,physics
9856,P1,,,,,,,0,0,,1,0,physics
9857,P1,,,,,,,0,0,,1,0,physics
9858,P1,,,,,,,0,0,,1,0,physics
9859,P1,,,,,,,0,0,,1,0,physics
9860,P1,,,,,,,0,0,,1,0,physics
9862,P1,,,,,,,0,1,,0,1,other-calibration
9863,P1,,,,,,,0,1,,0,1,other-calibration
9866,P1,,,,,,,0,0,,1,0,physics
9867,P1,,,,,,,0,0,,1,0,physics
9868,P1,,,,,,,0,0,,1,0,physics
9869,P1,,,,,,,0,0,,1,0,physics
9870,P1,,,,,,,0,0,,1,0,physics
9871,P1,,,,,,,0,0,,1,0,physics
9872,P1,,,,,,,0,0,,1,0,physics
9873,P1,,,,,,,0,0,,1,0,physics
9874,P1,,,,,,,0,0,,1,0,physics
9875,P1,,,,,,,0,0,,1,0,physics
9876,P1,,,,,,,0,0,,1,0,physics
9877,P1,,,,,,,0,0,,1,0,physics
9878,P1,,,,,,,0,0,,1,0,physics
9879,P1,,,,,,,0,0,,1,0,physics
9880,P1,,,,,,,0,0,,1,0,physics
9881,P1,,,,,,,0,0,,1,0,physics
9882,P1,,,,,,,0,0,,1,0,physics
9884,P1,,,,,,,0,0,,1,0,physics
9885,P1,,,,,,,0,0,,1,0,physics
9886,P1,,,,,,,0,0,,1,0,physics
9889,P1,,,,,,,0,0,,1,0,physics
9890,P1,,,,,,,0,0,,1,0,physics
9891,P1,,,,,,,0,0,,1,0,physics
9892,P1,,,,,,,0,0,,1,0,physics
9893,P1,,,,,,,0,0,,1,0,physics
9894,P1,,,,,,,0,0,,1,0,physics
9895,P1,,,,,,,0,0,,1,0,physics
9896,P1,,,,,,,0,0,,1,0,physics
9897,P1,,,,,,,0,0,,1,0,physics
9898,P1,,,,,,,0,0,,1,0,physics
9899,P1,,,,,,,0,0,,1,0,physics
9900,P1,,,,,,,0,0,,1,0,physics
9901,P1,,,,,,,0,0,,1,0,physics
9902,P1,,,,,,,0,0,,1,0,physics
9904,P1,,,,,,,0,0,,1,0,physics
9905,P1,,,,,,,0,0,,1,0,physics
9906,P1,,,,,,,0,0,,1,0,physics
9907,P1,,,,,,,0,0,,1,0,physics
9908,P1,,,,,,,0,0,,1,0,physics
9909,P1,,,,,,,0,0,,1,0,physics
9910,P1,,,,,,,0,0,,1,0,physics
9911,P1,,,,,,,0,0,,1,0,physics
9912,P1,,,,,,,0,0,,1,0,physics
9913,P1,,,,,,,0,0,,1,0,physics
9919,P1,,,,,,,0,0,,1,0,physics
9920,P1,,,,,,,0,0,,1,0,physics
9921,P1,,,,,,,0,0,,1,0,physics
9922,P1,,,,,,,0,0,,1,0,physics
9923,P1,,,,,,,0,0,,1,0,physics
9926,P1,,,,,,,0,0,,1,0,physics
9927,P1,,,,,,,0,0,,1,0,physics
9928,P1,,,,,,,0,0,,1,0,physics
9929,P1,,,,,,,0,0,,1,0,physics
9930,P1,,,,,,,0,0,,1,0,physics
9932,P1,,,,,,,0,0,,1,0,physics
9933,P1,,,,,,,0,0,,1,0,physics
9940,P1,,,,,,,0,0,,1,0,physics
9944,P1,,,,,,,0,0,,1,0,physics
9949,P1,,,,,,,0,0,,1,0,physics
9958,P1,,,,,,,0,0,,1,0,physics
9964,P1,,,,,,,0,0,,1,0,physics
9965,P1,,,,,,,0,0,,1,0,physics
9966,P1,,,,,,,0,0,,1,0,physics
9967,P1,,,,,,,0,0,,1,0,physics
9968,P1,,,,,,,0,0,,1,0,physics
9972,P1,,,,,,,0,0,,1,0,physics
9981,P1,,,,,,,0,1,,0,1,other-calibration
9982,P1,,,,,,,0,1,,0,1,other-calibration
9983,P1,,,,,,,0,1,,0,1,other-calibration
9984,P1,,,,,,,0,1,,0,1,other-calibration
9985,P1,,,,,,,0,1,,0,1,other-calibration
9986,P1,,,,,,,0,1,,0,1,other-calibration
9987,P1,,,,,,,0,1,,0,1,other-calibration
9988,P1,,,,,,,0,1,,0,1,other-calibration
9989,P1,,,,,,,0,1,,0,1,other-calibration
9992,P1,,,,,,,0,1,,0,1,other-calibration
9993,P1,,,,,,,0,1,,0,1,other-calibration
9994,P1,,,,,,,0,1,,0,1,other-calibration
9995,P1,,,,,,,0,1,,0,1,other-calibration
9996,P1,,,,,,,0,1,,0,1,other-calibration
9997,P1,,,,,,,0,1,,0,1,other-calibration
9998,P1,,,,,,,0,1,,0,1,other-calibration
9999,P1,,,,,,,0,1,,0,1,other-calibration
10003,P1,,,,,,,0,1,,0,1,other-calibration
10006,P1,,,,,,,0,1,,0,1,other-calibration
10008,P1,,,,,,,0,1,,0,1,other-calibration
10010,P1,,,,,,,0,1,,0,1,other-calibration
10015,P1,,,,,,,0,1,,0,1,other-calibration
10020,P1,,,,,,,0,0,,1,0,physics
10021,P1,,,,,,,0,0,,1,0,physics
10022,P1,,,,,,,0,0,,1,0,physics
10027,P1,,,,,,,0,0,,1,0,physics
10028,P1,,,,,,,0,0,,1,0,physics
10029,P1,,,,,,,0,0,,1,0,physics
10030,P1,,,,,,,0,0,,1,0,physics
10031,P1,,,,,,,0,0,,1,0,physics
10034,P1,,,,,,,0,0,,1,0,physics
10035,P1,,,,,,,0,0,,1,0,physics
10036,P1,,,,,,,0,0,,1,0,physics
10037,P1,,,,,,,0,0,,1,0,physics
10038,P1,,,,,,,0,0,,1,0,physics
10040,P1,,,,,,,0,0,,1,0,physics
10046,P1,,,,,,,0,0,,1,0,physics
10050,P1,,,,,,,0,0,,1,0,physics
10051,P1,,,,,,,0,0,,1,0,physics
10052,P1,,,,,,,0,0,,1,0,physics
10053,P1,,,,,,,0,0,,1,0,physics
10054,P1,,,,,,,0,0,,1,0,physics
10055,P1,,,,,,,0,0,,1,0,physics
10059,P1,,,,,,,0,0,,1,0,physics
10067,P1,,,,,,,0,0,,1,0,physics
10077,P1,,,,,,,0,0,,1,0,physics
10083,P1,,,,,,,0,0,,1,0,physics
10084,P1,,,,,,,0,0,,1,0,physics
10086,P1,,,,,,,0,0,,1,0,physics
10089,P1,,,,,,,0,0,,1,0,physics
10091,P1,,,,,,,0,0,,1,0,physics
10093,P1,,,,,,,0,0,,1,0,physics
10094,P1,,,,,,,0,0,,1,0,physics
10095,P1,,,,,,,0,0,,1,0,physics
10096,P1,,,,,,,0,0,,1,0,physics
10099,P1,,,,,,,0,0,,1,0,physics
10100,P1,,,,,,,0,0,,1,0,physics
10103,P1,,,,,,,0,1,,0,1,other-calibration
10104,P1,2025-09-12,AmC117,0.0,0.0,17.3,0,1,1,,0,1,calib-source z-scan
10105,P1,,,,,,,0,1,,0,1,other-calibration
10106,P1,2025-09-12,AmC117,0.0,0.0,16.1,0,1,1,,0,1,calib-source z-scan
10107,P1,,,,,,,0,1,,0,1,other-calibration
10108,P1,2025-09-12,AmC117,0.0,0.0,14.0,0,1,1,,0,1,calib-source z-scan
10109,P1,,,,,,,0,1,,0,1,other-calibration
10110,P1,2025-09-12,AmC117,0.0,0.0,0.0,1,1,1,,0,1,calib-source centre
10111,P1,,,,,,,0,1,,0,1,other-calibration
10121,P1,,,,,,,0,0,,1,0,physics
10122,P1,,,,,,,0,0,,1,0,physics
10123,P1,,,,,,,0,0,,1,0,physics
10124,P1,,,,,,,0,0,,1,0,physics
10125,P1,,,,,,,0,0,,1,0,physics
10126,P1,,,,,,,0,0,,1,0,physics
10128,P1,,,,,,,0,0,,1,0,physics
10129,P1,,,,,,,0,0,,1,0,physics
10130,P1,,,,,,,0,0,,1,0,physics
10131,P1,,,,,,,0,0,,1,0,physics
10132,P1,,,,,,,0,0,,1,0,physics
10133,P1,,,,,,,0,0,,1,0,physics
10134,P1,,,,,,,0,0,,1,0,physics
10135,P1,,,,,,,0,0,,1,0,physics
10136,P1,,,,,,,0,0,,1,0,physics
10140,P1,,,,,,,0,0,,1,0,physics
10141,P1,,,,,,,0,0,,1,0,physics
10142,P1,,,,,,,0,0,,1,0,physics
10143,P1,,,,,,,0,0,,1,0,physics
10144,P1,,,,,,,0,0,,1,0,physics
10145,P1,,,,,,,0,0,,1,0,physics
10147,P1,,,,,,,0,0,,1,0,physics
10148,P1,,,,,,,0,0,,1,0,physics
10149,P1,,,,,,,0,0,,1,0,physics
10150,P1,,,,,,,0,0,,1,0,physics
10151,P1,,,,,,,0,0,,1,0,physics
10153,P1,,,,,,,0,0,,1,0,physics
10154,P1,,,,,,,0,0,,1,0,physics
10155,P1,,,,,,,0,0,,1,0,physics
10156,P1,,,,,,,0,0,,1,0,physics
10157,P1,,,,,,,0,0,,1,0,physics
10160,P1,,,,,,,0,0,,1,0,physics
10161,P1,,,,,,,0,0,,1,0,physics
10162,P1,,,,,,,0,0,,1,0,physics
10163,P1,,,,,,,0,0,,1,0,physics
10164,P1,,,,,,,0,0,,1,0,physics
10165,P1,,,,,,,0,0,,1,0,physics
10166,P1,,,,,,,0,0,,1,0,physics
10168,P1,,,,,,,0,0,,1,0,physics
10169,P1,,,,,,,0,0,,1,0,physics
10179,P1,,,,,,,0,1,,0,1,other-calibration
10180,P1,,,,,,,0,1,,0,1,other-calibration
10182,P1,,,,,,,0,1,,0,1,other-calibration
10184,P1,,,,,,,0,1,,0,1,other-calibration
10186,P1,,,,,,,0,1,,0,1,other-calibration
10188,P1,,,,,,,0,1,,0,1,other-calibration
10190,P1,,,,,,,0,1,,0,1,other-calibration
10192,P1,,,,,,,0,1,,0,1,other-calibration
10194,P1,,,,,,,0,1,,0,1,other-calibration
10196,P1,,,,,,,0,1,,0,1,other-calibration
10198,P1,,,,,,,0,1,,0,1,other-calibration
10200,P1,,,,,,,0,1,,0,1,other-calibration
10202,P1,,,,,,,0,1,,0,1,other-calibration
10204,P1,,,,,,,0,1,,0,1,other-calibration
10206,P1,,,,,,,0,1,,0,1,other-calibration
10208,P1,,,,,,,0,0,,1,0,physics
10209,P1,,,,,,,0,0,,1,0,physics
10210,P1,,,,,,,0,0,,1,0,physics
10211,P1,,,,,,,0,0,,1,0,physics
10212,P1,,,,,,,0,0,,1,0,physics
10213,P1,,,,,,,0,0,,1,0,physics
10214,P1,,,,,,,0,0,,1,0,physics
10219,P1,,,,,,,0,0,,1,0,physics
10228,P1,,,,,,,0,0,,1,0,physics
10229,P1,,,,,,,0,0,,1,0,physics
10231,P1,,,,,,,0,0,,1,0,physics
10232,P1,,,,,,,0,0,,1,0,physics
10233,P1,,,,,,,0,0,,1,0,physics
10234,P1,,,,,,,0,0,,1,0,physics
10236,P1,,,,,,,0,0,,1,0,physics
10238,P1,,,,,,,0,0,,1,0,physics
10239,P1,,,,,,,0,0,,1,0,physics
10240,P1,,,,,,,0,0,,1,0,physics
10241,P1,,,,,,,0,0,,1,0,physics
10242,P1,,,,,,,0,0,,1,0,physics
10243,P1,,,,,,,0,0,,1,0,physics
10244,P1,,,,,,,0,0,,1,0,physics
10247,P1,,,,,,,0,0,,1,0,physics
10248,P1,,,,,,,0,0,,1,0,physics
10249,P1,,,,,,,0,0,,1,0,physics
10250,P1,,,,,,,0,0,,1,0,physics
10252,P1,,,,,,,0,0,,1,0,physics
10253,P1,,,,,,,0,0,,1,0,physics
10256,P1,,,,,,,0,0,,1,0,physics
10257,P1,,,,,,,0,0,,1,0,physics
10258,P1,,,,,,,0,0,,1,0,physics
10259,P1,,,,,,,0,0,,1,0,physics
10260,P1,,,,,,,0,0,,1,0,physics
10261,P1,,,,,,,0,0,,1,0,physics
10262,P1,,,,,,,0,0,,1,0,physics
10263,P1,,,,,,,0,0,,1,0,physics
10264,P1,,,,,,,0,0,,1,0,physics
10265,P1,,,,,,,0,0,,1,0,physics
10266,P1,,,,,,,0,0,,1,0,physics
10267,P1,,,,,,,0,0,,1,0,physics
10268,P1,,,,,,,0,0,,1,0,physics
10269,P1,,,,,,,0,0,,1,0,physics
10271,P1,,,,,,,0,0,,1,0,physics
10272,P1,,,,,,,0,0,,1,0,physics
10273,P1,,,,,,,0,0,,1,0,physics
10274,P1,,,,,,,0,0,,1,0,physics
10281,P1,,,,,,,0,0,,1,0,physics
10285,P1,,,,,,,0,0,,1,0,physics
10286,P1,,,,,,,0,0,,1,0,physics
10288,P1,,,,,,,0,0,,1,0,physics
10290,P1,,,,,,,0,0,,1,0,physics
10292,P1,,,,,,,0,0,,1,0,physics
10293,P1,,,,,,,0,0,,1,0,physics
10294,P1,,,,,,,0,0,,1,0,physics
10295,P1,,,,,,,0,0,,1,0,physics
10296,P1,,,,,,,0,0,,1,0,physics
10301,P1,,,,,,,0,1,,0,1,other-calibration
10302,P1,,,,,,,0,1,,0,1,other-calibration
10304,P1,,,,,,,0,1,,0,1,other-calibration
10306,P1,,,,,,,0,1,,0,1,other-calibration
10309,P1,,,,,,,0,1,,0,1,other-calibration
10314,P1,,,,,,,0,0,,1,0,physics
10320,P1,,,,,,,0,0,,1,0,physics
10325,P1,,,,,,,0,0,,1,0,physics
10326,P1,,,,,,,0,0,,1,0,physics
10327,P1,,,,,,,0,0,,1,0,physics
10352,P1,,,,,,,0,0,,1,0,physics
10356,P1,,,,,,,0,0,,1,0,physics
10357,P1,,,,,,,0,0,,1,0,physics
10358,P1,,,,,,,0,0,,1,0,physics
10362,P1,,,,,,,0,0,,1,0,physics
10363,P1,,,,,,,0,0,,1,0,physics
10365,P1,,,,,,,0,0,,1,0,physics
10366,P1,,,,,,,0,0,,1,0,physics
10367,P1,,,,,,,0,0,,1,0,physics
10368,P1,,,,,,,0,0,,1,0,physics
10369,P1,,,,,,,0,0,,1,0,physics
10371,P1,,,,,,,0,0,,1,0,physics
10372,P1,,,,,,,0,0,,1,0,physics
10373,P1,,,,,,,0,0,,1,0,physics
10374,P1,,,,,,,0,0,,1,0,physics
10375,P1,,,,,,,0,0,,1,0,physics
10376,P1,,,,,,,0,0,,1,0,physics
10377,P1,,,,,,,0,0,,1,0,physics
10379,P1,,,,,,,0,0,,1,0,physics
10380,P1,,,,,,,0,0,,1,0,physics
10381,P1,,,,,,,0,0,,1,0,physics
10382,P1,,,,,,,0,0,,1,0,physics
10383,P1,,,,,,,0,0,,1,0,physics
10384,P1,,,,,,,0,0,,1,0,physics
10385,P1,,,,,,,0,0,,1,0,physics
10386,P1,,,,,,,0,0,,1,0,physics
10387,P1,,,,,,,0,0,,1,0,physics
10388,P1,,,,,,,0,0,,1,0,physics
10389,P1,,,,,,,0,0,,1,0,physics
10390,P1,,,,,,,0,0,,1,0,physics
10391,P1,,,,,,,0,0,,1,0,physics
10393,P1,,,,,,,0,1,,0,1,other-calibration
10394,P1,2025-09-28,AmC117,0.0,0.0,0.0,1,1,1,,0,1,calib-source centre
10395,P1,,,,,,,0,1,,0,1,other-calibration
10396,P1,2025-09-28,AmC117,0.0,0.0,-14.0,0,1,1,,0,1,calib-source z-scan
10398,P1,2025-09-28,AmC117,0.0,0.0,-16.1,0,1,1,,0,1,calib-source z-scan
10400,P1,2025-09-28,AmC117,0.0,0.0,-17.3,0,1,1,,0,1,calib-source z-scan
10404,P1,,,,,,,0,0,,1,0,physics
10406,P1,,,,,,,0,0,,1,0,physics
10407,P1,,,,,,,0,0,,1,0,physics
10408,P1,,,,,,,0,0,,1,0,physics
10409,P1,,,,,,,0,0,,1,0,physics
10410,P1,,,,,,,0,0,,1,0,physics
10411,P1,,,,,,,0,0,,1,0,physics
10427,P1,,,,,,,0,1,,0,1,other-calibration
10428,P1,,,,,,,0,1,,0,1,other-calibration
10430,P1,,,,,,,0,1,,0,1,other-calibration
10432,P1,,,,,,,0,1,,0,1,other-calibration
10434,P1,,,,,,,0,1,,0,1,other-calibration
10438,P1,,,,,,,0,0,,1,0,physics
10441,P1,,,,,,,0,0,,1,0,physics
10443,P1,,,,,,,0,0,,1,0,physics
10455,P1,,,,,,,0,0,,1,0,physics
10458,P1,,,,,,,0,0,,1,0,physics
10459,P1,,,,,,,0,0,,1,0,physics
10460,P1,,,,,,,0,0,,1,0,physics
10461,P1,,,,,,,0,0,,1,0,physics
10462,P1,,,,,,,0,0,,1,0,physics
10463,P1,,,,,,,0,0,,1,0,physics
10466,P1,,,,,,,0,0,,1,0,physics
10467,P1,,,,,,,0,0,,1,0,physics
10468,P1,,,,,,,0,0,,1,0,physics
10469,P1,,,,,,,0,0,,1,0,physics
10470,P1,,,,,,,0,0,,1,0,physics
10471,P1,,,,,,,0,0,,1,0,physics
10472,P1,,,,,,,0,0,,1,0,physics
10473,P1,,,,,,,0,0,,1,0,physics
10474,P1,,,,,,,0,0,,1,0,physics
10475,P1,,,,,,,0,0,,1,0,physics
10476,P1,,,,,,,0,0,,1,0,physics
10477,P1,,,,,,,0,0,,1,0,physics
10478,P1,,,,,,,0,0,,1,0,physics
10479,P1,,,,,,,0,0,,1,0,physics
10480,P1,,,,,,,0,0,,1,0,physics
10481,P1,,,,,,,0,0,,1,0,physics
10482,P1,,,,,,,0,0,,1,0,physics
10483,P1,,,,,,,0,0,,1,0,physics
10484,P1,,,,,,,0,0,,1,0,physics
10485,P1,,,,,,,0,0,,1,0,physics
10486,P1,,,,,,,0,0,,1,0,physics
10487,P1,,,,,,,0,0,,1,0,physics
10488,P1,,,,,,,0,0,,1,0,physics
10489,P1,,,,,,,0,0,,1,0,physics
10490,P1,,,,,,,0,0,,1,0,physics
10491,P1,,,,,,,0,0,,1,0,physics
10492,P1,,,,,,,0,0,,1,0,physics
10496,P1,,,,,,,0,0,,1,0,physics
10497,P1,,,,,,,0,0,,1,0,physics
10498,P1,,,,,,,0,0,,1,0,physics
10499,P1,,,,,,,0,0,,1,0,physics
10500,P1,,,,,,,0,0,,1,0,physics
10501,P1,,,,,,,0,0,,1,0,physics
10502,P1,,,,,,,0,0,,1,0,physics
10505,P1,,,,,,,0,1,,0,1,other-calibration
10506,P1,,,,,,,0,1,,0,1,other-calibration
10508,P1,,,,,,,0,1,,0,1,other-calibration
10510,P1,,,,,,,0,1,,0,1,other-calibration
10512,P1,,,,,,,0,1,,0,1,other-calibration
10515,P1,,,,,,,0,0,,1,0,physics
10516,P1,,,,,,,0,0,,1,0,physics
10517,P1,,,,,,,0,0,,1,0,physics
10518,P1,,,,,,,0,0,,1,0,physics
10519,P1,,,,,,,0,0,,1,0,physics
10520,P1,,,,,,,0,0,,1,0,physics
10521,P1,,,,,,,0,0,,1,0,physics
10522,P1,,,,,,,0,0,,1,0,physics
10523,P1,,,,,,,0,0,,1,0,physics
10524,P1,,,,,,,0,0,,1,0,physics
10525,P1,,,,,,,0,0,,1,0,physics
10526,P1,,,,,,,0,0,,1,0,physics
10527,P1,,,,,,,0,0,,1,0,physics
10528,P1,,,,,,,0,0,,1,0,physics
10529,P1,,,,,,,0,0,,1,0,physics
10530,P1,,,,,,,0,0,,1,0,physics
10531,P1,,,,,,,0,0,,1,0,physics
10532,P1,,,,,,,0,0,,1,0,physics
10533,P1,,,,,,,0,0,,1,0,physics
10536,P1,,,,,,,0,0,,1,0,physics
10537,P1,,,,,,,0,0,,1,0,physics
10538,P1,,,,,,,0,0,,1,0,physics
10539,P1,,,,,,,0,0,,1,0,physics
10540,P1,,,,,,,0,0,,1,0,physics
10541,P1,,,,,,,0,0,,1,0,physics
10542,P1,,,,,,,0,0,,1,0,physics
10543,P1,,,,,,,0,0,,1,0,physics
10544,P1,,,,,,,0,0,,1,0,physics
10545,P1,,,,,,,0,0,,1,0,physics
10546,P1,,,,,,,0,0,,1,0,physics
10547,P1,,,,,,,0,0,,1,0,physics
10548,P1,,,,,,,0,0,,1,0,physics
10549,P1,,,,,,,0,0,,1,0,physics
10550,P1,,,,,,,0,0,,1,0,physics
10551,P1,,,,,,,0,0,,1,0,physics
10552,P1,,,,,,,0,0,,1,0,physics
10553,P1,,,,,,,0,0,,1,0,physics
10554,P1,,,,,,,0,0,,1,0,physics
10555,P1,,,,,,,0,0,,1,0,physics
10556,P1,,,,,,,0,0,,1,0,physics
10557,P1,,,,,,,0,0,,1,0,physics
10561,P1,,,,,,,0,0,,1,0,physics
10562,P1,,,,,,,0,0,,1,0,physics
10563,P1,,,,,,,0,0,,1,0,physics
10564,P1,,,,,,,0,0,,1,0,physics
10565,P1,,,,,,,0,0,,1,0,physics
10566,P1,,,,,,,0,0,,1,0,physics
10567,P1,,,,,,,0,0,,1,0,physics
10569,P1,,,,,,,0,1,,0,1,other-calibration
10570,P1,,,,,,,0,1,,0,1,other-calibration
10572,P1,,,,,,,0,1,,0,1,other-calibration
10574,P1,,,,,,,0,1,,0,1,other-calibration
10576,P1,,,,,,,0,1,,0,1,other-calibration
10579,P1,,,,,,,0,0,,1,0,physics
10580,P1,,,,,,,0,0,,1,0,physics
10581,P1,,,,,,,0,0,,1,0,physics
10582,P1,,,,,,,0,0,,1,0,physics
10583,P1,,,,,,,0,0,,1,0,physics
10584,P1,,,,,,,0,0,,1,0,physics
10585,P1,,,,,,,0,0,,1,0,physics
10586,P1,,,,,,,0,0,,1,0,physics
10587,P1,,,,,,,0,0,,1,0,physics
10589,P1,,,,,,,0,0,,1,0,physics
10590,P1,,,,,,,0,0,,1,0,physics
10591,P1,,,,,,,0,0,,1,0,physics
10592,P1,,,,,,,0,0,,1,0,physics
10593,P1,,,,,,,0,0,,1,0,physics
10594,P1,,,,,,,0,0,,1,0,physics
10595,P1,,,,,,,0,0,,1,0,physics
10596,P1,,,,,,,0,0,,1,0,physics
10597,P1,,,,,,,0,0,,1,0,physics
10598,P1,,,,,,,0,0,,1,0,physics
10599,P1,,,,,,,0,0,,1,0,physics
10600,P1,,,,,,,0,0,,1,0,physics
10601,P1,,,,,,,0,0,,1,0,physics
10602,P1,,,,,,,0,0,,1,0,physics
10603,P1,,,,,,,0,0,,1,0,physics
10604,P1,,,,,,,0,0,,1,0,physics
10605,P1,,,,,,,0,0,,1,0,physics
10606,P1,,,,,,,0,0,,1,0,physics
10607,P1,,,,,,,0,0,,1,0,physics
10608,P1,,,,,,,0,0,,1,0,physics
10609,P1,,,,,,,0,0,,1,0,physics
10610,P1,,,,,,,0,0,,1,0,physics
10611,P1,,,,,,,0,0,,1,0,physics
10612,P1,,,,,,,0,0,,1,0,physics
10613,P1,,,,,,,0,0,,1,0,physics
10614,P1,,,,,,,0,0,,1,0,physics
10615,P1,,,,,,,0,0,,1,0,physics
10616,P1,,,,,,,0,0,,1,0,physics
10617,P1,,,,,,,0,0,,1,0,physics
10618,P1,,,,,,,0,0,,1,0,physics
10619,P1,,,,,,,0,0,,1,0,physics
10620,P1,,,,,,,0,0,,1,0,physics
10621,P1,,,,,,,0,0,,1,0,physics
10622,P1,,,,,,,0,0,,1,0,physics
10623,P1,,,,,,,0,0,,1,0,physics
10625,P1,,,,,,,0,0,,1,0,physics
10626,P1,,,,,,,0,0,,1,0,physics
10627,P1,,,,,,,0,0,,1,0,physics
10628,P1,,,,,,,0,0,,1,0,physics
10629,P1,,,,,,,0,0,,1,0,physics
10630,P1,,,,,,,0,0,,1,0,physics
10631,P1,,,,,,,0,0,,1,0,physics
10632,P1,,,,,,,0,0,,1,0,physics
10633,P1,,,,,,,0,0,,1,0,physics
10634,P1,,,,,,,0,0,,1,0,physics
10637,P1,,,,,,,0,0,,1,0,physics
10638,P1,,,,,,,0,0,,1,0,physics
10639,P1,,,,,,,0,0,,1,0,physics
10640,P1,,,,,,,0,0,,1,0,physics
10641,P1,,,,,,,0,0,,1,0,physics
10642,P1,,,,,,,0,0,,1,0,physics
10643,P1,,,,,,,0,0,,1,0,physics
10644,P1,,,,,,,0,0,,1,0,physics
10645,P1,,,,,,,0,0,,1,0,physics
10646,P1,,,,,,,0,0,,1,0,physics
10647,P1,,,,,,,0,0,,1,0,physics
10648,P1,,,,,,,0,0,,1,0,physics
10649,P1,,,,,,,0,0,,1,0,physics
10650,P1,,,,,,,0,0,,1,0,physics
10651,P1,,,,,,,0,0,,1,0,physics
10652,P1,,,,,,,0,0,,1,0,physics
10653,P1,,,,,,,0,0,,1,0,physics
10654,P1,,,,,,,0,0,,1,0,physics
10656,P1,,,,,,,0,0,,1,0,physics
10657,P1,,,,,,,0,0,,1,0,physics
10658,P1,,,,,,,0,0,,1,0,physics
10659,P1,,,,,,,0,0,,1,0,physics
10661,P1,,,,,,,0,1,,0,1,other-calibration
10662,P1,,,,,,,0,1,,0,1,other-calibration
10664,P1,,,,,,,0,1,,0,1,other-calibration
10665,P1,,,,,,,0,1,,0,1,other-calibration
10667,P1,,,,,,,0,0,,1,0,physics
10668,P1,,,,,,,0,0,,1,0,physics
10669,P1,,,,,,,0,0,,1,0,physics
10670,P1,,,,,,,0,0,,1,0,physics
10671,P1,,,,,,,0,0,,1,0,physics
10672,P1,,,,,,,0,0,,1,0,physics
10673,P1,,,,,,,0,0,,1,0,physics
10674,P1,,,,,,,0,0,,1,0,physics
10675,P1,,,,,,,0,0,,1,0,physics
10676,P1,,,,,,,0,0,,1,0,physics
10677,P1,,,,,,,0,0,,1,0,physics
10678,P1,,,,,,,0,0,,1,0,physics
10680,P1,,,,,,,0,0,,1,0,physics
10681,P1,,,,,,,0,0,,1,0,physics
10682,P1,,,,,,,0,0,,1,0,physics
10683,P1,,,,,,,0,0,,1,0,physics
10684,P1,,,,,,,0,0,,1,0,physics
10685,P1,,,,,,,0,0,,1,0,physics
10686,P1,,,,,,,0,0,,1,0,physics
10687,P1,,,,,,,0,0,,1,0,physics
10688,P1,,,,,,,0,0,,1,0,physics
10689,P1,,,,,,,0,0,,1,0,physics
10690,P1,,,,,,,0,0,,1,0,physics
10691,P1,,,,,,,0,0,,1,0,physics
10692,P1,,,,,,,0,0,,1,0,physics
10693,P1,,,,,,,0,0,,1,0,physics
10694,P1,,,,,,,0,0,,1,0,physics
10695,P1,,,,,,,0,0,,1,0,physics
10696,P1,,,,,,,0,0,,1,0,physics
10697,P1,,,,,,,0,0,,1,0,physics
10698,P1,,,,,,,0,0,,1,0,physics
10702,P1,,,,,,,0,0,,1,0,physics
10703,P1,,,,,,,0,0,,1,0,physics
10704,P1,,,,,,,0,0,,1,0,physics
10705,P1,,,,,,,0,0,,1,0,physics
10706,P1,,,,,,,0,0,,1,0,physics
10707,P1,,,,,,,0,0,,1,0,physics
10708,P1,,,,,,,0,0,,1,0,physics
10709,P1,,,,,,,0,0,,1,0,physics
10710,P1,,,,,,,0,0,,1,0,physics
10711,P1,,,,,,,0,0,,1,0,physics
10712,P1,,,,,,,0,0,,1,0,physics
10713,P1,,,,,,,0,0,,1,0,physics
10714,P1,,,,,,,0,0,,1,0,physics
10715,P1,,,,,,,0,0,,1,0,physics
10716,P1,,,,,,,0,0,,1,0,physics
10717,P1,,,,,,,0,0,,1,0,physics
10723,P1,,,,,,,0,1,,0,1,other-calibration
10726,P1,,,,,,,0,0,,1,0,physics
10727,P1,,,,,,,0,0,,1,0,physics
10728,P1,,,,,,,0,0,,1,0,physics
10729,P1,,,,,,,0,0,,1,0,physics
10730,P1,,,,,,,0,0,,1,0,physics
10731,P1,,,,,,,0,0,,1,0,physics
10732,P1,,,,,,,0,0,,1,0,physics
10735,P1,2025-10-22,Ge68,0.0,0.0,17.7,0,1,1,,0,1,calib-source z-scan
10737,P1,2025-10-22,Ge68,0.0,0.0,17.65,0,1,1,,0,1,calib-source z-scan
10739,P1,2025-10-22,Ge68,0.0,0.0,17.6,0,1,1,,0,1,calib-source z-scan
10741,P1,2025-10-22,Ge68,0.0,0.0,17.55,0,1,1,,0,1,calib-source z-scan
10743,P1,2025-10-22,Ge68,0.0,0.0,17.5,0,1,1,,0,1,calib-source z-scan
10745,P1,2025-10-22,Ge68,0.0,0.0,17.45,0,1,1,,0,1,calib-source z-scan
10747,P1,2025-10-22,Ge68,0.0,0.0,17.4,0,1,1,,0,1,calib-source z-scan
10749,P1,2025-10-22,Ge68,0.0,0.0,17.35,0,1,1,,0,1,calib-source z-scan
10751,P1,2025-10-22,Ge68,0.0,0.0,17.3,0,1,1,,0,1,calib-source z-scan
10753,P1,2025-10-22,Ge68,0.0,0.0,17.25,0,1,1,,0,1,calib-source z-scan
10755,P1,2025-10-22,Ge68,0.0,0.0,17.2,0,1,1,,0,1,calib-source z-scan
10757,P1,2025-10-22,Ge68,0.0,0.0,17.15,0,1,1,,0,1,calib-source z-scan
10759,P1,2025-10-22,Ge68,0.0,0.0,17.1,0,1,1,,0,1,calib-source z-scan
10761,P1,2025-10-22,Ge68,0.0,0.0,17.05,0,1,1,,0,1,calib-source z-scan
10763,P1,2025-10-22,Ge68,0.0,0.0,17.0,0,1,1,,0,1,calib-source z-scan
10765,P1,2025-10-22,Ge68,0.0,0.0,16.95,0,1,1,,0,1,calib-source z-scan
10767,P1,2025-10-22,Ge68,0.0,0.0,16.9,0,1,1,,0,1,calib-source z-scan
10769,P1,2025-10-22,Ge68,0.0,0.0,16.8,0,1,1,,0,1,calib-source z-scan
10771,P1,2025-10-22,Ge68,0.0,0.0,16.7,0,1,1,,0,1,calib-source z-scan
10773,P1,2025-10-22,Ge68,0.0,0.0,16.6,0,1,1,,0,1,calib-source z-scan
10775,P1,2025-10-22,Ge68,0.0,0.0,16.4,0,1,1,,0,1,calib-source z-scan
10777,P1,2025-10-22,Ge68,0.0,0.0,16.2,0,1,1,,0,1,calib-source z-scan
10779,P1,2025-10-22,Ge68,0.0,0.0,16.0,0,1,1,,0,1,calib-source z-scan
10781,P1,2025-10-22,Ge68,0.0,0.0,15.8,0,1,1,,0,1,calib-source z-scan
10783,P1,2025-10-22,Ge68,0.0,0.0,15.6,0,1,1,,0,1,calib-source z-scan
10785,P1,2025-10-22,Ge68,0.0,0.0,14.0,0,1,1,,0,1,calib-source z-scan
10787,P1,2025-10-22,Ge68,0.0,0.0,12.0,0,1,1,,0,1,calib-source z-scan
10789,P1,2025-10-22,Ge68,0.0,0.0,10.0,0,1,1,,0,1,calib-source z-scan
10791,P1,2025-10-22,Ge68,0.0,0.0,8.0,0,1,1,,0,1,calib-source z-scan
10793,P1,2025-10-22,Ge68,0.0,0.0,7.0,0,1,1,,0,1,calib-source z-scan
10795,P1,2025-10-22,Ge68,0.0,0.0,5.0,0,1,1,,0,1,calib-source z-scan
10797,P1,2025-10-22,Ge68,0.0,0.0,4.0,0,1,1,,0,1,calib-source z-scan
10799,P1,2025-10-22,Ge68,0.0,0.0,2.0,0,1,1,,0,1,calib-source z-scan
10801,P1,2025-10-22,Ge68,0.0,0.0,0.5,1,1,1,,0,1,calib-source centre
10803,P1,2025-10-22,Ge68,0.0,0.0,0.0,1,1,1,,0,1,calib-source centre
10805,P1,2025-10-22,Ge68,0.0,0.0,-0.5,1,1,1,,0,1,calib-source centre
10807,P1,2025-10-22,Ge68,0.0,0.0,-2.0,0,1,1,,0,1,calib-source z-scan
10809,P1,2025-10-22,Ge68,0.0,0.0,-4.0,0,1,1,,0,1,calib-source z-scan
10811,P1,2025-10-22,Ge68,0.0,0.0,-5.0,0,1,1,,0,1,calib-source z-scan
10813,P1,2025-10-22,Ge68,0.0,0.0,-7.0,0,1,1,,0,1,calib-source z-scan
10815,P1,2025-10-22,Ge68,0.0,0.0,-8.0,0,1,1,,0,1,calib-source z-scan
10817,P1,2025-10-22,Ge68,0.0,0.0,-10.0,0,1,1,,0,1,calib-source z-scan
10819,P1,2025-10-22,Ge68,0.0,0.0,-12.0,0,1,1,,0,1,calib-source z-scan
10821,P1,2025-10-22,Ge68,0.0,0.0,-14.0,0,1,1,,0,1,calib-source z-scan
10823,P1,2025-10-22,Ge68,0.0,0.0,-15.6,0,1,1,,0,1,calib-source z-scan
10825,P1,2025-10-22,Ge68,0.0,0.0,-15.8,0,1,1,,0,1,calib-source z-scan
10827,P1,2025-10-22,Ge68,0.0,0.0,-16.0,0,1,1,,0,1,calib-source z-scan
10829,P1,2025-10-22,Ge68,0.0,0.0,-16.2,0,1,1,,0,1,calib-source z-scan
10831,P1,2025-10-22,Ge68,0.0,0.0,-16.4,0,1,1,,0,1,calib-source z-scan
10833,P1,2025-10-22,Ge68,0.0,0.0,-16.6,0,1,1,,0,1,calib-source z-scan
10835,P1,2025-10-22,Ge68,0.0,0.0,-16.8,0,1,1,,0,1,calib-source z-scan
10837,P1,2025-10-22,Ge68,0.0,0.0,-16.95,0,1,1,,0,1,calib-source z-scan
10839,P1,2025-10-22,Ge68,0.0,0.0,-17.0,0,1,1,,0,1,calib-source z-scan
10841,P1,2025-10-22,Ge68,0.0,0.0,-17.05,0,1,1,,0,1,calib-source z-scan
10843,P1,2025-10-22,Ge68,0.0,0.0,-17.15,0,1,1,,0,1,calib-source z-scan
10845,P1,2025-10-22,Ge68,0.0,0.0,-17.2,0,1,1,,0,1,calib-source z-scan
10847,P1,2025-10-22,Ge68,0.0,0.0,-17.25,0,1,1,,0,1,calib-source z-scan
10848,P1,,,,,,,0,1,,0,1,other-calibration
10850,P1,,,,,,,0,0,,1,0,physics
10851,P1,,,,,,,0,0,,1,0,physics
10852,P1,,,,,,,0,0,,1,0,physics
10853,P1,,,,,,,0,0,,1,0,physics
10854,P1,,,,,,,0,0,,1,0,physics
10855,P1,,,,,,,0,0,,1,0,physics
10858,P1,2025-10-23,AmC117,0.0,0.0,14.0,0,1,1,,0,1,calib-source z-scan
10860,P1,2025-10-23,AmC117,0.0,0.0,0.0,1,1,1,,0,1,calib-source centre
10862,P1,2025-10-23,AmC117,0.0,0.0,-14.0,0,1,1,,0,1,calib-source z-scan
10867,P1,,,,,,,0,0,,1,0,physics
10869,P1,,,,,,,0,0,,1,0,physics
10870,P1,,,,,,,0,0,,1,0,physics
10871,P1,,,,,,,0,0,,1,0,physics
10872,P1,,,,,,,0,0,,1,0,physics
10873,P1,,,,,,,0,0,,1,0,physics
10874,P1,,,,,,,0,0,,1,0,physics
10875,P1,,,,,,,0,0,,1,0,physics
10876,P1,,,,,,,0,0,,1,0,physics
10877,P1,,,,,,,0,0,,1,0,physics
10878,P1,,,,,,,0,0,,1,0,physics
10880,P1,,,,,,,0,0,,1,0,physics
10883,P1,,,,,,,0,0,,1,0,physics
10884,P1,,,,,,,0,0,,1,0,physics
10885,P1,,,,,,,0,0,,1,0,physics
10886,P1,,,,,,,0,0,,1,0,physics
10887,P1,,,,,,,0,0,,1,0,physics
10888,P1,,,,,,,0,0,,1,0,physics
10889,P1,,,,,,,0,0,,1,0,physics
10890,P1,,,,,,,0,0,,1,0,physics
10891,P1,,,,,,,0,0,,1,0,physics
10892,P1,,,,,,,0,0,,1,0,physics
10893,P1,,,,,,,0,0,,1,0,physics
10894,P1,,,,,,,0,0,,1,0,physics
10895,P1,,,,,,,0,0,,1,0,physics
10896,P1,,,,,,,0,0,,1,0,physics
10897,P1,,,,,,,0,0,,1,0,physics
10898,P1,,,,,,,0,0,,1,0,physics
10902,P1,,,,,,,0,0,,1,0,physics
10903,P1,,,,,,,0,0,,1,0,physics
10904,P1,,,,,,,0,0,,1,0,physics
10905,P1,,,,,,,0,0,,1,0,physics
10906,P1,,,,,,,0,0,,1,0,physics
10907,P1,,,,,,,0,0,,1,0,physics
10908,P1,,,,,,,0,0,,1,0,physics
10909,P1,,,,,,,0,0,,1,0,physics
10910,P1,,,,,,,0,0,,1,0,physics
10911,P1,,,,,,,0,0,,1,0,physics
10912,P1,,,,,,,0,0,,1,0,physics
10913,P1,,,,,,,0,0,,1,0,physics
10914,P1,,,,,,,0,0,,1,0,physics
10915,P1,,,,,,,0,0,,1,0,physics
10916,P1,,,,,,,0,0,,1,0,physics
10917,P1,,,,,,,0,0,,1,0,physics
10918,P1,,,,,,,0,0,,1,0,physics
10919,P1,,,,,,,0,0,,1,0,physics
10921,P1,,,,,,,0,0,,1,0,physics
10923,P1,,,,,,,0,0,,1,0,physics
10929,P1,,,,,,,0,0,,1,0,physics
10932,P1,,,,,,,0,0,,1,0,physics
10933,P1,,,,,,,0,0,,1,0,physics
10934,P1,,,,,,,0,0,,1,0,physics
10936,P1,,,,,,,0,0,,1,0,physics
10937,P1,,,,,,,0,0,,1,0,physics
10938,P1,,,,,,,0,0,,1,0,physics
10939,P1,,,,,,,0,0,,1,0,physics
10940,P1,,,,,,,0,0,,1,0,physics
10941,P1,,,,,,,0,0,,1,0,physics
10942,P1,,,,,,,0,0,,1,0,physics
10945,P1,,,,,,,0,1,,0,1,other-calibration
10947,P1,,,,,,,0,1,,0,1,other-calibration
10950,P1,,,,,,,0,0,,1,0,physics
10952,P1,,,,,,,0,0,,1,0,physics
10956,P1,,,,,,,0,0,,1,0,physics
10957,P1,,,,,,,0,0,,1,0,physics
10962,P1,,,,,,,0,0,,1,0,physics
10967,P1,,,,,,,0,0,,1,0,physics
10968,P1,,,,,,,0,0,,1,0,physics
10969,P1,,,,,,,0,0,,1,0,physics
10970,P1,,,,,,,0,0,,1,0,physics
10971,P1,,,,,,,0,0,,1,0,physics
10974,P1,2025-10-29,AmC117,0.0,0.0,14.0,0,1,1,,0,1,calib-source z-scan
10976,P1,2025-10-29,AmC117,0.0,0.0,0.0,1,1,1,,0,1,calib-source centre
10979,P1,,,,,,,0,0,,1,0,physics
10980,P1,,,,,,,0,0,,1,0,physics
10981,P1,,,,,,,0,0,,1,0,physics
10982,P1,,,,,,,0,0,,1,0,physics
10984,P1,,,,,,,0,0,,1,0,physics
10986,P1,,,,,,,0,0,,1,0,physics
10987,P1,,,,,,,0,0,,1,0,physics
10988,P1,,,,,,,0,0,,1,0,physics
10989,P1,,,,,,,0,0,,1,0,physics
10990,P1,,,,,,,0,0,,1,0,physics
10991,P1,,,,,,,0,0,,1,0,physics
10992,P1,,,,,,,0,0,,1,0,physics
10993,P1,,,,,,,0,0,,1,0,physics
10994,P1,,,,,,,0,0,,1,0,physics
10995,P1,,,,,,,0,0,,1,0,physics
10996,P1,,,,,,,0,0,,1,0,physics
10999,P1,,,,,,,0,0,,1,0,physics
11000,P1,,,,,,,0,0,,1,0,physics
11001,P1,,,,,,,0,0,,1,0,physics
11002,P1,,,,,,,0,0,,1,0,physics
11003,P1,,,,,,,0,0,,1,0,physics
11004,P1,,,,,,,0,0,,1,0,physics
11005,P1,,,,,,,0,0,,1,0,physics
11006,P1,,,,,,,0,0,,1,0,physics
11007,P1,,,,,,,0,0,,1,0,physics
11008,P1,,,,,,,0,0,,1,0,physics
11011,P1,,,,,,,0,0,,1,0,physics
11012,P1,,,,,,,0,0,,1,0,physics
11013,P1,,,,,,,0,0,,1,0,physics
11014,P1,,,,,,,0,0,,1,0,physics
11015,P1,,,,,,,0,0,,1,0,physics
11016,P1,,,,,,,0,0,,1,0,physics
11017,P1,,,,,,,0,0,,1,0,physics
11018,P1,,,,,,,0,0,,1,0,physics
11019,P1,,,,,,,0,0,,1,0,physics
11020,P1,,,,,,,0,0,,1,0,physics
11021,P1,,,,,,,0,0,,1,0,physics
11022,P1,,,,,,,0,0,,1,0,physics
11023,P1,,,,,,,0,0,,1,0,physics
11024,P1,,,,,,,0,0,,1,0,physics
11025,P1,,,,,,,0,0,,1,0,physics
11026,P1,,,,,,,0,0,,1,0,physics
11027,P1,,,,,,,0,0,,1,0,physics
11028,P1,,,,,,,0,0,,1,0,physics
11029,P1,,,,,,,0,0,,1,0,physics
11030,P1,,,,,,,0,0,,1,0,physics
11031,P1,,,,,,,0,0,,1,0,physics
11032,P1,,,,,,,0,0,,1,0,physics
11033,P1,,,,,,,0,0,,1,0,physics
11034,P1,,,,,,,0,0,,1,0,physics
11035,P1,,,,,,,0,0,,1,0,physics
11036,P1,,,,,,,0,0,,1,0,physics
11037,P1,,,,,,,0,0,,1,0,physics
11038,P1,,,,,,,0,0,,1,0,physics
11039,P1,,,,,,,0,0,,1,0,physics
11049,P2,,,,,,,0,0,,1,0,physics
11055,P2,,,,,,,0,0,,1,0,physics
11064,P2,,,,,,,0,0,,1,0,physics
11071,P2,,,,,,,0,0,,1,0,physics
11072,P2,,,,,,,0,0,,1,0,physics
11073,P2,,,,,,,0,0,,1,0,physics
11074,P2,,,,,,,0,0,,1,0,physics
11075,P2,,,,,,,0,0,,1,0,physics
11076,P2,,,,,,,0,0,,1,0,physics
11077,P2,,,,,,,0,0,,1,0,physics
11078,P2,,,,,,,0,0,,1,0,physics
11081,P2,,,,,,,0,1,,0,1,other-calibration
11084,P2,,,,,,,0,0,,1,0,physics
11085,P2,,,,,,,0,0,,1,0,physics
11087,P2,,,,,,,0,0,,1,0,physics
11088,P2,,,,,,,0,0,,1,0,physics
11089,P2,,,,,,,0,0,,1,0,physics
11090,P2,,,,,,,0,0,,1,0,physics
11091,P2,,,,,,,0,0,,1,0,physics
11092,P2,,,,,,,0,0,,1,0,physics
11093,P2,,,,,,,0,0,,1,0,physics
11094,P2,,,,,,,0,0,,1,0,physics
11095,P2,,,,,,,0,0,,1,0,physics
11096,P2,,,,,,,0,0,,1,0,physics
11114,P2,,,,,,,0,0,,1,0,physics
11115,P2,,,,,,,0,0,,1,0,physics
11116,P2,,,,,,,0,0,,1,0,physics
11117,P2,,,,,,,0,0,,1,0,physics
11119,P2,,,,,,,0,0,,1,0,physics
11120,P2,,,,,,,0,0,,1,0,physics
11121,P2,,,,,,,0,0,,1,0,physics
11130,P2,,,,,,,0,0,,1,0,physics
11131,P2,,,,,,,0,0,,1,0,physics
11132,P2,,,,,,,0,0,,1,0,physics
11134,P2,,,,,,,0,0,,1,0,physics
11135,P2,,,,,,,0,0,,1,0,physics
11136,P2,,,,,,,0,0,,1,0,physics
11139,P2,2025-11-06,AmC117,0.0,0.0,14.0,0,1,1,,0,1,calib-source z-scan
11142,P2,2025-11-06,AmC117,0.0,0.0,0.0,1,1,1,,0,1,calib-source centre
11163,P2,,,,,,,0,0,,1,0,physics
11164,P2,,,,,,,0,0,,1,0,physics
11165,P2,,,,,,,0,0,,1,0,physics
11166,P2,,,,,,,0,0,,1,0,physics
11167,P2,,,,,,,0,0,,1,0,physics
11168,P2,,,,,,,0,0,,1,0,physics
11169,P2,,,,,,,0,0,,1,0,physics
11171,P2,,,,,,,0,0,,1,0,physics
11172,P2,,,,,,,0,0,,1,0,physics
11174,P2,,,,,,,0,0,,1,0,physics
11175,P2,,,,,,,0,0,,1,0,physics
11181,P2,,,,,,,0,0,,1,0,physics
11182,P2,,,,,,,0,0,,1,0,physics
11183,P2,,,,,,,0,0,,1,0,physics
11186,P2,,,,,,,0,0,,1,0,physics
11187,P2,,,,,,,0,0,,1,0,physics
11188,P2,,,,,,,0,0,,1,0,physics
11189,P2,,,,,,,0,0,,1,0,physics
11190,P2,,,,,,,0,0,,1,0,physics
11193,P2,,,,,,,0,0,,1,0,physics
11195,P2,,,,,,,0,0,,1,0,physics
11196,P2,,,,,,,0,0,,1,0,physics
11197,P2,,,,,,,0,0,,1,0,physics
11198,P2,,,,,,,0,0,,1,0,physics
11199,P2,,,,,,,0,0,,1,0,physics
11203,P2,,,,,,,0,0,,1,0,physics
11211,P2,,,,,,,0,0,,1,0,physics
11212,P2,,,,,,,0,0,,1,0,physics
11213,P2,,,,,,,0,0,,1,0,physics
11214,P2,,,,,,,0,0,,1,0,physics
11215,P2,,,,,,,0,0,,1,0,physics
11216,P2,,,,,,,0,0,,1,0,physics
11217,P2,,,,,,,0,0,,1,0,physics
11218,P2,,,,,,,0,0,,1,0,physics
11219,P2,,,,,,,0,0,,1,0,physics
11220,P2,,,,,,,0,0,,1,0,physics
11221,P2,,,,,,,0,0,,1,0,physics
11222,P2,,,,,,,0,0,,1,0,physics
11223,P2,,,,,,,0,0,,1,0,physics
11224,P2,,,,,,,0,0,,1,0,physics
11225,P2,,,,,,,0,0,,1,0,physics
11226,P2,,,,,,,0,0,,1,0,physics
11227,P2,,,,,,,0,0,,1,0,physics
11228,P2,,,,,,,0,0,,1,0,physics
11229,P2,,,,,,,0,0,,1,0,physics
11230,P2,,,,,,,0,0,,1,0,physics
11231,P2,,,,,,,0,0,,1,0,physics
11232,P2,,,,,,,0,0,,1,0,physics
11234,P2,,,,,,,0,0,,1,0,physics
11236,P2,,,,,,,0,0,,1,0,physics
11237,P2,,,,,,,0,0,,1,0,physics
11238,P2,,,,,,,0,0,,1,0,physics
11239,P2,,,,,,,0,0,,1,0,physics
11240,P2,,,,,,,0,0,,1,0,physics
11241,P2,,,,,,,0,0,,1,0,physics
11244,P2,,,,,,,0,1,,0,1,other-calibration
11249,P2,,,,,,,0,0,,1,0,physics
11250,P2,,,,,,,0,0,,1,0,physics
11251,P2,,,,,,,0,0,,1,0,physics
11254,P2,,,,,,,0,0,,1,0,physics
11255,P2,,,,,,,0,0,,1,0,physics
11256,P2,,,,,,,0,0,,1,0,physics
11257,P2,,,,,,,0,0,,1,0,physics
11258,P2,,,,,,,0,0,,1,0,physics
11259,P2,,,,,,,0,0,,1,0,physics
11260,P2,,,,,,,0,0,,1,0,physics
11261,P2,,,,,,,0,0,,1,0,physics
11262,P2,,,,,,,0,0,,1,0,physics
11263,P2,,,,,,,0,0,,1,0,physics
11264,P2,,,,,,,0,0,,1,0,physics
11265,P2,,,,,,,0,0,,1,0,physics
11266,P2,,,,,,,0,0,,1,0,physics
11267,P2,,,,,,,0,0,,1,0,physics
11268,P2,,,,,,,0,0,,1,0,physics
11269,P2,,,,,,,0,0,,1,0,physics
11270,P2,,,,,,,0,0,,1,0,physics
11271,P2,,,,,,,0,0,,1,0,physics
11272,P2,,,,,,,0,0,,1,0,physics
11273,P2,,,,,,,0,0,,1,0,physics
11274,P2,,,,,,,0,0,,1,0,physics
11275,P2,,,,,,,0,0,,1,0,physics
11283,P2,,,,,,,0,0,,1,0,physics
11284,P2,,,,,,,0,0,,1,0,physics
11285,P2,,,,,,,0,0,,1,0,physics
11286,P2,,,,,,,0,0,,1,0,physics
11287,P2,,,,,,,0,0,,1,0,physics
11288,P2,,,,,,,0,0,,1,0,physics
11289,P2,,,,,,,0,0,,1,0,physics
11290,P2,,,,,,,0,0,,1,0,physics
11291,P2,,,,,,,0,0,,1,0,physics
11292,P2,,,,,,,0,0,,1,0,physics
11295,P2,,,,,,,0,1,,0,1,other-calibration
11302,P2,2025-11-14,AmC117,0.0,0.0,14.0,0,1,1,,0,1,calib-source z-scan
11304,P2,2025-11-14,AmC117,0.0,0.0,0.0,1,1,1,,0,1,calib-source centre
11306,P2,2025-11-14,AmC117,0.0,0.0,-14.0,0,1,1,,0,1,calib-source z-scan
11309,P2,,,,,,,0,0,,1,0,physics
11310,P2,,,,,,,0,0,,1,0,physics
11311,P2,,,,,,,0,0,,1,0,physics
11315,P2,,,,,,,0,0,,1,0,physics
11316,P2,,,,,,,0,0,,1,0,physics
11317,P2,,,,,,,0,0,,1,0,physics
11318,P2,,,,,,,0,0,,1,0,physics
11319,P2,,,,,,,0,0,,1,0,physics
11320,P2,,,,,,,0,0,,1,0,physics
11321,P2,,,,,,,0,0,,1,0,physics
11322,P2,,,,,,,0,0,,1,0,physics
11323,P2,,,,,,,0,0,,1,0,physics
11324,P2,,,,,,,0,0,,1,0,physics
11325,P2,,,,,,,0,0,,1,0,physics
11326,P2,,,,,,,0,0,,1,0,physics
11327,P2,,,,,,,0,0,,1,0,physics
11328,P2,,,,,,,0,0,,1,0,physics
11329,P2,,,,,,,0,0,,1,0,physics
11330,P2,,,,,,,0,0,,1,0,physics
11331,P2,,,,,,,0,0,,1,0,physics
11332,P2,,,,,,,0,0,,1,0,physics
11333,P2,,,,,,,0,0,,1,0,physics
11334,P2,,,,,,,0,0,,1,0,physics
11335,P2,,,,,,,0,0,,1,0,physics
11336,P2,,,,,,,0,0,,1,0,physics
11340,P2,,,,,,,0,0,,1,0,physics
11341,P2,,,,,,,0,0,,1,0,physics
11342,P2,,,,,,,0,0,,1,0,physics
11343,P2,,,,,,,0,0,,1,0,physics
11344,P2,,,,,,,0,0,,1,0,physics
11345,P2,,,,,,,0,0,,1,0,physics
11346,P2,,,,,,,0,0,,1,0,physics
11347,P2,,,,,,,0,0,,1,0,physics
11348,P2,,,,,,,0,0,,1,0,physics
11349,P2,,,,,,,0,0,,1,0,physics
11350,P2,,,,,,,0,0,,1,0,physics
11351,P2,,,,,,,0,0,,1,0,physics
11356,P2,,,,,,,0,0,,1,0,physics
11357,P2,,,,,,,0,0,,1,0,physics
11361,P2,,,,,,,0,0,,1,0,physics
11362,P2,,,,,,,0,0,,1,0,physics
11363,P2,,,,,,,0,0,,1,0,physics
11365,P2,,,,,,,0,0,,1,0,physics
11366,P2,,,,,,,0,0,,1,0,physics
11367,P2,,,,,,,0,0,,1,0,physics
11368,P2,,,,,,,0,0,,1,0,physics
11369,P2,,,,,,,0,0,,1,0,physics
11372,P2,,,,,,,0,1,,0,1,other-calibration
11377,P2,,,,,,,0,0,,1,0,physics
11378,P2,,,,,,,0,0,,1,0,physics
11381,P2,2025-11-18,AmC117,0.0,0.0,14.0,0,1,1,,0,1,calib-source z-scan
11383,P2,2025-11-18,AmC117,0.0,0.0,0.0,1,1,1,,0,1,calib-source centre
11385,P2,2025-11-18,AmC117,0.0,0.0,-14.0,0,1,1,,0,1,calib-source z-scan
11388,P2,,,,,,,0,0,,1,0,physics
11390,P2,,,,,,,0,0,,1,0,physics
11391,P2,,,,,,,0,0,,1,0,physics
11398,P2,,,,,,,0,0,,1,0,physics
11399,P2,,,,,,,0,0,,1,0,physics
11400,P2,,,,,,,0,0,,1,0,physics
11401,P2,,,,,,,0,0,,1,0,physics
11403,P2,,,,,,,0,0,,1,0,physics
11404,P2,,,,,,,0,0,,1,0,physics
11406,P2,,,,,,,0,0,,1,0,physics
11408,P2,,,,,,,0,0,,1,0,physics
11409,P2,,,,,,,0,0,,1,0,physics
11410,P2,,,,,,,0,0,,1,0,physics
11411,P2,,,,,,,0,0,,1,0,physics
11412,P2,,,,,,,0,0,,1,0,physics
11413,P2,,,,,,,0,0,,1,0,physics
11414,P2,,,,,,,0,0,,1,0,physics
11416,P2,,,,,,,0,0,,1,0,physics
11417,P2,,,,,,,0,0,,1,0,physics
11421,P2,,,,,,,0,0,,1,0,physics
11429,P2,,,,,,,0,0,,1,0,physics
11430,P2,,,,,,,0,0,,1,0,physics
11436,P2,,,,,,,0,0,,1,0,physics
11437,P2,,,,,,,0,0,,1,0,physics
11438,P2,,,,,,,0,0,,1,0,physics
11439,P2,,,,,,,0,0,,1,0,physics
11440,P2,,,,,,,0,0,,1,0,physics
11441,P2,,,,,,,0,0,,1,0,physics
11442,P2,,,,,,,0,0,,1,0,physics
11444,P2,,,,,,,0,0,,1,0,physics
11446,P2,,,,,,,0,0,,1,0,physics
11447,P2,,,,,,,0,0,,1,0,physics
11450,P2,,,,,,,0,0,,1,0,physics
11451,P2,,,,,,,0,0,,1,0,physics
11452,P2,,,,,,,0,0,,1,0,physics
11453,P2,,,,,,,0,0,,1,0,physics
11454,P2,,,,,,,0,0,,1,0,physics
11455,P2,,,,,,,0,0,,1,0,physics
11456,P2,,,,,,,0,0,,1,0,physics
11457,P2,,,,,,,0,0,,1,0,physics
11458,P2,,,,,,,0,0,,1,0,physics
11522,P2,,,,,,,0,0,,1,0,physics
11523,P2,,,,,,,0,0,,1,0,physics
11524,P2,,,,,,,0,0,,1,0,physics
11525,P2,,,,,,,0,0,,1,0,physics
11528,P2,,,,,,,0,0,,1,0,physics
11529,P2,,,,,,,0,0,,1,0,physics
11536,P2,,,,,,,0,0,,1,0,physics
11539,P2,,,,,,,0,0,,1,0,physics
11540,P2,,,,,,,0,0,,1,0,physics
11543,P2,,,,,,,0,0,,1,0,physics
11544,P2,,,,,,,0,0,,1,0,physics
11545,P2,,,,,,,0,0,,1,0,physics
11546,P2,,,,,,,0,0,,1,0,physics
11547,P2,,,,,,,0,0,,1,0,physics
11552,P2,,,,,,,0,1,,0,1,other-calibration
11565,P2,2025-11-26,AmC117,0.0,0.0,14.0,0,1,1,,0,1,calib-source z-scan
11567,P2,2025-11-26,AmC117,0.0,0.0,0.0,1,1,1,,0,1,calib-source centre
11569,P2,2025-11-26,AmC117,0.0,0.0,-14.0,0,1,1,,0,1,calib-source z-scan
11579,P2,,,,,,,0,0,,1,0,physics
11581,P2,,,,,,,0,0,,1,0,physics
11584,P2,,,,,,,0,0,,1,0,physics
11585,P2,,,,,,,0,0,,1,0,physics
11586,P2,,,,,,,0,0,,1,0,physics
11591,P2,,,,,,,0,0,,1,0,physics
11592,P2,,,,,,,0,0,,1,0,physics
11593,P2,,,,,,,0,0,,1,0,physics
11594,P2,,,,,,,0,0,,1,0,physics
11595,P2,,,,,,,0,0,,1,0,physics
11596,P2,,,,,,,0,0,,1,0,physics
11597,P2,,,,,,,0,0,,1,0,physics
11598,P2,,,,,,,0,0,,1,0,physics
11607,P2,,,,,,,0,0,,1,0,physics
11608,P2,,,,,,,0,0,,1,0,physics
11609,P2,,,,,,,0,0,,1,0,physics
11610,P2,,,,,,,0,0,,1,0,physics
11614,P2,,,,,,,0,0,,1,0,physics
11616,P2,,,,,,,0,0,,1,0,physics
11617,P2,,,,,,,0,0,,1,0,physics
11618,P2,,,,,,,0,0,,1,0,physics
11619,P2,,,,,,,0,0,,1,0,physics
11620,P2,,,,,,,0,0,,1,0,physics
11621,P2,,,,,,,0,0,,1,0,physics
11625,P2,,,,,,,0,0,,1,0,physics
11626,P2,,,,,,,0,0,,1,0,physics
11633,P2,,,,,,,0,0,,1,0,physics
11634,P2,,,,,,,0,0,,1,0,physics
11635,P2,,,,,,,0,0,,1,0,physics
11636,P2,,,,,,,0,0,,1,0,physics
11637,P2,,,,,,,0,0,,1,0,physics
11638,P2,,,,,,,0,0,,1,0,physics
11639,P2,,,,,,,0,0,,1,0,physics
11640,P2,,,,,,,0,0,,1,0,physics
11641,P2,,,,,,,0,0,,1,0,physics
11642,P2,,,,,,,0,0,,1,0,physics
11643,P2,,,,,,,0,0,,1,0,physics
11644,P2,,,,,,,0,0,,1,0,physics
11645,P2,,,,,,,0,0,,1,0,physics
11646,P2,,,,,,,0,0,,1,0,physics
11647,P2,,,,,,,0,0,,1,0,physics
11648,P2,,,,,,,0,0,,1,0,physics
11649,P2,,,,,,,0,0,,1,0,physics
11650,P2,,,,,,,0,0,,1,0,physics
11651,P2,,,,,,,0,0,,1,0,physics
11652,P2,,,,,,,0,0,,1,0,physics
11653,P2,,,,,,,0,0,,1,0,physics
11654,P2,,,,,,,0,0,,1,0,physics
11655,P2,,,,,,,0,0,,1,0,physics
11656,P2,,,,,,,0,0,,1,0,physics
11657,P2,,,,,,,0,0,,1,0,physics
11658,P2,,,,,,,0,0,,1,0,physics
11659,P2,,,,,,,0,0,,1,0,physics
11661,P2,,,,,,,0,0,,1,0,physics
11665,P2,,,,,,,0,0,,1,0,physics
11670,P2,,,,,,,0,0,,1,0,physics
11676,P2,,,,,,,0,0,,1,0,physics
11677,P2,,,,,,,0,0,,1,0,physics
11678,P2,,,,,,,0,0,,1,0,physics
11679,P2,,,,,,,0,0,,1,0,physics
11680,P2,,,,,,,0,0,,1,0,physics
11681,P2,,,,,,,0,0,,1,0,physics
11682,P2,,,,,,,0,0,,1,0,physics
11683,P2,,,,,,,0,0,,1,0,physics
11684,P2,,,,,,,0,0,,1,0,physics
11685,P2,,,,,,,0,0,,1,0,physics
11688,P2,,,,,,,0,1,,0,1,other-calibration
11693,P2,,,,,,,0,0,,1,0,physics
11696,P2,,,,,,,0,0,,1,0,physics
11697,P2,,,,,,,0,0,,1,0,physics
11698,P2,,,,,,,0,0,,1,0,physics
11699,P2,,,,,,,0,0,,1,0,physics
11700,P2,,,,,,,0,0,,1,0,physics
11701,P2,,,,,,,0,0,,1,0,physics
11702,P2,,,,,,,0,0,,1,0,physics
11703,P2,,,,,,,0,0,,1,0,physics
11704,P2,,,,,,,0,0,,1,0,physics
11705,P2,,,,,,,0,0,,1,0,physics
11706,P2,,,,,,,0,0,,1,0,physics
11708,P2,,,,,,,0,0,,1,0,physics
11709,P2,,,,,,,0,0,,1,0,physics
11710,P2,,,,,,,0,0,,1,0,physics
11712,P2,,,,,,,0,0,,1,0,physics
11713,P2,,,,,,,0,0,,1,0,physics
11714,P2,,,,,,,0,0,,1,0,physics
11715,P2,,,,,,,0,0,,1,0,physics
11716,P2,,,,,,,0,0,,1,0,physics
11717,P2,,,,,,,0,0,,1,0,physics
11718,P2,,,,,,,0,0,,1,0,physics
11719,P2,,,,,,,0,0,,1,0,physics
11720,P2,,,,,,,0,0,,1,0,physics
11729,P2,,,,,,,0,0,,1,0,physics
11760,P2,,,,,,,0,0,,1,0,physics
11761,P2,,,,,,,0,0,,1,0,physics
11764,P2,,,,,,,0,0,,1,0,physics
11765,P2,,,,,,,0,0,,1,0,physics
11766,P2,,,,,,,0,0,,1,0,physics
11767,P2,,,,,,,0,0,,1,0,physics
11768,P2,,,,,,,0,0,,1,0,physics
11769,P2,,,,,,,0,0,,1,0,physics
11770,P2,,,,,,,0,0,,1,0,physics
11772,P2,,,,,,,0,0,,1,0,physics
11775,P2,,,,,,,0,1,,0,1,other-calibration
11780,P2,,,,,,,0,0,,1,0,physics
11781,P2,,,,,,,0,0,,1,0,physics
11782,P2,,,,,,,0,0,,1,0,physics
11783,P2,,,,,,,0,0,,1,0,physics
11784,P2,,,,,,,0,0,,1,0,physics
11785,P2,,,,,,,0,0,,1,0,physics
11786,P2,,,,,,,0,0,,1,0,physics
11787,P2,,,,,,,0,0,,1,0,physics
11788,P2,,,,,,,0,0,,1,0,physics
11789,P2,,,,,,,0,0,,1,0,physics
11790,P2,,,,,,,0,0,,1,0,physics
11792,P2,,,,,,,0,0,,1,0,physics
11793,P2,,,,,,,0,0,,1,0,physics
11794,P2,,,,,,,0,0,,1,0,physics
11795,P2,,,,,,,0,0,,1,0,physics
11796,P2,,,,,,,0,0,,1,0,physics
11797,P2,,,,,,,0,0,,1,0,physics
11798,P2,,,,,,,0,0,,1,0,physics
11799,P2,,,,,,,0,0,,1,0,physics
11800,P2,,,,,,,0,0,,1,0,physics
11801,P2,,,,,,,0,0,,1,0,physics
11802,P2,,,,,,,0,0,,1,0,physics
11803,P2,,,,,,,0,0,,1,0,physics
11804,P2,,,,,,,0,0,,1,0,physics
11805,P2,,,,,,,0,0,,1,0,physics
11806,P2,,,,,,,0,0,,1,0,physics
11807,P2,,,,,,,0,0,,1,0,physics
11808,P2,,,,,,,0,0,,1,0,physics
11809,P2,,,,,,,0,0,,1,0,physics
11810,P2,,,,,,,0,0,,1,0,physics
11811,P2,,,,,,,0,0,,1,0,physics
11812,P2,,,,,,,0,0,,1,0,physics
11816,P2,,,,,,,0,0,,1,0,physics
11817,P2,,,,,,,0,0,,1,0,physics
11818,P2,,,,,,,0,0,,1,0,physics
11819,P2,,,,,,,0,0,,1,0,physics
11820,P2,,,,,,,0,0,,1,0,physics
11821,P2,,,,,,,0,0,,1,0,physics
11822,P2,,,,,,,0,0,,1,0,physics
11823,P2,,,,,,,0,0,,1,0,physics
11824,P2,,,,,,,0,0,,1,0,physics
11825,P2,,,,,,,0,0,,1,0,physics
11826,P2,,,,,,,0,0,,1,0,physics
11827,P2,,,,,,,0,0,,1,0,physics
11828,P2,,,,,,,0,0,,1,0,physics
11829,P2,,,,,,,0,0,,1,0,physics
11830,P2,,,,,,,0,0,,1,0,physics
11831,P2,,,,,,,0,0,,1,0,physics
11832,P2,,,,,,,0,0,,1,0,physics
11838,P2,,,,,,,0,0,,1,0,physics
11845,P2,,,,,,,0,0,,1,0,physics
11854,P2,,,,,,,0,0,,1,0,physics
11855,P2,,,,,,,0,0,,1,0,physics
11864,P2,,,,,,,0,0,,1,0,physics
11868,P2,,,,,,,0,0,,1,0,physics
11869,P2,,,,,,,0,0,,1,0,physics
11870,P2,,,,,,,0,0,,1,0,physics
11871,P2,,,,,,,0,0,,1,0,physics
11872,P2,,,,,,,0,0,,1,0,physics
11877,P2,,,,,,,0,1,,0,1,other-calibration
11879,P2,,,,,,,0,1,,0,1,other-calibration
11881,P2,,,,,,,0,1,,0,1,other-calibration
11883,P2,,,,,,,0,1,,0,1,other-calibration
11885,P2,,,,,,,0,1,,0,1,other-calibration
11887,P2,,,,,,,0,1,,0,1,other-calibration
11894,P2,,,,,,,0,1,,0,1,other-calibration
11896,P2,,,,,,,0,1,,0,1,other-calibration
11898,P2,,,,,,,0,1,,0,1,other-calibration
11900,P2,,,,,,,0,1,,0,1,other-calibration
11902,P2,,,,,,,0,1,,0,1,other-calibration
11904,P2,,,,,,,0,1,,0,1,other-calibration
11906,P2,,,,,,,0,1,,0,1,other-calibration
11908,P2,,,,,,,0,1,,0,1,other-calibration
11910,P2,,,,,,,0,1,,0,1,other-calibration
11914,P2,,,,,,,0,1,,0,1,other-calibration
11916,P2,,,,,,,0,1,,0,1,other-calibration
11918,P2,,,,,,,0,1,,0,1,other-calibration
11920,P2,,,,,,,0,1,,0,1,other-calibration
11922,P2,,,,,,,0,1,,0,1,other-calibration
11924,P2,,,,,,,0,1,,0,1,other-calibration
11926,P2,,,,,,,0,1,,0,1,other-calibration
11928,P2,,,,,,,0,1,,0,1,other-calibration
11930,P2,,,,,,,0,1,,0,1,other-calibration
11932,P2,,,,,,,0,1,,0,1,other-calibration
11934,P2,,,,,,,0,1,,0,1,other-calibration
11936,P2,,,,,,,0,1,,0,1,other-calibration
11938,P2,,,,,,,0,1,,0,1,other-calibration
11941,P2,,,,,,,0,0,,1,0,physics
11942,P2,,,,,,,0,0,,1,0,physics
11948,P2,,,,,,,0,0,,1,0,physics
11949,P2,,,,,,,0,0,,1,0,physics
11950,P2,,,,,,,0,0,,1,0,physics
11951,P2,,,,,,,0,0,,1,0,physics
11952,P2,,,,,,,0,0,,1,0,physics
11953,P2,,,,,,,0,0,,1,0,physics
11954,P2,,,,,,,0,1,,0,1,other-calibration
11956,P2,,,,,,,0,0,,1,0,physics
11957,P2,,,,,,,0,0,,1,0,physics
11958,P2,,,,,,,0,1,,0,1,other-calibration
11959,P2,2025-12-11,Ge68,0.0,0.0,18.4,0,1,1,,0,1,calib-source z-scan
11960,P2,,,,,,,0,1,,0,1,other-calibration
11961,P2,2025-12-11,Ge68,0.0,0.0,18.0,0,1,1,,0,1,calib-source z-scan
11962,P2,,,,,,,0,1,,0,1,other-calibration
11963,P2,2025-12-11,Ge68,0.0,0.0,17.7,0,1,1,,0,1,calib-source z-scan
11964,P2,,,,,,,0,1,,0,1,other-calibration
11965,P2,2025-12-11,Ge68,0.0,0.0,17.5,0,1,1,,0,1,calib-source z-scan
11966,P2,,,,,,,0,1,,0,1,other-calibration
11967,P2,2025-12-11,Ge68,0.0,0.0,17.3,0,1,1,,0,1,calib-source z-scan
11968,P2,,,,,,,0,1,,0,1,other-calibration
11969,P2,2025-12-11,Ge68,0.0,0.0,17.1,0,1,1,,0,1,calib-source z-scan
11970,P2,,,,,,,0,1,,0,1,other-calibration
11971,P2,2025-12-11,Ge68,0.0,0.0,16.9,0,1,1,,0,1,calib-source z-scan
11972,P2,,,,,,,0,1,,0,1,other-calibration
11973,P2,2025-12-11,Ge68,0.0,0.0,16.7,0,1,1,,0,1,calib-source z-scan
11974,P2,,,,,,,0,1,,0,1,other-calibration
11975,P2,2025-12-11,Ge68,0.0,0.0,16.5,0,1,1,,0,1,calib-source z-scan
11976,P2,,,,,,,0,1,,0,1,other-calibration
11977,P2,2025-12-11,Ge68,0.0,0.0,16.3,0,1,1,,0,1,calib-source z-scan
11978,P2,,,,,,,0,1,,0,1,other-calibration
11979,P2,2025-12-11,Ge68,0.0,0.0,16.1,0,1,1,,0,1,calib-source z-scan
11980,P2,,,,,,,0,1,,0,1,other-calibration
11981,P2,2025-12-11,Ge68,0.0,0.0,15.9,0,1,1,,0,1,calib-source z-scan
11982,P2,,,,,,,0,1,,0,1,other-calibration
11983,P2,2025-12-11,Ge68,0.0,0.0,15.7,0,1,1,,0,1,calib-source z-scan
11984,P2,,,,,,,0,1,,0,1,other-calibration
11985,P2,2025-12-11,Ge68,0.0,0.0,15.5,0,1,1,,0,1,calib-source z-scan
11986,P2,,,,,,,0,1,,0,1,other-calibration
11987,P2,2025-12-11,Ge68,0.0,0.0,15.0,0,1,1,,0,1,calib-source z-scan
11988,P2,,,,,,,0,1,,0,1,other-calibration
11989,P2,2025-12-11,Ge68,0.0,0.0,14.0,0,1,1,,0,1,calib-source z-scan
11990,P2,,,,,,,0,1,,0,1,other-calibration
11991,P2,2025-12-11,Ge68,0.0,0.0,13.0,0,1,1,,0,1,calib-source z-scan
11992,P2,,,,,,,0,1,,0,1,other-calibration
11993,P2,2025-12-11,Ge68,0.0,0.0,11.0,0,1,1,,0,1,calib-source z-scan
11994,P2,,,,,,,0,1,,0,1,other-calibration
11995,P2,2025-12-11,Ge68,0.0,0.0,9.0,0,1,1,,0,1,calib-source z-scan
11996,P2,,,,,,,0,1,,0,1,other-calibration
11997,P2,2025-12-11,Ge68,0.0,0.0,6.0,0,1,1,,0,1,calib-source z-scan
11998,P2,,,,,,,0,1,,0,1,other-calibration
11999,P2,2025-12-11,Ge68,0.0,0.0,3.0,0,1,1,,0,1,calib-source z-scan
12000,P2,,,,,,,0,1,,0,1,other-calibration
12001,P2,2025-12-11,Ge68,0.0,0.0,1.0,0,1,1,,0,1,calib-source z-scan
12002,P2,,,,,,,0,1,,0,1,other-calibration
12003,P2,2025-12-11,Ge68,0.0,0.0,0.0,1,1,1,,0,1,calib-source centre
12004,P2,,,,,,,0,1,,0,1,other-calibration
12005,P2,2025-12-11,Ge68,0.0,0.0,-1.0,0,1,1,,0,1,calib-source z-scan
12006,P2,,,,,,,0,1,,0,1,other-calibration
12007,P2,2025-12-11,Ge68,0.0,0.0,-3.0,0,1,1,,0,1,calib-source z-scan
12008,P2,,,,,,,0,1,,0,1,other-calibration
12009,P2,2025-12-11,Ge68,0.0,0.0,-6.0,0,1,1,,0,1,calib-source z-scan
12010,P2,,,,,,,0,1,,0,1,other-calibration
12011,P2,2025-12-11,Ge68,0.0,0.0,-9.0,0,1,1,,0,1,calib-source z-scan
12012,P2,,,,,,,0,1,,0,1,other-calibration
12013,P2,2025-12-11,Ge68,0.0,0.0,-11.0,0,1,1,,0,1,calib-source z-scan
12014,P2,,,,,,,0,1,,0,1,other-calibration
12015,P2,2025-12-11,Ge68,0.0,0.0,-13.0,0,1,1,,0,1,calib-source z-scan
12016,P2,,,,,,,0,1,,0,1,other-calibration
12017,P2,2025-12-11,Ge68,0.0,0.0,-14.0,0,1,1,,0,1,calib-source z-scan
12018,P2,,,,,,,0,1,,0,1,other-calibration
12019,P2,2025-12-11,Ge68,0.0,0.0,-15.0,0,1,1,,0,1,calib-source z-scan
12020,P2,,,,,,,0,1,,0,1,other-calibration
12021,P2,2025-12-11,Ge68,0.0,0.0,-15.5,0,1,1,,0,1,calib-source z-scan
12022,P2,,,,,,,0,1,,0,1,other-calibration
12023,P2,2025-12-11,Ge68,0.0,0.0,-15.7,0,1,1,,0,1,calib-source z-scan
12024,P2,,,,,,,0,1,,0,1,other-calibration
12025,P2,2025-12-11,Ge68,0.0,0.0,-15.9,0,1,1,,0,1,calib-source z-scan
12026,P2,,,,,,,0,1,,0,1,other-calibration
12027,P2,2025-12-11,Ge68,0.0,0.0,-16.1,0,1,1,,0,1,calib-source z-scan
12028,P2,,,,,,,0,1,,0,1,other-calibration
12029,P2,2025-12-11,Ge68,0.0,0.0,-16.3,0,1,1,,0,1,calib-source z-scan
12030,P2,,,,,,,0,1,,0,1,other-calibration
12031,P2,2025-12-11,Ge68,0.0,0.0,-16.5,0,1,1,,0,1,calib-source z-scan
12032,P2,,,,,,,0,1,,0,1,other-calibration
12033,P2,2025-12-11,Ge68,0.0,0.0,-16.7,0,1,1,,0,1,calib-source z-scan
12034,P2,,,,,,,0,1,,0,1,other-calibration
12035,P2,2025-12-11,Ge68,0.0,0.0,-16.9,0,1,1,,0,1,calib-source z-scan
12036,P2,,,,,,,0,1,,0,1,other-calibration
12037,P2,2025-12-11,Ge68,0.0,0.0,-17.1,0,1,1,,0,1,calib-source z-scan
12038,P2,,,,,,,0,1,,0,1,other-calibration
12039,P2,2025-12-11,Ge68,0.0,0.0,-17.3,0,1,1,,0,1,calib-source z-scan
12040,P2,,,,,,,0,1,,0,1,other-calibration
12041,P2,,,,,,,0,0,,1,0,physics
12042,P2,,,,,,,0,0,,1,0,physics
12044,P2,,,,,,,0,0,,1,0,physics
12045,P2,,,,,,,0,0,,1,0,physics
12046,P2,,,,,,,0,0,,1,0,physics
12047,P2,,,,,,,0,0,,1,0,physics
12050,P2,,,,,,,0,0,,1,0,physics
12061,P2,2025-12-12,Co60,0.0,0.0,17.0,0,1,1,,0,1,calib-source z-scan
12063,P2,2025-12-12,Co60,0.0,0.0,16.5,0,1,1,,0,1,calib-source z-scan
12065,P2,2025-12-12,Co60,0.0,0.0,16.0,0,1,1,,0,1,calib-source z-scan
12067,P2,2025-12-12,Co60,0.0,0.0,14.0,0,1,1,,0,1,calib-source z-scan
12069,P2,2025-12-12,Co60,0.0,0.0,0.0,1,1,1,,0,1,calib-source centre
12071,P2,2025-12-12,Co60,0.0,0.0,-14.0,0,1,1,,0,1,calib-source z-scan
12073,P2,2025-12-12,Co60,0.0,0.0,-16.0,0,1,1,,0,1,calib-source z-scan
12075,P2,2025-12-12,Co60,0.0,0.0,-16.5,0,1,1,,0,1,calib-source z-scan
12077,P2,2025-12-12,Co60,0.0,0.0,-17.0,0,1,1,,0,1,calib-source z-scan
12080,P2,,,,,,,0,0,,1,0,physics
12081,P2,,,,,,,0,0,,1,0,physics
12082,P2,,,,,,,0,0,,1,0,physics
12083,P2,,,,,,,0,0,,1,0,physics
12084,P2,,,,,,,0,0,,1,0,physics
12085,P2,,,,,,,0,0,,1,0,physics
12090,P2,2025-12-13,Mn54,0.0,0.0,17.0,0,1,1,,0,1,calib-source z-scan
12092,P2,2025-12-13,Mn54,0.0,0.0,16.5,0,1,1,,0,1,calib-source z-scan
12094,P2,2025-12-13,Mn54,0.0,0.0,16.0,0,1,1,,0,1,calib-source z-scan
12096,P2,2025-12-13,Mn54,0.0,0.0,14.0,0,1,1,,0,1,calib-source z-scan
12098,P2,2025-12-13,Mn54,0.0,0.0,0.0,1,1,1,,0,1,calib-source centre
12100,P2,2025-12-13,Mn54,0.0,0.0,-14.0,0,1,1,,0,1,calib-source z-scan
12102,P2,2025-12-13,Mn54,0.0,0.0,-16.0,0,1,1,,0,1,calib-source z-scan
12104,P2,2025-12-13,Mn54,0.0,0.0,-16.5,0,1,1,,0,1,calib-source z-scan
12106,P2,2025-12-13,Mn54,0.0,0.0,-17.0,0,1,1,,0,1,calib-source z-scan
12110,P2,2025-12-13,Cs137,0.0,0.0,17.0,0,1,1,,0,1,calib-source z-scan
12112,P2,2025-12-13,Cs137,0.0,0.0,16.5,0,1,1,,0,1,calib-source z-scan
12114,P2,2025-12-13,Cs137,0.0,0.0,16.0,0,1,1,,0,1,calib-source z-scan
12116,P2,2025-12-13,Cs137,0.0,0.0,14.0,0,1,1,,0,1,calib-source z-scan
12118,P2,2025-12-13,Cs137,0.0,0.0,0.0,1,1,1,,0,1,calib-source centre
12120,P2,2025-12-13,Cs137,0.0,0.0,-14.0,0,1,1,,0,1,calib-source z-scan
12122,P2,2025-12-13,Cs137,0.0,0.0,-16.0,0,1,1,,0,1,calib-source z-scan
12124,P2,2025-12-13,Cs137,0.0,0.0,-16.5,0,1,1,,0,1,calib-source z-scan
12126,P2,2025-12-13,Cs137,0.0,0.0,-17.0,0,1,1,,0,1,calib-source z-scan
12129,P2,,,,,,,0,0,,1,0,physics
12130,P2,,,,,,,0,0,,1,0,physics
12131,P2,,,,,,,0,0,,1,0,physics
12132,P2,,,,,,,0,0,,1,0,physics
12133,P2,,,,,,,0,0,,1,0,physics
12134,P2,,,,,,,0,0,,1,0,physics
12135,P2,,,,,,,0,0,,1,0,physics
12137,P3,,,,,,,0,1,,0,1,other-calibration
12140,P3,,,,,,,0,1,,0,1,other-calibration
12142,P3,,,,,,,0,1,,0,1,other-calibration
12144,P3,,,,,,,0,1,,0,1,other-calibration
12146,P3,,,,,,,0,1,,0,1,other-calibration
12148,P3,,,,,,,0,1,,0,1,other-calibration
12150,P3,,,,,,,0,1,,0,1,other-calibration
12152,P3,,,,,,,0,1,,0,1,other-calibration
12154,P3,,,,,,,0,1,,0,1,other-calibration
12156,P3,,,,,,,0,1,,0,1,other-calibration
12158,P3,,,,,,,0,1,,0,1,other-calibration
12160,P3,,,,,,,0,1,,0,1,other-calibration
12162,P3,,,,,,,0,1,,0,1,other-calibration
12164,P3,,,,,,,0,1,,0,1,other-calibration
12166,P3,,,,,,,0,1,,0,1,other-calibration
12168,P3,,,,,,,0,1,,0,1,other-calibration
12170,P3,,,,,,,0,1,,0,1,other-calibration
12172,P3,,,,,,,0,1,,0,1,other-calibration
12174,P3,,,,,,,0,1,,0,1,other-calibration
12176,P3,,,,,,,0,1,,0,1,other-calibration
12178,P3,,,,,,,0,1,,0,1,other-calibration
12180,P3,,,,,,,0,1,,0,1,other-calibration
12182,P3,,,,,,,0,1,,0,1,other-calibration
12184,P3,,,,,,,0,1,,0,1,other-calibration
12186,P3,,,,,,,0,1,,0,1,other-calibration
12188,P3,,,,,,,0,1,,0,1,other-calibration
12190,P3,,,,,,,0,1,,0,1,other-calibration
12192,P3,,,,,,,0,1,,0,1,other-calibration
12194,P3,,,,,,,0,1,,0,1,other-calibration
12208,P3,2025-12-15,Co60,0.0,0.0,17.0,0,1,1,,0,1,calib-source z-scan
12210,P3,2025-12-15,Co60,0.0,0.0,16.5,0,1,1,,0,1,calib-source z-scan
12212,P3,2025-12-15,Co60,0.0,0.0,16.0,0,1,1,,0,1,calib-source z-scan
12214,P3,2025-12-15,Co60,0.0,0.0,14.0,0,1,1,,0,1,calib-source z-scan
12216,P3,2025-12-15,Co60,0.0,0.0,0.0,1,1,1,,0,1,calib-source centre
12218,P3,2025-12-15,Co60,0.0,0.0,-14.0,0,1,1,,0,1,calib-source z-scan
12222,P3,2025-12-15,Co60,0.0,0.0,-16.0,0,1,1,,0,1,calib-source z-scan
12224,P3,2025-12-15,Co60,0.0,0.0,-16.5,0,1,1,,0,1,calib-source z-scan
12226,P3,2025-12-15,Co60,0.0,0.0,-17.0,0,1,1,,0,1,calib-source z-scan
12235,P3,2025-12-15,Mn54,0.0,0.0,17.0,0,1,1,,0,1,calib-source z-scan
12237,P3,2025-12-15,Mn54,0.0,0.0,16.5,0,1,1,,0,1,calib-source z-scan
12240,P3,2025-12-15,Mn54,0.0,0.0,16.0,0,1,1,,0,1,calib-source z-scan
12245,P3,2025-12-15,Mn54,0.0,0.0,14.0,0,1,1,,0,1,calib-source z-scan
12247,P3,2025-12-15,Mn54,0.0,0.0,0.0,1,1,1,,0,1,calib-source centre
12249,P3,2025-12-15,Mn54,0.0,0.0,-14.0,0,1,1,,0,1,calib-source z-scan
12251,P3,2025-12-15,Mn54,0.0,0.0,-16.0,0,1,1,,0,1,calib-source z-scan
12253,P3,2025-12-15,Mn54,0.0,0.0,-16.5,0,1,1,,0,1,calib-source z-scan
12255,P3,2025-12-15,Mn54,0.0,0.0,-17.0,0,1,1,,0,1,calib-source z-scan
12267,P3,2025-12-16,AmC117,0.0,0.0,17.0,0,1,1,,0,1,calib-source z-scan
12269,P3,2025-12-16,AmC117,0.0,0.0,16.5,0,1,1,,0,1,calib-source z-scan
12271,P3,2025-12-16,AmC117,0.0,0.0,16.0,0,1,1,,0,1,calib-source z-scan
12273,P3,2025-12-16,AmC117,0.0,0.0,14.0,0,1,1,,0,1,calib-source z-scan
12275,P3,2025-12-16,AmC117,0.0,0.0,0.0,1,1,1,,0,1,calib-source centre
12277,P3,2025-12-16,AmC117,0.0,0.0,-14.0,0,1,1,,0,1,calib-source z-scan
12279,P3,2025-12-16,AmC117,0.0,0.0,-16.0,0,1,1,,0,1,calib-source z-scan
12281,P3,2025-12-16,AmC117,0.0,0.0,-16.5,0,1,1,,0,1,calib-source z-scan
12283,P3,2025-12-16,AmC117,0.0,0.0,-17.0,0,1,1,,0,1,calib-source z-scan
12287,P3,2025-12-16,Cs137,0.0,0.0,17.0,0,1,1,,0,1,calib-source z-scan
12289,P3,2025-12-16,Cs137,0.0,0.0,16.5,0,1,1,,0,1,calib-source z-scan
12291,P3,2025-12-16,Cs137,0.0,0.0,16.0,0,1,1,,0,1,calib-source z-scan
12293,P3,2025-12-16,Cs137,0.0,0.0,14.0,0,1,1,,0,1,calib-source z-scan
12295,P3,2025-12-16,Cs137,0.0,0.0,0.0,1,1,1,,0,1,calib-source centre
12297,P3,2025-12-16,Cs137,0.0,0.0,-14.0,0,1,1,,0,1,calib-source z-scan
12299,P3,2025-12-16,Cs137,0.0,0.0,-16.0,0,1,1,,0,1,calib-source z-scan
12301,P3,2025-12-16,Cs137,0.0,0.0,-16.5,0,1,1,,0,1,calib-source z-scan
12303,P3,2025-12-16,Cs137,0.0,0.0,-17.0,0,1,1,,0,1,calib-source z-scan
12325,P3,2025-12-17,Ge68,0.0,0.0,18.4,0,1,1,,0,1,calib-source z-scan
12327,P3,2025-12-17,Ge68,0.0,0.0,18.0,0,1,1,,0,1,calib-source z-scan
12330,P3,2025-12-17,Ge68,0.0,0.0,17.7,0,1,1,,0,1,calib-source z-scan
12332,P3,2025-12-17,Ge68,0.0,0.0,17.5,0,1,1,,0,1,calib-source z-scan
12334,P3,2025-12-17,Ge68,0.0,0.0,17.3,0,1,1,,0,1,calib-source z-scan
12336,P3,2025-12-17,Ge68,0.0,0.0,17.1,0,1,1,,0,1,calib-source z-scan
12338,P3,2025-12-17,Ge68,0.0,0.0,16.9,0,1,1,,0,1,calib-source z-scan
12340,P3,2025-12-17,Ge68,0.0,0.0,16.7,0,1,1,,0,1,calib-source z-scan
12342,P3,2025-12-17,Ge68,0.0,0.0,16.5,0,1,1,,0,1,calib-source z-scan
12344,P3,2025-12-17,Ge68,0.0,0.0,16.3,0,1,1,,0,1,calib-source z-scan
12346,P3,2025-12-17,Ge68,0.0,0.0,16.1,0,1,1,,0,1,calib-source z-scan
12348,P3,2025-12-17,Ge68,0.0,0.0,15.9,0,1,1,,0,1,calib-source z-scan
12350,P3,2025-12-17,Ge68,0.0,0.0,15.7,0,1,1,,0,1,calib-source z-scan
12352,P3,2025-12-17,Ge68,0.0,0.0,15.5,0,1,1,,0,1,calib-source z-scan
12354,P3,2025-12-17,Ge68,0.0,0.0,15.0,0,1,1,,0,1,calib-source z-scan
12356,P3,2025-12-17,Ge68,0.0,0.0,14.0,0,1,1,,0,1,calib-source z-scan
12358,P3,2025-12-17,Ge68,0.0,0.0,13.0,0,1,1,,0,1,calib-source z-scan
12360,P3,2025-12-17,Ge68,0.0,0.0,11.0,0,1,1,,0,1,calib-source z-scan
12362,P3,2025-12-17,Ge68,0.0,0.0,9.0,0,1,1,,0,1,calib-source z-scan
12364,P3,2025-12-17,Ge68,0.0,0.0,6.0,0,1,1,,0,1,calib-source z-scan
12366,P3,2025-12-17,Ge68,0.0,0.0,3.0,0,1,1,,0,1,calib-source z-scan
12368,P3,2025-12-17,Ge68,0.0,0.0,1.0,0,1,1,,0,1,calib-source z-scan
12370,P3,2025-12-17,Ge68,0.0,0.0,0.0,1,1,1,,0,1,calib-source centre
12374,P3,2025-12-17,Ge68,0.0,0.0,-1.0,0,1,1,,0,1,calib-source z-scan
12376,P3,2025-12-17,Ge68,0.0,0.0,-3.0,0,1,1,,0,1,calib-source z-scan
12378,P3,2025-12-17,Ge68,0.0,0.0,-6.0,0,1,1,,0,1,calib-source z-scan
12380,P3,2025-12-17,Ge68,0.0,0.0,-9.0,0,1,1,,0,1,calib-source z-scan
12382,P3,2025-12-17,Ge68,0.0,0.0,-11.0,0,1,1,,0,1,calib-source z-scan
12384,P3,2025-12-17,Ge68,0.0,0.0,-13.0,0,1,1,,0,1,calib-source z-scan
12386,P3,2025-12-17,Ge68,0.0,0.0,-14.0,0,1,1,,0,1,calib-source z-scan
12388,P3,2025-12-17,Ge68,0.0,0.0,-15.0,0,1,1,,0,1,calib-source z-scan
12390,P3,2025-12-17,Ge68,0.0,0.0,-15.5,0,1,1,,0,1,calib-source z-scan
12392,P3,2025-12-17,Ge68,0.0,0.0,-15.7,0,1,1,,0,1,calib-source z-scan
12395,P3,2025-12-17,Ge68,0.0,0.0,-15.9,0,1,1,,0,1,calib-source z-scan
12398,P3,2025-12-17,Ge68,0.0,0.0,-16.1,0,1,1,,0,1,calib-source z-scan
12401,P3,2025-12-17,Ge68,0.0,0.0,-16.3,0,1,1,,0,1,calib-source z-scan
12404,P3,2025-12-17,Ge68,0.0,0.0,-16.5,0,1,1,,0,1,calib-source z-scan
12407,P3,2025-12-17,Ge68,0.0,0.0,-16.7,0,1,1,,0,1,calib-source z-scan
12409,P3,2025-12-17,Ge68,0.0,0.0,-16.9,0,1,1,,0,1,calib-source z-scan
12412,P3,2025-12-17,Ge68,0.0,0.0,-17.1,0,1,1,,0,1,calib-source z-scan
12414,P3,2025-12-17,Ge68,0.0,0.0,-17.3,0,1,1,,0,1,calib-source z-scan
12422,P3,,,,,,,0,0,,1,0,physics
12423,P3,,,,,,,0,0,,1,0,physics
12424,P3,,,,,,,0,0,,1,0,physics
12425,P3,,,,,,,0,0,,1,0,physics
12426,P3,,,,,,,0,0,,1,0,physics
12428,P3,,,,,,,0,0,,1,0,physics
12429,P3,,,,,,,0,0,,1,0,physics
12430,P3,,,,,,,0,0,,1,0,physics
12431,P3,,,,,,,0,0,,1,0,physics
12432,P3,,,,,,,0,0,,1,0,physics
12433,P3,,,,,,,0,0,,1,0,physics
12434,P3,,,,,,,0,0,,1,0,physics
12435,P3,,,,,,,0,0,,1,0,physics
12436,P3,,,,,,,0,0,,1,0,physics
12437,P3,,,,,,,0,0,,1,0,physics
12438,P3,,,,,,,0,0,,1,0,physics
12439,P3,,,,,,,0,0,,1,0,physics
12440,P3,,,,,,,0,0,,1,0,physics
12441,P3,,,,,,,0,0,,1,0,physics
12442,P3,,,,,,,0,0,,1,0,physics
12443,P3,,,,,,,0,0,,1,0,physics
12444,P3,,,,,,,0,0,,1,0,physics
12445,P3,,,,,,,0,0,,1,0,physics
12446,P3,,,,,,,0,0,,1,0,physics
12447,P3,,,,,,,0,0,,1,0,physics
12448,P3,,,,,,,0,0,,1,0,physics
12453,P3,,,,,,,0,0,,1,0,physics
12454,P3,,,,,,,0,0,,1,0,physics
12455,P3,,,,,,,0,0,,1,0,physics
12456,P3,,,,,,,0,0,,1,0,physics
12457,P3,,,,,,,0,0,,1,0,physics
12461,P3,,,,,,,0,0,,1,0,physics
12462,P3,,,,,,,0,0,,1,0,physics
12463,P3,,,,,,,0,0,,1,0,physics
12464,P3,,,,,,,0,0,,1,0,physics
12465,P3,,,,,,,0,0,,1,0,physics
12466,P3,,,,,,,0,0,,1,0,physics
12467,P3,,,,,,,0,0,,1,0,physics
12468,P3,,,,,,,0,0,,1,0,physics
12469,P3,,,,,,,0,0,,1,0,physics
12471,P3,,,,,,,0,0,,1,0,physics
12472,P3,,,,,,,0,0,,1,0,physics
12473,P3,,,,,,,0,0,,1,0,physics
12476,P3,,,,,,,0,1,,0,1,other-calibration
12478,P3,,,,,,,0,1,,0,1,other-calibration
12480,P3,,,,,,,0,1,,0,1,other-calibration
12482,P3,,,,,,,0,1,,0,1,other-calibration
12484,P3,,,,,,,0,1,,0,1,other-calibration
12487,P3,,,,,,,0,1,,0,1,other-calibration
12489,P3,,,,,,,0,1,,0,1,other-calibration
12491,P3,,,,,,,0,1,,0,1,other-calibration
12493,P3,,,,,,,0,1,,0,1,other-calibration
12497,P3,,,,,,,0,1,,0,1,other-calibration
12500,P3,,,,,,,0,1,,0,1,other-calibration
12502,P3,,,,,,,0,1,,0,1,other-calibration
12504,P3,,,,,,,0,1,,0,1,other-calibration
12507,P3,,,,,,,0,1,,0,1,other-calibration
12510,P3,,,,,,,0,1,,0,1,other-calibration
12512,P3,,,,,,,0,1,,0,1,other-calibration
12514,P3,,,,,,,0,1,,0,1,other-calibration
12516,P3,,,,,,,0,1,,0,1,other-calibration
12518,P3,,,,,,,0,1,,0,1,other-calibration
12520,P3,,,,,,,0,1,,0,1,other-calibration
12522,P3,,,,,,,0,1,,0,1,other-calibration
12524,P3,,,,,,,0,1,,0,1,other-calibration
12526,P3,,,,,,,0,1,,0,1,other-calibration
12528,P3,,,,,,,0,1,,0,1,other-calibration
12530,P3,,,,,,,0,1,,0,1,other-calibration
12532,P3,,,,,,,0,1,,0,1,other-calibration
12534,P3,,,,,,,0,1,,0,1,other-calibration
12536,P3,,,,,,,0,1,,0,1,other-calibration
12538,P3,,,,,,,0,1,,0,1,other-calibration
12540,P3,,,,,,,0,1,,0,1,other-calibration
12542,P3,,,,,,,0,1,,0,1,other-calibration
12544,P3,,,,,,,0,1,,0,1,other-calibration
12546,P3,,,,,,,0,1,,0,1,other-calibration
12548,P3,,,,,,,0,1,,0,1,other-calibration
12550,P3,,,,,,,0,1,,0,1,other-calibration
12552,P3,,,,,,,0,1,,0,1,other-calibration
12554,P3,,,,,,,0,1,,0,1,other-calibration
12556,P3,,,,,,,0,1,,0,1,other-calibration
12558,P3,,,,,,,0,1,,0,1,other-calibration
12560,P3,,,,,,,0,1,,0,1,other-calibration
12562,P3,,,,,,,0,1,,0,1,other-calibration
12564,P3,,,,,,,0,1,,0,1,other-calibration
12566,P3,,,,,,,0,1,,0,1,other-calibration
12569,P3,,,,,,,0,0,,1,0,physics
12570,P3,,,,,,,0,0,,1,0,physics
12571,P3,,,,,,,0,0,,1,0,physics
12573,P3,,,,,,,0,0,,1,0,physics
12575,P3,,,,,,,0,1,,0,1,other-calibration
12576,P3,2025-12-23,AmC117,0.0,0.0,0.0,1,1,1,,0,1,calib-source centre
12577,P3,,,,,,,0,1,,0,1,other-calibration
12579,P3,,,,,,,0,0,,1,0,physics
12580,P3,,,,,,,0,0,,1,0,physics
12581,P3,,,,,,,0,0,,1,0,physics
12582,P3,,,,,,,0,0,,1,0,physics
12583,P3,,,,,,,0,0,,1,0,physics
12584,P3,,,,,,,0,0,,1,0,physics
12586,P3,,,,,,,0,0,,1,0,physics
12587,P3,,,,,,,0,0,,1,0,physics
12591,P3,,,,,,,0,0,,1,0,physics
12593,P3,,,,,,,0,0,,1,0,physics
12594,P3,,,,,,,0,0,,1,0,physics
12595,P3,,,,,,,0,0,,1,0,physics
12596,P3,,,,,,,0,0,,1,0,physics
12597,P3,,,,,,,0,0,,1,0,physics
12598,P3,,,,,,,0,0,,1,0,physics
12599,P3,,,,,,,0,0,,1,0,physics
12600,P3,,,,,,,0,0,,1,0,physics
12601,P3,,,,,,,0,0,,1,0,physics
12602,P3,,,,,,,0,0,,1,0,physics
12604,P3,,,,,,,0,0,,1,0,physics
12606,P3,,,,,,,0,0,,1,0,physics
12607,P3,,,,,,,0,0,,1,0,physics
12615,P3,,,,,,,0,0,,1,0,physics
12616,P3,,,,,,,0,0,,1,0,physics
12619,P3,,,,,,,0,0,,1,0,physics
12620,P3,,,,,,,0,0,,1,0,physics
12621,P3,,,,,,,0,0,,1,0,physics
12622,P3,,,,,,,0,0,,1,0,physics
12623,P3,,,,,,,0,0,,1,0,physics
12624,P3,,,,,,,0,0,,1,0,physics
12625,P3,,,,,,,0,0,,1,0,physics
12627,P3,,,,,,,0,1,,0,1,other-calibration
12628,P3,,,,,,,0,1,,0,1,other-calibration
12629,P3,,,,,,,0,1,,0,1,other-calibration
12630,P3,,,,,,,0,1,,0,1,other-calibration
12631,P3,,,,,,,0,1,,0,1,other-calibration
12632,P3,,,,,,,0,1,,0,1,other-calibration
12633,P3,,,,,,,0,1,,0,1,other-calibration
12634,P3,,,,,,,0,1,,0,1,other-calibration
12635,P3,,,,,,,0,1,,0,1,other-calibration
12636,P3,,,,,,,0,1,,0,1,other-calibration
12637,P3,,,,,,,0,1,,0,1,other-calibration
12638,P3,,,,,,,0,1,,0,1,other-calibration
12639,P3,,,,,,,0,1,,0,1,other-calibration
12640,P3,,,,,,,0,1,,0,1,other-calibration
12641,P3,,,,,,,0,1,,0,1,other-calibration
12642,P3,,,,,,,0,1,,0,1,other-calibration
12643,P3,,,,,,,0,1,,0,1,other-calibration
12644,P3,,,,,,,0,1,,0,1,other-calibration
12645,P3,,,,,,,0,1,,0,1,other-calibration
12646,P3,,,,,,,0,1,,0,1,other-calibration
12647,P3,,,,,,,0,1,,0,1,other-calibration
12648,P3,,,,,,,0,1,,0,1,other-calibration
12649,P3,,,,,,,0,1,,0,1,other-calibration
12650,P3,,,,,,,0,1,,0,1,other-calibration
12651,P3,,,,,,,0,1,,0,1,other-calibration
12652,P3,,,,,,,0,1,,0,1,other-calibration
12653,P3,,,,,,,0,1,,0,1,other-calibration
12654,P3,,,,,,,0,1,,0,1,other-calibration
12655,P3,,,,,,,0,1,,0,1,other-calibration
12656,P3,,,,,,,0,1,,0,1,other-calibration
12657,P3,,,,,,,0,1,,0,1,other-calibration
12658,P3,,,,,,,0,1,,0,1,other-calibration
12659,P3,,,,,,,0,1,,0,1,other-calibration
12660,P3,,,,,,,0,1,,0,1,other-calibration
12661,P3,,,,,,,0,1,,0,1,other-calibration
12662,P3,,,,,,,0,1,,0,1,other-calibration
12663,P3,,,,,,,0,1,,0,1,other-calibration
12664,P3,,,,,,,0,1,,0,1,other-calibration
12665,P3,,,,,,,0,1,,0,1,other-calibration
12666,P3,,,,,,,0,1,,0,1,other-calibration
12667,P3,,,,,,,0,1,,0,1,other-calibration
12668,P3,,,,,,,0,1,,0,1,other-calibration
12669,P3,,,,,,,0,1,,0,1,other-calibration
12670,P3,,,,,,,0,1,,0,1,other-calibration
12671,P3,,,,,,,0,1,,0,1,other-calibration
12672,P3,,,,,,,0,1,,0,1,other-calibration
12673,P3,,,,,,,0,1,,0,1,other-calibration
12674,P3,,,,,,,0,1,,0,1,other-calibration
12675,P3,,,,,,,0,1,,0,1,other-calibration
12676,P3,,,,,,,0,1,,0,1,other-calibration
12677,P3,,,,,,,0,1,,0,1,other-calibration
12678,P3,,,,,,,0,1,,0,1,other-calibration
12679,P3,,,,,,,0,1,,0,1,other-calibration
12680,P3,,,,,,,0,1,,0,1,other-calibration
12681,P3,,,,,,,0,1,,0,1,other-calibration
12682,P3,,,,,,,0,1,,0,1,other-calibration
12683,P3,,,,,,,0,1,,0,1,other-calibration
12684,P3,,,,,,,0,1,,0,1,other-calibration
12685,P3,,,,,,,0,1,,0,1,other-calibration
12686,P3,,,,,,,0,1,,0,1,other-calibration
12687,P3,,,,,,,0,1,,0,1,other-calibration
12688,P3,,,,,,,0,1,,0,1,other-calibration
12689,P3,,,,,,,0,1,,0,1,other-calibration
12690,P3,,,,,,,0,1,,0,1,other-calibration
12691,P3,,,,,,,0,1,,0,1,other-calibration
12692,P3,,,,,,,0,1,,0,1,other-calibration
12693,P3,,,,,,,0,1,,0,1,other-calibration
12694,P3,,,,,,,0,1,,0,1,other-calibration
12695,P3,,,,,,,0,1,,0,1,other-calibration
12696,P3,,,,,,,0,1,,0,1,other-calibration
12697,P3,,,,,,,0,1,,0,1,other-calibration
12698,P3,,,,,,,0,1,,0,1,other-calibration
12699,P3,,,,,,,0,1,,0,1,other-calibration
12700,P3,,,,,,,0,1,,0,1,other-calibration
12701,P3,,,,,,,0,1,,0,1,other-calibration
12702,P3,,,,,,,0,1,,0,1,other-calibration
12703,P3,,,,,,,0,1,,0,1,other-calibration
12704,P3,,,,,,,0,1,,0,1,other-calibration
12705,P3,,,,,,,0,1,,0,1,other-calibration
12706,P3,,,,,,,0,1,,0,1,other-calibration
12707,P3,,,,,,,0,1,,0,1,other-calibration
12708,P3,,,,,,,0,1,,0,1,other-calibration
12709,P3,,,,,,,0,1,,0,1,other-calibration
12710,P3,,,,,,,0,1,,0,1,other-calibration
12711,P3,,,,,,,0,1,,0,1,other-calibration
12712,P3,,,,,,,0,1,,0,1,other-calibration
12713,P3,,,,,,,0,1,,0,1,other-calibration
12714,P3,,,,,,,0,1,,0,1,other-calibration
12715,P3,,,,,,,0,1,,0,1,other-calibration
12716,P3,,,,,,,0,1,,0,1,other-calibration
12717,P3,,,,,,,0,1,,0,1,other-calibration
12718,P3,,,,,,,0,1,,0,1,other-calibration
12719,P3,,,,,,,0,1,,0,1,other-calibration
12720,P3,,,,,,,0,1,,0,1,other-calibration
12721,P3,,,,,,,0,1,,0,1,other-calibration
12722,P3,,,,,,,0,1,,0,1,other-calibration
12723,P3,,,,,,,0,1,,0,1,other-calibration
12724,P3,,,,,,,0,1,,0,1,other-calibration
12725,P3,,,,,,,0,1,,0,1,other-calibration
12726,P3,,,,,,,0,1,,0,1,other-calibration
12727,P3,,,,,,,0,1,,0,1,other-calibration
12728,P3,,,,,,,0,1,,0,1,other-calibration
12729,P3,,,,,,,0,1,,0,1,other-calibration
12730,P3,,,,,,,0,1,,0,1,other-calibration
12731,P3,,,,,,,0,1,,0,1,other-calibration
12732,P3,,,,,,,0,1,,0,1,other-calibration
12733,P3,,,,,,,0,1,,0,1,other-calibration
12734,P3,,,,,,,0,1,,0,1,other-calibration
12735,P3,,,,,,,0,1,,0,1,other-calibration
12736,P3,,,,,,,0,1,,0,1,other-calibration
12737,P3,,,,,,,0,1,,0,1,other-calibration
12738,P3,,,,,,,0,1,,0,1,other-calibration
12739,P3,,,,,,,0,1,,0,1,other-calibration
12740,P3,,,,,,,0,1,,0,1,other-calibration
12741,P3,,,,,,,0,1,,0,1,other-calibration
12742,P3,,,,,,,0,1,,0,1,other-calibration
12743,P3,,,,,,,0,1,,0,1,other-calibration
12744,P3,,,,,,,0,1,,0,1,other-calibration
12745,P3,,,,,,,0,1,,0,1,other-calibration
12746,P3,,,,,,,0,1,,0,1,other-calibration
12747,P3,,,,,,,0,1,,0,1,other-calibration
12748,P3,,,,,,,0,1,,0,1,other-calibration
12749,P3,,,,,,,0,1,,0,1,other-calibration
12750,P3,,,,,,,0,1,,0,1,other-calibration
12751,P3,,,,,,,0,1,,0,1,other-calibration
12752,P3,,,,,,,0,1,,0,1,other-calibration
12753,P3,,,,,,,0,1,,0,1,other-calibration
12754,P3,,,,,,,0,1,,0,1,other-calibration
12755,P3,,,,,,,0,1,,0,1,other-calibration
12757,P3,,,,,,,0,0,,1,0,physics
12758,P3,,,,,,,0,0,,1,0,physics
12759,P3,,,,,,,0,0,,1,0,physics
12760,P3,,,,,,,0,0,,1,0,physics
12761,P3,,,,,,,0,0,,1,0,physics
12762,P3,,,,,,,0,0,,1,0,physics
12763,P3,,,,,,,0,0,,1,0,physics
12764,P3,,,,,,,0,0,,1,0,physics
12765,P3,,,,,,,0,0,,1,0,physics
12766,P3,,,,,,,0,0,,1,0,physics
12767,P3,,,,,,,0,0,,1,0,physics
12768,P3,,,,,,,0,0,,1,0,physics
12769,P3,,,,,,,0,0,,1,0,physics
12770,P3,,,,,,,0,0,,1,0,physics
12772,P3,,,,,,,0,0,,1,0,physics
12773,P3,,,,,,,0,0,,1,0,physics
12775,P3,,,,,,,0,0,,1,0,physics
12776,P3,,,,,,,0,0,,1,0,physics
12777,P3,,,,,,,0,0,,1,0,physics
12778,P3,,,,,,,0,0,,1,0,physics
12779,P3,,,,,,,0,0,,1,0,physics
12780,P3,,,,,,,0,0,,1,0,physics
12781,P3,,,,,,,0,0,,1,0,physics
12782,P3,,,,,,,0,0,,1,0,physics
12783,P3,,,,,,,0,0,,1,0,physics
12784,P3,,,,,,,0,0,,1,0,physics
12785,P3,,,,,,,0,0,,1,0,physics
12786,P3,,,,,,,0,0,,1,0,physics
12787,P3,,,,,,,0,0,,1,0,physics
12790,P3,,,,,,,0,0,,1,0,physics
12791,P3,,,,,,,0,0,,1,0,physics
12795,P3,,,,,,,0,0,,1,0,physics
12819,P3,,,,,,,0,1,,0,1,other-calibration
12824,P3,,,,,,,0,0,,1,0,physics
12826,P3,,,,,,,0,0,,1,0,physics
12827,P3,,,,,,,0,0,,1,0,physics
12828,P3,,,,,,,0,0,,1,0,physics
12829,P3,,,,,,,0,0,,1,0,physics
12830,P3,,,,,,,0,0,,1,0,physics
12831,P3,,,,,,,0,0,,1,0,physics
12832,P3,,,,,,,0,0,,1,0,physics
12833,P3,,,,,,,0,0,,1,0,physics
12834,P3,,,,,,,0,0,,1,0,physics
12835,P3,,,,,,,0,0,,1,0,physics
12843,P3,,,,,,,0,0,,1,0,physics
12844,P3,,,,,,,0,0,,1,0,physics
12846,P3,,,,,,,0,0,,1,0,physics
12850,P3,,,,,,,0,0,,1,0,physics
12853,P3,,,,,,,0,0,,1,0,physics
12854,P3,,,,,,,0,0,,1,0,physics
12855,P3,,,,,,,0,0,,1,0,physics
12856,P3,,,,,,,0,0,,1,0,physics
12857,P3,,,,,,,0,0,,1,0,physics
12858,P3,,,,,,,0,0,,1,0,physics
12859,P3,,,,,,,0,0,,1,0,physics
12860,P3,,,,,,,0,0,,1,0,physics
12861,P3,,,,,,,0,0,,1,0,physics
12862,P3,,,,,,,0,0,,1,0,physics
12863,P3,,,,,,,0,0,,1,0,physics
12864,P3,,,,,,,0,0,,1,0,physics
12865,P3,,,,,,,0,0,,1,0,physics
12866,P3,,,,,,,0,0,,1,0,physics
12869,P3,,,,,,,0,0,,1,0,physics
12870,P3,,,,,,,0,0,,1,0,physics
12871,P3,,,,,,,0,0,,1,0,physics
12873,P3,,,,,,,0,0,,1,0,physics
12876,P3,,,,,,,0,1,,0,1,other-calibration
12879,P3,,,,,,,0,0,,1,0,physics
12880,P3,,,,,,,0,0,,1,0,physics
12881,P3,,,,,,,0,0,,1,0,physics
12882,P3,,,,,,,0,0,,1,0,physics
12883,P3,,,,,,,0,0,,1,0,physics
12884,P3,,,,,,,0,0,,1,0,physics
12885,P3,,,,,,,0,0,,1,0,physics
12886,P3,,,,,,,0,0,,1,0,physics
12887,P3,,,,,,,0,0,,1,0,physics
12888,P3,,,,,,,0,0,,1,0,physics
12889,P3,,,,,,,0,0,,1,0,physics
12890,P3,,,,,,,0,0,,1,0,physics
12891,P3,,,,,,,0,0,,1,0,physics
12892,P3,,,,,,,0,0,,1,0,physics
12893,P3,,,,,,,0,0,,1,0,physics
12894,P3,,,,,,,0,0,,1,0,physics
12895,P3,,,,,,,0,0,,1,0,physics
12896,P3,,,,,,,0,0,,1,0,physics
12897,P3,,,,,,,0,0,,1,0,physics
12898,P3,,,,,,,0,0,,1,0,physics
12899,P3,,,,,,,0,0,,1,0,physics
12901,P3,,,,,,,0,0,,1,0,physics
12906,P3,,,,,,,0,0,,1,0,physics
12908,P3,,,,,,,0,0,,1,0,physics
12909,P3,,,,,,,0,0,,1,0,physics
12910,P3,,,,,,,0,0,,1,0,physics
12912,P3,,,,,,,0,0,,1,0,physics
12913,P3,,,,,,,0,0,,1,0,physics
12914,P3,,,,,,,0,0,,1,0,physics
12915,P3,,,,,,,0,0,,1,0,physics
12916,P3,,,,,,,0,0,,1,0,physics
12917,P3,,,,,,,0,0,,1,0,physics
12919,P3,,,,,,,0,0,,1,0,physics
12920,P3,,,,,,,0,0,,1,0,physics
12925,P3,,,,,,,0,0,,1,0,physics
12931,P3,,,,,,,0,0,,1,0,physics
12932,P3,,,,,,,0,0,,1,0,physics
12933,P3,,,,,,,0,0,,1,0,physics
12934,P3,,,,,,,0,0,,1,0,physics
12935,P3,,,,,,,0,0,,1,0,physics
12936,P3,,,,,,,0,0,,1,0,physics
12937,P3,,,,,,,0,0,,1,0,physics
12940,P3,,,,,,,0,0,,1,0,physics
12941,P3,,,,,,,0,0,,1,0,physics
12944,P3,,,,,,,0,1,,0,1,other-calibration
12953,P3,,,,,,,0,0,,1,0,physics
12954,P3,,,,,,,0,0,,1,0,physics
12955,P3,,,,,,,0,0,,1,0,physics
12956,P3,,,,,,,0,0,,1,0,physics
12957,P3,,,,,,,0,0,,1,0,physics
12958,P3,,,,,,,0,0,,1,0,physics
12959,P3,,,,,,,0,0,,1,0,physics
12960,P3,,,,,,,0,0,,1,0,physics
12961,P3,,,,,,,0,0,,1,0,physics
12962,P3,,,,,,,0,0,,1,0,physics
12963,P3,,,,,,,0,0,,1,0,physics
12964,P3,,,,,,,0,0,,1,0,physics
12965,P3,,,,,,,0,0,,1,0,physics
12966,P3,,,,,,,0,0,,1,0,physics
12967,P3,,,,,,,0,0,,1,0,physics
12968,P3,,,,,,,0,0,,1,0,physics
12969,P3,,,,,,,0,0,,1,0,physics
12970,P3,,,,,,,0,0,,1,0,physics
12971,P3,,,,,,,0,0,,1,0,physics
12986,P3,,,,,,,0,1,,0,1,other-calibration
12992,P3,,,,,,,0,0,,1,0,physics
13001,P3,,,,,,,0,0,,1,0,physics
13002,P3,,,,,,,0,0,,1,0,physics
13003,P3,,,,,,,0,0,,1,0,physics
13004,P3,,,,,,,0,0,,1,0,physics
13005,P3,,,,,,,0,0,,1,0,physics
13006,P3,,,,,,,0,0,,1,0,physics
13007,P3,,,,,,,0,0,,1,0,physics
13008,P3,,,,,,,0,0,,1,0,physics
13009,P3,,,,,,,0,0,,1,0,physics
13010,P3,,,,,,,0,0,,1,0,physics
13011,P3,,,,,,,0,0,,1,0,physics
13012,P3,,,,,,,0,0,,1,0,physics
13013,P3,,,,,,,0,0,,1,0,physics
13014,P3,,,,,,,0,0,,1,0,physics
13015,P3,,,,,,,0,0,,1,0,physics
13016,P3,,,,,,,0,0,,1,0,physics
13017,P3,,,,,,,0,0,,1,0,physics
13018,P3,,,,,,,0,0,,1,0,physics
13019,P3,,,,,,,0,0,,1,0,physics
13020,P3,,,,,,,0,0,,1,0,physics
13021,P3,,,,,,,0,0,,1,0,physics
13022,P3,,,,,,,0,0,,1,0,physics
13024,P3,,,,,,,0,0,,1,0,physics
13025,P3,,,,,,,0,0,,1,0,physics
13026,P3,,,,,,,0,0,,1,0,physics
13027,P3,,,,,,,0,0,,1,0,physics
13028,P3,,,,,,,0,0,,1,0,physics
13029,P3,,,,,,,0,0,,1,0,physics
13030,P3,,,,,,,0,0,,1,0,physics
13032,P3,,,,,,,0,0,,1,0,physics
13036,P3,,,,,,,0,0,,1,0,physics
13037,P3,,,,,,,0,0,,1,0,physics
13038,P3,,,,,,,0,0,,1,0,physics
13040,P3,,,,,,,0,0,,1,0,physics
13041,P3,,,,,,,0,0,,1,0,physics
13042,P3,,,,,,,0,0,,1,0,physics
13043,P3,,,,,,,0,0,,1,0,physics
13044,P3,,,,,,,0,0,,1,0,physics
13045,P3,,,,,,,0,0,,1,0,physics
13046,P3,,,,,,,0,0,,1,0,physics
13047,P3,,,,,,,0,0,,1,0,physics
13048,P3,,,,,,,0,0,,1,0,physics
13049,P3,,,,,,,0,0,,1,0,physics
13050,P3,,,,,,,0,0,,1,0,physics
13051,P3,,,,,,,0,0,,1,0,physics
13052,P3,,,,,,,0,0,,1,0,physics
13057,P3,,,,,,,0,0,,1,0,physics
13058,P3,,,,,,,0,0,,1,0,physics
13060,P3,,,,,,,0,0,,1,0,physics
13089,P3,,,,,,,0,0,,1,0,physics
13091,P3,,,,,,,0,0,,1,0,physics
13092,P3,,,,,,,0,0,,1,0,physics
13093,P3,,,,,,,0,0,,1,0,physics
13094,P3,,,,,,,0,0,,1,0,physics
13095,P3,,,,,,,0,0,,1,0,physics
13096,P3,,,,,,,0,0,,1,0,physics
13097,P3,,,,,,,0,0,,1,0,physics
13104,P3,,,,,,,0,0,,1,0,physics
13105,P3,,,,,,,0,0,,1,0,physics
13106,P3,,,,,,,0,0,,1,0,physics
13107,P3,,,,,,,0,0,,1,0,physics
13108,P3,,,,,,,0,0,,1,0,physics
13109,P3,,,,,,,0,0,,1,0,physics
13110,P3,,,,,,,0,0,,1,0,physics
13111,P3,,,,,,,0,0,,1,0,physics
13112,P3,,,,,,,0,0,,1,0,physics
13113,P3,,,,,,,0,0,,1,0,physics
13116,P3,,,,,,,0,1,,0,1,other-calibration
13118,P3,,,,,,,0,1,,0,1,other-calibration
13124,P3,,,,,,,0,0,,1,0,physics
13125,P3,,,,,,,0,0,,1,0,physics
13126,P3,,,,,,,0,0,,1,0,physics
13127,P3,,,,,,,0,0,,1,0,physics
13128,P3,,,,,,,0,0,,1,0,physics
13129,P3,,,,,,,0,0,,1,0,physics
13130,P3,,,,,,,0,0,,1,0,physics
13131,P3,,,,,,,0,0,,1,0,physics
13132,P3,,,,,,,0,0,,1,0,physics
13133,P3,,,,,,,0,0,,1,0,physics
13134,P3,,,,,,,0,0,,1,0,physics
13135,P3,,,,,,,0,0,,1,0,physics
13136,P3,,,,,,,0,0,,1,0,physics
13138,P3,,,,,,,0,0,,1,0,physics
13139,P3,,,,,,,0,0,,1,0,physics
13140,P3,,,,,,,0,0,,1,0,physics
13141,P3,,,,,,,0,0,,1,0,physics
13142,P3,,,,,,,0,0,,1,0,physics
13143,P3,,,,,,,0,0,,1,0,physics
13144,P3,,,,,,,0,0,,1,0,physics
13145,P3,,,,,,,0,0,,1,0,physics
13146,P3,,,,,,,0,0,,1,0,physics
13147,P3,,,,,,,0,0,,1,0,physics
13148,P3,,,,,,,0,0,,1,0,physics
13152,P3,2026-01-16,AmC117,0.0,0.0,14.0,0,1,1,,0,1,calib-source z-scan
13154,P3,2026-01-16,AmC117,0.0,0.0,0.0,1,1,1,,0,1,calib-source centre
13156,P3,2026-01-16,AmC117,0.0,0.0,-14.0,0,1,1,,0,1,calib-source z-scan
13161,P3,,,,,,,0,0,,1,0,physics
13162,P3,,,,,,,0,0,,1,0,physics
13163,P3,,,,,,,0,0,,1,0,physics
13164,P3,,,,,,,0,0,,1,0,physics
13165,P3,,,,,,,0,0,,1,0,physics
13166,P3,,,,,,,0,0,,1,0,physics
13167,P3,,,,,,,0,0,,1,0,physics
13168,P3,,,,,,,0,0,,1,0,physics
13169,P3,,,,,,,0,0,,1,0,physics
13170,P3,,,,,,,0,0,,1,0,physics
13171,P3,,,,,,,0,0,,1,0,physics
13172,P3,,,,,,,0,0,,1,0,physics
13173,P3,,,,,,,0,0,,1,0,physics
13174,P3,,,,,,,0,0,,1,0,physics
13175,P3,,,,,,,0,0,,1,0,physics
13176,P3,,,,,,,0,0,,1,0,physics
13177,P3,,,,,,,0,0,,1,0,physics
13178,P3,,,,,,,0,0,,1,0,physics
13179,P3,,,,,,,0,0,,1,0,physics
13180,P3,,,,,,,0,0,,1,0,physics
13181,P3,,,,,,,0,0,,1,0,physics
13182,P3,,,,,,,0,0,,1,0,physics
13183,P3,,,,,,,0,0,,1,0,physics
13184,P3,,,,,,,0,0,,1,0,physics
13185,P3,,,,,,,0,0,,1,0,physics
13186,P3,,,,,,,0,0,,1,0,physics
13187,P3,,,,,,,0,0,,1,0,physics
13188,P3,,,,,,,0,0,,1,0,physics
13189,P3,,,,,,,0,0,,1,0,physics
13190,P3,,,,,,,0,0,,1,0,physics
13191,P3,,,,,,,0,0,,1,0,physics
13192,P3,,,,,,,0,0,,1,0,physics
13193,P3,,,,,,,0,0,,1,0,physics
13194,P3,,,,,,,0,0,,1,0,physics
13195,P3,,,,,,,0,0,,1,0,physics
13196,P3,,,,,,,0,0,,1,0,physics
13197,P3,,,,,,,0,0,,1,0,physics
13198,P3,,,,,,,0,0,,1,0,physics
13199,P3,,,,,,,0,0,,1,0,physics
13200,P3,,,,,,,0,0,,1,0,physics
13201,P3,,,,,,,0,0,,1,0,physics
13202,P3,,,,,,,0,0,,1,0,physics
13203,P3,,,,,,,0,0,,1,0,physics
13204,P3,,,,,,,0,0,,1,0,physics
13205,P3,,,,,,,0,0,,1,0,physics
13206,P3,,,,,,,0,0,,1,0,physics
13207,P3,,,,,,,0,0,,1,0,physics
13208,P3,,,,,,,0,0,,1,0,physics
13214,P3,,,,,,,0,1,,0,1,other-calibration
13217,P3,,,,,,,0,0,,1,0,physics
13220,P3,,,,,,,0,0,,1,0,physics
13223,P3,,,,,,,0,0,,1,0,physics
13227,P3,,,,,,,0,0,,1,0,physics
13228,P3,,,,,,,0,0,,1,0,physics
13229,P3,,,,,,,0,0,,1,0,physics
13230,P3,,,,,,,0,0,,1,0,physics
13231,P3,,,,,,,0,0,,1,0,physics
13232,P3,,,,,,,0,0,,1,0,physics
13233,P3,,,,,,,0,0,,1,0,physics
13234,P3,,,,,,,0,0,,1,0,physics
13235,P3,,,,,,,0,0,,1,0,physics
13236,P3,,,,,,,0,0,,1,0,physics
13237,P3,,,,,,,0,0,,1,0,physics
13238,P3,,,,,,,0,0,,1,0,physics
13239,P3,,,,,,,0,0,,1,0,physics
13240,P3,,,,,,,0,0,,1,0,physics
13241,P3,,,,,,,0,0,,1,0,physics
13242,P3,,,,,,,0,0,,1,0,physics
13243,P3,,,,,,,0,0,,1,0,physics
13244,P3,,,,,,,0,0,,1,0,physics
13245,P3,,,,,,,0,0,,1,0,physics
13246,P3,,,,,,,0,0,,1,0,physics
13247,P3,,,,,,,0,0,,1,0,physics
13248,P3,,,,,,,0,0,,1,0,physics
13249,P3,,,,,,,0,0,,1,0,physics
13250,P3,,,,,,,0,0,,1,0,physics
13251,P3,,,,,,,0,0,,1,0,physics
13252,P3,,,,,,,0,0,,1,0,physics
13253,P3,,,,,,,0,0,,1,0,physics
13254,P3,,,,,,,0,0,,1,0,physics
13255,P3,,,,,,,0,0,,1,0,physics
13256,P3,,,,,,,0,0,,1,0,physics
13257,P3,,,,,,,0,0,,1,0,physics
13261,P3,,,,,,,0,0,,1,0,physics
13262,P3,,,,,,,0,0,,1,0,physics
13263,P3,,,,,,,0,0,,1,0,physics
13264,P3,,,,,,,0,0,,1,0,physics
13265,P3,,,,,,,0,0,,1,0,physics
13266,P3,,,,,,,0,0,,1,0,physics
13267,P3,,,,,,,0,0,,1,0,physics
13268,P3,,,,,,,0,0,,1,0,physics
13269,P3,,,,,,,0,0,,1,0,physics
13270,P3,,,,,,,0,0,,1,0,physics
13271,P3,,,,,,,0,0,,1,0,physics
13272,P3,,,,,,,0,0,,1,0,physics
13273,P3,,,,,,,0,0,,1,0,physics
13274,P3,,,,,,,0,0,,1,0,physics
13275,P3,,,,,,,0,0,,1,0,physics
13276,P3,,,,,,,0,0,,1,0,physics
13277,P3,,,,,,,0,0,,1,0,physics
13278,P3,,,,,,,0,0,,1,0,physics
13280,P3,,,,,,,0,0,,1,0,physics
13281,P3,,,,,,,0,0,,1,0,physics
13282,P3,,,,,,,0,0,,1,0,physics
13283,P3,,,,,,,0,0,,1,0,physics
13284,P3,,,,,,,0,0,,1,0,physics
13285,P3,,,,,,,0,0,,1,0,physics
13286,P3,,,,,,,0,0,,1,0,physics
13287,P3,,,,,,,0,0,,1,0,physics
13288,P3,,,,,,,0,0,,1,0,physics
13289,P3,,,,,,,0,0,,1,0,physics
13290,P3,,,,,,,0,0,,1,0,physics
13291,P3,,,,,,,0,0,,1,0,physics
13292,P3,,,,,,,0,0,,1,0,physics
13293,P3,,,,,,,0,0,,1,0,physics
13294,P3,,,,,,,0,0,,1,0,physics
13296,P3,,,,,,,0,0,,1,0,physics
13297,P3,,,,,,,0,0,,1,0,physics
13298,P3,,,,,,,0,0,,1,0,physics
13299,P3,,,,,,,0,0,,1,0,physics
13300,P3,,,,,,,0,0,,1,0,physics
13301,P3,,,,,,,0,0,,1,0,physics
13302,P3,,,,,,,0,0,,1,0,physics
13303,P3,,,,,,,0,0,,1,0,physics
13304,P3,,,,,,,0,0,,1,0,physics
13313,P3,,,,,,,0,0,,1,0,physics
13314,P3,,,,,,,0,0,,1,0,physics
13316,P3,,,,,,,0,0,,1,0,physics
13317,P3,,,,,,,0,0,,1,0,physics
13318,P3,,,,,,,0,0,,1,0,physics
13319,P3,,,,,,,0,0,,1,0,physics
13320,P3,,,,,,,0,0,,1,0,physics
13321,P3,,,,,,,0,0,,1,0,physics
13322,P3,,,,,,,0,0,,1,0,physics
13329,P3,,,,,,,0,1,,0,1,other-calibration
13337,P3,,,,,,,0,0,,1,0,physics
13342,P3,,,,,,,0,0,,1,0,physics
13343,P3,,,,,,,0,0,,1,0,physics
13344,P3,,,,,,,0,0,,1,0,physics
13345,P3,,,,,,,0,0,,1,0,physics
13346,P3,,,,,,,0,0,,1,0,physics
13347,P3,,,,,,,0,0,,1,0,physics
13348,P3,,,,,,,0,0,,1,0,physics
13349,P3,,,,,,,0,0,,1,0,physics
13350,P3,,,,,,,0,0,,1,0,physics
13356,P3,,,,,,,0,0,,1,0,physics
13359,P3,,,,,,,0,0,,1,0,physics
13360,P3,,,,,,,0,0,,1,0,physics
13361,P3,,,,,,,0,0,,1,0,physics
13362,P3,,,,,,,0,0,,1,0,physics
13363,P3,,,,,,,0,0,,1,0,physics
13364,P3,,,,,,,0,0,,1,0,physics
13365,P3,,,,,,,0,0,,1,0,physics
13366,P3,,,,,,,0,0,,1,0,physics
13367,P3,,,,,,,0,0,,1,0,physics
13368,P3,,,,,,,0,0,,1,0,physics
13369,P3,,,,,,,0,0,,1,0,physics
13370,P3,,,,,,,0,0,,1,0,physics
13374,P3,,,,,,,0,0,,1,0,physics
13377,P3,,,,,,,0,0,,1,0,physics
13382,P3,,,,,,,0,0,,1,0,physics
13383,P3,,,,,,,0,0,,1,0,physics
13384,P3,,,,,,,0,0,,1,0,physics
13385,P3,,,,,,,0,0,,1,0,physics
13386,P3,,,,,,,0,0,,1,0,physics
13387,P3,,,,,,,0,0,,1,0,physics
13388,P3,,,,,,,0,0,,1,0,physics
13390,P3,,,,,,,0,0,,1,0,physics
13391,P3,,,,,,,0,0,,1,0,physics
13392,P3,,,,,,,0,0,,1,0,physics
13393,P3,,,,,,,0,0,,1,0,physics
13401,P3,,,,,,,0,1,,0,1,other-calibration
13408,P3,,,,,,,0,0,,1,0,physics
13410,P3,,,,,,,0,0,,1,0,physics
13411,P3,,,,,,,0,0,,1,0,physics
13412,P3,,,,,,,0,0,,1,0,physics
13413,P3,,,,,,,0,0,,1,0,physics
13414,P3,,,,,,,0,0,,1,0,physics
13416,P3,,,,,,,0,0,,1,0,physics
13417,P3,,,,,,,0,0,,1,0,physics
13418,P3,,,,,,,0,0,,1,0,physics
13419,P3,,,,,,,0,0,,1,0,physics
13420,P3,,,,,,,0,0,,1,0,physics
13422,P3,,,,,,,0,0,,1,0,physics
13423,P3,,,,,,,0,0,,1,0,physics
13424,P3,,,,,,,0,0,,1,0,physics
13425,P3,,,,,,,0,0,,1,0,physics
13426,P3,,,,,,,0,0,,1,0,physics
13427,P3,,,,,,,0,0,,1,0,physics
13428,P3,,,,,,,0,0,,1,0,physics
13429,P3,,,,,,,0,0,,1,0,physics
13430,P3,,,,,,,0,0,,1,0,physics
13431,P3,,,,,,,0,0,,1,0,physics
13432,P3,,,,,,,0,0,,1,0,physics
13433,P3,,,,,,,0,0,,1,0,physics
13434,P3,,,,,,,0,0,,1,0,physics
13439,P3,,,,,,,0,0,,1,0,physics
13440,P3,,,,,,,0,0,,1,0,physics
13441,P3,,,,,,,0,0,,1,0,physics
13442,P3,,,,,,,0,0,,1,0,physics
13443,P3,,,,,,,0,0,,1,0,physics
13444,P3,,,,,,,0,0,,1,0,physics
13445,P3,,,,,,,0,0,,1,0,physics
13446,P3,,,,,,,0,0,,1,0,physics
13447,P3,,,,,,,0,0,,1,0,physics
13448,P3,,,,,,,0,0,,1,0,physics
13449,P3,,,,,,,0,0,,1,0,physics
13450,P3,,,,,,,0,0,,1,0,physics
13451,P3,,,,,,,0,0,,1,0,physics
13453,P3,,,,,,,0,0,,1,0,physics
13454,P3,,,,,,,0,0,,1,0,physics
13455,P3,,,,,,,0,0,,1,0,physics
13456,P3,,,,,,,0,0,,1,0,physics
13457,P3,,,,,,,0,0,,1,0,physics
13458,P3,,,,,,,0,0,,1,0,physics
13459,P3,,,,,,,0,0,,1,0,physics
13460,P3,,,,,,,0,0,,1,0,physics
13461,P3,,,,,,,0,0,,1,0,physics
13462,P3,,,,,,,0,0,,1,0,physics
13463,P3,,,,,,,0,0,,1,0,physics
13469,P4,,,,,,,0,1,,0,1,other-calibration
13471,P4,,,,,,,0,1,,0,1,other-calibration
13479,P4,,,,,,,0,0,,1,0,physics
13481,P4,,,,,,,0,0,,1,0,physics
13482,P4,,,,,,,0,0,,1,0,physics
13485,P4,,,,,,,0,0,,1,0,physics
13486,P4,,,,,,,0,0,,1,0,physics
13487,P4,,,,,,,0,0,,1,0,physics
13488,P4,,,,,,,0,0,,1,0,physics
13489,P4,,,,,,,0,0,,1,0,physics
13491,P4,,,,,,,0,0,,1,0,physics
13492,P4,,,,,,,0,0,,1,0,physics
13493,P4,,,,,,,0,0,,1,0,physics
13494,P4,,,,,,,0,0,,1,0,physics
13495,P4,,,,,,,0,0,,1,0,physics
13499,P4,,,,,,,0,0,,1,0,physics
13504,P4,,,,,,,0,0,,1,0,physics
13505,P4,,,,,,,0,0,,1,0,physics
13506,P4,,,,,,,0,0,,1,0,physics
13507,P4,,,,,,,0,0,,1,0,physics
13508,P4,,,,,,,0,0,,1,0,physics
13509,P4,,,,,,,0,0,,1,0,physics
13510,P4,,,,,,,0,0,,1,0,physics
13511,P4,,,,,,,0,0,,1,0,physics
13512,P4,,,,,,,0,0,,1,0,physics
13513,P4,,,,,,,0,0,,1,0,physics
13514,P4,,,,,,,0,0,,1,0,physics
13515,P4,,,,,,,0,0,,1,0,physics
13516,P4,,,,,,,0,0,,1,0,physics
13517,P4,,,,,,,0,0,,1,0,physics
13518,P4,,,,,,,0,0,,1,0,physics
13519,P4,,,,,,,0,0,,1,0,physics
13525,P4,,,,,,,0,0,,1,0,physics
13526,P4,,,,,,,0,0,,1,0,physics
13527,P4,,,,,,,0,0,,1,0,physics
13528,P4,,,,,,,0,0,,1,0,physics
13529,P4,,,,,,,0,0,,1,0,physics
13530,P4,,,,,,,0,0,,1,0,physics
13535,P4,2026-02-06,AmC117,0.0,0.0,0.0,1,1,1,,0,1,calib-source centre
13539,P4,,,,,,,0,0,,1,0,physics
13540,P4,,,,,,,0,0,,1,0,physics
13541,P4,,,,,,,0,0,,1,0,physics
13542,P4,,,,,,,0,0,,1,0,physics
13543,P4,,,,,,,0,0,,1,0,physics
13544,P4,,,,,,,0,0,,1,0,physics
13545,P4,,,,,,,0,0,,1,0,physics
13546,P4,,,,,,,0,0,,1,0,physics
13549,P4,,,,,,,0,0,,1,0,physics
13550,P4,,,,,,,0,0,,1,0,physics
13551,P4,,,,,,,0,0,,1,0,physics
13552,P4,,,,,,,0,0,,1,0,physics
13553,P4,,,,,,,0,0,,1,0,physics
13554,P4,,,,,,,0,0,,1,0,physics
13555,P4,,,,,,,0,0,,1,0,physics
13556,P4,,,,,,,0,0,,1,0,physics
13559,P4,,,,,,,0,0,,1,0,physics
13560,P4,,,,,,,0,0,,1,0,physics
13561,P4,,,,,,,0,0,,1,0,physics
13562,P4,,,,,,,0,0,,1,0,physics
13563,P4,,,,,,,0,0,,1,0,physics
13564,P4,,,,,,,0,0,,1,0,physics
13565,P4,,,,,,,0,0,,1,0,physics
13566,P4,,,,,,,0,0,,1,0,physics
13567,P4,,,,,,,0,0,,1,0,physics
13568,P4,,,,,,,0,0,,1,0,physics
13569,P4,,,,,,,0,0,,1,0,physics
13570,P4,,,,,,,0,0,,1,0,physics
13571,P4,,,,,,,0,0,,1,0,physics
13572,P4,,,,,,,0,0,,1,0,physics
13573,P4,,,,,,,0,0,,1,0,physics
13574,P4,,,,,,,0,0,,1,0,physics
13575,P4,,,,,,,0,0,,1,0,physics
13576,P4,,,,,,,0,0,,1,0,physics
13577,P4,,,,,,,0,0,,1,0,physics
13578,P4,,,,,,,0,0,,1,0,physics
13579,P4,,,,,,,0,0,,1,0,physics
13581,P4,,,,,,,0,0,,1,0,physics
13582,P4,,,,,,,0,0,,1,0,physics
13589,P4,,,,,,,0,0,,1,0,physics
13590,P4,,,,,,,0,0,,1,0,physics
13596,P4,,,,,,,0,1,,0,1,other-calibration
13597,P4,,,,,,,0,1,,0,1,other-calibration
13598,P4,,,,,,,0,1,,0,1,other-calibration
13601,P4,,,,,,,0,0,,1,0,physics
13602,P4,,,,,,,0,0,,1,0,physics
13603,P4,,,,,,,0,0,,1,0,physics
13604,P4,,,,,,,0,0,,1,0,physics
13605,P4,,,,,,,0,0,,1,0,physics
13606,P4,,,,,,,0,0,,1,0,physics
13607,P4,,,,,,,0,0,,1,0,physics
13608,P4,,,,,,,0,0,,1,0,physics
13609,P4,,,,,,,0,0,,1,0,physics
13610,P4,,,,,,,0,0,,1,0,physics
13611,P4,,,,,,,0,0,,1,0,physics
13612,P4,,,,,,,0,0,,1,0,physics
13613,P4,,,,,,,0,0,,1,0,physics
13625,P4,,,,,,,0,0,,1,0,physics
13626,P4,,,,,,,0,0,,1,0,physics
13628,P4,,,,,,,0,0,,1,0,physics
13629,P4,,,,,,,0,0,,1,0,physics
13630,P4,,,,,,,0,0,,1,0,physics
13631,P4,,,,,,,0,0,,1,0,physics
13632,P4,,,,,,,0,0,,1,0,physics
13633,P4,,,,,,,0,0,,1,0,physics
13634,P4,,,,,,,0,0,,1,0,physics
13635,P4,,,,,,,0,0,,1,0,physics
13636,P4,,,,,,,0,0,,1,0,physics
13637,P4,,,,,,,0,0,,1,0,physics
13642,P4,2026-02-13,AmC117,0.0,0.0,0.0,1,1,1,,0,1,calib-source centre
13648,P4,,,,,,,0,0,,1,0,physics
13649,P4,,,,,,,0,0,,1,0,physics
13650,P4,,,,,,,0,0,,1,0,physics
13651,P4,,,,,,,0,0,,1,0,physics
13652,P4,,,,,,,0,0,,1,0,physics
13653,P4,,,,,,,0,0,,1,0,physics
13654,P4,,,,,,,0,0,,1,0,physics
13655,P4,,,,,,,0,0,,1,0,physics
13656,P4,,,,,,,0,0,,1,0,physics
13657,P4,,,,,,,0,0,,1,0,physics
13658,P4,,,,,,,0,0,,1,0,physics
13659,P4,,,,,,,0,0,,1,0,physics
13660,P4,,,,,,,0,0,,1,0,physics
13661,P4,,,,,,,0,0,,1,0,physics
13662,P4,,,,,,,0,0,,1,0,physics
13663,P4,,,,,,,0,0,,1,0,physics
13664,P4,,,,,,,0,0,,1,0,physics
13666,P4,,,,,,,0,0,,1,0,physics
13667,P4,,,,,,,0,0,,1,0,physics
13668,P4,,,,,,,0,0,,1,0,physics
13669,P4,,,,,,,0,0,,1,0,physics
13670,P4,,,,,,,0,0,,1,0,physics
13671,P4,,,,,,,0,0,,1,0,physics
13672,P4,,,,,,,0,0,,1,0,physics
13673,P4,,,,,,,0,0,,1,0,physics
13674,P4,,,,,,,0,0,,1,0,physics
13675,P4,,,,,,,0,0,,1,0,physics
13676,P4,,,,,,,0,0,,1,0,physics
13677,P4,,,,,,,0,0,,1,0,physics
13678,P4,,,,,,,0,0,,1,0,physics
13679,P4,,,,,,,0,0,,1,0,physics
13680,P4,,,,,,,0,0,,1,0,physics
13681,P4,,,,,,,0,0,,1,0,physics
13682,P4,,,,,,,0,0,,1,0,physics
13686,P4,,,,,,,0,1,,0,1,other-calibration
13690,P4,,,,,,,0,0,,1,0,physics
13691,P4,,,,,,,0,0,,1,0,physics
13692,P4,,,,,,,0,0,,1,0,physics
13693,P4,,,,,,,0,0,,1,0,physics
13694,P4,,,,,,,0,0,,1,0,physics
13695,P4,,,,,,,0,0,,1,0,physics
13696,P4,,,,,,,0,0,,1,0,physics
13697,P4,,,,,,,0,0,,1,0,physics
13698,P4,,,,,,,0,0,,1,0,physics
13699,P4,,,,,,,0,0,,1,0,physics
13700,P4,,,,,,,0,0,,1,0,physics
13701,P4,,,,,,,0,0,,1,0,physics
13702,P4,,,,,,,0,0,,1,0,physics
13703,P4,,,,,,,0,0,,1,0,physics
13704,P4,,,,,,,0,0,,1,0,physics
13705,P4,,,,,,,0,0,,1,0,physics
13706,P4,,,,,,,0,0,,1,0,physics
13707,P4,,,,,,,0,0,,1,0,physics
13708,P4,,,,,,,0,0,,1,0,physics
13709,P4,,,,,,,0,0,,1,0,physics
13710,P4,,,,,,,0,0,,1,0,physics
13711,P4,,,,,,,0,0,,1,0,physics
13713,P4,,,,,,,0,0,,1,0,physics
13715,P4,,,,,,,0,0,,1,0,physics
13716,P4,,,,,,,0,0,,1,0,physics
13717,P4,,,,,,,0,0,,1,0,physics
13718,P4,,,,,,,0,0,,1,0,physics
13719,P4,,,,,,,0,0,,1,0,physics
13720,P4,,,,,,,0,0,,1,0,physics
13721,P4,,,,,,,0,0,,1,0,physics
13722,P4,,,,,,,0,0,,1,0,physics
13723,P4,,,,,,,0,0,,1,0,physics
13724,P4,,,,,,,0,0,,1,0,physics
13725,P4,,,,,,,0,0,,1,0,physics
13726,P4,,,,,,,0,0,,1,0,physics
13727,P4,,,,,,,0,0,,1,0,physics
13728,P4,,,,,,,0,0,,1,0,physics
13729,P4,,,,,,,0,0,,1,0,physics
13730,P4,,,,,,,0,0,,1,0,physics
13731,P4,,,,,,,0,0,,1,0,physics
13732,P4,,,,,,,0,0,,1,0,physics
13733,P4,,,,,,,0,0,,1,0,physics
13734,P4,,,,,,,0,0,,1,0,physics
13735,P4,,,,,,,0,0,,1,0,physics
13737,P4,,,,,,,0,0,,1,0,physics
13738,P4,,,,,,,0,0,,1,0,physics
13739,P4,,,,,,,0,0,,1,0,physics
13740,P4,,,,,,,0,0,,1,0,physics
13744,P4,2026-02-20,AmC117,0.0,0.0,0.0,1,1,1,,0,1,calib-source centre
13748,P4,,,,,,,0,0,,1,0,physics
13749,P4,,,,,,,0,0,,1,0,physics
13750,P4,,,,,,,0,0,,1,0,physics
13751,P4,,,,,,,0,0,,1,0,physics
13752,P4,,,,,,,0,0,,1,0,physics
13753,P4,,,,,,,0,0,,1,0,physics
13754,P4,,,,,,,0,0,,1,0,physics
13755,P4,,,,,,,0,0,,1,0,physics
13756,P4,,,,,,,0,0,,1,0,physics
13757,P4,,,,,,,0,0,,1,0,physics
13758,P4,,,,,,,0,0,,1,0,physics
13759,P4,,,,,,,0,0,,1,0,physics
13760,P4,,,,,,,0,0,,1,0,physics
13761,P4,,,,,,,0,0,,1,0,physics
13762,P4,,,,,,,0,0,,1,0,physics
13763,P4,,,,,,,0,0,,1,0,physics
13764,P4,,,,,,,0,0,,1,0,physics
13767,P4,,,,,,,0,0,,1,0,physics
13768,P4,,,,,,,0,0,,1,0,physics
13769,P4,,,,,,,0,0,,1,0,physics
13770,P4,,,,,,,0,0,,1,0,physics
13771,P4,,,,,,,0,0,,1,0,physics
13772,P4,,,,,,,0,0,,1,0,physics
13773,P4,,,,,,,0,0,,1,0,physics
13774,P4,,,,,,,0,0,,1,0,physics
13775,P4,,,,,,,0,0,,1,0,physics
13776,P4,,,,,,,0,0,,1,0,physics
13777,P4,,,,,,,0,0,,1,0,physics
13778,P4,,,,,,,0,0,,1,0,physics
13779,P4,,,,,,,0,0,,1,0,physics
13781,P4,,,,,,,0,0,,1,0,physics
13782,P4,,,,,,,0,0,,1,0,physics
13783,P4,,,,,,,0,0,,1,0,physics
13784,P4,,,,,,,0,0,,1,0,physics
13785,P4,,,,,,,0,0,,1,0,physics
13786,P4,,,,,,,0,0,,1,0,physics
13787,P4,,,,,,,0,0,,1,0,physics
13788,P4,,,,,,,0,0,,1,0,physics
13789,P4,,,,,,,0,0,,1,0,physics
13790,P4,,,,,,,0,0,,1,0,physics
13795,P4,,,,,,,0,0,,1,0,physics
13802,P4,,,,,,,0,0,,1,0,physics
13806,P4,,,,,,,0,0,,1,0,physics
13807,P4,,,,,,,0,0,,1,0,physics
13808,P4,,,,,,,0,0,,1,0,physics
13821,P4,,,,,,,0,1,,0,1,other-calibration
13824,P4,,,,,,,0,0,,1,0,physics
13825,P4,,,,,,,0,0,,1,0,physics
13827,P4,,,,,,,0,0,,1,0,physics
13828,P4,,,,,,,0,0,,1,0,physics
13829,P4,,,,,,,0,0,,1,0,physics
13830,P4,,,,,,,0,0,,1,0,physics
13832,P4,,,,,,,0,0,,1,0,physics
13833,P4,,,,,,,0,0,,1,0,physics
13834,P4,,,,,,,0,0,,1,0,physics
13835,P4,,,,,,,0,0,,1,0,physics
13836,P4,,,,,,,0,0,,1,0,physics
13837,P4,,,,,,,0,0,,1,0,physics
13838,P4,,,,,,,0,0,,1,0,physics
13839,P4,,,,,,,0,0,,1,0,physics
13840,P4,,,,,,,0,0,,1,0,physics
13841,P4,,,,,,,0,0,,1,0,physics
13842,P4,,,,,,,0,0,,1,0,physics
13843,P4,,,,,,,0,0,,1,0,physics
13844,P4,,,,,,,0,0,,1,0,physics
13845,P4,,,,,,,0,0,,1,0,physics
13846,P4,,,,,,,0,0,,1,0,physics
13847,P4,,,,,,,0,0,,1,0,physics
13848,P4,,,,,,,0,0,,1,0,physics
13849,P4,,,,,,,0,0,,1,0,physics
13850,P4,,,,,,,0,0,,1,0,physics
13851,P4,,,,,,,0,0,,1,0,physics
13861,P4,,,,,,,0,1,,0,1,other-calibration
13863,P4,,,,,,,0,0,,1,0,physics
13867,P4,,,,,,,0,0,,1,0,physics
13868,P4,,,,,,,0,0,,1,0,physics
13870,P4,,,,,,,0,0,,1,0,physics
13872,P4,,,,,,,0,1,,0,1,other-calibration
13873,P4,,,,,,,0,1,,0,1,other-calibration
13875,P4,,,,,,,0,1,,0,1,other-calibration
13876,P4,,,,,,,0,1,,0,1,other-calibration
13879,P4,,,,,,,0,1,,0,1,other-calibration
13880,P4,2026-02-27,AmC117,0.0,0.0,0.0,1,1,1,,0,1,calib-source centre
13881,P4,,,,,,,0,1,,0,1,other-calibration
13885,P4,,,,,,,0,0,,1,0,physics
13886,P4,,,,,,,0,0,,1,0,physics
13887,P4,,,,,,,0,0,,1,0,physics
13889,P4,,,,,,,0,1,,0,1,other-calibration
13890,P4,2026-02-27,AmC117,0.0,0.0,0.0,1,1,1,,0,1,calib-source centre
13891,P4,,,,,,,0,1,,0,1,other-calibration
13893,P4,,,,,,,0,1,,0,1,other-calibration
13894,P4,2026-02-27,Cs137,0.0,0.0,0.0,1,1,1,,0,1,calib-source centre
13895,P4,,,,,,,0,1,,0,1,other-calibration
13897,P4,,,,,,,0,0,,1,0,physics
13898,P4,,,,,,,0,0,,1,0,physics
13899,P4,,,,,,,0,0,,1,0,physics
13900,P4,,,,,,,0,0,,1,0,physics
13901,P4,,,,,,,0,0,,1,0,physics
13902,P4,,,,,,,0,0,,1,0,physics
13903,P4,,,,,,,0,0,,1,0,physics
13904,P4,,,,,,,0,0,,1,0,physics
13907,P4,,,,,,,0,1,,0,1,other-calibration
13908,P4,,,,,,,0,1,,0,1,other-calibration
13909,P4,,,,,,,0,1,,0,1,other-calibration
13910,P4,,,,,,,0,1,,0,1,other-calibration
13911,P4,,,,,,,0,1,,0,1,other-calibration
13912,P4,,,,,,,0,1,,0,1,other-calibration
13913,P4,,,,,,,0,1,,0,1,other-calibration
13914,P4,,,,,,,0,1,,0,1,other-calibration
13915,P4,,,,,,,0,1,,0,1,other-calibration
13916,P4,,,,,,,0,1,,0,1,other-calibration
13917,P4,,,,,,,0,1,,0,1,other-calibration
13918,P4,,,,,,,0,1,,0,1,other-calibration
13919,P4,,,,,,,0,1,,0,1,other-calibration
13920,P4,,,,,,,0,1,,0,1,other-calibration
13921,P4,,,,,,,0,1,,0,1,other-calibration
13922,P4,,,,,,,0,1,,0,1,other-calibration
13923,P4,,,,,,,0,1,,0,1,other-calibration
13924,P4,,,,,,,0,1,,0,1,other-calibration
13925,P4,,,,,,,0,1,,0,1,other-calibration
13926,P4,,,,,,,0,1,,0,1,other-calibration
13927,P4,,,,,,,0,1,,0,1,other-calibration
13928,P4,,,,,,,0,1,,0,1,other-calibration
13929,P4,,,,,,,0,1,,0,1,other-calibration
13930,P4,,,,,,,0,1,,0,1,other-calibration
13931,P4,,,,,,,0,1,,0,1,other-calibration
13932,P4,,,,,,,0,1,,0,1,other-calibration
13933,P4,,,,,,,0,1,,0,1,other-calibration
13934,P4,,,,,,,0,1,,0,1,other-calibration
13935,P4,,,,,,,0,1,,0,1,other-calibration
13936,P4,,,,,,,0,1,,0,1,other-calibration
13937,P4,,,,,,,0,1,,0,1,other-calibration
13938,P4,,,,,,,0,1,,0,1,other-calibration
13939,P4,,,,,,,0,1,,0,1,other-calibration
13940,P4,,,,,,,0,1,,0,1,other-calibration
13941,P4,,,,,,,0,1,,0,1,other-calibration
13942,P4,,,,,,,0,1,,0,1,other-calibration
13943,P4,,,,,,,0,1,,0,1,other-calibration
13944,P4,,,,,,,0,1,,0,1,other-calibration
13945,P4,,,,,,,0,1,,0,1,other-calibration
13946,P4,,,,,,,0,1,,0,1,other-calibration
13947,P4,,,,,,,0,1,,0,1,other-calibration
13948,P4,,,,,,,0,1,,0,1,other-calibration
13949,P4,,,,,,,0,1,,0,1,other-calibration
13950,P4,,,,,,,0,1,,0,1,other-calibration
13951,P4,,,,,,,0,1,,0,1,other-calibration
13952,P4,,,,,,,0,1,,0,1,other-calibration
13953,P4,,,,,,,0,1,,0,1,other-calibration
13954,P4,,,,,,,0,1,,0,1,other-calibration
13955,P4,,,,,,,0,1,,0,1,other-calibration
13956,P4,,,,,,,0,1,,0,1,other-calibration
13957,P4,,,,,,,0,1,,0,1,other-calibration
13958,P4,,,,,,,0,1,,0,1,other-calibration
13959,P4,,,,,,,0,1,,0,1,other-calibration
13960,P4,,,,,,,0,1,,0,1,other-calibration
13961,P4,,,,,,,0,1,,0,1,other-calibration
13962,P4,,,,,,,0,1,,0,1,other-calibration
13963,P4,,,,,,,0,1,,0,1,other-calibration
13964,P4,,,,,,,0,1,,0,1,other-calibration
13965,P4,,,,,,,0,1,,0,1,other-calibration
13966,P4,,,,,,,0,1,,0,1,other-calibration
13967,P4,,,,,,,0,1,,0,1,other-calibration
13968,P4,,,,,,,0,1,,0,1,other-calibration
13969,P4,,,,,,,0,1,,0,1,other-calibration
13970,P4,,,,,,,0,1,,0,1,other-calibration
13971,P4,,,,,,,0,1,,0,1,other-calibration
13972,P4,,,,,,,0,1,,0,1,other-calibration
13973,P4,,,,,,,0,1,,0,1,other-calibration
13974,P4,,,,,,,0,1,,0,1,other-calibration
13975,P4,,,,,,,0,1,,0,1,other-calibration
13978,P4,,,,,,,0,0,,1,0,physics
13979,P4,,,,,,,0,0,,1,0,physics
13980,P4,,,,,,,0,0,,1,0,physics
13981,P4,,,,,,,0,0,,1,0,physics
13982,P4,,,,,,,0,0,,1,0,physics
13984,P4,,,,,,,0,1,,0,1,other-calibration
13985,P4,2026-03-01,AmC117,0.0,0.0,0.0,1,1,1,,0,1,calib-source centre
13986,P4,,,,,,,0,1,,0,1,other-calibration
13988,P4,,,,,,,0,1,,0,1,other-calibration
13989,P4,,,,,,,0,1,,0,1,other-calibration
13990,P4,,,,,,,0,1,,0,1,other-calibration
13992,P4,,,,,,,0,1,,0,1,other-calibration
13993,P4,,,,,,,0,1,,0,1,other-calibration
13994,P4,,,,,,,0,1,,0,1,other-calibration
13996,P4,,,,,,,0,1,,0,1,other-calibration
13997,P4,,,,,,,0,1,,0,1,other-calibration
13998,P4,,,,,,,0,1,,0,1,other-calibration
14000,P4,,,,,,,0,1,,0,1,other-calibration
14001,P4,,,,,,,0,1,,0,1,other-calibration
14002,P4,,,,,,,0,1,,0,1,other-calibration
14004,P4,,,,,,,0,0,,1,0,physics
14005,P4,,,,,,,0,0,,1,0,physics
14006,P4,,,,,,,0,0,,1,0,physics
14007,P4,,,,,,,0,0,,1,0,physics
14008,P4,,,,,,,0,0,,1,0,physics
14009,P4,,,,,,,0,0,,1,0,physics
14010,P4,,,,,,,0,0,,1,0,physics
14011,P4,,,,,,,0,0,,1,0,physics
14012,P4,,,,,,,0,0,,1,0,physics
14013,P4,,,,,,,0,0,,1,0,physics
14014,P4,,,,,,,0,0,,1,0,physics
14015,P4,,,,,,,0,0,,1,0,physics
14016,P4,,,,,,,0,0,,1,0,physics
14017,P4,,,,,,,0,0,,1,0,physics
14019,P4,,,,,,,0,0,,1,0,physics
14020,P4,,,,,,,0,0,,1,0,physics
14021,P4,,,,,,,0,0,,1,0,physics
14022,P4,,,,,,,0,0,,1,0,physics
14023,P4,,,,,,,0,0,,1,0,physics
14024,P4,,,,,,,0,0,,1,0,physics
14025,P4,,,,,,,0,0,,1,0,physics
14026,P4,,,,,,,0,0,,1,0,physics
14027,P4,,,,,,,0,0,,1,0,physics
14028,P4,,,,,,,0,0,,1,0,physics
14029,P4,,,,,,,0,0,,1,0,physics
14030,P4,,,,,,,0,0,,1,0,physics
14031,P4,,,,,,,0,0,,1,0,physics
14032,P4,,,,,,,0,0,,1,0,physics
14033,P4,,,,,,,0,0,,1,0,physics
14034,P4,,,,,,,0,0,,1,0,physics
14035,P4,,,,,,,0,0,,1,0,physics
14042,P4,,,,,,,0,0,,1,0,physics
14043,P4,,,,,,,0,0,,1,0,physics
14044,P4,,,,,,,0,0,,1,0,physics
14045,P4,,,,,,,0,0,,1,0,physics
14046,P4,,,,,,,0,0,,1,0,physics
14047,P4,,,,,,,0,0,,1,0,physics
14048,P4,,,,,,,0,0,,1,0,physics
14049,P4,,,,,,,0,0,,1,0,physics
14050,P4,,,,,,,0,0,,1,0,physics
14052,P4,,,,,,,0,1,,0,1,other-calibration
14053,P4,,,,,,,0,1,,0,1,other-calibration
14054,P4,,,,,,,0,1,,0,1,other-calibration
14055,P4,,,,,,,0,1,,0,1,other-calibration
14056,P4,,,,,,,0,1,,0,1,other-calibration
14058,P4,,,,,,,0,1,,0,1,other-calibration
14059,P4,,,,,,,0,1,,0,1,other-calibration
14060,P4,,,,,,,0,1,,0,1,other-calibration
14061,P4,,,,,,,0,1,,0,1,other-calibration
14062,P4,,,,,,,0,1,,0,1,other-calibration
14063,P4,,,,,,,0,1,,0,1,other-calibration
14064,P4,,,,,,,0,1,,0,1,other-calibration
14065,P4,,,,,,,0,1,,0,1,other-calibration
14066,P4,,,,,,,0,1,,0,1,other-calibration
14067,P4,,,,,,,0,1,,0,1,other-calibration
14068,P4,,,,,,,0,1,,0,1,other-calibration
14070,P4,,,,,,,0,0,,1,0,physics
14071,P4,,,,,,,0,0,,1,0,physics
14072,P4,,,,,,,0,0,,1,0,physics
14073,P4,,,,,,,0,0,,1,0,physics
14074,P4,,,,,,,0,0,,1,0,physics
14075,P4,,,,,,,0,0,,1,0,physics
14076,P4,,,,,,,0,0,,1,0,physics
14077,P4,,,,,,,0,0,,1,0,physics
14078,P4,,,,,,,0,0,,1,0,physics
14079,P4,,,,,,,0,0,,1,0,physics
14080,P4,,,,,,,0,0,,1,0,physics
14082,P4,,,,,,,0,1,,0,1,other-calibration
14083,P4,2026-03-06,Mn54,0.0,0.0,0.0,1,1,1,,0,1,calib-source centre
14084,P4,,,,,,,0,1,,0,1,other-calibration
14086,P4,,,,,,,0,1,,0,1,other-calibration
14087,P4,2026-03-06,Co60,0.0,0.0,0.0,1,1,1,,0,1,calib-source centre
14088,P4,,,,,,,0,1,,0,1,other-calibration
14090,P4,,,,,,,0,1,,0,1,other-calibration
14091,P4,2026-03-06,Ge68,0.0,0.0,0.0,1,1,1,,0,1,calib-source centre
14092,P4,,,,,,,0,1,,0,1,other-calibration
14095,P4,,,,,,,0,0,,1,0,physics
14096,P4,,,,,,,0,0,,1,0,physics
14097,P4,,,,,,,0,0,,1,0,physics
14098,P4,,,,,,,0,0,,1,0,physics
14099,P4,,,,,,,0,0,,1,0,physics
14100,P4,,,,,,,0,0,,1,0,physics
14101,P4,,,,,,,0,0,,1,0,physics
14102,P4,,,,,,,0,0,,1,0,physics
14103,P4,,,,,,,0,0,,1,0,physics
14104,P4,,,,,,,0,0,,1,0,physics
14105,P4,,,,,,,0,0,,1,0,physics
14106,P4,,,,,,,0,0,,1,0,physics
14107,P4,,,,,,,0,0,,1,0,physics
14111,P4,,,,,,,0,0,,1,0,physics
14112,P4,,,,,,,0,0,,1,0,physics
14113,P4,,,,,,,0,0,,1,0,physics
14114,P4,,,,,,,0,0,,1,0,physics
14115,P4,,,,,,,0,0,,1,0,physics
14116,P4,,,,,,,0,0,,1,0,physics
14117,P4,,,,,,,0,0,,1,0,physics
14119,P4,,,,,,,0,0,,1,0,physics
14120,P4,,,,,,,0,0,,1,0,physics
14121,P4,,,,,,,0,0,,1,0,physics
14122,P4,,,,,,,0,0,,1,0,physics
14123,P4,,,,,,,0,0,,1,0,physics
14124,P4,,,,,,,0,0,,1,0,physics
14125,P4,,,,,,,0,0,,1,0,physics
14126,P4,,,,,,,0,0,,1,0,physics
14127,P4,,,,,,,0,0,,1,0,physics
14128,P4,,,,,,,0,0,,1,0,physics
14129,P4,,,,,,,0,0,,1,0,physics
14130,P4,,,,,,,0,0,,1,0,physics
14131,P4,,,,,,,0,0,,1,0,physics
14132,P4,,,,,,,0,0,,1,0,physics
14133,P4,,,,,,,0,0,,1,0,physics
14134,P4,,,,,,,0,0,,1,0,physics
14135,P4,,,,,,,0,0,,1,0,physics
14136,P4,,,,,,,0,0,,1,0,physics
14137,P4,,,,,,,0,0,,1,0,physics
14138,P4,,,,,,,0,0,,1,0,physics
14140,P4,,,,,,,0,0,,1,0,physics
14141,P4,,,,,,,0,0,,1,0,physics
14142,P4,,,,,,,0,0,,1,0,physics
14143,P4,,,,,,,0,0,,1,0,physics
14144,P4,,,,,,,0,0,,1,0,physics
14145,P4,,,,,,,0,0,,1,0,physics
14147,P4,,,,,,,0,1,,0,1,other-calibration
14150,P4,,,,,,,0,1,,0,1,other-calibration
14156,P4,,,,,,,0,0,,1,0,physics
14157,P4,,,,,,,0,0,,1,0,physics
14158,P4,,,,,,,0,0,,1,0,physics
14159,P4,,,,,,,0,0,,1,0,physics
14160,P4,,,,,,,0,0,,1,0,physics
14161,P4,,,,,,,0,0,,1,0,physics
14162,P4,,,,,,,0,0,,1,0,physics
14163,P4,,,,,,,0,0,,1,0,physics
14164,P4,,,,,,,0,0,,1,0,physics
14165,P4,,,,,,,0,0,,1,0,physics
14167,P4,,,,,,,0,0,,1,0,physics
14168,P4,,,,,,,0,0,,1,0,physics
14174,P4,,,,,,,0,0,,1,0,physics
14177,P4,,,,,,,0,0,,1,0,physics
14178,P4,,,,,,,0,0,,1,0,physics
14180,P4,,,,,,,0,0,,1,0,physics
14181,P4,,,,,,,0,0,,1,0,physics
14182,P4,,,,,,,0,0,,1,0,physics
14183,P4,,,,,,,0,0,,1,0,physics
14184,P4,,,,,,,0,0,,1,0,physics
14185,P4,,,,,,,0,0,,1,0,physics
14186,P4,,,,,,,0,0,,1,0,physics
14187,P4,,,,,,,0,0,,1,0,physics
14191,P4,,,,,,,0,0,,1,0,physics
14192,P4,,,,,,,0,0,,1,0,physics
14196,P4,,,,,,,0,0,,1,0,physics
14199,P4,,,,,,,0,0,,1,0,physics
14200,P4,,,,,,,0,0,,1,0,physics
14202,P4,,,,,,,0,0,,1,0,physics
14203,P4,,,,,,,0,0,,1,0,physics
14204,P4,,,,,,,0,0,,1,0,physics
14205,P4,,,,,,,0,0,,1,0,physics
14206,P4,,,,,,,0,0,,1,0,physics
14207,P4,,,,,,,0,0,,1,0,physics
14208,P4,,,,,,,0,0,,1,0,physics
14209,P4,,,,,,,0,0,,1,0,physics
14213,P4,2026-03-13,AmC117,0.0,0.0,0.0,1,1,1,,0,1,calib-source centre
14217,P4,,,,,,,0,0,,1,0,physics
14220,P4,,,,,,,0,0,,1,0,physics
14225,P4,,,,,,,0,0,,1,0,physics
14226,P4,,,,,,,0,0,,1,0,physics
14227,P4,,,,,,,0,0,,1,0,physics
14228,P4,,,,,,,0,0,,1,0,physics
14229,P4,,,,,,,0,0,,1,0,physics
14230,P4,,,,,,,0,0,,1,0,physics
14232,P4,,,,,,,0,0,,1,0,physics
14233,P4,,,,,,,0,0,,1,0,physics
14234,P4,,,,,,,0,0,,1,0,physics
14235,P4,,,,,,,0,0,,1,0,physics
14236,P4,,,,,,,0,0,,1,0,physics
14238,P4,,,,,,,0,0,,1,0,physics
14239,P4,,,,,,,0,0,,1,0,physics
14240,P4,,,,,,,0,0,,1,0,physics
14241,P4,,,,,,,0,0,,1,0,physics
14242,P4,,,,,,,0,0,,1,0,physics
14243,P4,,,,,,,0,0,,1,0,physics
14244,P4,,,,,,,0,0,,1,0,physics
14245,P4,,,,,,,0,0,,1,0,physics
14246,P4,,,,,,,0,0,,1,0,physics
14247,P4,,,,,,,0,0,,1,0,physics
14248,P4,,,,,,,0,0,,1,0,physics
14249,P4,,,,,,,0,0,,1,0,physics
14250,P4,,,,,,,0,0,,1,0,physics
14251,P4,,,,,,,0,0,,1,0,physics
14252,P4,,,,,,,0,0,,1,0,physics
14253,P4,,,,,,,0,0,,1,0,physics
14254,P4,,,,,,,0,0,,1,0,physics
14255,P4,,,,,,,0,0,,1,0,physics
14256,P4,,,,,,,0,0,,1,0,physics
14257,P4,,,,,,,0,0,,1,0,physics
14258,P4,,,,,,,0,0,,1,0,physics
14260,P4,,,,,,,0,0,,1,0,physics
14262,P4,,,,,,,0,0,,1,0,physics
14269,P4,,,,,,,0,0,,1,0,physics
14271,P4,,,,,,,0,0,,1,0,physics
14273,P4,,,,,,,0,0,,1,0,physics
14274,P4,,,,,,,0,0,,1,0,physics
14275,P4,,,,,,,0,0,,1,0,physics
14276,P4,,,,,,,0,0,,1,0,physics
14278,P4,,,,,,,0,0,,1,0,physics
14279,P4,,,,,,,0,0,,1,0,physics
14280,P4,,,,,,,0,0,,1,0,physics
14283,P4,,,,,,,0,1,,0,1,other-calibration
14286,P4,,,,,,,0,1,,0,1,other-calibration
14288,P4,,,,,,,0,1,,0,1,other-calibration
14294,P4,,,,,,,0,0,,1,0,physics
14295,P4,,,,,,,0,0,,1,0,physics
14296,P4,,,,,,,0,0,,1,0,physics
14297,P4,,,,,,,0,0,,1,0,physics
14298,P4,,,,,,,0,0,,1,0,physics
14299,P4,,,,,,,0,0,,1,0,physics
14300,P4,,,,,,,0,0,,1,0,physics
14301,P4,,,,,,,0,0,,1,0,physics
14302,P4,,,,,,,0,0,,1,0,physics
14303,P4,,,,,,,0,0,,1,0,physics
14304,P4,,,,,,,0,0,,1,0,physics
14305,P4,,,,,,,0,0,,1,0,physics
14306,P4,,,,,,,0,0,,1,0,physics
14307,P4,,,,,,,0,0,,1,0,physics
14308,P4,,,,,,,0,0,,1,0,physics
14310,P4,,,,,,,0,0,,1,0,physics
14311,P4,,,,,,,0,0,,1,0,physics
14312,P4,,,,,,,0,0,,1,0,physics
14313,P4,,,,,,,0,0,,1,0,physics
14314,P4,,,,,,,0,0,,1,0,physics
14315,P4,,,,,,,0,0,,1,0,physics
14316,P4,,,,,,,0,0,,1,0,physics
14317,P4,,,,,,,0,0,,1,0,physics
14318,P4,,,,,,,0,0,,1,0,physics
14319,P4,,,,,,,0,0,,1,0,physics
14320,P4,,,,,,,0,0,,1,0,physics
14321,P4,,,,,,,0,0,,1,0,physics
14368,P4,,,,,,,0,1,,0,1,other-calibration
14369,P4,,,,,,,0,1,,0,1,other-calibration
14370,P4,,,,,,,0,1,,0,1,other-calibration
14373,P4,2026-03-23,Ge68,0.0,0.0,18.4,0,1,1,,0,1,calib-source z-scan
14375,P4,2026-03-23,Ge68,0.0,0.0,18.0,0,1,1,,0,1,calib-source z-scan
14377,P4,2026-03-23,Ge68,0.0,0.0,17.7,0,1,1,,0,1,calib-source z-scan
14379,P4,2026-03-23,Ge68,0.0,0.0,17.5,0,1,1,,0,1,calib-source z-scan
14381,P4,2026-03-23,Ge68,0.0,0.0,17.3,0,1,1,,0,1,calib-source z-scan
14383,P4,2026-03-23,Ge68,0.0,0.0,17.1,0,1,1,,0,1,calib-source z-scan
14385,P4,2026-03-23,Ge68,0.0,0.0,16.9,0,1,1,,0,1,calib-source z-scan
14387,P4,2026-03-23,Ge68,0.0,0.0,16.7,0,1,1,,0,1,calib-source z-scan
14389,P4,2026-03-23,Ge68,0.0,0.0,16.5,0,1,1,,0,1,calib-source z-scan
14391,P4,2026-03-23,Ge68,0.0,0.0,16.3,0,1,1,,0,1,calib-source z-scan
14393,P4,2026-03-23,Ge68,0.0,0.0,16.1,0,1,1,,0,1,calib-source z-scan
14395,P4,2026-03-23,Ge68,0.0,0.0,15.9,0,1,1,,0,1,calib-source z-scan
14397,P4,2026-03-23,Ge68,0.0,0.0,15.7,0,1,1,,0,1,calib-source z-scan
14399,P4,2026-03-23,Ge68,0.0,0.0,15.5,0,1,1,,0,1,calib-source z-scan
14401,P4,2026-03-23,Ge68,0.0,0.0,15.0,0,1,1,,0,1,calib-source z-scan
14403,P4,2026-03-23,Ge68,0.0,0.0,14.0,0,1,1,,0,1,calib-source z-scan
14405,P4,2026-03-23,Ge68,0.0,0.0,13.0,0,1,1,,0,1,calib-source z-scan
14407,P4,2026-03-23,Ge68,0.0,0.0,11.0,0,1,1,,0,1,calib-source z-scan
14409,P4,2026-03-23,Ge68,0.0,0.0,9.0,0,1,1,,0,1,calib-source z-scan
14411,P4,2026-03-23,Ge68,0.0,0.0,6.0,0,1,1,,0,1,calib-source z-scan
14413,P4,2026-03-23,Ge68,0.0,0.0,3.0,0,1,1,,0,1,calib-source z-scan
14415,P4,2026-03-23,Ge68,0.0,0.0,1.0,0,1,1,,0,1,calib-source z-scan
14417,P4,2026-03-23,Ge68,0.0,0.0,0.0,1,1,1,,0,1,calib-source centre
14419,P4,2026-03-23,Ge68,0.0,0.0,-1.0,0,1,1,,0,1,calib-source z-scan
14421,P4,2026-03-23,Ge68,0.0,0.0,-3.0,0,1,1,,0,1,calib-source z-scan
14423,P4,2026-03-23,Ge68,0.0,0.0,-6.0,0,1,1,,0,1,calib-source z-scan
14425,P4,2026-03-23,Ge68,0.0,0.0,-9.0,0,1,1,,0,1,calib-source z-scan
14427,P4,2026-03-23,Ge68,0.0,0.0,-11.0,0,1,1,,0,1,calib-source z-scan
14429,P4,2026-03-23,Ge68,0.0,0.0,-13.0,0,1,1,,0,1,calib-source z-scan
14431,P4,2026-03-23,Ge68,0.0,0.0,-14.0,0,1,1,,0,1,calib-source z-scan
14433,P4,2026-03-23,Ge68,0.0,0.0,-15.0,0,1,1,,0,1,calib-source z-scan
14435,P4,2026-03-23,Ge68,0.0,0.0,-15.5,0,1,1,,0,1,calib-source z-scan
14437,P4,2026-03-23,Ge68,0.0,0.0,-15.7,0,1,1,,0,1,calib-source z-scan
14439,P4,2026-03-23,Ge68,0.0,0.0,-15.9,0,1,1,,0,1,calib-source z-scan
14441,P4,2026-03-23,Ge68,0.0,0.0,-16.1,0,1,1,,0,1,calib-source z-scan
14443,P4,2026-03-23,Ge68,0.0,0.0,-16.3,0,1,1,,0,1,calib-source z-scan
14445,P4,2026-03-23,Ge68,0.0,0.0,-16.5,0,1,1,,0,1,calib-source z-scan
14447,P4,2026-03-23,Ge68,0.0,0.0,-16.7,0,1,1,,0,1,calib-source z-scan
14449,P4,2026-03-23,Ge68,0.0,0.0,-16.9,0,1,1,,0,1,calib-source z-scan
14451,P4,2026-03-23,Ge68,0.0,0.0,-17.1,0,1,1,,0,1,calib-source z-scan
14453,P4,2026-03-23,Ge68,0.0,0.0,-17.3,0,1,1,,0,1,calib-source z-scan
14454,P4,,,,,,,0,1,,0,1,other-calibration
14457,P4,2026-03-23,AmC117,0.0,0.0,17.0,0,1,1,,0,1,calib-source z-scan
14459,P4,2026-03-23,AmC117,0.0,0.0,16.0,0,1,1,,0,1,calib-source z-scan
14461,P4,2026-03-23,AmC117,0.0,0.0,14.0,0,1,1,,0,1,calib-source z-scan
14463,P4,2026-03-23,AmC117,0.0,0.0,0.0,1,1,1,,0,1,calib-source centre
14465,P4,2026-03-23,AmC117,0.0,0.0,-10.0,0,1,1,,0,1,calib-source z-scan
14467,P4,2026-03-23,AmC117,0.0,0.0,-14.0,0,1,1,,0,1,calib-source z-scan
14469,P4,2026-03-23,AmC117,0.0,0.0,-16.0,0,1,1,,0,1,calib-source z-scan
14471,P4,2026-03-23,AmC117,0.0,0.0,-17.0,0,1,1,,0,1,calib-source z-scan
14472,P4,,,,,,,0,1,,0,1,other-calibration
14526,P4,,,,,,,0,1,,0,1,other-calibration
14528,P4,,,,,,,0,1,,0,1,other-calibration
14529,P4,2026-03-27,Ge68,0.0,0.0,17.7,0,1,1,,0,1,calib-source z-scan
14531,P4,2026-03-27,Ge68,0.0,0.0,17.67,0,1,1,,0,1,calib-source z-scan
14533,P4,2026-03-27,Ge68,0.0,0.0,17.65,0,1,1,,0,1,calib-source z-scan
14535,P4,2026-03-27,Ge68,0.0,0.0,17.62,0,1,1,,0,1,calib-source z-scan
14537,P4,2026-03-27,Ge68,0.0,0.0,17.6,0,1,1,,0,1,calib-source z-scan
14539,P4,2026-03-27,Ge68,0.0,0.0,17.57,0,1,1,,0,1,calib-source z-scan
14541,P4,2026-03-27,Ge68,0.0,0.0,17.55,0,1,1,,0,1,calib-source z-scan
14543,P4,2026-03-27,Ge68,0.0,0.0,17.52,0,1,1,,0,1,calib-source z-scan
14545,P4,2026-03-27,Ge68,0.0,0.0,17.48,0,1,1,,0,1,calib-source z-scan
14547,P4,2026-03-27,Ge68,0.0,0.0,17.45,0,1,1,,0,1,calib-source z-scan
14549,P4,2026-03-27,Ge68,0.0,0.0,17.42,0,1,1,,0,1,calib-source z-scan
14551,P4,2026-03-27,Ge68,0.0,0.0,17.4,0,1,1,,0,1,calib-source z-scan
14553,P4,2026-03-27,Ge68,0.0,0.0,17.37,0,1,1,,0,1,calib-source z-scan
14555,P4,2026-03-27,Ge68,0.0,0.0,17.35,0,1,1,,0,1,calib-source z-scan
14557,P4,2026-03-27,Ge68,0.0,0.0,17.32,0,1,1,,0,1,calib-source z-scan
14559,P4,2026-03-27,Ge68,0.0,0.0,17.27,0,1,1,,0,1,calib-source z-scan
14561,P4,2026-03-27,Ge68,0.0,0.0,17.25,0,1,1,,0,1,calib-source z-scan
14563,P4,2026-03-27,Ge68,0.0,0.0,17.23,0,1,1,,0,1,calib-source z-scan
14565,P4,2026-03-27,Ge68,0.0,0.0,17.2,0,1,1,,0,1,calib-source z-scan
14567,P4,2026-03-27,Ge68,0.0,0.0,17.15,0,1,1,,0,1,calib-source z-scan
14569,P4,2026-03-27,Ge68,0.0,0.0,17.05,0,1,1,,0,1,calib-source z-scan
14571,P4,2026-03-27,Ge68,0.0,0.0,17.0,0,1,1,,0,1,calib-source z-scan
14573,P4,2026-03-27,Ge68,0.0,0.0,16.95,0,1,1,,0,1,calib-source z-scan
14575,P4,2026-03-27,Ge68,0.0,0.0,16.85,0,1,1,,0,1,calib-source z-scan
14577,P4,2026-03-27,Ge68,0.0,0.0,16.8,0,1,1,,0,1,calib-source z-scan
14579,P4,2026-03-27,Ge68,0.0,0.0,16.75,0,1,1,,0,1,calib-source z-scan
14581,P4,2026-03-27,Ge68,0.0,0.0,16.65,0,1,1,,0,1,calib-source z-scan
14583,P4,2026-03-27,Ge68,0.0,0.0,16.6,0,1,1,,0,1,calib-source z-scan
14585,P4,2026-03-27,Ge68,0.0,0.0,16.4,0,1,1,,0,1,calib-source z-scan
14587,P4,2026-03-27,Ge68,0.0,0.0,16.2,0,1,1,,0,1,calib-source z-scan
14589,P4,2026-03-27,Ge68,0.0,0.0,16.0,0,1,1,,0,1,calib-source z-scan
14591,P4,2026-03-27,Ge68,0.0,0.0,15.8,0,1,1,,0,1,calib-source z-scan
14593,P4,2026-03-27,Ge68,0.0,0.0,15.6,0,1,1,,0,1,calib-source z-scan
14594,P4,,,,,,,0,1,,0,1,other-calibration
14595,P4,2026-03-27,Ge68,0.0,0.0,-15.6,0,1,1,,0,1,calib-source z-scan
14597,P4,2026-03-27,Ge68,0.0,0.0,-15.8,0,1,1,,0,1,calib-source z-scan
14599,P4,2026-03-27,Ge68,0.0,0.0,-16.0,0,1,1,,0,1,calib-source z-scan
14601,P4,2026-03-27,Ge68,0.0,0.0,-16.2,0,1,1,,0,1,calib-source z-scan
14603,P4,2026-03-27,Ge68,0.0,0.0,-16.4,0,1,1,,0,1,calib-source z-scan
14605,P4,2026-03-27,Ge68,0.0,0.0,-16.6,0,1,1,,0,1,calib-source z-scan
14607,P4,2026-03-27,Ge68,0.0,0.0,-16.65,0,1,1,,0,1,calib-source z-scan
14609,P4,2026-03-27,Ge68,0.0,0.0,-16.75,0,1,1,,0,1,calib-source z-scan
14611,P4,2026-03-27,Ge68,0.0,0.0,-16.8,0,1,1,,0,1,calib-source z-scan
14613,P4,2026-03-27,Ge68,0.0,0.0,-16.85,0,1,1,,0,1,calib-source z-scan
14615,P4,2026-03-27,Ge68,0.0,0.0,-16.95,0,1,1,,0,1,calib-source z-scan
14617,P4,2026-03-27,Ge68,0.0,0.0,-17.0,0,1,1,,0,1,calib-source z-scan
14619,P4,2026-03-27,Ge68,0.0,0.0,-17.05,0,1,1,,0,1,calib-source z-scan
14621,P4,2026-03-27,Ge68,0.0,0.0,-17.15,0,1,1,,0,1,calib-source z-scan
14623,P4,2026-03-27,Ge68,0.0,0.0,-17.2,0,1,1,,0,1,calib-source z-scan
14625,P4,2026-03-27,Ge68,0.0,0.0,-17.23,0,1,1,,0,1,calib-source z-scan
14627,P4,2026-03-27,Ge68,0.0,0.0,-17.25,0,1,1,,0,1,calib-source z-scan
14629,P4,2026-03-27,Ge68,0.0,0.0,-17.28,0,1,1,,0,1,calib-source z-scan
14679,P4,,,,,,,0,1,,0,1,other-calibration
14707,P4,,,,,,,0,0,,1,0,physics
14708,P4,,,,,,,0,0,,1,0,physics
14709,P4,,,,,,,0,0,,1,0,physics
14710,P4,,,,,,,0,0,,1,0,physics
14711,P4,,,,,,,0,0,,1,0,physics
14712,P4,,,,,,,0,0,,1,0,physics
14713,P4,,,,,,,0,0,,1,0,physics
14714,P4,,,,,,,0,0,,1,0,physics
14715,P4,,,,,,,0,0,,1,0,physics
14716,P4,,,,,,,0,0,,1,0,physics
14717,P4,,,,,,,0,0,,1,0,physics
14718,P4,,,,,,,0,0,,1,0,physics
14719,P4,,,,,,,0,0,,1,0,physics
14720,P4,,,,,,,0,0,,1,0,physics
14721,P4,,,,,,,0,0,,1,0,physics
14722,P4,,,,,,,0,0,,1,0,physics
14723,P4,,,,,,,0,0,,1,0,physics
14724,P4,,,,,,,0,0,,1,0,physics
14725,P4,,,,,,,0,0,,1,0,physics
14729,P4,2026-04-03,AmC117,0.0,0.0,0.0,1,1,1,,0,1,calib-source centre
14736,P4,,,,,,,0,0,,1,0,physics
14737,P4,,,,,,,0,0,,1,0,physics
14738,P4,,,,,,,0,0,,1,0,physics
14739,P4,,,,,,,0,0,,1,0,physics
14740,P4,,,,,,,0,0,,1,0,physics
14741,P4,,,,,,,0,0,,1,0,physics
14742,P4,,,,,,,0,0,,1,0,physics
14743,P4,,,,,,,0,0,,1,0,physics
14744,P4,,,,,,,0,0,,1,0,physics
14745,P4,,,,,,,0,0,,1,0,physics
14746,P4,,,,,,,0,0,,1,0,physics
14747,P4,,,,,,,0,0,,1,0,physics
14748,P4,,,,,,,0,0,,1,0,physics
14749,P4,,,,,,,0,0,,1,0,physics
14750,P4,,,,,,,0,0,,1,0,physics
14751,P4,,,,,,,0,0,,1,0,physics
14752,P4,,,,,,,0,0,,1,0,physics
14753,P4,,,,,,,0,0,,1,0,physics
14754,P4,,,,,,,0,0,,1,0,physics
14755,P4,,,,,,,0,0,,1,0,physics
14756,P4,,,,,,,0,0,,1,0,physics
14757,P4,,,,,,,0,0,,1,0,physics
14758,P4,,,,,,,0,0,,1,0,physics
14759,P4,,,,,,,0,0,,1,0,physics
14760,P4,,,,,,,0,0,,1,0,physics
14761,P4,,,,,,,0,0,,1,0,physics
14762,P4,,,,,,,0,0,,1,0,physics
14763,P4,,,,,,,0,0,,1,0,physics
14764,P4,,,,,,,0,0,,1,0,physics
14765,P4,,,,,,,0,0,,1,0,physics
14766,P4,,,,,,,0,0,,1,0,physics
14767,P4,,,,,,,0,0,,1,0,physics
14768,P4,,,,,,,0,0,,1,0,physics
14769,P4,,,,,,,0,0,,1,0,physics
14770,P4,,,,,,,0,0,,1,0,physics
14771,P4,,,,,,,0,0,,1,0,physics
14772,P4,,,,,,,0,0,,1,0,physics
14773,P4,,,,,,,0,0,,1,0,physics
14774,P4,,,,,,,0,0,,1,0,physics
14775,P4,,,,,,,0,0,,1,0,physics
14776,P4,,,,,,,0,0,,1,0,physics
14777,P4,,,,,,,0,0,,1,0,physics
14778,P4,,,,,,,0,0,,1,0,physics
14779,P4,,,,,,,0,0,,1,0,physics
14780,P4,,,,,,,0,0,,1,0,physics
14785,P4,,,,,,,0,0,,1,0,physics
14790,P4,,,,,,,0,1,,0,1,other-calibration
14795,P4,,,,,,,0,0,,1,0,physics
14796,P4,,,,,,,0,0,,1,0,physics
14798,P4,,,,,,,0,0,,1,0,physics
14799,P4,,,,,,,0,0,,1,0,physics
14800,P4,,,,,,,0,0,,1,0,physics
14801,P4,,,,,,,0,0,,1,0,physics
14802,P4,,,,,,,0,0,,1,0,physics
14803,P4,,,,,,,0,0,,1,0,physics
14804,P4,,,,,,,0,0,,1,0,physics
14805,P4,,,,,,,0,0,,1,0,physics
14806,P4,,,,,,,0,0,,1,0,physics
14807,P4,,,,,,,0,0,,1,0,physics
14810,P4,,,,,,,0,0,,1,0,physics
14811,P4,,,,,,,0,0,,1,0,physics
14812,P4,,,,,,,0,0,,1,0,physics
14813,P4,,,,,,,0,0,,1,0,physics
14814,P4,,,,,,,0,0,,1,0,physics
14815,P4,,,,,,,0,0,,1,0,physics
14816,P4,,,,,,,0,0,,1,0,physics
14817,P4,,,,,,,0,0,,1,0,physics
14818,P4,,,,,,,0,0,,1,0,physics
14819,P4,,,,,,,0,0,,1,0,physics
14820,P4,,,,,,,0,0,,1,0,physics
14821,P4,,,,,,,0,0,,1,0,physics
14822,P4,,,,,,,0,0,,1,0,physics
14823,P4,,,,,,,0,0,,1,0,physics
14824,P4,,,,,,,0,0,,1,0,physics
14825,P4,,,,,,,0,0,,1,0,physics
14826,P4,,,,,,,0,0,,1,0,physics
14827,P4,,,,,,,0,0,,1,0,physics
14828,P4,,,,,,,0,0,,1,0,physics
14829,P4,,,,,,,0,0,,1,0,physics
14834,P4,2026-04-10,AmC117,0.0,0.0,0.0,1,1,1,,0,1,calib-source centre
14844,P4,,,,,,,0,0,,1,0,physics
14845,P4,,,,,,,0,0,,1,0,physics
14846,P4,,,,,,,0,0,,1,0,physics
14847,P4,,,,,,,0,0,,1,0,physics
14848,P4,,,,,,,0,0,,1,0,physics
14849,P4,,,,,,,0,0,,1,0,physics
14850,P4,,,,,,,0,0,,1,0,physics
14851,P4,,,,,,,0,0,,1,0,physics
14852,P4,,,,,,,0,0,,1,0,physics
14853,P4,,,,,,,0,0,,1,0,physics
14854,P4,,,,,,,0,0,,1,0,physics
14855,P4,,,,,,,0,0,,1,0,physics
14856,P4,,,,,,,0,0,,1,0,physics
14857,P4,,,,,,,0,0,,1,0,physics
14858,P4,,,,,,,0,0,,1,0,physics
14859,P4,,,,,,,0,0,,1,0,physics
14860,P4,,,,,,,0,0,,1,0,physics
14861,P4,,,,,,,0,0,,1,0,physics
14862,P4,,,,,,,0,0,,1,0,physics
14863,P4,,,,,,,0,0,,1,0,physics
14864,P4,,,,,,,0,0,,1,0,physics
14865,P4,,,,,,,0,0,,1,0,physics
14866,P4,,,,,,,0,0,,1,0,physics
14867,P4,,,,,,,0,0,,1,0,physics
14868,P4,,,,,,,0,0,,1,0,physics
14869,P4,,,,,,,0,0,,1,0,physics
14870,P4,,,,,,,0,0,,1,0,physics
14871,P4,,,,,,,0,0,,1,0,physics
14872,P4,,,,,,,0,0,,1,0,physics
14873,P4,,,,,,,0,0,,1,0,physics
14874,P4,,,,,,,0,0,,1,0,physics
14875,P4,,,,,,,0,0,,1,0,physics
14876,P4,,,,,,,0,0,,1,0,physics
14877,P4,,,,,,,0,0,,1,0,physics
14878,P4,,,,,,,0,0,,1,0,physics
14880,P4,,,,,,,0,0,,1,0,physics
14882,P4,,,,,,,0,0,,1,0,physics
14883,P4,,,,,,,0,0,,1,0,physics
14884,P4,,,,,,,0,0,,1,0,physics
14885,P4,,,,,,,0,0,,1,0,physics
14886,P4,,,,,,,0,0,,1,0,physics
14887,P4,,,,,,,0,0,,1,0,physics
14888,P4,,,,,,,0,0,,1,0,physics
14889,P4,,,,,,,0,0,,1,0,physics
14890,P4,,,,,,,0,0,,1,0,physics
14891,P4,,,,,,,0,0,,1,0,physics
14895,P4,,,,,,,0,1,,0,1,other-calibration
14900,P4,,,,,,,0,0,,1,0,physics
14901,P4,,,,,,,0,0,,1,0,physics
14902,P4,,,,,,,0,0,,1,0,physics
14903,P4,,,,,,,0,0,,1,0,physics
14904,P4,,,,,,,0,0,,1,0,physics
14905,P4,,,,,,,0,0,,1,0,physics
14906,P4,,,,,,,0,0,,1,0,physics
14907,P4,,,,,,,0,0,,1,0,physics
14908,P4,,,,,,,0,0,,1,0,physics
14909,P4,,,,,,,0,0,,1,0,physics
14910,P4,,,,,,,0,0,,1,0,physics
14911,P4,,,,,,,0,0,,1,0,physics
14912,P4,,,,,,,0,0,,1,0,physics
14913,P4,,,,,,,0,0,,1,0,physics
14914,P4,,,,,,,0,0,,1,0,physics
14915,P4,,,,,,,0,0,,1,0,physics
14916,P4,,,,,,,0,0,,1,0,physics
14917,P4,,,,,,,0,0,,1,0,physics
14918,P4,,,,,,,0,0,,1,0,physics
14919,P4,,,,,,,0,0,,1,0,physics
14920,P4,,,,,,,0,0,,1,0,physics
14921,P4,,,,,,,0,0,,1,0,physics
14922,P4,,,,,,,0,0,,1,0,physics
14923,P4,,,,,,,0,0,,1,0,physics
14924,P4,,,,,,,0,0,,1,0,physics
14925,P4,,,,,,,0,0,,1,0,physics
14926,P4,,,,,,,0,0,,1,0,physics
14927,P4,,,,,,,0,0,,1,0,physics
14928,P4,,,,,,,0,0,,1,0,physics
14929,P4,,,,,,,0,0,,1,0,physics
14930,P4,,,,,,,0,0,,1,0,physics
14931,P4,,,,,,,0,0,,1,0,physics
14932,P4,,,,,,,0,0,,1,0,physics
14933,P4,,,,,,,0,0,,1,0,physics
14934,P4,,,,,,,0,0,,1,0,physics
14935,P4,,,,,,,0,0,,1,0,physics
14943,P4,2026-04-17,AmC117,0.0,0.0,0.0,1,1,1,,0,1,calib-source centre
14950,P4,,,,,,,0,0,,1,0,physics
14951,P4,,,,,,,0,0,,1,0,physics
14952,P4,,,,,,,0,0,,1,0,physics
14953,P4,,,,,,,0,0,,1,0,physics
14954,P4,,,,,,,0,0,,1,0,physics
14955,P4,,,,,,,0,0,,1,0,physics
14956,P4,,,,,,,0,0,,1,0,physics
14957,P4,,,,,,,0,0,,1,0,physics
14958,P4,,,,,,,0,0,,1,0,physics
14959,P4,,,,,,,0,0,,1,0,physics
14960,P4,,,,,,,0,0,,1,0,physics
14961,P4,,,,,,,0,0,,1,0,physics
14962,P4,,,,,,,0,0,,1,0,physics
14963,P4,,,,,,,0,0,,1,0,physics
14964,P4,,,,,,,0,0,,1,0,physics
14965,P4,,,,,,,0,0,,1,0,physics
14966,P4,,,,,,,0,0,,1,0,physics
14967,P4,,,,,,,0,0,,1,0,physics
14968,P4,,,,,,,0,0,,1,0,physics
14969,P4,,,,,,,0,0,,1,0,physics
14970,P4,,,,,,,0,0,,1,0,physics
14971,P4,,,,,,,0,0,,1,0,physics
14972,P4,,,,,,,0,0,,1,0,physics
14973,P4,,,,,,,0,0,,1,0,physics
14974,P4,,,,,,,0,0,,1,0,physics
14975,P4,,,,,,,0,0,,1,0,physics
14976,P4,,,,,,,0,0,,1,0,physics
14977,P4,,,,,,,0,0,,1,0,physics
14978,P4,,,,,,,0,0,,1,0,physics
14979,P4,,,,,,,0,0,,1,0,physics
14980,P4,,,,,,,0,0,,1,0,physics
14981,P4,,,,,,,0,0,,1,0,physics
14982,P4,,,,,,,0,0,,1,0,physics
14983,P4,,,,,,,0,0,,1,0,physics
14984,P4,,,,,,,0,0,,1,0,physics
14985,P4,,,,,,,0,0,,1,0,physics
14994,P4,,,,,,,0,1,,0,1,other-calibration
15001,P4,,,,,,,0,0,,1,0,physics
15002,P4,,,,,,,0,0,,1,0,physics
15003,P4,,,,,,,0,0,,1,0,physics
15004,P4,,,,,,,0,0,,1,0,physics
15005,P4,,,,,,,0,0,,1,0,physics
15006,P4,,,,,,,0,0,,1,0,physics
15007,P4,,,,,,,0,0,,1,0,physics
15010,P4,,,,,,,0,1,,0,1,other-calibration
15012,P4,,,,,,,0,1,,0,1,other-calibration
15014,P4,,,,,,,0,1,,0,1,other-calibration
15016,P4,,,,,,,0,1,,0,1,other-calibration
15018,P4,,,,,,,0,1,,0,1,other-calibration
15020,P4,,,,,,,0,1,,0,1,other-calibration
15022,P4,,,,,,,0,1,,0,1,other-calibration
15024,P4,,,,,,,0,1,,0,1,other-calibration
15026,P4,,,,,,,0,1,,0,1,other-calibration
15028,P4,,,,,,,0,1,,0,1,other-calibration
15030,P4,,,,,,,0,1,,0,1,other-calibration
15032,P4,,,,,,,0,1,,0,1,other-calibration
15034,P4,,,,,,,0,1,,0,1,other-calibration
15036,P4,,,,,,,0,1,,0,1,other-calibration
15038,P4,,,,,,,0,1,,0,1,other-calibration
15040,P4,,,,,,,0,1,,0,1,other-calibration
15042,P4,,,,,,,0,1,,0,1,other-calibration
15044,P4,,,,,,,0,1,,0,1,other-calibration
15046,P4,,,,,,,0,1,,0,1,other-calibration
15048,P4,,,,,,,0,1,,0,1,other-calibration
15050,P4,,,,,,,0,1,,0,1,other-calibration
15052,P4,,,,,,,0,1,,0,1,other-calibration
15054,P4,,,,,,,0,1,,0,1,other-calibration
15056,P4,,,,,,,0,1,,0,1,other-calibration
15058,P4,,,,,,,0,1,,0,1,other-calibration
15063,P4,,,,,,,0,1,,0,1,other-calibration
15065,P4,,,,,,,0,1,,0,1,other-calibration
15067,P4,,,,,,,0,1,,0,1,other-calibration
15069,P4,,,,,,,0,1,,0,1,other-calibration
15071,P4,,,,,,,0,1,,0,1,other-calibration
15073,P4,,,,,,,0,1,,0,1,other-calibration
15075,P4,,,,,,,0,1,,0,1,other-calibration
15077,P4,,,,,,,0,1,,0,1,other-calibration
15079,P4,,,,,,,0,1,,0,1,other-calibration
15081,P4,,,,,,,0,1,,0,1,other-calibration
15083,P4,,,,,,,0,1,,0,1,other-calibration
15085,P4,,,,,,,0,1,,0,1,other-calibration
15087,P4,,,,,,,0,1,,0,1,other-calibration
15089,P4,,,,,,,0,1,,0,1,other-calibration
15091,P4,,,,,,,0,1,,0,1,other-calibration
15093,P4,,,,,,,0,1,,0,1,other-calibration
15095,P4,,,,,,,0,1,,0,1,other-calibration
15097,P4,,,,,,,0,1,,0,1,other-calibration
15099,P4,,,,,,,0,1,,0,1,other-calibration
15101,P4,,,,,,,0,1,,0,1,other-calibration
15103,P4,,,,,,,0,1,,0,1,other-calibration
15105,P4,,,,,,,0,1,,0,1,other-calibration
15107,P4,,,,,,,0,1,,0,1,other-calibration
15109,P4,,,,,,,0,1,,0,1,other-calibration
15111,P4,,,,,,,0,1,,0,1,other-calibration
15114,P4,,,,,,,0,0,,1,0,physics
15115,P4,,,,,,,0,0,,1,0,physics
15116,P4,,,,,,,0,0,,1,0,physics
15117,P4,,,,,,,0,0,,1,0,physics
15120,P4,,,,,,,0,0,,1,0,physics
15121,P4,,,,,,,0,0,,1,0,physics
15122,P4,,,,,,,0,0,,1,0,physics
15123,P4,,,,,,,0,0,,1,0,physics
15125,P4,,,,,,,0,0,,1,0,physics
15126,P4,,,,,,,0,0,,1,0,physics
15127,P4,,,,,,,0,0,,1,0,physics
15128,P4,,,,,,,0,0,,1,0,physics
15129,P4,,,,,,,0,0,,1,0,physics
15130,P4,,,,,,,0,0,,1,0,physics
15131,P4,,,,,,,0,0,,1,0,physics
15132,P4,,,,,,,0,0,,1,0,physics
15133,P4,,,,,,,0,0,,1,0,physics
15134,P4,,,,,,,0,0,,1,0,physics
15135,P4,,,,,,,0,0,,1,0,physics
15136,P4,,,,,,,0,0,,1,0,physics
15137,P4,,,,,,,0,0,,1,0,physics
15138,P4,,,,,,,0,0,,1,0,physics
15139,P4,,,,,,,0,0,,1,0,physics
15140,P4,,,,,,,0,0,,1,0,physics
15141,P4,,,,,,,0,0,,1,0,physics
15142,P4,,,,,,,0,0,,1,0,physics
15143,P4,,,,,,,0,0,,1,0,physics
15144,P4,,,,,,,0,0,,1,0,physics
15145,P4,,,,,,,0,0,,1,0,physics
15151,P4,2026-04-24,AmC117,0.0,0.0,0.0,1,1,1,,0,1,calib-source centre
15155,P4,,,,,,,0,0,,1,0,physics
15156,P4,,,,,,,0,0,,1,0,physics
15157,P4,,,,,,,0,0,,1,0,physics
15158,P4,,,,,,,0,0,,1,0,physics
15159,P4,,,,,,,0,0,,1,0,physics
15160,P4,,,,,,,0,0,,1,0,physics
15161,P4,,,,,,,0,0,,1,0,physics
15162,P4,,,,,,,0,0,,1,0,physics
15163,P4,,,,,,,0,0,,1,0,physics
15164,P4,,,,,,,0,0,,1,0,physics
15166,P4,,,,,,,0,0,,1,0,physics
15167,P4,,,,,,,0,0,,1,0,physics
15168,P4,,,,,,,0,0,,1,0,physics
15169,P4,,,,,,,0,0,,1,0,physics
15170,P4,,,,,,,0,0,,1,0,physics
15171,P4,,,,,,,0,0,,1,0,physics
15172,P4,,,,,,,0,0,,1,0,physics
15173,P4,,,,,,,0,0,,1,0,physics
15174,P4,,,,,,,0,0,,1,0,physics
15175,P4,,,,,,,0,0,,1,0,physics
15176,P4,,,,,,,0,0,,1,0,physics
15177,P4,,,,,,,0,0,,1,0,physics
15178,P4,,,,,,,0,0,,1,0,physics
15181,P4,,,,,,,0,0,,1,0,physics
15182,P4,,,,,,,0,0,,1,0,physics
15183,P4,,,,,,,0,0,,1,0,physics
15184,P4,,,,,,,0,0,,1,0,physics
15185,P4,,,,,,,0,0,,1,0,physics
15186,P4,,,,,,,0,0,,1,0,physics
15187,P4,,,,,,,0,0,,1,0,physics
15188,P4,,,,,,,0,0,,1,0,physics
15189,P4,,,,,,,0,0,,1,0,physics
15190,P4,,,,,,,0,0,,1,0,physics
15191,P4,,,,,,,0,0,,1,0,physics
15192,P4,,,,,,,0,0,,1,0,physics
15193,P4,,,,,,,0,0,,1,0,physics
15195,P4,,,,,,,0,0,,1,0,physics
15196,P4,,,,,,,0,0,,1,0,physics
15197,P4,,,,,,,0,0,,1,0,physics
15203,P4,,,,,,,0,0,,1,0,physics
15204,P4,,,,,,,0,0,,1,0,physics
15205,P4,,,,,,,0,0,,1,0,physics
15206,P4,,,,,,,0,0,,1,0,physics
15207,P4,,,,,,,0,0,,1,0,physics
15208,P4,,,,,,,0,0,,1,0,physics
15214,P4,,,,,,,0,1,,0,1,other-calibration
15222,P4,,,,,,,0,0,,1,0,physics
15223,P4,,,,,,,0,0,,1,0,physics
15224,P4,,,,,,,0,0,,1,0,physics
15225,P4,,,,,,,0,0,,1,0,physics
15226,P4,,,,,,,0,0,,1,0,physics
15227,P4,,,,,,,0,0,,1,0,physics
15228,P4,,,,,,,0,0,,1,0,physics
15229,P4,,,,,,,0,0,,1,0,physics
15230,P4,,,,,,,0,0,,1,0,physics
15231,P4,,,,,,,0,0,,1,0,physics
15232,P4,,,,,,,0,0,,1,0,physics
15233,P4,,,,,,,0,0,,1,0,physics
15234,P4,,,,,,,0,0,,1,0,physics
15235,P4,,,,,,,0,0,,1,0,physics
15237,P4,,,,,,,0,0,,1,0,physics
15238,P4,,,,,,,0,0,,1,0,physics
15239,P4,,,,,,,0,0,,1,0,physics
15240,P4,,,,,,,0,0,,1,0,physics
15241,P4,,,,,,,0,0,,1,0,physics
15242,P4,,,,,,,0,0,,1,0,physics
15243,P4,,,,,,,0,0,,1,0,physics
15244,P4,,,,,,,0,0,,1,0,physics
15245,P4,,,,,,,0,0,,1,0,physics
15246,P4,,,,,,,0,0,,1,0,physics
15248,P4,,,,,,,0,0,,1,0,physics
15250,P4,,,,,,,0,0,,1,0,physics
15251,,,,,,,,0,0,,1,0,physics
15252,,,,,,,,0,0,,1,0,physics
15253,,,,,,,,0,0,,1,0,physics
15254,,,,,,,,0,0,,1,0,physics
15255,,,,,,,,0,0,,1,0,physics
15256,,,,,,,,0,0,,1,0,physics
15264,,,,,,,,0,1,,0,1,other-calibration
15271,,,,,,,,0,0,,1,0,physics
15272,,,,,,,,0,0,,1,0,physics
15273,,,,,,,,0,0,,1,0,physics
15274,,,,,,,,0,0,,1,0,physics
15275,,,,,,,,0,0,,1,0,physics
15276,,,,,,,,0,0,,1,0,physics
15277,,,,,,,,0,0,,1,0,physics
15278,,,,,,,,0,0,,1,0,physics
15279,,,,,,,,0,0,,1,0,physics
15281,,,,,,,,0,0,,1,0,physics
15282,,,,,,,,0,0,,1,0,physics
15283,,,,,,,,0,0,,1,0,physics
15284,,,,,,,,0,0,,1,0,physics
15285,,,,,,,,0,0,,1,0,physics
15286,,,,,,,,0,0,,1,0,physics
15288,,,,,,,,0,0,,1,0,physics
15289,,,,,,,,0,0,,1,0,physics
15290,,,,,,,,0,0,,1,0,physics
15291,,,,,,,,0,0,,1,0,physics
15292,,,,,,,,0,0,,1,0,physics
15293,,,,,,,,0,0,,1,0,physics
15294,,,,,,,,0,0,,1,0,physics
15295,,,,,,,,0,0,,1,0,physics
15296,,,,,,,,0,0,,1,0,physics
15301,,,,,,,,0,0,,1,0,physics
15303,,,,,,,,0,0,,1,0,physics
15304,,,,,,,,0,0,,1,0,physics
15305,,,,,,,,0,0,,1,0,physics
15306,,,,,,,,0,0,,1,0,physics
15307,,,,,,,,0,0,,1,0,physics
15308,,,,,,,,0,0,,1,0,physics
15309,,,,,,,,0,0,,1,0,physics
15310,,,,,,,,0,0,,1,0,physics
15311,,,,,,,,0,0,,1,0,physics
15312,,,,,,,,0,0,,1,0,physics
15313,,,,,,,,0,0,,1,0,physics
15314,,,,,,,,0,0,,1,0,physics
15315,,,,,,,,0,0,,1,0,physics
15316,,,,,,,,0,0,,1,0,physics
15317,,,,,,,,0,0,,1,0,physics
15318,,,,,,,,0,0,,1,0,physics
15319,,,,,,,,0,0,,1,0,physics
15320,,,,,,,,0,0,,1,0,physics
15321,,,,,,,,0,0,,1,0,physics
15330,,,,,,,,0,1,,0,1,other-calibration
15337,,,,,,,,0,0,,1,0,physics
15338,,,,,,,,0,0,,1,0,physics
15339,,,,,,,,0,0,,1,0,physics
15340,,,,,,,,0,0,,1,0,physics
15341,,,,,,,,0,0,,1,0,physics
15342,,,,,,,,0,0,,1,0,physics
15343,,,,,,,,0,0,,1,0,physics
15344,,,,,,,,0,0,,1,0,physics
15345,,,,,,,,0,0,,1,0,physics
15346,,,,,,,,0,0,,1,0,physics
15347,,,,,,,,0,0,,1,0,physics
15348,,,,,,,,0,0,,1,0,physics
15349,,,,,,,,0,0,,1,0,physics
15350,,,,,,,,0,0,,1,0,physics
15351,,,,,,,,0,0,,1,0,physics
15352,,,,,,,,0,0,,1,0,physics
15353,,,,,,,,0,0,,1,0,physics
15354,,,,,,,,0,0,,1,0,physics
15355,,,,,,,,0,0,,1,0,physics
15356,,,,,,,,0,0,,1,0,physics
15357,,,,,,,,0,0,,1,0,physics
15358,,,,,,,,0,0,,1,0,physics
15359,,,,,,,,0,0,,1,0,physics
15360,,,,,,,,0,0,,1,0,physics
15361,,,,,,,,0,0,,1,0,physics
15362,,,,,,,,0,0,,1,0,physics
15363,,,,,,,,0,0,,1,0,physics
15364,,,,,,,,0,0,,1,0,physics
15365,,,,,,,,0,0,,1,0,physics
15366,,,,,,,,0,0,,1,0,physics
15367,,,,,,,,0,0,,1,0,physics
15368,,,,,,,,0,0,,1,0,physics
15369,,,,,,,,0,0,,1,0,physics
15370,,,,,,,,0,0,,1,0,physics
15371,,,,,,,,0,0,,1,0,physics
15379,,,,,,,,0,1,,0,1,other-calibration
15386,,,,,,,,0,0,,1,0,physics
15387,,,,,,,,0,0,,1,0,physics
15388,,,,,,,,0,0,,1,0,physics
15389,,,,,,,,0,0,,1,0,physics
15390,,,,,,,,0,0,,1,0,physics
15391,,,,,,,,0,0,,1,0,physics
15392,,,,,,,,0,0,,1,0,physics
15393,,,,,,,,0,0,,1,0,physics
15395,,,,,,,,0,0,,1,0,physics
15396,,,,,,,,0,0,,1,0,physics
15397,,,,,,,,0,0,,1,0,physics
15398,,,,,,,,0,0,,1,0,physics
15399,,,,,,,,0,0,,1,0,physics
15400,,,,,,,,0,0,,1,0,physics
15401,,,,,,,,0,0,,1,0,physics
15402,,,,,,,,0,0,,1,0,physics
15403,,,,,,,,0,0,,1,0,physics
15404,,,,,,,,0,0,,1,0,physics
15405,,,,,,,,0,0,,1,0,physics
15406,,,,,,,,0,0,,1,0,physics
15407,,,,,,,,0,0,,1,0,physics
15408,,,,,,,,0,0,,1,0,physics
15409,,,,,,,,0,0,,1,0,physics
15410,,,,,,,,0,0,,1,0,physics
15411,,,,,,,,0,0,,1,0,physics
15412,,,,,,,,0,0,,1,0,physics
15413,,,,,,,,0,0,,1,0,physics
15414,,,,,,,,0,0,,1,0,physics
15415,,,,,,,,0,0,,1,0,physics
15416,,,,,,,,0,0,,1,0,physics
15417,,,,,,,,0,0,,1,0,physics
15418,,,,,,,,0,0,,1,0,physics
15419,,,,,,,,0,0,,1,0,physics
15420,,,,,,,,0,0,,1,0,physics
15421,,,,,,,,0,0,,1,0,physics
15423,,,,,,,,0,0,,1,0,physics
15424,,,,,,,,0,0,,1,0,physics
15425,,,,,,,,0,0,,1,0,physics
15426,,,,,,,,0,0,,1,0,physics
15427,,,,,,,,0,0,,1,0,physics
15428,,,,,,,,0,0,,1,0,physics
15429,,,,,,,,0,0,,1,0,physics
15430,,,,,,,,0,0,,1,0,physics
15431,,,,,,,,0,0,,1,0,physics
15432,,,,,,,,0,0,,1,0,physics
15433,,,,,,,,0,0,,1,0,physics
15441,,,,,,,,0,1,,0,1,other-calibration
15448,,,,,,,,0,0,,1,0,physics
15449,,,,,,,,0,0,,1,0,physics
15450,,,,,,,,0,0,,1,0,physics
15451,,,,,,,,0,0,,1,0,physics
15452,,,,,,,,0,0,,1,0,physics
15453,,,,,,,,0,0,,1,0,physics
15454,,,,,,,,0,0,,1,0,physics
15455,,,,,,,,0,0,,1,0,physics
15456,,,,,,,,0,0,,1,0,physics
15457,,,,,,,,0,0,,1,0,physics
15458,,,,,,,,0,0,,1,0,physics
15459,,,,,,,,0,0,,1,0,physics
15460,,,,,,,,0,0,,1,0,physics
15461,,,,,,,,0,0,,1,0,physics
15462,,,,,,,,0,0,,1,0,physics
15463,,,,,,,,0,0,,1,0,physics
15464,,,,,,,,0,0,,1,0,physics
15465,,,,,,,,0,0,,1,0,physics
15466,,,,,,,,0,0,,1,0,physics
15467,,,,,,,,0,0,,1,0,physics
15468,,,,,,,,0,0,,1,0,physics
15469,,,,,,,,0,0,,1,0,physics
15470,,,,,,,,0,0,,1,0,physics
15473,,,,,,,,0,1,,0,1,other-calibration
15475,,,,,,,,0,1,,0,1,other-calibration
15477,,,,,,,,0,1,,0,1,other-calibration
15479,,,,,,,,0,1,,0,1,other-calibration
15481,,,,,,,,0,1,,0,1,other-calibration
15483,,,,,,,,0,1,,0,1,other-calibration
15485,,,,,,,,0,1,,0,1,other-calibration
15487,,,,,,,,0,1,,0,1,other-calibration
15489,,,,,,,,0,1,,0,1,other-calibration
15491,,,,,,,,0,1,,0,1,other-calibration
15493,,,,,,,,0,1,,0,1,other-calibration
15495,,,,,,,,0,1,,0,1,other-calibration
15497,,,,,,,,0,1,,0,1,other-calibration
15499,,,,,,,,0,1,,0,1,other-calibration
15501,,,,,,,,0,1,,0,1,other-calibration
15503,,,,,,,,0,1,,0,1,other-calibration
15505,,,,,,,,0,1,,0,1,other-calibration
15507,,,,,,,,0,1,,0,1,other-calibration
15509,,,,,,,,0,1,,0,1,other-calibration
15511,,,,,,,,0,1,,0,1,other-calibration
15513,,,,,,,,0,1,,0,1,other-calibration
15515,,,,,,,,0,1,,0,1,other-calibration
15517,,,,,,,,0,1,,0,1,other-calibration
15519,,,,,,,,0,1,,0,1,other-calibration
15521,,,,,,,,0,1,,0,1,other-calibration
15523,,,,,,,,0,1,,0,1,other-calibration
15525,,,,,,,,0,1,,0,1,other-calibration
15527,,,,,,,,0,1,,0,1,other-calibration
15529,,,,,,,,0,1,,0,1,other-calibration
15531,,,,,,,,0,1,,0,1,other-calibration
15533,,,,,,,,0,1,,0,1,other-calibration
15535,,,,,,,,0,1,,0,1,other-calibration
15537,,,,,,,,0,1,,0,1,other-calibration
15539,,,,,,,,0,1,,0,1,other-calibration
15541,,,,,,,,0,1,,0,1,other-calibration
15543,,,,,,,,0,1,,0,1,other-calibration
15545,,,,,,,,0,1,,0,1,other-calibration
15547,,,,,,,,0,1,,0,1,other-calibration
15549,,,,,,,,0,1,,0,1,other-calibration
15551,,,,,,,,0,1,,0,1,other-calibration
15553,,,,,,,,0,1,,0,1,other-calibration
15557,,,,,,,,0,0,,1,0,physics
15558,,,,,,,,0,0,,1,0,physics
15559,,,,,,,,0,0,,1,0,physics
15560,,,,,,,,0,0,,1,0,physics
15561,,,,,,,,0,0,,1,0,physics
15562,,,,,,,,0,0,,1,0,physics
15563,,,,,,,,0,0,,1,0,physics
15571,,,,,,,,0,1,,0,1,other-calibration
15578,,,,,,,,0,0,,1,0,physics
15579,,,,,,,,0,0,,1,0,physics
15580,,,,,,,,0,0,,1,0,physics
15581,,,,,,,,0,0,,1,0,physics
15582,,,,,,,,0,0,,1,0,physics
15583,,,,,,,,0,0,,1,0,physics
15584,,,,,,,,0,0,,1,0,physics
15585,,,,,,,,0,0,,1,0,physics
15586,,,,,,,,0,0,,1,0,physics
15587,,,,,,,,0,0,,1,0,physics
15588,,,,,,,,0,0,,1,0,physics
15589,,,,,,,,0,0,,1,0,physics
15590,,,,,,,,0,0,,1,0,physics
15591,,,,,,,,0,0,,1,0,physics
15592,,,,,,,,0,0,,1,0,physics
15593,,,,,,,,0,0,,1,0,physics
15594,,,,,,,,0,0,,1,0,physics
15595,,,,,,,,0,0,,1,0,physics
15596,,,,,,,,0,0,,1,0,physics
15597,,,,,,,,0,0,,1,0,physics
15599,,,,,,,,0,0,,1,0,physics
15604,,,,,,,,0,0,,1,0,physics
15605,,,,,,,,0,0,,1,0,physics
15606,,,,,,,,0,0,,1,0,physics
15607,,,,,,,,0,0,,1,0,physics
15608,,,,,,,,0,0,,1,0,physics
15612,,,,,,,,0,0,,1,0,physics
15638,,,,,,,,0,1,,0,1,other-calibration
15689,,,,,,,,0,1,,0,1,other-calibration
