1757661937,15744184
1757661937,22669688
1757661937,28579880
1757661937,39233096
1757661937,43056984
1757661937,64652408
1757661937,73292552
1757661937,104420120
1757661937,117469720
1757661937,122576392
1757661937,221288584
1757661937,225012536
1757661937,244859208
1757661937,251748744
1757661937,253168792
1757661937,306165400
1757661937,323715256
1757661937,343696648
1757661937,384924920
1757661937,394384776
1757661937,408702248
1757661937,439367272
1757661937,440983528
1757661937,470782344
1757661937,480121720
1757661937,490932312
1757661937,503253448
1757661937,543384184
1757661937,544417368
1757661937,588346280
1757661937,590842856
1757661937,596154088
1757661937,622762008
1757661937,693601160
1757661937,737869784
1757661937,758942808
1757661937,785398648
1757661937,830693768
1757661937,832408824
1757661937,851500776
1757661937,858454760
1757661937,862371704
1757661937,880621272
1757661937,932972088
1757661937,942171640
1757661937,944519656
1757661937,971000632
1757661937,986121816
1757661938,3440488
1757661938,10424360
1757661938,22171960
1757661938,29355592
1757661938,57629080
1757661938,84399288
1757661938,99883416
1757661938,104207784
1757661938,111779400
1757661938,131914328
1757661938,141837240
1757661938,160434344
1757661938,181103880
1757661938,187032168
1757661938,189074728
1757661938,201212280
1757661938,204053608
1757661938,205810680
1757661938,207569192
1757661938,213832824
1757661938,227643528
1757661938,237960088
1757661938,260919272
1757661938,290122744
1757661938,322852040
1757661938,325654136
1757661938,329734712
1757661938,332978696
1757661938,342429112
1757661938,354897352
1757661938,357797432
1757661938,377124552
1757661938,409118536
1757661938,449904312
1757661938,462299416
1757661938,463783672
1757661938,476745736
1757661938,484561160
1757661938,504590904
1757661938,517642552
1757661938,521065000
1757661938,534380760
1757661938,536498312
1757661938,560898776
1757661938,588382632
1757661938,626647512
1757661938,632984680
1757661938,636137128
1757661938,637604696
1757661938,644511208
1757661938,650698632
1757661938,681843368
1757661938,694683160
1757661938,697808888
1757661938,704487464
1757661938,716421864
1757661938,741209800
1757661938,745721976
1757661938,752846360
1757661938,760054136
1757661938,763152296
1757661938,771366552
1757661938,776519880
1757661938,784977320
1757661938,794335512
1757661938,796005560
1757661938,802756984
1757661938,807552616
1757661938,813672456
1757661938,817801656
1757661938,822930072
1757661938,845553992
1757661938,847916520
1757661938,865730104
1757661938,868243880
1757661938,878737784
1757661938,881475096
1757661938,890403096
1757661938,910916616
1757661938,914103768
1757661938,944186920
1757661938,991525800
1757661939,18125480
1757661939,24833688
1757661939,46200792
1757661939,59225592
1757661939,88391736
1757661939,119075960
1757661939,148010360
1757661939,182731080
1757661939,214194760
1757661939,215769064
1757661939,225610664
1757661939,232867144
1757661939,236417912
1757661939,249437192
1757661939,253465304
1757661939,259558760
1757661939,269292104
1757661939,272295976
1757661939,278510984
1757661939,298921192
1757661939,307719240
1757661939,321836600
1757661939,345953928
1757661939,347143144
1757661939,350544712
1757661939,383612456
1757661939,385399448
1757661939,406478168
1757661939,432630760
1757661939,438231560
1757661939,448017704
1757661939,481210968
1757661939,570203624
1757661939,571880328
1757661939,581964072
1757661939,585166008
1757661939,590312472
1757661939,596323512
1757661939,601177304
1757661939,608866328
1757661939,610508328
1757661939,614689624
1757661939,635878584
1757661939,654257000
1757661939,681920296
1757661939,709955416
1757661939,712571960
1757661939,725145944
1757661939,732877496
1757661939,759784008
1757661939,762834104
1757661939,774092712
1757661939,809894888
1757661939,816321944
1757661939,818184856
1757661939,820278840
1757661939,831347992
1757661939,844975032
1757661939,854201176
1757661939,868189832
1757661939,884549048
1757661939,890616968
1757661939,898628072
1757661939,919553608
1757661939,928342792
1757661939,936577032
1757661939,937892472
1757661939,944692424
1757661939,959111352
1757661939,982381272
1757661939,990440808
1757661939,996071384
1757661940,4074872
1757661940,19458328
1757661940,29953752
1757661940,50178968
1757661940,73840616
1757661940,93129320
1757661940,98529400
1757661940,112971528
1757661940,137369080
1757661940,177085256
1757661940,181064424
1757661940,183279096
1757661940,190221672
1757661940,193541592
1757661940,198293560
1757661940,199685144
1757661940,217370184
1757661940,221343512
1757661940,231960776
1757661940,255001544
1757661940,281410200
1757661940,328137848
1757661940,331612568
1757661940,352883672
1757661940,361354664
1757661940,365919592
1757661940,372274888
1757661940,399981512
1757661940,410566696
1757661940,489394552
1757661940,525231640
1757661940,536993768
1757661940,539159080
1757661940,549126232
1757661940,556588568
1757661940,563382536
1757661940,569983064
1757661940,595652744
1757661940,602773144
1757661940,611176344
1757661940,615427000
1757661940,631349656
1757661940,679019672
1757661940,705246696
1757661940,706595000
1757661940,711296296
1757661940,713394392
1757661940,715756520
1757661940,725464936
1757661940,756113272
1757661940,758562072
1757661940,762744200
1757661940,772676712
1757661940,774829784
1757661940,780920072
1757661940,795068264
1757661940,807174408
1757661940,808899960
1757661940,814484232
1757661940,837881976
1757661940,843056088
1757661940,905931144
1757661940,910644040
1757661940,923058008
1757661940,927552520
1757661940,939647896
1757661940,949844840
1757661940,977163592
1757661940,980650040
1757661941,16617576
1757661941,38248168
1757661941,65210312
1757661941,67611368
1757661941,94958616
1757661941,134330968
1757661941,177869272
1757661941,181692600
1757661941,183211128
1757661941,216693512
1757661941,293515256
1757661941,296362040
1757661941,347987752
1757661941,356016632
1757661941,358275608
1757661941,379937192
1757661941,381514808
1757661941,417288392
1757661941,426301128
1757661941,442785336
1757661941,472294296
1757661941,478453352
1757661941,491856920
1757661941,497102056
1757661941,510455384
1757661941,521390456
1757661941,545127256
1757661941,563259512
1757661941,567268424
1757661941,570047288
1757661941,582758728
1757661941,617145928
1757661941,619532696
1757661941,665303464
1757661941,723344520
1757661941,741784040
1757661941,750442664
1757661941,785767000
1757661941,833558040
1757661941,836794744
1757661941,865161064
1757661941,880475192
1757661941,884208120
1757661941,926753272
1757661941,956987208
1757661941,987509256
1757661941,992158376
1757661942,51142040
1757661942,86742120
1757661942,111369336
1757661942,141463128
1757661942,163919272
1757661942,188932616
1757661942,200420440
1757661942,217585096
1757661942,228729864
1757661942,253514248
1757661942,288857816
1757661942,301500472
1757661942,334853752
1757661942,336876408
1757661942,339099480
1757661942,340351560
1757661942,346361112
1757661942,355624552
1757661942,366691352
1757661942,373385704
1757661942,380329560
1757661942,398070312
1757661942,417209528
1757661942,420077768
1757661942,433196424
1757661942,449163640
1757661942,453195672
1757661942,460120456
1757661942,493010072
1757661942,505504184
1757661942,534282696
1757661942,542075304
1757661942,546846424
1757661942,555646472
1757661942,624393176
1757661942,652207896
1757661942,673739640
1757661942,690407896
1757661942,723703224
1757661942,763428008
1757661942,773916872
1757661942,780376856
1757661942,798395368
1757661942,830826440
1757661942,844315112
1757661942,848324088
1757661942,850620712
1757661942,853473304
1757661942,859978664
1757661942,879855000
1757661942,886343784
1757661942,890251048
1757661942,895561256
1757661942,918066552
1757661942,925286600
1757661942,937202216
1757661942,976343528
1757661942,982835816
1757661942,992693608
1757661943,7023400
1757661943,41423944
1757661943,51346392
1757661943,57461112
1757661943,79693480
1757661943,91713800
1757661943,95423128
1757661943,157787656
1757661943,167096440
1757661943,170899848
1757661943,180705400
1757661943,234548744
1757661943,237996280
1757661943,242413736
1757661943,244293144
1757661943,258400424
1757661943,271018840
1757661943,283807976
1757661943,286639448
1757661943,317850920
1757661943,331486824
1757661943,332891368
1757661943,343706376
1757661943,369901128
1757661943,389461256
1757661943,392296520
1757661943,417563864
1757661943,422439496
1757661943,429279544
1757661943,432674696
1757661943,441847784
1757661943,456633816
1757661943,473464376
1757661943,489194904
1757661943,496959736
1757661943,504496968
1757661943,541350792
1757661943,542506264
1757661943,557909160
1757661943,575779704
1757661943,595904888
1757661943,606428872
1757661943,634150232
1757661943,676938280
1757661943,678411448
1757661943,693150136
1757661943,697705848
1757661943,706386728
1757661943,708400168
1757661943,712600040
1757661943,754692776
1757661943,766068824
1757661943,818219352
1757661943,822610696
1757661943,839943384
1757661943,854617432
1757661943,856041144
1757661943,884610792
1757661943,888577144
1757661943,905308360
1757661943,935373688
1757661943,959504568
1757661943,962627928
1757661943,972725576
1757661943,978441896
1757661943,989404808
1757661944,7574248
1757661944,24811720
1757661944,26641656
1757661944,45569480
1757661944,54196392
1757661944,100547992
1757661944,109941944
1757661944,121988472
1757661944,123801816
1757661944,130505112
1757661944,138072472
1757661944,150200424
1757661944,162463816
1757661944,166595528
1757661944,175018616
1757661944,177909016
1757661944,207800840
1757661944,237813288
1757661944,243131784
1757661944,246593624
1757661944,256777640
1757661944,273111288
1757661944,290146040
1757661944,301693848
1757661944,317117544
1757661944,384543688
1757661944,420590040
1757661944,440926584
1757661944,445148536
1757661944,460225272
1757661944,464820936
1757661944,501969064
1757661944,513941832
1757661944,532262232
1757661944,602828344
1757661944,607745080
1757661944,628691064
1757661944,638523832
1757661944,652332168
1757661944,663503528
1757661944,675379064
1757661944,684960136
1757661944,692019240
1757661944,697715496
1757661944,713325160
1757661944,721896632
1757661944,724518216
1757661944,752898184
1757661944,754167880
1757661944,757453528
1757661944,759405320
1757661944,783311064
1757661944,798636600
1757661944,806667320
1757661944,817804040
1757661944,824650840
1757661944,826069032
1757661944,831076952
1757661944,837222648
1757661944,853293192
1757661944,877528792
1757661944,889554840
1757661944,912744872
1757661944,916396280
1757661944,933811480
1757661944,951823944
1757661944,954906488
1757661944,969353912
1757661945,46706184
1757661945,53863480
1757661945,66475080
1757661945,79421016
1757661945,98427016
1757661945,101368024
1757661945,105224952
1757661945,129089032
1757661945,141690456
1757661945,143739320
1757661945,149433144
1757661945,151970888
1757661945,157104600
1757661945,159306776
1757661945,249310984
1757661945,253712424
1757661945,257077304
1757661945,266658904
1757661945,269682328
1757661945,271212808
1757661945,288181736
1757661945,291471816
1757661945,303782072
1757661945,323859896
1757661945,354237016
1757661945,360796968
1757661945,379871864
1757661945,395603128
1757661945,433235976
1757661945,460231208
1757661945,488473080
1757661945,494080488
1757661945,495513752
1757661945,541528056
1757661945,559177640
1757661945,563279512
1757661945,582946232
1757661945,600802872
1757661945,604024072
1757661945,623457224
1757661945,640637576
1757661945,647782600
1757661945,701163528
1757661945,702683272
1757661945,722527208
1757661945,735803704
1757661945,748515080
1757661945,766548360
1757661945,769037784
1757661945,770168808
1757661945,788861304
1757661945,810162904
1757661945,817123000
1757661945,820742280
1757661945,839671624
1757661945,850235880
1757661945,890696760
1757661945,898911000
1757661945,901682568
1757661945,918862120
1757661945,929579480
1757661945,954301048
1757661945,991963352
1757661945,997117432
1757661946,32856408
1757661946,57850232
1757661946,59457832
1757661946,68058664
1757661946,78963320
1757661946,140921704
1757661946,166351144
1757661946,170273048
1757661946,175699400
1757661946,198172712
1757661946,216443992
1757661946,221287672
1757661946,244041752
1757661946,246345560
1757661946,262326456
1757661946,271087384
1757661946,278202184
1757661946,291604440
1757661946,293873896
1757661946,321902808
1757661946,342142296
1757661946,378007608
1757661946,396810904
1757661946,410069592
1757661946,413163048
1757661946,420802136
1757661946,458710536
1757661946,465059624
1757661946,474705720
1757661946,483873288
1757661946,489254744
1757661946,499003320
1757661946,518914952
1757661946,522646760
1757661946,527589912
1757661946,533870680
1757661946,555889208
1757661946,558864248
1757661946,563991912
1757661946,567632104
1757661946,585014136
1757661946,586919912
1757661946,604997720
1757661946,614452632
1757661946,638866712
1757661946,645071064
1757661946,646434840
1757661946,651696760
1757661946,664320056
1757661946,686594968
1757661946,695578008
1757661946,717224888
1757661946,719887080
1757661946,727750840
1757661946,733467816
1757661946,750683000
1757661946,771667352
1757661946,783216696
1757661946,800683928
1757661946,807772472
1757661946,814415672
1757661946,816341480
1757661946,818826552
1757661946,822587544
1757661946,824454360
1757661946,846819144
1757661946,848478728
1757661946,908453544
1757661946,942231880
1757661946,962078584
1757661946,972254488
1757661946,977550072
1757661946,985353416
1757661947,4793512
1757661947,6793496
1757661947,21334056
1757661947,49469736
1757661947,67098840
1757661947,74526056
1757661947,76109880
1757661947,119821048
1757661947,153480648
1757661947,208314168
1757661947,213826392
1757661947,224121768
1757661947,234154376
1757661947,255502152
1757661947,259388936
1757661947,261662904
1757661947,272694504
1757661947,287766728
1757661947,291010792
1757661947,297694040
1757661947,316789304
1757661947,362019928
1757661947,367797160
1757661947,401527240
1757661947,403410344
1757661947,413327048
1757661947,447958088
1757661947,484306840
1757661947,506273384
1757661947,507654792
1757661947,510139704
1757661947,523023336
1757661947,524669576
1757661947,536821688
1757661947,592628456
1757661947,593841672
1757661947,600771512
1757661947,610721400
1757661947,635469880
1757661947,647419800
1757661947,682296568
1757661947,702873240
1757661947,719864472
1757661947,739405608
1757661947,742917096
1757661947,748974552
1757661947,753414392
1757661947,754483304
1757661947,770915288
1757661947,777572600
1757661947,781967064
1757661947,800427448
1757661947,811678072
1757661947,825002424
1757661947,828740696
1757661947,831563928
1757661947,836866312
1757661947,866402296
1757661947,894945752
1757661947,904216408
1757661947,911097608
1757661947,931904680
1757661947,939801960
1757661947,963241320
1757661947,965669704
1757661947,967160952
1757661947,989614904
1757661947,991938328
1757661948,4701432
1757661948,11460344
1757661948,47135224
1757661948,50897448
1757661948,58489752
1757661948,69907544
1757661948,86242328
1757661948,93037048
1757661948,111644984
1757661948,128456712
1757661948,130429464
1757661948,157647208
1757661948,162144824
1757661948,169320504
1757661948,170593928
1757661948,196016952
1757661948,211376216
1757661948,216904984
1757661948,236306728
1757661948,250486072
1757661948,266413592
1757661948,283879736
1757661948,287617768
1757661948,304685400
1757661948,337486008
1757661948,351611256
1757661948,376708424
1757661948,402603432
1757661948,413213048
1757661948,421613880
1757661948,446727672
1757661948,452243656
1757661948,481219320
1757661948,486110056
1757661948,492088408
1757661948,527631672
1757661948,572966152
1757661948,619754664
1757661948,639060056
1757661948,640145208
1757661948,655525512
1757661948,664080104
1757661948,671475592
1757661948,698358792
1757661948,728770008
1757661948,758284648
1757661948,806505848
1757661948,822098744
1757661948,878828488
1757661948,893326152
1757661948,899982840
1757661948,902949064
1757661948,929549672
1757661948,931057368
1757661948,951569624
1757661948,960910120
1757661948,974191432
1757661948,980161544
1757661949,19656920
1757661949,51810344
1757661949,100411432
1757661949,158327224
1757661949,162010312
1757661949,171232152
1757661949,185467528
1757661949,203771544
1757661949,223765080
1757661949,234029592
1757661949,238146504
1757661949,245638088
1757661949,254344760
1757661949,274264536
1757661949,292105560
1757661949,308359512
1757661949,319355656
1757661949,321609528
1757661949,328411128
1757661949,340596248
1757661949,356755640
1757661949,366101512
1757661949,379131624
1757661949,380691032
1757661949,382983112
1757661949,400072552
1757661949,430835720
1757661949,442035032
1757661949,458482456
1757661949,474107592
1757661949,476362968
1757661949,495456552
1757661949,496697784
1757661949,498456664
1757661949,504057064
1757661949,514570888
1757661949,585673960
1757661949,610740328
1757661949,622618488
1757661949,639332040
1757661949,654812872
1757661949,664691880
1757661949,718007432
1757661949,721661000
1757661949,725696872
1757661949,742313656
1757661949,746291608
1757661949,752710936
1757661949,789651928
1757661949,791223000
1757661949,812917576
1757661949,856659560
1757661949,859444200
1757661949,874566152
1757661949,900797400
1757661949,931119976
1757661949,945479704
1757661949,996643816
1757661950,10136008
1757661950,20119896
1757661950,93411704
1757661950,113694664
1757661950,129824232
1757661950,132096568
1757661950,142918920
1757661950,146623480
1757661950,163153624
1757661950,221801528
1757661950,238563208
1757661950,254505848
1757661950,269637128
1757661950,288601512
1757661950,305403144
1757661950,313662184
1757661950,321142808
1757661950,358190024
1757661950,360954888
1757661950,369510376
1757661950,377547960
1757661950,385915800
1757661950,390382200
1757661950,400235064
1757661950,427702760
1757661950,434749080
1757661950,443585768
1757661950,461941288
1757661950,466563032
1757661950,489307944
1757661950,495616520
1757661950,512860616
1757661950,516770552
1757661950,529436312
1757661950,542973320
1757661950,563448168
1757661950,569254808
1757661950,600279512
1757661950,606217864
1757661950,608515560
1757661950,642894424
1757661950,652428760
1757661950,655507864
1757661950,674478712
1757661950,684726472
1757661950,744185480
1757661950,763796744
1757661950,812125624
1757661950,831784184
1757661950,859389960
1757661950,894497416
1757661950,910379400
1757661950,916386984
1757661950,924604136
1757661950,929094808
1757661950,957690824
1757661950,974694536
1757661950,983137112
1757661950,986459736
1757661950,989897976
1757661950,999562968
1757661951,2983864
1757661951,8372152
1757661951,26583336
1757661951,63423112
1757661951,76243048
1757661951,82789000
1757661951,100620056
1757661951,109460440
1757661951,111182664
1757661951,133132968
1757661951,134812408
1757661951,160164600
1757661951,170629112
1757661951,199975800
1757661951,235103512
1757661951,265384776
1757661951,267060600
1757661951,292772552
1757661951,297386728
1757661951,298740312
1757661951,303326008
1757661951,305275128
1757661951,308127032
1757661951,316069768
1757661951,319648856
1757661951,323657208
1757661951,400044104
1757661951,416413576
1757661951,503003304
1757661951,532166040
1757661951,539053096
1757661951,546418744
1757661951,580457880
1757661951,584541912
1757661951,590524248
1757661951,593070632
1757661951,602913064
1757661951,655416104
1757661951,658765672
1757661951,666521912
1757661951,681026744
1757661951,689598616
1757661951,703126712
1757661951,710965592
1757661951,714113912
1757661951,729087880
1757661951,736205480
1757661951,743243080
1757661951,751429448
1757661951,774169208
1757661951,781748440
1757661951,790874696
1757661951,805832248
1757661951,817332856
1757661951,823426568
1757661951,830625976
1757661951,837241064
1757661951,848117752
1757661951,854272776
1757661951,893681720
1757661951,906818360
1757661951,920831160
1757661951,922300168
1757661951,925817976
1757661951,928409096
1757661951,931999272
1757661951,937534680
1757661951,938821144
1757661951,948704184
1757661951,963382024
1757661951,965083496
1757661951,973860760
1757661951,984137528
1757661952,4674776
1757661952,9650696
1757661952,21196088
1757661952,37090328
1757661952,58603384
1757661952,70950888
1757661952,92038760
1757661952,117215256
1757661952,147516984
1757661952,149353992
1757661952,156329016
1757661952,171976552
1757661952,208794584
1757661952,214163560
1757661952,223690312
1757661952,230081096
1757661952,245070536
1757661952,253769144
1757661952,262501544
1757661952,282776152
1757661952,307787016
1757661952,312985304
1757661952,320417928
1757661952,376873432
1757661952,382561016
1757661952,386413752
1757661952,399540424
1757661952,422278024
1757661952,464277720
1757661952,487960664
1757661952,519391416
1757661952,537921320
1757661952,542288360
1757661952,563035800
1757661952,584803928
1757661952,588264664
1757661952,603863944
1757661952,606091496
1757661952,624953096
1757661952,644612264
1757661952,649999624
1757661952,678870680
1757661952,706307848
1757661952,726198712
1757661952,729343336
1757661952,735171656
1757661952,747804296
1757661952,773077400
1757661952,778047880
1757661952,795338392
1757661952,797254616
1757661952,801684776
1757661952,826608232
1757661952,836864600
1757661952,841609752
1757661952,858094472
1757661952,861323144
1757661952,880041656
1757661952,902518840
1757661952,933308536
1757661952,940921048
1757661952,968179112
1757661952,980207608
1757661953,309144
1757661953,4128328
1757661953,15272744
1757661953,44133352
1757661953,46808040
1757661953,69951288
1757661953,95591032
1757661953,105216888
1757661953,112828808
1757661953,172707048
1757661953,178743544
1757661953,179916280
1757661953,204084232
1757661953,211849864
1757661953,220845112
1757661953,234529688
1757661953,250015336
1757661953,261363160
1757661953,283411528
1757661953,305953832
1757661953,311446424
1757661953,324877784
1757661953,345306968
1757661953,366526616
1757661953,373622136
1757661953,410749400
1757661953,419320024
1757661953,433308424
1757661953,437759528
1757661953,470784072
1757661953,477175960
1757661953,492653496
1757661953,502207656
1757661953,509996600
1757661953,512957176
1757661953,528093976
1757661953,529328424
1757661953,536726680
1757661953,554384248
1757661953,612759864
1757661953,630073800
1757661953,639819992
1757661953,645758312
1757661953,647898600
1757661953,649444072
1757661953,665566280
1757661953,666870312
1757661953,687038168
1757661953,722357896
1757661953,741788840
1757661953,771810600
1757661953,793117432
1757661953,795706360
1757661953,797587992
1757661953,813196616
1757661953,821868888
1757661953,834101944
1757661953,855065496
1757661953,867511928
1757661953,885922504
1757661953,897714312
1757661953,905103240
1757661953,918962248
1757661953,924800808
1757661953,949109544
1757661953,974033400
1757661953,982080648
1757661953,992297768
1757661953,998183784
1757661954,12300856
1757661954,17397832
1757661954,23513064
1757661954,51543176
1757661954,59562968
1757661954,91883560
1757661954,99958824
1757661954,133624760
1757661954,166808920
1757661954,171655192
1757661954,181844936
1757661954,199570168
1757661954,211845240
1757661954,262102264
1757661954,281139288
1757661954,282306696
1757661954,307302152
1757661954,309351432
1757661954,339195128
1757661954,353137592
1757661954,359765208
1757661954,363385016
1757661954,380995800
1757661954,390965448
1757661954,417114024
1757661954,421676456
1757661954,425715896
1757661954,434164344
1757661954,467909496
1757661954,469822072
1757661954,491850728
1757661954,531011496
1757661954,575405912
1757661954,584849752
1757661954,597834168
1757661954,599784168
1757661954,606316760
1757661954,629523080
1757661954,694432296
1757661954,726057000
1757661954,734299592
1757661954,741178744
1757661954,755482376
1757661954,813632568
1757661954,839915048
1757661954,843077448
1757661954,854477912
1757661954,961341192
1757661954,976477624
1757661954,987493640
1757661954,991687160
1757661955,4771416
1757661955,16810808
1757661955,45969480
1757661955,52689048
1757661955,72183672
1757661955,75167960
1757661955,81534280
1757661955,87808792
1757661955,115633048
1757661955,135308424
1757661955,137736184
1757661955,139062680
1757661955,147757352
1757661955,157323832
1757661955,172655096
1757661955,175705720
1757661955,222788568
1757661955,255140488
1757661955,285873912
1757661955,290249384
1757661955,292862056
1757661955,304424840
1757661955,327069624
1757661955,336758584
1757661955,355483320
1757661955,367753352
1757661955,370932984
1757661955,435538824
1757661955,441755928
1757661955,445199336
1757661955,457135080
1757661955,468207816
1757661955,484192696
1757661955,495039784
1757661955,508782024
1757661955,511822328
1757661955,527998856
1757661955,546013640
1757661955,549787080
1757661955,551346952
1757661955,553474376
1757661955,562456872
1757661955,582271272
1757661955,606173080
1757661955,631569080
1757661955,662578968
1757661955,680071176
1757661955,688477112
1757661955,692707656
1757661955,698910920
1757661955,735865720
1757661955,739960632
1757661955,750089624
1757661955,767371000
1757661955,769686024
1757661955,774343288
1757661955,785078600
1757661955,804845640
1757661955,848667048
1757661955,849945208
1757661955,857576328
1757661955,894791832
1757661955,925262536
1757661955,930053064
1757661955,985651928
1757661956,3249832
1757661956,8220040
1757661956,36051448
1757661956,49449624
1757661956,52651400
1757661956,56618168
1757661956,69734824
1757661956,98512136
1757661956,101121080
1757661956,110102648
1757661956,142226456
1757661956,150528856
1757661956,237150040
1757661956,263958616
1757661956,274688184
1757661956,303349336
1757661956,312268520
1757661956,325212456
1757661956,337597624
1757661956,352240568
1757661956,356109000
1757661956,363050072
1757661956,416085544
1757661956,442303432
1757661956,452952904
1757661956,464628568
1757661956,483336904
1757661956,509898040
1757661956,521509112
1757661956,554962696
1757661956,564609800
1757661956,569640360
1757661956,573508920
1757661956,588290584
1757661956,598132616
1757661956,621241944
1757661956,624071416
1757661956,641471864
1757661956,649124168
1757661956,654229416
1757661956,684427816
1757661956,686840440
1757661956,696867128
1757661956,698758744
1757661956,705553672
1757661956,728186856
1757661956,732587160
1757661956,748847320
1757661956,750503640
1757661956,765306296
1757661956,767711256
1757661956,777047288
1757661956,816821992
1757661956,823694152
1757661956,830302824
1757661956,847454936
1757661956,860885000
1757661956,868748328
1757661956,870005112
1757661956,902031528
1757661956,925714952
1757661956,927715192
1757661956,963360888
1757661956,989209560
1757661957,349992
1757661957,11984488
1757661957,55738744
1757661957,72614312
1757661957,74785832
1757661957,107355688
1757661957,155979672
1757661957,185057336
1757661957,188479624
1757661957,196437576
1757661957,202953192
1757661957,211655656
1757661957,220768792
1757661957,227132248
1757661957,235911848
1757661957,246223672
1757661957,253085016
1757661957,268028312
1757661957,281407784
1757661957,284639800
1757661957,297781448
1757661957,305280760
1757661957,307553144
1757661957,313006760
1757661957,327448760
1757661957,380162648
1757661957,389036152
1757661957,403797800
1757661957,416543784
1757661957,429641096
1757661957,431467496
1757661957,439980712
1757661957,447605464
1757661957,458685368
1757661957,479238600
1757661957,485479032
1757661957,508452872
1757661957,510276904
1757661957,513952904
1757661957,551230088
1757661957,559827176
1757661957,562398952
1757661957,578185864
1757661957,586150520
1757661957,592822440
1757661957,642630344
1757661957,670729816
1757661957,680914360
1757661957,696083512
1757661957,719144952
1757661957,747252632
1757661957,755299048
1757661957,758873624
1757661957,782122600
1757661957,811528232
1757661957,832018632
1757661957,869699304
1757661957,878477240
1757661957,879786952
1757661957,901175496
1757661957,902975752
1757661957,905247992
1757661957,918927192
1757661957,947320776
1757661957,978485528
1757661958,4139160
1757661958,31555448
1757661958,35812856
1757661958,39737224
1757661958,46410968
1757661958,78269976
1757661958,92932312
1757661958,116050808
1757661958,126531016
1757661958,150275896
1757661958,153104280
1757661958,159092520
1757661958,163237224
1757661958,188612552
1757661958,196741336
1757661958,218570360
1757661958,224836712
1757661958,258439256
1757661958,271725080
1757661958,276378264
1757661958,280896664
1757661958,285644904
1757661958,289222456
1757661958,301596136
1757661958,307795256
1757661958,325389976
1757661958,336155800
1757661958,367954936
1757661958,371991848
1757661958,383513672
1757661958,385338120
1757661958,449750056
1757661958,455094616
1757661958,456618840
1757661958,486811400
1757661958,492614072
1757661958,495078424
1757661958,504224984
1757661958,507526040
1757661958,542802840
1757661958,546709032
1757661958,566541624
1757661958,574814824
1757661958,580179368
1757661958,604592120
1757661958,606029736
1757661958,612826536
1757661958,630838984
1757661958,664131912
1757661958,695530520
1757661958,714247320
1757661958,720116552
1757661958,740174136
1757661958,767174888
1757661958,785501960
1757661958,802460552
1757661958,809175064
1757661958,812144424
1757661958,835261736
1757661958,867727784
1757661958,874021080
1757661958,879647176
1757661958,892941336
1757661958,936698904
1757661958,955721640
1757661958,963201192
1757661958,964855464
1757661958,974250728
1757661959,11278040
1757661959,108266120
1757661959,135467032
1757661959,139330952
1757661959,189391256
1757661959,210752296
1757661959,212383448
1757661959,289354584
1757661959,300015576
1757661959,311413064
1757661959,323008456
1757661959,364152824
1757661959,375278216
1757661959,377103656
1757661959,380298584
1757661959,383653864
1757661959,385074536
1757661959,398212888
1757661959,411545576
1757661959,425776376
1757661959,430151192
1757661959,438661736
1757661959,451273512
1757661959,463574840
1757661959,495218200
1757661959,496764440
1757661959,511699464
1757661959,516804280
1757661959,528924696
1757661959,571334904
1757661959,641753432
1757661959,656575624
1757661959,671808664
1757661959,696568936
1757661959,720478824
1757661959,722093416
1757661959,736813848
1757661959,747001592
1757661959,785995544
1757661959,788676904
1757661959,831647240
1757661959,843303640
1757661959,848857256
1757661959,853088440
1757661959,862271864
1757661959,872044440
1757661959,882324664
1757661959,967843080
1757661960,25389656
1757661960,42018952
1757661960,67481016
1757661960,82089544
1757661960,86750392
1757661960,99351848
1757661960,109404744
1757661960,112006680
1757661960,118012840
1757661960,123241064
1757661960,143161176
1757661960,154954904
1757661960,162620840
1757661960,172702680
1757661960,181658888
1757661960,232406744
1757661960,244466632
1757661960,249098008
1757661960,261373704
1757661960,273888536
1757661960,292464712
1757661960,303460920
1757661960,307737864
1757661960,309325912
1757661960,356200312
1757661960,375137912
1757661960,382099640
1757661960,392059944
1757661960,397646168
1757661960,404585464
1757661960,415794824
1757661960,424497176
1757661960,459659112
1757661960,469778216
1757661960,479013128
1757661960,493600008
1757661960,508501272
1757661960,528913000
1757661960,550965032
1757661960,564735336
1757661960,588510072
1757661960,591313816
1757661960,592759032
1757661960,601201096
1757661960,614149720
1757661960,620374104
1757661960,640499832
1757661960,673661736
1757661960,682445192
1757661960,714829176
1757661960,724086760
1757661960,727899000
1757661960,761151816
1757661960,766290136
1757661960,784331800
1757661960,785701608
1757661960,796794280
1757661960,827188408
1757661960,835917112
1757661960,838626808
1757661960,843736584
1757661960,848698760
1757661960,860990536
1757661960,863548152
1757661960,869169240
1757661960,887786136
1757661960,928584072
1757661960,943890424
1757661960,955952056
1757661960,957430872
1757661960,972404488
1757661961,7977336
1757661961,17366392
1757661961,20497112
1757661961,27781096
1757661961,29463320
1757661961,45084008
1757661961,51793720
1757661961,59787560
1757661961,147777208
1757661961,169447288
1757661961,205863784
1757661961,219569512
1757661961,224149144
1757661961,227009352
1757661961,237757080
1757661961,290921016
1757661961,328470280
1757661961,330873416
1757661961,342141944
1757661961,345092888
1757661961,360433016
1757661961,374113992
1757661961,386994232
1757661961,398046408
1757661961,410266840
1757661961,417427784
1757661961,428282408
1757661961,467613880
1757661961,478331624
1757661961,535434648
1757661961,544766936
1757661961,549623176
1757661961,557243208
1757661961,560431992
1757661961,575170152
1757661961,588763464
1757661961,624328952
1757661961,626727352
1757661961,637496600
1757661961,670075656
1757661961,673602920
1757661961,676282088
1757661961,678491000
1757661961,691865032
1757661961,706704936
1757661961,767079816
1757661961,771616168
1757661961,784671224
1757661961,809724296
1757661961,834839496
1757661961,837102104
1757661961,842559080
1757661961,866967752
1757661961,889157400
1757661961,909546344
1757661961,929363320
1757661961,932953512
1757661961,940613608
1757661961,965888152
1757661961,977917096
1757661961,985350168
1757661962,7698744
1757661962,9646712
1757661962,14413672
1757661962,50915112
1757661962,64659592
1757661962,73318712
1757661962,75598728
1757661962,83092792
1757661962,108025768
1757661962,126389784
1757661962,127903752
1757661962,130849352
1757661962,136005144
1757661962,137699736
1757661962,142327720
1757661962,144969768
1757661962,209377704
1757661962,211886232
1757661962,214483272
1757661962,223509848
1757661962,233163576
1757661962,260984168
1757661962,262763976
1757661962,268446424
1757661962,272898488
1757661962,297636264
1757661962,301018792
1757661962,302442744
1757661962,316519592
1757661962,334022216
1757661962,348355240
1757661962,355447656
1757661962,372138696
1757661962,373476392
1757661962,391066328
1757661962,431826520
1757661962,440566888
1757661962,445957096
1757661962,453957800
1757661962,476733384
1757661962,482083288
1757661962,486710536
1757661962,514713048
1757661962,536891352
1757661962,563938056
1757661962,578332952
1757661962,593478968
1757661962,627425688
1757661962,657522200
1757661962,666664104
1757661962,680494664
1757661962,683924120
1757661962,692748792
1757661962,717609048
1757661962,718948280
1757661962,757259656
1757661962,772848952
1757661962,787223080
1757661962,801186168
1757661962,803075512
1757661962,818411352
1757661962,821572504
1757661962,851051288
1757661962,858296696
1757661962,865656568
1757661962,882655624
1757661962,897521064
1757661962,939532472
1757661962,956138296
1757661962,966497064
1757661962,992452216
1757661963,1965064
1757661963,3655208
1757661963,13920152
1757661963,36594984
1757661963,39401416
1757661963,42931272
1757661963,47515736
1757661963,50461416
1757661963,87639816
1757661963,97450296
1757661963,104109400
1757661963,105459144
1757661963,109621160
1757661963,120805672
1757661963,155659896
1757661963,173661192
1757661963,186476120
1757661963,201074344
1757661963,239247336
1757661963,240389240
1757661963,263657528
1757661963,267000888
1757661963,292033064
1757661963,301236648
1757661963,315962376
1757661963,319173352
1757661963,329896536
1757661963,341612104
1757661963,370638728
1757661963,399729464
1757661963,409315224
1757661963,430097976
1757661963,432739320
1757661963,459069080
1757661963,475469944
1757661963,481351784
1757661963,508729256
1757661963,523691464
1757661963,527518040
1757661963,542372184
1757661963,547616312
1757661963,620249144
1757661963,628914456
1757661963,655591736
1757661963,663873144
1757661963,665139464
1757661963,678629224
1757661963,704374136
1757661963,723955528
1757661963,725254600
1757661963,738279944
1757661963,743920264
1757661963,752996360
1757661963,755341640
1757661963,760392856
1757661963,768872760
1757661963,812391512
1757661963,920666216
1757661963,922948776
1757661963,929110504
1757661963,939922184
1757661963,943580344
1757661963,958030824
1757661963,979111288
1757661963,982590456
1757661963,989675144
1757661963,993558504
1757661963,999207112
1757661964,18741640
1757661964,50211288
1757661964,76561704
1757661964,91666712
1757661964,110873352
1757661964,122867640
1757661964,130982504
1757661964,148358312
1757661964,161983704
1757661964,190971144
1757661964,194499128
1757661964,221084744
1757661964,227874984
1757661964,233347224
1757661964,264804936
1757661964,275107608
1757661964,281558456
1757661964,311076648
1757661964,323985144
1757661964,325505720
1757661964,383270792
1757661964,393030392
1757661964,397373032
1757661964,408473736
1757661964,410209608
1757661964,412311624
1757661964,414663352
1757661964,416556440
1757661964,430731784
1757661964,441938824
1757661964,452005752
1757661964,474621096
1757661964,499400600
1757661964,502851176
1757661964,541226152
1757661964,573271560
1757661964,577982072
1757661964,616629960
1757661964,648509272
1757661964,659425448
1757661964,688592024
1757661964,732474888
1757661964,747703160
1757661964,761479816
1757661964,763370248
1757661964,782904872
1757661964,802495128
1757661964,854096488
1757661964,874349336
1757661964,896384392
1757661964,899840296
1757661964,919305752
1757661964,957192600
1757661964,958767320
1757661964,992550968
1757661964,994354888
1757661964,995592504
1757661965,1156008
1757661965,2747768
1757661965,11847816
1757661965,41040904
1757661965,48832408
1757661965,93638504
1757661965,96218936
1757661965,105072312
1757661965,121669032
1757661965,124053832
1757661965,138073240
1757661965,166247208
1757661965,212299784
1757661965,217014120
1757661965,233942408
1757661965,257424360
1757661965,263270120
1757661965,277177960
1757661965,280573768
1757661965,321509608
1757661965,350205976
1757661965,353310312
1757661965,357006440
1757661965,407794456
1757661965,425614520
1757661965,437838840
1757661965,463070936
1757661965,464563704
1757661965,471697848
1757661965,473765256
1757661965,494423736
1757661965,496091272
1757661965,499831528
1757661965,505013064
1757661965,512761240
1757661965,522795384
1757661965,525429864
1757661965,545398328
1757661965,565882776
1757661965,567957192
1757661965,576416392
1757661965,603757272
1757661965,612488664
1757661965,639189992
1757661965,665752952
1757661965,672981224
1757661965,682412200
1757661965,698738616
1757661965,708104920
1757661965,721158648
1757661965,728937848
1757661965,759765768
1757661965,768498024
1757661965,783751032
1757661965,833131288
1757661965,863047368
1757661965,868627240
1757661965,925469192
1757661965,981849048
1757661965,984539720
1757661965,995910088
1757661966,2844504
1757661966,31291464
1757661966,45149384
1757661966,64730920
1757661966,70373256
1757661966,84315896
1757661966,104219496
1757661966,124221288
1757661966,147266408
1757661966,169377480
1757661966,170850552
1757661966,179437816
1757661966,181462120
1757661966,208879000
1757661966,223557784
1757661966,227692008
1757661966,273733256
1757661966,294980312
1757661966,305347800
1757661966,314908056
1757661966,378408872
1757661966,401017240
1757661966,413071976
1757661966,419527208
1757661966,420897032
1757661966,432079256
1757661966,436167672
1757661966,451917016
1757661966,482630824
1757661966,493938856
1757661966,502338712
1757661966,533879752
1757661966,537457160
1757661966,544411528
1757661966,552316984
1757661966,566178296
1757661966,570162136
1757661966,591439384
1757661966,596972040
1757661966,614923672
1757661966,617151592
1757661966,628899512
1757661966,638652584
1757661966,645601112
1757661966,654514856
1757661966,692795880
1757661966,700479208
1757661966,707570424
1757661966,727399048
1757661966,761756104
1757661966,780071208
1757661966,794380824
1757661966,802330840
1757661966,807208600
1757661966,813554440
1757661966,837846840
1757661966,852819112
1757661966,861129864
1757661966,862192216
1757661966,868230712
1757661966,886765560
1757661966,946061752
1757661966,972619480
1757661966,984422664
1757661966,997452712
1757661967,8190920
1757661967,32487128
1757661967,40874616
1757661967,44339560
1757661967,81595496
1757661967,92179160
1757661967,151962456
1757661967,160077832
1757661967,166961992
1757661967,169194392
1757661967,180131016
1757661967,183748440
1757661967,209922648
1757661967,217224568
1757661967,220446584
1757661967,240172376
1757661967,265363640
1757661967,269405816
1757661967,277643128
1757661967,312248504
1757661967,336187048
1757661967,341647592
1757661967,346234120
1757661967,361033688
1757661967,379859112
1757661967,421088664
1757661967,453994952
1757661967,465232104
1757661967,469473656
1757661967,474469080
1757661967,491228488
1757661967,549255304
1757661967,571475160
1757661967,573882264
1757661967,594354280
1757661967,613345896
1757661967,620972920
1757661967,622986472
1757661967,644696552
1757661967,649210808
1757661967,654943352
1757661967,690396504
1757661967,699712152
1757661967,758818984
1757661967,761965432
1757661967,773242456
1757661967,783614808
1757661967,791576088
1757661967,796160680
1757661967,800192744
1757661967,802561528
1757661967,811753736
1757661967,928338152
1757661967,938163688
1757661967,951717272
1757661967,957603096
1757661967,960408856
1757661967,979137512
1757661967,980529176
1757661967,991437400
1757661968,29266232
1757661968,60419224
1757661968,71246136
1757661968,83524136
1757661968,135524744
1757661968,168921144
1757661968,192617928
1757661968,203205880
1757661968,249452488
1757661968,260023640
1757661968,270117960
1757661968,285803336
1757661968,288281368
1757661968,291282808
1757661968,305849320
1757661968,308552248
1757661968,317594568
1757661968,319439320
1757661968,321249592
1757661968,329494200
1757661968,340661736
1757661968,369307128
1757661968,375711720
1757661968,396635080
1757661968,398031400
1757661968,408235464
1757661968,409874520
1757661968,430824536
1757661968,440369560
1757661968,477505880
1757661968,480442296
1757661968,486195352
1757661968,494772264
1757661968,496326376
1757661968,502619656
1757661968,523834104
1757661968,547945432
1757661968,561174696
1757661968,566123608
1757661968,580809944
1757661968,589441688
1757661968,593431816
1757661968,605265448
1757661968,607188280
1757661968,624829576
1757661968,638052456
1757661968,693188920
1757661968,695829144
1757661968,699134072
1757661968,704495736
1757661968,710696472
1757661968,736887368
1757661968,748826872
1757661968,795636856
1757661968,856873656
1757661968,867906792
1757661968,871447336
1757661968,901546552
1757661968,932973656
1757661968,939451704
1757661968,943062808
1757661968,945696856
1757661968,978676904
1757661968,983753512
1757661968,992560600
1757661968,998213048
1757661969,3786600
1757661969,36479448
1757661969,49170200
1757661969,70098312
1757661969,71314600
1757661969,108494184
1757661969,133816344
1757661969,144273608
1757661969,149712184
1757661969,166306744
1757661969,173046232
1757661969,189430424
1757661969,199274584
1757661969,216896456
1757661969,243809496
1757661969,255436200
1757661969,278163304
1757661969,289136856
1757661969,300940232
1757661969,305989752
1757661969,317827416
1757661969,330788184
1757661969,346310792
1757661969,358133448
1757661969,371632952
1757661969,382180360
1757661969,394897192
1757661969,407316248
1757661969,416320200
1757661969,437432072
1757661969,453239656
1757661969,481018296
1757661969,498324360
1757661969,500849672
1757661969,517233608
1757661969,547981160
1757661969,552434296
1757661969,555578152
1757661969,564809544
1757661969,602316600
1757661969,610161928
1757661969,621031832
1757661969,623373176
1757661969,629350552
1757661969,631932568
1757661969,641229352
1757661969,646665112
1757661969,648424184
1757661969,670913288
1757661969,672367592
1757661969,676163768
1757661969,709611800
1757661969,715501544
1757661969,718748696
1757661969,734220248
1757661969,757048904
1757661969,760203192
1757661969,766912872
1757661969,785456696
1757661969,798996536
1757661969,805104008
1757661969,810775304
1757661969,815843160
1757661969,817953560
1757661969,821499528
1757661969,843753016
1757661969,904899768
1757661969,906023608
1757661969,952194648
1757661969,959212216
1757661969,962307224
1757661969,966156952
1757661969,985531320
1757661969,994854152
1757661970,5613800
1757661970,10257496
1757661970,16913032
1757661970,22728728
1757661970,27634200
1757661970,34748104
1757661970,37093352
1757661970,41951064
1757661970,55334888
1757661970,67505640
1757661970,72311672
1757661970,74821256
1757661970,92075096
1757661970,93258504
1757661970,94564856
1757661970,96728008
1757661970,114826248
1757661970,162299848
1757661970,166121784
1757661970,187757320
1757661970,189093768
1757661970,206274968
1757661970,218428792
1757661970,240102952
1757661970,251363832
1757661970,265129592
1757661970,275290152
1757661970,280949640
1757661970,286678552
1757661970,298875672
1757661970,341846952
1757661970,368070712
1757661970,378218968
1757661970,399488232
1757661970,422985320
1757661970,426057752
1757661970,432905368
1757661970,436199272
1757661970,442624024
1757661970,460849784
1757661970,484416680
1757661970,501404728
1757661970,528689720
1757661970,530592168
1757661970,534580824
1757661970,536607464
1757661970,578814136
1757661970,581325016
1757661970,597729928
1757661970,613835816
1757661970,621622408
1757661970,625510552
1757661970,639263208
1757661970,640881176
1757661970,647410488
1757661970,657470824
1757661970,666114920
1757661970,668118536
1757661970,672022824
1757661970,682647672
1757661970,694551528
1757661970,701564952
1757661970,706443864
1757661970,710960664
1757661970,716119032
1757661970,718634856
1757661970,720809032
1757661970,724249000
1757661970,765810536
1757661970,770185896
1757661970,771697016
1757661970,802747208
1757661970,825692872
1757661970,877556024
1757661970,882976248
1757661970,905705048
1757661970,930038040
1757661970,942687672
1757661970,956166104
1757661970,983430936
1757661971,24560648
1757661971,66779176
1757661971,72706216
1757661971,77987512
1757661971,85922456
1757661971,94204088
1757661971,115394920
1757661971,125366312
1757661971,145541448
1757661971,149846952
1757661971,153342984
1757661971,199487512
1757661971,217780120
1757661971,274610456
1757661971,280213192
1757661971,313337320
1757661971,332991832
1757661971,341524632
1757661971,348971672
1757661971,355412136
1757661971,406277160
1757661971,413464216
1757661971,417809384
1757661971,424050200
1757661971,425435640
1757661971,429886888
1757661971,449397896
1757661971,478260584
1757661971,482311080
1757661971,498155432
1757661971,506082344
1757661971,507614104
1757661971,537329512
1757661971,593091128
1757661971,598444456
1757661971,622485256
1757661971,647877432
1757661971,674026632
1757661971,690260632
1757661971,694358952
1757661971,705403160
1757661971,709213368
1757661971,712554600
1757661971,714962136
1757661971,730796312
1757661971,740934776
1757661971,747133832
1757661971,778151320
1757661971,780168536
1757661971,785508696
1757661971,811944520
1757661971,823455416
1757661971,831317208
1757661971,844098568
1757661971,866457272
1757661971,896381432
1757661971,909185064
1757661971,916870952
1757661971,928992120
1757661971,932455096
1757661971,937627128
1757661971,952418792
1757661971,979859912
1757661971,985012456
1757661972,21400824
1757661972,35126040
1757661972,52817432
1757661972,54413576
1757661972,85761512
1757661972,115374152
1757661972,124888776
1757661972,130800216
1757661972,138375640
1757661972,153089432
1757661972,154192360
1757661972,180608136
1757661972,189799448
1757661972,238674824
1757661972,242359448
1757661972,246861176
1757661972,251021208
1757661972,263235944
1757661972,273762904
1757661972,313140296
1757661972,315389000
1757661972,338527720
1757661972,340104520
1757661972,349114216
1757661972,359260328
1757661972,372284280
1757661972,374447224
1757661972,376490120
1757661972,386836968
1757661972,388016376
1757661972,417675064
1757661972,427073640
1757661972,435195736
1757661972,442298024
1757661972,490196632
1757661972,497753720
1757661972,504602632
1757661972,509219736
1757661972,513557336
1757661972,519414808
1757661972,535958488
1757661972,549389720
1757661972,564317608
1757661972,577770504
1757661972,579683016
1757661972,583775928
1757661972,628257608
1757661972,636600040
1757661972,642832472
1757661972,680202136
1757661972,723780520
1757661972,741993432
1757661972,744556680
1757661972,746314008
1757661972,759836728
1757661972,772854344
1757661972,796375448
1757661972,797512232
1757661972,809440680
1757661972,813894264
1757661972,854144264
1757661972,865525928
1757661972,869166120
1757661972,891535544
1757661972,928530776
1757661972,931638440
1757661972,937447032
1757661972,959347192
1757661972,967535128
1757661972,992632376
1757661973,10335496
1757661973,24928552
1757661973,36529992
1757661973,45854792
1757661973,79094952
1757661973,81516200
1757661973,84889528
1757661973,102760632
1757661973,126719608
1757661973,130752344
1757661973,140340776
1757661973,171732840
1757661973,182490808
1757661973,202230552
1757661973,216794088
1757661973,222113960
1757661973,244453928
1757661973,251265256
1757661973,256675432
1757661973,266184664
1757661973,300403608
1757661973,317510664
1757661973,346809192
1757661973,353058264
1757661973,365536520
1757661973,368806968
1757661973,377756776
1757661973,387377640
1757661973,410024072
1757661973,425935624
1757661973,436931288
1757661973,441155976
1757661973,446585800
1757661973,450878056
1757661973,461564728
1757661973,470382136
1757661973,496371368
1757661973,501303896
1757661973,512160696
1757661973,515355656
1757661973,554197240
1757661973,580789768
1757661973,582870328
1757661973,591180280
1757661973,609934904
1757661973,632035880
1757661973,641967416
1757661973,653199400
1757661973,658559432
1757661973,669509048
1757661973,674034680
1757661973,684560248
1757661973,724832200
1757661973,729685496
1757661973,760651896
1757661973,783905816
1757661973,790138536
1757661973,793402248
1757661973,818693352
1757661973,835991704
1757661973,857708552
1757661973,862639336
1757661973,878327416
1757661973,884941640
1757661973,891910968
1757661973,907271096
1757661973,914358168
1757661973,927542952
1757661973,952449592
1757661973,954595784
1757661973,963905080
1757661973,978839336
1757661973,987529096
1757661974,5378600
1757661974,11684344
1757661974,15621528
1757661974,19088760
1757661974,47394792
1757661974,52168888
1757661974,82740168
1757661974,90002296
1757661974,135583448
1757661974,141641352
1757661974,151638424
1757661974,153057592
1757661974,157729912
1757661974,160689448
1757661974,169326936
1757661974,182916024
1757661974,198865000
1757661974,264840744
1757661974,297581624
1757661974,318640616
1757661974,338301224
1757661974,365244328
1757661974,381482568
1757661974,385947736
1757661974,391040040
1757661974,396344040
1757661974,418834584
1757661974,425230552
1757661974,484352584
1757661974,504950200
1757661974,512287016
1757661974,514160104
1757661974,520265176
1757661974,542688360
1757661974,545441640
1757661974,557779384
1757661974,561603992
1757661974,585930456
1757661974,599099176
1757661974,601906520
1757661974,680826152
1757661974,694036184
1757661974,697718696
1757661974,712928136
1757661974,723397544
1757661974,737871816
1757661974,744273880
1757661974,759071256
1757661974,765943032
1757661974,780857592
1757661974,792014296
1757661974,794142888
1757661974,821577912
1757661974,860791960
1757661974,884531096
1757661974,889932232
1757661974,894627592
1757661974,938758376
1757661974,947725576
1757661974,960846552
1757661975,33723800
1757661975,38892920
1757661975,47253144
1757661975,63825144
1757661975,121965496
1757661975,134252328
1757661975,153327592
1757661975,155362168
1757661975,165615752
1757661975,191115768
1757661975,233222424
1757661975,244769432
1757661975,253653592
1757661975,296068504
1757661975,309986760
1757661975,318553432
1757661975,320163528
1757661975,337017720
1757661975,340897304
1757661975,343996616
1757661975,345740408
1757661975,389451768
1757661975,392616344
1757661975,399917416
1757661975,404640136
1757661975,417994600
1757661975,419762296
1757661975,429655352
1757661975,480129752
1757661975,490572792
1757661975,506588760
1757661975,510748040
1757661975,526002024
1757661975,540692824
1757661975,542663832
1757661975,607473448
1757661975,618246440
1757661975,623984296
1757661975,627325816
1757661975,639909208
1757661975,656730216
1757661975,663140696
1757661975,667372104
1757661975,671283512
1757661975,692958808
1757661975,731971336
1757661975,745810024
1757661975,824541304
1757661975,847445688
1757661975,867777784
1757661975,870880120
1757661975,900264520
1757661975,902973432
1757661975,922787880
1757661975,934209016
1757661975,960330696
1757661975,978937032
1757661975,992324744
1757661975,993972776
1757661976,3337960
1757661976,50674104
1757661976,80275592
1757661976,117304776
1757661976,126688584
1757661976,146573784
1757661976,157524616
1757661976,171819080
1757661976,194316136
1757661976,206723544
1757661976,210798600
1757661976,215154712
1757661976,272523976
1757661976,276380584
1757661976,277671704
1757661976,306318056
1757661976,338188088
1757661976,341281832
1757661976,369559368
1757661976,401016888
1757661976,417321176
1757661976,452647864
1757661976,460758184
1757661976,496377176
1757661976,536171384
1757661976,545340744
1757661976,546857944
1757661976,550981720
1757661976,580531592
1757661976,585801992
1757661976,592889416
1757661976,602199640
1757661976,604924312
1757661976,661061832
1757661976,680948840
1757661976,697008280
1757661976,701358440
1757661976,743091368
1757661976,745874184
1757661976,768551464
1757661976,776936984
1757661976,790375400
1757661976,813044648
1757661976,817734280
1757661976,822624968
1757661976,823875048
1757661976,836769640
1757661976,855350456
1757661976,869935944
1757661976,926130888
1757661976,942189608
1757661976,954258328
1757661976,966304920
1757661976,975396248
1757661977,36382888
1757661977,62792488
1757661977,67558184
1757661977,82094200
1757661977,86398840
1757661977,104828744
1757661977,116022328
1757661977,118513208
1757661977,140223112
1757661977,173997400
1757661977,187790776
1757661977,200375160
1757661977,205264600
1757661977,247151720
1757661977,255280344
1757661977,265940392
1757661977,268309112
1757661977,277678088
1757661977,279028920
1757661977,285863480
1757661977,288888904
1757661977,290499896
1757661977,301885480
1757661977,304675768
1757661977,306641512
1757661977,307837656
1757661977,316754248
1757661977,332368008
1757661977,357836120
1757661977,376432872
1757661977,398766984
1757661977,403097736
1757661977,405405912
1757661977,465299800
1757661977,471151480
1757661977,481366696
1757661977,482722344
1757661977,491161304
1757661977,493136680
1757661977,496531880
1757661977,515980904
1757661977,524325656
1757661977,539704264
1757661977,558497416
1757661977,563806088
1757661977,570870264
1757661977,576115064
1757661977,598105848
1757661977,609849144
1757661977,616230552
1757661977,636696168
1757661977,669372168
1757661977,671888152
1757661977,696546200
1757661977,711664504
1757661977,713757912
1757661977,720284120
1757661977,731157320
1757661977,747450888
1757661977,752879880
1757661977,763352584
1757661977,770570872
1757661977,790006216
1757661977,795106408
1757661977,800350168
1757661977,811312568
1757661977,819062184
1757661977,826421624
1757661977,861594104
1757661977,903720744
1757661977,914955640
1757661977,945808440
1757661977,969263832
1757661977,977312952
1757661977,992789432
1757661978,23151064
1757661978,31295512
1757661978,69547864
1757661978,88360632
1757661978,96603672
1757661978,104098200
1757661978,134499320
1757661978,144554312
1757661978,157528024
1757661978,168347480
1757661978,178676840
1757661978,183097944
1757661978,201137816
1757661978,203280232
1757661978,215624360
1757661978,224816616
1757661978,237903896
1757661978,301929752
1757661978,332430104
1757661978,350467112
1757661978,355493384
1757661978,370467336
1757661978,447432840
1757661978,505213512
1757661978,508211896
1757661978,512785096
1757661978,542828600
1757661978,546623480
1757661978,608482248
1757661978,637033928
1757661978,639552184
1757661978,642398152
1757661978,667247752
1757661978,668573416
1757661978,676137400
1757661978,712501464
1757661978,746857336
1757661978,753360632
1757661978,781085032
1757661978,805033512
1757661978,831249176
1757661978,836476568
1757661978,843549464
1757661978,850206616
1757661978,851680408
1757661978,854077112
1757661978,872884664
1757661978,905717400
1757661978,922902504
1757661978,928125448
1757661978,933855960
1757661978,968631800
1757661978,988551448
1757661978,995378552
1757661979,375256
1757661979,39698808
1757661979,46527864
1757661979,71155064
1757661979,80523528
1757661979,82687416
1757661979,90877384
1757661979,102292184
1757661979,123918744
1757661979,147166488
1757661979,167659496
1757661979,182736072
1757661979,186804696
1757661979,189796760
1757661979,201244232
1757661979,220148120
1757661979,244749688
1757661979,248474536
1757661979,256523064
1757661979,259120376
1757661979,266787432
1757661979,272259800
1757661979,300987288
1757661979,309761080
1757661979,316964376
1757661979,321160904
1757661979,340362120
1757661979,347968568
1757661979,374612360
1757661979,393271688
1757661979,397930552
1757661979,413929464
1757661979,431678680
1757661979,448167144
1757661979,457703240
1757661979,468586808
1757661979,478376584
1757661979,489212664
1757661979,505891704
1757661979,531935736
1757661979,538944600
1757661979,554759624
1757661979,582048856
1757661979,587270072
1757661979,609753944
1757661979,623115864
1757661979,632502840
1757661979,647259880
1757661979,672304616
1757661979,675378792
1757661979,693875128
1757661979,706726008
1757661979,710194328
1757661979,725068824
1757661979,733918392
1757661979,736977848
1757661979,741680760
1757661979,756408104
1757661979,790017976
1757661979,819398328
1757661979,823433144
1757661979,837944088
1757661979,840286952
1757661979,842826952
1757661979,858790072
1757661979,868479832
1757661979,881087064
1757661979,888380424
1757661979,898527160
1757661979,923680728
1757661979,944553784
1757661979,964773144
1757661979,996173592
1757661980,25927480
1757661980,27028120
1757661980,48040296
1757661980,83078376
1757661980,125781320
1757661980,132927080
1757661980,140480600
1757661980,156855400
1757661980,174624968
1757661980,176397320
1757661980,186048520
1757661980,192011528
1757661980,216482840
1757661980,232701592
1757661980,316862408
1757661980,318640856
1757661980,322382568
1757661980,324660440
1757661980,351783480
1757661980,364910616
1757661980,382252920
1757661980,395090632
1757661980,404957704
1757661980,432964344
1757661980,445996440
1757661980,472753400
1757661980,476749320
1757661980,485071160
1757661980,489326120
1757661980,512947624
1757661980,516431320
1757661980,528587512
1757661980,534884232
1757661980,547810056
1757661980,552672680
1757661980,563479320
1757661980,602583352
1757661980,607521560
1757661980,609639192
1757661980,632530680
1757661980,637835176
1757661980,653310760
1757661980,657373272
1757661980,668480328
1757661980,691974648
1757661980,737666280
1757661980,742307720
1757661980,764859768
1757661980,774185464
1757661980,785396408
1757661980,793738360
1757661980,829090104
1757661980,831053624
1757661980,835570408
1757661980,845773080
1757661980,848599672
1757661980,873775560
1757661980,878553208
1757661980,890678888
1757661980,907164280
1757661980,912085800
1757661980,926273976
1757661980,934948120
1757661980,947084184
1757661980,973580520
1757661980,980532808
1757661980,986081016
1757661980,993876744
1757661980,997080776
1757661981,6518040
1757661981,10966792
1757661981,27968904
1757661981,39716312
1757661981,57182168
1757661981,63412328
1757661981,84022216
1757661981,87535656
1757661981,125735800
1757661981,152854904
1757661981,175230536
1757661981,188572104
1757661981,189936488
1757661981,209484760
1757661981,217614968
1757661981,227461608
1757661981,230905080
1757661981,235049896
1757661981,237057272
1757661981,244991736
1757661981,297690504
1757661981,327853560
1757661981,356105384
1757661981,358149720
1757661981,364063304
1757661981,401881640
1757661981,453417688
1757661981,462528744
1757661981,502010760
1757661981,511038200
1757661981,512787400
1757661981,526505768
1757661981,531208328
1757661981,533997864
1757661981,539172792
1757661981,574025592
1757661981,579206184
1757661981,581726536
1757661981,587765448
1757661981,590595928
1757661981,595824952
1757661981,603590680
1757661981,610314008
1757661981,632253784
1757661981,638239848
1757661981,684543736
1757661981,691264936
1757661981,755843944
1757661981,760936632
1757661981,770613976
1757661981,798787096
1757661981,805830904
1757661981,830529832
1757661981,850841688
1757661981,868122312
1757661981,876245144
1757661981,881899592
1757661981,883257640
1757661981,889514296
1757661981,897353496
1757661981,907235704
1757661981,909824696
1757661981,914172280
1757661981,942448424
1757661981,953197608
1757661981,956593416
1757661981,968823480
1757661981,983282904
1757661981,991290280
1757661981,993097384
1757661982,2714952
1757661982,19878520
1757661982,53922392
1757661982,118303624
1757661982,137238712
1757661982,141721816
1757661982,153144312
1757661982,179934904
1757661982,193046856
1757661982,226703640
1757661982,228026152
1757661982,241549816
1757661982,248127752
1757661982,282620488
1757661982,291869352
1757661982,299545176
1757661982,313223016
1757661982,336199288
1757661982,339241992
1757661982,350621016
1757661982,354749704
1757661982,403991208
1757661982,416639048
1757661982,425202392
1757661982,434669352
1757661982,436958504
1757661982,461853432
1757661982,513690600
1757661982,541401496
1757661982,544201192
1757661982,550991864
1757661982,564553512
1757661982,610717528
1757661982,661556904
1757661982,668262104
1757661982,669417224
1757661982,670853400
1757661982,680121960
1757661982,686112696
1757661982,696375336
1757661982,710177464
1757661982,732972408
1757661982,736216648
1757661982,745074040
1757661982,777038088
1757661982,780937832
1757661982,793669240
1757661982,811031512
1757661982,862916872
1757661982,875266200
1757661982,891850856
1757661982,897385192
1757661982,933452376
1757661982,944279352
1757661982,948067304
1757661982,954245288
1757661982,971346840
1757661982,977468008
1757661982,982355864
1757661983,15160888
1757661983,29007528
1757661983,55900888
1757661983,62435080
1757661983,64447688
1757661983,76594776
1757661983,96312856
1757661983,100434952
1757661983,112738856
1757661983,147076824
1757661983,169454488
1757661983,181295736
1757661983,192118792
1757661983,197521864
1757661983,204649448
1757661983,229249256
1757661983,245956280
1757661983,253383736
1757661983,256720936
1757661983,259563208
1757661983,268590824
1757661983,269892952
1757661983,301928120
1757661983,319343592
1757661983,335192824
1757661983,350184696
1757661983,378323704
1757661983,385278600
1757661983,404169304
1757661983,412022168
1757661983,432598104
1757661983,459046248
1757661983,473215096
1757661983,483431128
1757661983,496610616
1757661983,521956600
1757661983,527316056
1757661983,549809432
1757661983,555603608
1757661983,581499768
1757661983,603911352
1757661983,606250616
1757661983,622706264
1757661983,624115384
1757661983,650854264
1757661983,655465848
1757661983,662356168
1757661983,675824840
1757661983,682478424
1757661983,712034552
1757661983,717933464
1757661983,723741544
1757661983,741284440
1757661983,759470168
1757661983,778855784
1757661983,788374904
1757661983,798741528
1757661983,800829784
1757661983,815323880
1757661983,817285544
1757661983,834218808
1757661983,853556120
1757661983,868701000
1757661983,871619704
1757661983,906239976
1757661983,920116232
1757661983,939048040
1757661983,941801272
1757661983,956063400
1757661983,989295672
1757661983,998961576
1757661984,6940312
1757661984,20257528
1757661984,27101464
1757661984,49057464
1757661984,53841480
1757661984,75160424
1757661984,82260328
1757661984,93140952
1757661984,103564440
1757661984,105890312
1757661984,119687864
1757661984,135990520
1757661984,143060616
1757661984,144497224
1757661984,149839256
1757661984,159166824
1757661984,165516536
1757661984,171374696
1757661984,180989128
1757661984,183355240
1757661984,197144008
1757661984,203759832
1757661984,205365384
1757661984,225357640
1757661984,228488888
1757661984,251929368
1757661984,268706504
1757661984,279195384
1757661984,280546888
1757661984,301098456
1757661984,303094280
1757661984,323558216
1757661984,328191768
1757661984,338526120
1757661984,352444200
1757661984,374175016
1757661984,380459848
1757661984,396330488
1757661984,398282296
1757661984,406319192
1757661984,416625496
1757661984,421993304
1757661984,424662696
1757661984,476865992
1757661984,510335528
1757661984,524449944
1757661984,538722776
1757661984,542326536
1757661984,558832792
1757661984,607751080
1757661984,639188840
1757661984,658547784
1757661984,661245480
1757661984,664113608
1757661984,681133544
1757661984,685685704
1757661984,746535784
1757661984,796741640
1757661984,810216536
1757661984,834557064
1757661984,838824632
1757661984,867896616
1757661984,878995176
1757661984,881241512
1757661984,890346952
1757661984,903245512
1757661984,921884472
1757661984,960726600
1757661984,965557928
1757661985,5501880
1757661985,6810648
1757661985,30514216
1757661985,45600408
1757661985,48789784
1757661985,65010936
1757661985,107964376
1757661985,118618920
1757661985,128928376
1757661985,151043432
1757661985,170669608
1757661985,177596296
1757661985,182893512
1757661985,185229464
1757661985,196029144
1757661985,210654536
1757661985,226293672
1757661985,229541672
1757661985,245526632
1757661985,254299176
1757661985,270399704
1757661985,304843768
1757661985,311329048
1757661985,345748136
1757661985,367353288
1757661985,370785016
1757661985,387711608
1757661985,397279192
1757661985,401775752
1757661985,425896712
1757661985,431650184
1757661985,436827816
1757661985,451478472
1757661985,468594408
1757661985,486991080
1757661985,488968856
1757661985,490353384
1757661985,494031240
1757661985,510214200
1757661985,520838632
1757661985,533911624
1757661985,537544776
1757661985,546714904
1757661985,564872152
1757661985,567092568
1757661985,576093592
1757661985,585279416
1757661985,590932728
1757661985,607912328
1757661985,648108424
1757661985,653936088
1757661985,709151208
1757661985,719343224
1757661985,755385816
1757661985,770671576
1757661985,779527080
1757661985,848102376
1757661985,855462680
1757661985,859289096
1757661985,898618664
1757661985,918213800
1757661985,931022008
1757661985,941667784
1757661985,953677672
1757661985,977345720
1757661985,980532168
1757661986,9178952
1757661986,13633304
1757661986,21795560
1757661986,31757128
1757661986,55873608
1757661986,66878808
1757661986,94226072
1757661986,128738904
1757661986,157566808
1757661986,159816664
1757661986,198682280
1757661986,211921528
1757661986,220830696
1757661986,268406728
1757661986,309173992
1757661986,315149512
1757661986,323369480
1757661986,330062744
1757661986,339828776
1757661986,352382408
1757661986,379149784
1757661986,380998088
1757661986,383692744
1757661986,446485768
1757661986,468930008
1757661986,482007032
1757661986,483460664
1757661986,489059928
1757661986,498354728
1757661986,534657160
1757661986,552133480
1757661986,557394152
1757661986,585403640
1757661986,590619608
1757661986,613442104
1757661986,676115416
1757661986,705827688
1757661986,714881288
1757661986,723427784
1757661986,727406568
1757661986,729922408
1757661986,735192104
1757661986,740615320
1757661986,743768808
1757661986,749548376
1757661986,763615192
1757661986,765275016
1757661986,782870312
1757661986,804111448
1757661986,808556856
1757661986,925396808
1757661986,942825416
1757661986,970243288
1757661986,989823160
1757661987,6555432
1757661987,21286696
1757661987,23484904
1757661987,39643320
1757661987,47919832
1757661987,67216152
1757661987,109535400
1757661987,111712408
1757661987,138627960
1757661987,183861960
1757661987,188931688
1757661987,196316360
1757661987,209068360
1757661987,210818808
1757661987,224666776
1757661987,267509384
1757661987,271213560
1757661987,287221624
1757661987,298299928
1757661987,305032552
1757661987,310934152
1757661987,326403592
1757661987,349229496
1757661987,350941336
1757661987,368867944
1757661987,379419624
1757661987,390914616
1757661987,409639736
1757661987,448059384
1757661987,474305080
1757661987,478013496
1757661987,494128952
1757661987,505374840
1757661987,520328344
1757661987,526468696
1757661987,528236200
1757661987,530484920
1757661987,539775688
1757661987,540790280
1757661987,548785272
1757661987,552326168
1757661987,565560888
1757661987,570265832
1757661987,581273016
1757661987,602963816
1757661987,624661896
1757661987,641507608
1757661987,644342440
1757661987,649011512
1757661987,653839368
1757661987,667560504
1757661987,698640008
1757661987,703822664
1757661987,712001720
1757661987,738137592
1757661987,739767848
1757661987,773305144
1757661987,780378648
1757661987,793130120
1757661987,799178184
1757661987,801791208
1757661987,810774152
1757661987,813080200
1757661987,815062920
1757661987,844077112
1757661987,849275768
1757661987,868185112
1757661987,911464504
1757661987,913817032
1757661987,929186312
1757661987,944671368
1757661987,968673160
1757661987,989737464
1757661988,2369960
1757661988,14312696
1757661988,23689384
1757661988,25942136
1757661988,27640392
1757661988,31930552
1757661988,50710712
1757661988,113716920
1757661988,114968216
1757661988,121768744
1757661988,136289208
1757661988,137998280
1757661988,146911992
1757661988,164454088
1757661988,166353144
1757661988,182156584
1757661988,187259064
1757661988,193154056
1757661988,198736408
1757661988,200909480
1757661988,210747512
1757661988,212844680
1757661988,255395928
1757661988,257538312
1757661988,270055752
1757661988,291519288
1757661988,297833672
1757661988,306202024
1757661988,317815576
1757661988,321387400
1757661988,325218408
1757661988,346447288
1757661988,357868968
1757661988,374564568
1757661988,385467768
1757661988,399419048
1757661988,407172344
1757661988,430769608
1757661988,471300136
1757661988,473473560
1757661988,481301784
1757661988,491513240
1757661988,497125320
1757661988,518689512
1757661988,522193736
1757661988,542418520
1757661988,549891576
1757661988,563427048
1757661988,592025640
1757661988,596176984
1757661988,598690008
1757661988,624986712
1757661988,636124856
1757661988,665619544
1757661988,683679736
1757661988,693998520
1757661988,722349992
1757661988,733253080
1757661988,783221352
1757661988,786636856
1757661988,826372552
1757661988,832950008
1757661988,837883112
1757661988,861256344
1757661988,863904200
1757661988,870903224
1757661988,898228072
1757661988,904984856
1757661988,914105032
1757661988,920155752
1757661988,924486120
1757661988,943427176
1757661988,957920360
1757661988,960614360
1757661988,970657768
1757661988,976198056
1757661988,986003624
1757661989,68065992
1757661989,69612808
1757661989,77296232
1757661989,113447480
1757661989,119420040
1757661989,122333448
1757661989,131176392
1757661989,139502856
1757661989,162498360
1757661989,183748296
1757661989,186910280
1757661989,211535800
1757661989,221469192
1757661989,241701656
1757661989,252871992
1757661989,300169304
1757661989,303080120
1757661989,307577768
1757661989,326955704
1757661989,341148856
1757661989,346229336
1757661989,375627800
1757661989,383628696
1757661989,394369864
1757661989,414373048
1757661989,454738296
1757661989,475133144
1757661989,481364104
1757661989,492762888
1757661989,504557080
1757661989,523272408
1757661989,540412184
1757661989,543846504
1757661989,545952216
1757661989,562064392
1757661989,564543720
1757661989,567640056
1757661989,573299848
1757661989,586185000
1757661989,588540168
1757661989,614560840
1757661989,633632232
1757661989,636638664
1757661989,648203304
1757661989,651917736
1757661989,699684376
1757661989,708069224
1757661989,757933928
1757661989,769185672
1757661989,796227432
1757661989,822919112
1757661989,832279304
1757661989,842700712
1757661989,862832904
1757661989,873553848
1757661989,907181880
1757661989,946359272
1757661989,956848072
1757661989,976970968
1757661989,999698552
1757661990,10218344
1757661990,17675160
1757661990,26649992
1757661990,43100776
1757661990,66950344
1757661990,73136616
1757661990,84842984
1757661990,107111864
1757661990,138075432
1757661990,161865672
1757661990,167389272
1757661990,177306600
1757661990,179672792
1757661990,200068760
1757661990,214592552
1757661990,226705224
1757661990,272760920
1757661990,290673368
1757661990,300310504
1757661990,314977176
1757661990,323289016
1757661990,378529592
1757661990,407006072
1757661990,443822200
1757661990,489451960
1757661990,490793832
1757661990,513070760
1757661990,526187624
1757661990,533506760
1757661990,543730856
1757661990,546801192
1757661990,548701544
1757661990,550437576
1757661990,588811464
1757661990,620821608
1757661990,675022872
1757661990,696257064
1757661990,720766360
1757661990,745826456
1757661990,760978216
1757661990,780516200
1757661990,814660376
1757661990,847355976
1757661990,851776632
1757661990,872949144
1757661990,897141128
1757661990,899483704
1757661990,948261816
1757661990,951847960
1757661990,955176296
1757661990,956377544
1757661990,973406008
1757661990,978718024
1757661990,985086152
1757661990,991203944
1757661990,993122680
1757661991,3946808
1757661991,7050776
1757661991,12959144
1757661991,14427816
1757661991,17229192
1757661991,25648568
1757661991,29074216
1757661991,49280104
1757661991,63611448
1757661991,64770056
1757661991,65981432
1757661991,68009640
1757661991,74425368
1757661991,75818728
1757661991,100898424
1757661991,112703176
1757661991,134947336
1757661991,173729640
1757661991,183538504
1757661991,209147944
1757661991,222195400
1757661991,266847176
1757661991,282108328
1757661991,299547512
1757661991,308390888
1757661991,348303384
1757661991,357748152
1757661991,380616088
1757661991,385846760
1757661991,392495080
1757661991,398342872
1757661991,399779128
1757661991,416992136
1757661991,424735784
1757661991,435150328
1757661991,437553288
1757661991,443703608
1757661991,476959400
1757661991,478464376
1757661991,483437704
1757661991,498402552
1757661991,519835928
1757661991,533410168
1757661991,548530056
1757661991,554604200
1757661991,572884888
1757661991,577407160
1757661991,582109208
1757661991,598226216
1757661991,613353208
1757661991,624570888
1757661991,632653048
1757661991,647210824
1757661991,663470488
1757661991,667178840
1757661991,670964952
1757661991,678725960
1757661991,690881448
1757661991,741200216
1757661991,755896584
1757661991,778180072
1757661991,790903080
1757661991,792901240
1757661991,799925896
1757661991,814261272
1757661991,821150152
1757661991,831154312
1757661991,844689800
1757661991,859586424
1757661991,870588328
1757661991,877321384
1757661991,882746360
1757661991,902814696
1757661991,914938808
1757661991,916827720
1757661991,920925688
1757661991,938508904
1757661991,939767048
1757661991,980924248
1757661992,632296
1757661992,2099736
1757661992,13048968
1757661992,46796408
1757661992,68267960
1757661992,70801688
1757661992,72724056
1757661992,77140456
1757661992,86137352
1757661992,132523064
1757661992,134122824
1757661992,136152680
1757661992,144081320
1757661992,172016232
1757661992,192517464
1757661992,217578104
1757661992,233882024
1757661992,272626712
1757661992,298119960
1757661992,320054488
1757661992,322897240
1757661992,324588424
1757661992,328141480
1757661992,329843064
1757661992,342678808
1757661992,344774072
1757661992,356896008
1757661992,397651064
1757661992,400032008
1757661992,413301400
1757661992,430656744
1757661992,435402904
1757661992,462334424
1757661992,492359160
1757661992,498491800
1757661992,510409736
1757661992,523434424
1757661992,526658360
1757661992,540000168
1757661992,543827432
1757661992,554502792
1757661992,557392984
1757661992,562333944
1757661992,629933128
1757661992,632823432
1757661992,644659224
1757661992,674548744
1757661992,686043080
1757661992,715739352
1757661992,721455688
1757661992,740917320
1757661992,766161832
1757661992,790142120
1757661992,798289752
1757661992,814103832
1757661992,830721608
1757661992,838793368
1757661992,849534808
1757661992,858942216
1757661992,885342616
1757661992,890088920
1757661992,915373112
1757661992,926065752
1757661992,934856232
1757661992,979095496
1757661992,983742856
1757661992,985325096
1757661992,987589720
1757661993,15698920
1757661993,40532584
1757661993,58070440
1757661993,79845640
1757661993,86700248
1757661993,125339752
1757661993,142184392
1757661993,152037896
1757661993,158223720
1757661993,179816184
1757661993,210789320
1757661993,241389800
1757661993,246469352
1757661993,260655672
1757661993,268775576
1757661993,294562120
1757661993,308496952
1757661993,316239960
1757661993,321512216
1757661993,335147928
1757661993,341895576
1757661993,355651464
1757661993,375226984
1757661993,377196904
1757661993,378989896
1757661993,383391048
1757661993,419617448
1757661993,445456904
1757661993,454916952
1757661993,469454472
1757661993,471421752
1757661993,482067464
1757661993,503482600
1757661993,578008024
1757661993,624501688
1757661993,636438424
1757661993,657419448
1757661993,665940584
1757661993,668249752
1757661993,673323368
1757661993,680470584
1757661993,727964424
1757661993,731957944
1757661993,744825592
1757661993,753484472
1757661993,761874744
1757661993,775122040
1757661993,786942552
1757661993,837510936
1757661993,851959096
1757661993,862418552
1757661993,878005720
1757661993,879337256
1757661993,903995704
1757661993,907281848
1757661993,945189560
1757661993,961744792
1757661993,966575896
1757661993,978280808
1757661993,988507160
1757661993,992016168
1757661994,14727448
1757661994,43658744
1757661994,47257912
1757661994,80435400
1757661994,103542312
1757661994,128292728
1757661994,129405416
1757661994,141668216
1757661994,152844328
1757661994,156203048
1757661994,170721704
1757661994,175229848
1757661994,186269400
1757661994,201416296
1757661994,215535752
1757661994,240539208
1757661994,268535128
1757661994,280623864
1757661994,304628488
1757661994,332072328
1757661994,335967832
1757661994,357279400
1757661994,375203560
1757661994,378641048
1757661994,436902408
1757661994,438989288
1757661994,443833368
1757661994,456204984
1757661994,460392616
1757661994,469856664
1757661994,481107384
1757661994,484386152
1757661994,495123368
1757661994,508250664
1757661994,510834088
1757661994,525762184
1757661994,529898408
1757661994,539878280
1757661994,570923208
1757661994,577513912
1757661994,589128424
1757661994,605125272
1757661994,612785096
1757661994,626367528
1757661994,639280152
1757661994,641740168
1757661994,643578392
1757661994,689103672
1757661994,693957272
1757661994,697290584
1757661994,707093944
1757661994,709086520
1757661994,736400936
1757661994,740740232
1757661994,752438968
1757661994,766780104
1757661994,825285032
1757661994,832771240
1757661994,849191176
1757661994,856105672
1757661994,869341448
1757661994,885930760
1757661994,894230216
1757661994,901192504
1757661994,906346728
1757661994,911735272
1757661994,917023544
1757661994,926625912
1757661994,940338312
1757661994,953553880
1757661995,20284120
1757661995,29779384
1757661995,33763720
1757661995,65500328
1757661995,74377704
1757661995,82577096
1757661995,97988136
1757661995,109277512
1757661995,128902808
1757661995,146658744
1757661995,154228904
1757661995,157897928
1757661995,168136216
1757661995,184579704
1757661995,194718792
1757661995,246747608
1757661995,260585880
1757661995,264140040
1757661995,279708280
1757661995,282697768
1757661995,291399080
1757661995,311741752
1757661995,326434424
1757661995,330900120
1757661995,364110248
1757661995,379961944
1757661995,388820136
1757661995,403293224
1757661995,406594392
1757661995,445603752
1757661995,452694376
1757661995,459407944
1757661995,463865256
1757661995,472292616
1757661995,498970120
1757661995,508842648
1757661995,512134424
1757661995,518079368
1757661995,525698744
1757661995,534018344
1757661995,536354152
1757661995,575659816
1757661995,577189272
1757661995,602059816
1757661995,639091992
1757661995,651648856
1757661995,660645144
1757661995,671145896
1757661995,673383096
1757661995,676973304
1757661995,691752088
1757661995,711264984
1757661995,716292120
1757661995,732798296
1757661995,752204376
1757661995,767993256
1757661995,775666056
1757661995,779361784
1757661995,816740472
1757661995,823156936
1757661995,824301352
1757661995,826399992
1757661995,866153496
1757661995,895788184
1757661995,934460104
1757661995,943636792
1757661995,978706056
1757661995,986324472
1757661995,987799848
1757661996,8581048
1757661996,18257784
1757661996,30966472
1757661996,46840600
1757661996,68142168
1757661996,85501416
1757661996,86643016
1757661996,111154456
1757661996,112727288
1757661996,119289448
1757661996,132723960
1757661996,135582216
1757661996,160071176
1757661996,185132280
1757661996,193311752
1757661996,204220008
1757661996,223207352
1757661996,236859880
1757661996,244624120
1757661996,253170296
1757661996,269003256
1757661996,299325112
1757661996,304592376
1757661996,307441960
1757661996,332331736
1757661996,341775560
1757661996,354183928
1757661996,363160296
1757661996,420432904
1757661996,425854232
1757661996,430044680
1757661996,449550856
1757661996,467712440
1757661996,469397032
1757661996,476384056
1757661996,482358936
1757661996,496658648
1757661996,498019752
1757661996,505310408
1757661996,522653304
1757661996,544159336
1757661996,551275208
1757661996,588657416
1757661996,594901192
1757661996,619038008
1757661996,629532968
1757661996,647963432
1757661996,661112184
1757661996,687443704
1757661996,700838552
1757661996,718386680
1757661996,750538968
1757661996,795983640
1757661996,806726696
1757661996,821873160
1757661996,833723816
1757661996,838881496
1757661996,856046584
1757661996,932222264
1757661996,934676696
1757661996,939421704
1757661996,945686408
1757661996,965221272
1757661996,974670792
1757661996,996474088
1757661997,3293512
1757661997,31331384
1757661997,54924248
1757661997,63723416
1757661997,68127192
1757661997,74220776
1757661997,89560952
1757661997,117493192
1757661997,138667224
1757661997,143859448
1757661997,194357928
1757661997,196698024
1757661997,212750248
1757661997,258850360
1757661997,273239752
1757661997,295342008
1757661997,297461576
1757661997,306522936
1757661997,320834584
1757661997,333847240
1757661997,339552760
1757661997,364638440
1757661997,368646408
1757661997,382287640
1757661997,393945496
1757661997,421124952
1757661997,424399512
1757661997,457122248
1757661997,462475800
1757661997,479705208
1757661997,481501288
1757661997,506149128
1757661997,509310680
1757661997,579210472
1757661997,583677896
1757661997,591317640
1757661997,633372600
1757661997,643222600
1757661997,645443336
1757661997,680049400
1757661997,681267928
1757661997,696845464
1757661997,719039016
1757661997,731362152
1757661997,739495368
1757661997,753014936
1757661997,765353096
1757661997,780182072
1757661997,783597320
1757661997,809237608
1757661997,825021192
1757661997,835774072
1757661997,838775192
1757661997,854099656
1757661997,865430808
1757661997,872398168
1757661997,882501384
1757661997,905640856
1757661997,928283432
1757661997,942944728
1757661997,956376664
1757661997,969684792
1757661997,978301544
1757661998,999384
1757661998,29487992
1757661998,42949656
1757661998,46887720
1757661998,62615512
1757661998,65375848
1757661998,79313096
1757661998,87142552
1757661998,99721576
1757661998,112610328
1757661998,158734440
1757661998,169504264
1757661998,177845512
1757661998,191942200
1757661998,204686168
1757661998,221079880
1757661998,267001752
1757661998,307445144
1757661998,317674072
1757661998,335973208
1757661998,352568376
1757661998,367632536
1757661998,385257480
1757661998,396687576
1757661998,407261480
1757661998,423936680
1757661998,435517624
1757661998,441813928
1757661998,474123240
1757661998,480943336
1757661998,497735176
1757661998,508694392
1757661998,544060056
1757661998,580459864
1757661998,589444616
1757661998,609472824
1757661998,619343576
1757661998,631101896
1757661998,640520968
1757661998,646654536
1757661998,654255432
1757661998,692070664
1757661998,698616104
1757661998,709591048
1757661998,730417208
1757661998,738441832
1757661998,744314152
1757661998,777250040
1757661998,779142376
1757661998,824023400
1757661998,830060248
1757661998,838210360
1757661998,846614504
1757661998,848708136
1757661998,852295016
1757661998,886350744
1757661998,902457416
1757661998,905561384
1757661998,923217752
1757661998,925118392
1757661998,941477544
1757661998,947866168
1757661998,980732024
1757661998,999408952
1757661999,20052280
1757661999,44977368
1757661999,59329944
1757661999,68837144
1757661999,83768456
1757661999,97058312
1757661999,109686984
1757661999,113983976
1757661999,152477672
1757661999,178655832
1757661999,207192648
1757661999,234984168
1757661999,251730696
1757661999,254856328
1757661999,269554120
1757661999,274388152
1757661999,276736536
1757661999,287337400
1757661999,295471304
1757661999,323782776
1757661999,327547336
1757661999,368936536
1757661999,379326152
1757661999,399692104
1757661999,413944392
1757661999,430517400
1757661999,449659192
1757661999,463995512
1757661999,466809192
1757661999,498154056
1757661999,516241384
1757661999,553148024
1757661999,578113832
1757661999,588823432
1757661999,590749272
1757661999,597203048
1757661999,600054296
1757661999,623906280
1757661999,629827304
1757661999,647190200
1757661999,651793640
1757661999,659160120
1757661999,663334536
1757661999,666070760
1757661999,684652952
1757661999,726591048
1757661999,728514360
1757661999,732348968
1757661999,746815368
1757661999,760902040
1757661999,773647880
1757661999,802300904
1757661999,806607240
1757661999,818334088
1757661999,823080328
1757661999,840419928
1757661999,858716520
1757661999,875989320
1757661999,907161672
1757661999,918937896
1757661999,983830072
1757661999,988946824
1757662000,7066840
1757662000,24387928
1757662000,36084088
1757662000,38697112
1757662000,63819480
1757662000,74023736
1757662000,142164456
1757662000,145130904
1757662000,153825400
1757662000,173832136
1757662000,176311384
1757662000,180140648
1757662000,213685816
1757662000,216862216
1757662000,260380568
1757662000,269057624
1757662000,275117032
1757662000,276367528
1757662000,289537096
1757662000,297801432
1757662000,303432872
1757662000,308311912
1757662000,310906392
1757662000,337640552
1757662000,387212952
1757662000,407028024
1757662000,412575992
1757662000,414723704
1757662000,447207368
1757662000,463876536
1757662000,486731496
1757662000,509365816
1757662000,514654040
1757662000,532088952
1757662000,547160328
1757662000,590080312
1757662000,608197000
1757662000,614428744
1757662000,625783880
1757662000,667317464
1757662000,683580664
1757662000,710350520
1757662000,756153416
1757662000,776830120
1757662000,792637960
1757662000,794829784
1757662000,835162200
1757662000,857551944
1757662000,894677240
1757662000,896613208
1757662000,911416584
1757662000,913257624
1757662000,927400584
1757662000,928894168
1757662000,930091048
1757662000,956875720
1757662000,960964072
1757662000,964698168
1757662000,966631176
1757662000,991458408
1757662001,1972568
1757662001,7955880
1757662001,15838584
1757662001,24528520
1757662001,28499640
1757662001,34062712
1757662001,36729288
1757662001,48915640
1757662001,53514744
1757662001,62414504
1757662001,73931784
1757662001,84786312
1757662001,94954040
1757662001,114982936
1757662001,129425160
1757662001,153409960
1757662001,165447560
1757662001,168419816
1757662001,170993064
1757662001,217416536
1757662001,231288824
1757662001,241457992
1757662001,280052248
1757662001,340853912
1757662001,398674024
1757662001,413672840
1757662001,443384456
1757662001,478780264
1757662001,505364744
1757662001,522717880
1757662001,538792536
1757662001,554495176
1757662001,570380600
1757662001,573765320
1757662001,575322168
1757662001,590964952
1757662001,608746152
1757662001,610496728
1757662001,618824440
1757662001,635769896
1757662001,651388264
1757662001,653864120
1757662001,657922232
1757662001,673904648
1757662001,682905640
1757662001,693471928
1757662001,716246472
1757662001,718484328
1757662001,753866440
1757662001,784548216
1757662001,786873384
1757662001,788670376
1757662001,862527944
1757662001,885103672
1757662001,927774088
1757662001,930325944
1757662001,947808104
1757662001,954790616
1757662001,960162680
1757662001,982253240
1757662001,983647992
1757662001,993020296
1757662002,19891976
1757662002,78085352
1757662002,116857720
1757662002,125653352
1757662002,143882056
1757662002,145624360
1757662002,169484984
1757662002,171667048
1757662002,191359080
1757662002,196853288
1757662002,204606248
1757662002,209736008
1757662002,221085416
1757662002,225259512
1757662002,248593096
1757662002,259348792
1757662002,270706264
1757662002,275335416
1757662002,280898664
1757662002,284004344
1757662002,285423768
1757662002,287645688
1757662002,297896104
1757662002,343120872
1757662002,360296328
1757662002,366147624
1757662002,391175944
1757662002,397107976
1757662002,406874472
1757662002,471364440
1757662002,496811080
1757662002,499992168
1757662002,514199928
1757662002,521809432
1757662002,527327320
1757662002,543364360
1757662002,556866664
1757662002,614974552
1757662002,634733544
1757662002,703466040
1757662002,705928248
1757662002,716441432
1757662002,735568184
1757662002,745924040
1757662002,786157960
1757662002,793661144
1757662002,803197880
1757662002,809605352
1757662002,893276424
1757662002,897788296
1757662002,904072504
1757662002,921832312
1757662002,941436312
1757662002,943704840
1757662002,961373768
1757662002,969713288
1757662002,972174264
1757662002,985102072
1757662002,990377832
1757662002,996252712
1757662003,1294136
1757662003,4693576
1757662003,6823352
1757662003,13336632
1757662003,55144376
1757662003,57171560
1757662003,61135528
1757662003,65858600
1757662003,67036904
1757662003,82975928
1757662003,112307784
1757662003,150013992
1757662003,164798616
1757662003,166903432
1757662003,210342008
1757662003,218390968
1757662003,220753336
1757662003,223260024
1757662003,253891432
1757662003,259938376
1757662003,270864600
1757662003,289375192
1757662003,313507624
1757662003,346063448
1757662003,372344888
1757662003,379462440
1757662003,383094584
1757662003,384310952
1757662003,391084264
1757662003,406329608
1757662003,443779608
1757662003,470576680
1757662003,482519256
1757662003,509404408
1757662003,527693128
1757662003,530136232
1757662003,531914616
1757662003,564427400
1757662003,570855688
1757662003,578513992
1757662003,583931336
1757662003,604803496
1757662003,612097160
1757662003,616513832
1757662003,643032744
1757662003,645404248
1757662003,663724184
1757662003,666756936
1757662003,669561096
1757662003,677151752
1757662003,697877336
1757662003,707456968
1757662003,731957000
1757662003,733897176
1757662003,736881512
1757662003,738243320
1757662003,742886712
1757662003,779342408
1757662003,790594888
1757662003,803012456
1757662003,811447064
1757662003,834617048
1757662003,873192952
1757662003,878848888
1757662003,889249400
1757662003,910964024
1757662003,942769752
1757662003,948934632
1757662003,952400104
1757662003,976453048
1757662003,979259720
1757662003,985702888
1757662003,988556792
1757662003,991148536
1757662003,994451160
1757662004,1011048
1757662004,33399704
1757662004,43283528
1757662004,45451752
1757662004,49730248
1757662004,82906840
1757662004,85144520
1757662004,106673384
1757662004,127223176
1757662004,137692840
1757662004,146884888
1757662004,148503400
1757662004,150266696
1757662004,170874520
1757662004,197137208
1757662004,207640744
1757662004,208981944
1757662004,211606792
1757662004,239582088
1757662004,312529368
1757662004,339508808
1757662004,356219224
1757662004,378268440
1757662004,385546440
1757662004,409531624
1757662004,415904360
1757662004,427246968
1757662004,432714824
1757662004,439281096
1757662004,449583880
1757662004,469139848
1757662004,472799864
1757662004,476479912
1757662004,492848168
1757662004,499527768
1757662004,554181400
1757662004,589305368
1757662004,608446968
1757662004,618766216
1757662004,622425736
1757662004,636975144
1757662004,644823416
1757662004,648584264
1757662004,650922824
1757662004,709248200
1757662004,726135720
1757662004,760566264
1757662004,761928344
1757662004,764584056
1757662004,770799304
1757662004,772456280
1757662004,817024488
1757662004,838877192
1757662004,841929480
1757662004,844240712
1757662004,848036904
1757662004,851864200
1757662004,854609992
1757662004,871845432
1757662004,886055032
1757662004,895048760
1757662004,943759208
1757662004,951125832
1757662004,963733736
1757662004,971210664
1757662004,981739064
1757662005,1196536
1757662005,23700904
1757662005,27365784
1757662005,30379128
1757662005,33913832
1757662005,35554792
1757662005,52710264
1757662005,65209608
1757662005,84072856
1757662005,92951272
1757662005,105624616
1757662005,134106664
1757662005,143565640
1757662005,156859752
1757662005,171909784
1757662005,181067592
1757662005,209134296
1757662005,225187784
1757662005,244335128
1757662005,254877224
1757662005,272352664
1757662005,280831960
1757662005,289346424
1757662005,290551016
1757662005,296442632
1757662005,311274696
1757662005,327169656
1757662005,376105992
1757662005,388382840
1757662005,426677128
1757662005,450335880
1757662005,452207256
1757662005,455957496
1757662005,461988536
1757662005,495657640
1757662005,497630808
1757662005,555018200
1757662005,570231720
1757662005,578198136
1757662005,587137048
1757662005,608049832
1757662005,613090920
1757662005,631900648
1757662005,665407656
1757662005,692076504
1757662005,695880776
1757662005,697722520
1757662005,705372824
1757662005,708580200
1757662005,718119432
1757662005,719307400
1757662005,722440536
1757662005,757717816
1757662005,760650232
1757662005,765896520
1757662005,767119736
1757662005,773774072
1757662005,783361752
1757662005,799076008
1757662005,806903640
1757662005,821185976
1757662005,853654904
1757662005,878719864
1757662005,896548504
1757662005,910876312
1757662005,938626920
1757662005,948304440
1757662005,985174472
1757662006,6487992
1757662006,31293960
1757662006,49938456
1757662006,78925944
1757662006,87328360
1757662006,118183880
1757662006,173571368
1757662006,178502840
1757662006,208325368
1757662006,220706264
1757662006,224797304
1757662006,227285352
1757662006,230481624
1757662006,252747432
1757662006,342285944
1757662006,349725272
1757662006,364354040
1757662006,371281368
1757662006,404464104
1757662006,415936792
1757662006,443961752
1757662006,457783080
1757662006,481277160
1757662006,491030088
1757662006,493897864
1757662006,518493544
1757662006,530306040
1757662006,535833992
1757662006,549983160
1757662006,552074056
1757662006,566089048
1757662006,567612840
1757662006,577730728
1757662006,614707624
1757662006,631060680
1757662006,633158776
1757662006,671727000
1757662006,684802408
1757662006,698112472
1757662006,714153736
1757662006,745083272
1757662006,780682056
1757662006,784648264
1757662006,788278360
1757662006,803900952
1757662006,807381096
1757662006,814741304
1757662006,823386920
1757662006,835055288
1757662006,855450760
1757662006,860285400
1757662006,868903368
1757662006,878590120
1757662006,902054808
1757662006,928616120
1757662006,945450968
1757662006,947944504
1757662006,989033576
1757662007,4796120
1757662007,35869192
1757662007,44374088
1757662007,56521320
1757662007,68514216
1757662007,84477128
1757662007,109247784
1757662007,118046200
1757662007,141894216
1757662007,154045112
1757662007,156276280
1757662007,158975656
1757662007,220452392
1757662007,224941752
1757662007,229140616
1757662007,235138936
1757662007,268150728
1757662007,273156088
1757662007,296091528
1757662007,317006472
1757662007,333579320
1757662007,339757560
1757662007,341616552
1757662007,375912280
1757662007,383043944
1757662007,386917016
1757662007,414876968
1757662007,424171080
1757662007,512451592
1757662007,515589048
1757662007,525458920
1757662007,538724264
1757662007,578469880
1757662007,586426184
1757662007,591160744
1757662007,597044200
1757662007,642113944
1757662007,655972936
1757662007,664990392
1757662007,694332232
1757662007,714223224
1757662007,748855112
1757662007,771145976
1757662007,817105512
1757662007,819530712
1757662007,837393240
1757662007,851302360
1757662007,855596536
1757662007,864484344
1757662007,896534168
1757662007,923245656
1757662007,947734408
1757662007,968813000
1757662007,984908968
1757662008,23976616
1757662008,48289960
1757662008,67600984
1757662008,77155992
1757662008,79349512
1757662008,83644088
1757662008,97119384
1757662008,100078216
1757662008,107852424
1757662008,112970360
1757662008,114806936
1757662008,136536072
1757662008,143573080
1757662008,164978424
1757662008,188506808
1757662008,216172152
1757662008,231675256
1757662008,235674152
1757662008,301419960
1757662008,367231416
1757662008,377949128
1757662008,395446008
1757662008,403303608
1757662008,415095144
1757662008,435237832
1757662008,449504040
1757662008,462174472
1757662008,479694984
1757662008,486337480
1757662008,501911480
1757662008,521338232
1757662008,528853608
1757662008,530939784
1757662008,542253944
1757662008,547553320
1757662008,560953864
1757662008,563281688
1757662008,571323528
1757662008,578836648
1757662008,587239000
1757662008,607004680
1757662008,613142984
1757662008,622921272
1757662008,636113240
1757662008,649908904
1757662008,663937048
1757662008,665465384
1757662008,672943144
1757662008,679757464
1757662008,687033208
1757662008,693617672
1757662008,697133960
1757662008,708079656
1757662008,713845688
1757662008,741689016
1757662008,752856088
1757662008,760591880
1757662008,763398600
1757662008,783455096
1757662008,784852520
1757662008,804929400
1757662008,829214424
1757662008,837328296
1757662008,840092328
1757662008,861521784
1757662008,862962600
1757662008,901528776
1757662008,904990168
1757662008,927505464
1757662008,956042360
1757662008,966160936
1757662008,974457768
1757662008,986093096
1757662008,987878456
1757662009,13286776
1757662009,18981560
1757662009,28610104
1757662009,41336856
1757662009,48183000
1757662009,54171736
1757662009,94057112
1757662009,104821352
1757662009,106830616
1757662009,111792600
1757662009,130976792
1757662009,140472248
1757662009,157306392
1757662009,182180040
1757662009,195899240
1757662009,202746392
1757662009,252308696
1757662009,266694968
1757662009,267945736
1757662009,272555144
1757662009,280737896
1757662009,304062584
1757662009,330162248
1757662009,332537320
1757662009,366151720
1757662009,397597160
1757662009,402100152
1757662009,404041032
1757662009,411104952
1757662009,413546088
1757662009,420095544
1757662009,434960824
1757662009,449435976
1757662009,457686920
1757662009,471364760
1757662009,485058088
1757662009,505690904
1757662009,545376664
1757662009,566780680
1757662009,570327000
1757662009,577434728
1757662009,625036344
1757662009,652015544
1757662009,677679400
1757662009,688282088
1757662009,695907544
1757662009,701893192
1757662009,765899432
1757662009,809299944
1757662009,825213704
1757662009,834481288
1757662009,842786824
1757662009,849314856
1757662009,854916760
1757662009,910283528
1757662009,929457128
1757662009,954165784
1757662009,977415400
1757662010,23576728
1757662010,62415192
1757662010,77273192
1757662010,85361912
1757662010,119770648
1757662010,128560936
1757662010,158767688
1757662010,164864360
1757662010,179963896
1757662010,201266712
1757662010,205770088
1757662010,210215544
1757662010,221056504
1757662010,228913928
1757662010,274249624
1757662010,291952104
1757662010,300426888
1757662010,303961672
1757662010,318019944
1757662010,332843528
1757662010,350881272
1757662010,360368360
1757662010,377132376
1757662010,390645912
1757662010,397700808
1757662010,408466856
1757662010,412188600
1757662010,420310040
1757662010,425234888
1757662010,447766648
1757662010,484504552
1757662010,492891288
1757662010,529754360
1757662010,550505464
1757662010,555973592
1757662010,560034792
1757662010,596280856
1757662010,603489752
1757662010,619640072
1757662010,624923416
1757662010,628974056
1757662010,632507064
1757662010,683892616
1757662010,764274088
1757662010,765999352
1757662010,771578168
1757662010,802802760
1757662010,807239608
1757662010,809188472
1757662010,814080920
1757662010,819186392
1757662010,867588408
1757662010,869524728
1757662010,886716952
1757662010,897374136
1757662010,904526024
1757662010,930309544
1757662010,942903880
1757662010,951825416
1757662010,956482136
1757662010,960512888
1757662010,962649720
1757662010,965425528
1757662010,975244680
1757662010,977177736
1757662011,18107000
1757662011,26115352
1757662011,52265896
1757662011,62290264
1757662011,67385080
1757662011,72922648
1757662011,89742888
1757662011,96674264
1757662011,108502552
1757662011,132605144
1757662011,135166488
1757662011,137621304
1757662011,139318264
1757662011,142868296
1757662011,168503816
1757662011,169958392
1757662011,191128904
1757662011,199744056
1757662011,247350888
1757662011,257081400
1757662011,271444888
1757662011,277656504
1757662011,297185592
1757662011,305603192
1757662011,316027080
1757662011,328669416
1757662011,335049576
1757662011,338729016
1757662011,340020984
1757662011,347296040
1757662011,359525304
1757662011,366239080
1757662011,372864024
1757662011,379159960
1757662011,393751288
1757662011,420312568
1757662011,431336472
1757662011,433849320
1757662011,438841352
1757662011,506735992
1757662011,529382760
1757662011,535376952
1757662011,581229400
1757662011,594516600
1757662011,598497704
1757662011,688079064
1757662011,703353208
1757662011,710329272
1757662011,716817944
1757662011,732382792
1757662011,761128152
1757662011,773289032
1757662011,774777416
1757662011,793260312
1757662011,831730104
1757662011,836698536
1757662011,876339880
1757662011,883413256
1757662011,900988712
1757662011,919117912
1757662011,923316152
1757662011,970201688
1757662011,971831144
1757662011,981458712
1757662011,983843304
1757662011,997774472
1757662012,47151464
1757662012,57259736
1757662012,66945208
1757662012,100790568
1757662012,104187848
1757662012,112019352
1757662012,135358984
1757662012,165273400
1757662012,199384376
1757662012,204163704
1757662012,205700648
1757662012,217103656
1757662012,226451112
1757662012,245460504
1757662012,248128792
1757662012,256528968
1757662012,264073176
1757662012,273500696
1757662012,301124904
1757662012,312641864
1757662012,336157368
1757662012,344406072
1757662012,353564056
1757662012,378101544
1757662012,381093480
1757662012,397037848
1757662012,405115096
1757662012,422591464
1757662012,428564136
1757662012,437078024
1757662012,452168968
1757662012,485006296
1757662012,497571016
1757662012,503548568
1757662012,540656584
1757662012,545093176
1757662012,547188584
1757662012,575461704
1757662012,607186856
1757662012,637286008
1757662012,675819336
1757662012,680699256
1757662012,688979272
1757662012,716515528
1757662012,737516648
1757662012,745685080
1757662012,753918680
1757662012,755751016
1757662012,774031384
1757662012,776826856
1757662012,791647512
1757662012,816754648
1757662012,825396168
1757662012,835426264
1757662012,842640536
1757662012,911256872
1757662012,930151272
1757662012,941482520
1757662012,963985272
1757662012,975622024
1757662012,995980856
1757662013,11195672
1757662013,20294584
1757662013,47257688
1757662013,51787272
1757662013,61666680
1757662013,84083880
1757662013,99059960
1757662013,120759944
1757662013,124019768
1757662013,125637768
1757662013,127243992
1757662013,131888584
1757662013,181960184
1757662013,212980680
1757662013,251154792
1757662013,278895224
1757662013,304007032
1757662013,305804888
1757662013,325735912
1757662013,327860792
1757662013,334482216
1757662013,350320600
1757662013,351666856
1757662013,379873944
1757662013,387620248
1757662013,389763752
1757662013,391257544
1757662013,392667352
1757662013,429148568
1757662013,436592632
1757662013,452350728
1757662013,457732168
1757662013,474299160
1757662013,497946392
1757662013,503864712
1757662013,515715752
1757662013,517865768
1757662013,576959912
1757662013,580945592
1757662013,583057400
1757662013,592996328
1757662013,604621880
1757662013,607734584
1757662013,609661096
1757662013,616012200
1757662013,617737400
1757662013,631538968
1757662013,683386360
1757662013,688461880
1757662013,693488248
1757662013,706488776
1757662013,712137560
1757662013,719541176
1757662013,745482632
1757662013,752884360
1757662013,767643128
1757662013,786014168
1757662013,794272600
1757662013,814693272
1757662013,818399272
1757662013,828438904
1757662013,859902472
1757662013,869992840
1757662013,899912984
1757662013,927472024
1757662013,931480776
1757662013,949449016
1757662013,954347000
1757662013,964346936
1757662014,21577672
1757662014,31366968
1757662014,39813112
1757662014,57111992
1757662014,60359576
1757662014,82801448
1757662014,102836648
1757662014,133406184
1757662014,147067400
1757662014,150256232
1757662014,184465112
1757662014,190297880
1757662014,196927816
1757662014,202039336
1757662014,229399736
1757662014,250680280
1757662014,283830984
1757662014,297589544
1757662014,309811816
1757662014,316550744
1757662014,349616504
1757662014,423487288
1757662014,430310760
1757662014,440193160
1757662014,450814712
1757662014,469151176
1757662014,470687912
1757662014,474855336
1757662014,476841224
1757662014,506701256
1757662014,509603880
1757662014,513283208
1757662014,534649096
1757662014,537964216
1757662014,540464968
1757662014,546060616
1757662014,547766728
1757662014,561409720
1757662014,565945720
1757662014,570052600
1757662014,601979368
1757662014,687817384
1757662014,735830440
1757662014,738621432
1757662014,742115816
1757662014,749032216
1757662014,821315768
1757662014,823346760
1757662014,832381144
1757662014,851053896
1757662014,855059144
1757662014,863716200
1757662014,892029704
1757662014,899481896
1757662014,905609144
1757662014,930873896
1757662014,962692792
1757662014,984949208
1757662014,990503752
1757662014,997489832
1757662014,999685832
1757662015,24210920
1757662015,52957464
1757662015,61004920
1757662015,80980056
1757662015,91329928
1757662015,117950072
1757662015,129078760
1757662015,132682296
1757662015,136320696
1757662015,142735496
1757662015,151932152
1757662015,184433720
1757662015,189308040
1757662015,196126232
1757662015,224763528
1757662015,241560456
1757662015,252205544
1757662015,255703128
1757662015,269141768
1757662015,291864072
1757662015,305360440
1757662015,320424712
1757662015,347983592
1757662015,351934456
1757662015,358476120
1757662015,363431832
1757662015,382473384
1757662015,394691192
1757662015,416373208
1757662015,417852952
1757662015,451548712
1757662015,454546488
1757662015,457339464
1757662015,463567784
1757662015,473578728
1757662015,484513896
1757662015,487330792
1757662015,514070328
1757662015,540458952
1757662015,567017640
1757662015,584634392
1757662015,622720360
1757662015,625437240
1757662015,632487032
1757662015,645213176
1757662015,652821976
1757662015,658476280
1757662015,664404344
1757662015,668308216
1757662015,682887880
1757662015,688841352
1757662015,718272808
1757662015,741269720
1757662015,743828296
1757662015,770462248
1757662015,776123208
1757662015,777549096
1757662015,789898264
1757662015,839476584
1757662015,887451560
1757662015,904333704
1757662015,917905992
1757662015,930633208
1757662015,948278088
1757662015,962311976
1757662015,972039320
1757662015,978335736
1757662015,995611016
1757662015,997741544
1757662016,17521592
1757662016,24035272
1757662016,34775832
1757662016,37715496
1757662016,41995560
1757662016,45074456
1757662016,49790536
1757662016,61323048
1757662016,89919928
1757662016,95837432
1757662016,99501224
1757662016,122922744
1757662016,128658136
1757662016,133660360
1757662016,177970168
1757662016,180640536
1757662016,192008104
1757662016,193427720
1757662016,195201144
1757662016,198148712
1757662016,203389976
1757662016,210394424
1757662016,216595848
1757662016,226057464
1757662016,228431480
1757662016,238728264
1757662016,254988104
1757662016,259922264
1757662016,324169128
1757662016,329994872
1757662016,363985064
1757662016,402625112
1757662016,429500536
1757662016,437755976
1757662016,480761336
1757662016,532803160
1757662016,539603416
1757662016,542374216
1757662016,555499368
1757662016,591707624
1757662016,602865832
1757662016,611542968
1757662016,613630296
1757662016,635344840
1757662016,663341304
1757662016,697437928
1757662016,705150920
1757662016,708789624
1757662016,727643528
1757662016,733263848
1757662016,744448248
1757662016,766707672
1757662016,774513112
1757662016,811798440
1757662016,823023000
1757662016,829972824
1757662016,838794264
1757662016,841539128
1757662016,845467960
1757662016,856554696
1757662016,871425224
1757662016,880399144
1757662016,885140952
1757662016,895555432
1757662016,902066632
1757662016,913583496
1757662016,924876056
1757662016,939348472
1757662016,940765864
1757662016,944789304
1757662016,960859128
1757662016,973999000
1757662017,646680
1757662017,11243976
1757662017,16384552
1757662017,62629336
1757662017,75389992
1757662017,80691272
1757662017,91034024
1757662017,95988776
1757662017,103699320
1757662017,114279608
1757662017,117014456
1757662017,147209176
1757662017,148942760
1757662017,167607208
1757662017,177982952
1757662017,186270360
1757662017,188086920
1757662017,191535704
1757662017,194202024
1757662017,223781512
1757662017,228008248
1757662017,235938360
1757662017,258148296
1757662017,276065496
1757662017,280323624
1757662017,293247624
1757662017,323262600
1757662017,361651096
1757662017,372697672
1757662017,377860936
1757662017,379039928
1757662017,418856184
1757662017,448527336
1757662017,454089368
1757662017,455607880
1757662017,520101048
1757662017,528374568
1757662017,558678232
1757662017,588095112
1757662017,608614088
1757662017,634290520
1757662017,642081096
1757662017,656459384
1757662017,666945432
1757662017,706849128
1757662017,720046456
1757662017,729704520
1757662017,738144328
1757662017,763183336
1757662017,853203352
1757662017,863304920
1757662017,866151272
1757662017,868430776
1757662017,877395496
1757662017,919759448
1757662017,943779064
1757662017,975789688
1757662017,986046872
1757662017,990802600
1757662018,38378920
1757662018,77966504
1757662018,89356936
1757662018,99379512
1757662018,105145288
1757662018,109189960
1757662018,143142392
1757662018,155869304
1757662018,178836072
1757662018,199592984
1757662018,213757880
1757662018,219612968
1757662018,248471576
1757662018,256690472
1757662018,262619784
1757662018,273605304
1757662018,289765656
1757662018,305321352
1757662018,338586056
1757662018,399493032
1757662018,404154264
1757662018,435321432
1757662018,438714856
1757662018,460495848
1757662018,475482008
1757662018,496300120
1757662018,502656456
1757662018,514170040
1757662018,541135832
1757662018,543938024
1757662018,551973416
1757662018,559205784
1757662018,569979144
1757662018,580862408
1757662018,582540888
1757662018,591784200
1757662018,615445800
1757662018,619594936
1757662018,625945736
1757662018,631779736
1757662018,650625288
1757662018,700397944
1757662018,701738136
1757662018,743611400
1757662018,753141624
1757662018,757010008
1757662018,760711112
1757662018,793300296
1757662018,830228008
1757662018,855166056
1757662018,888506728
1757662018,902059176
1757662018,916309928
1757662018,920149784
1757662018,966214664
1757662019,3988024
1757662019,12112072
1757662019,25332120
1757662019,57953416
1757662019,60033960
1757662019,63464600
1757662019,136187896
1757662019,138021560
1757662019,152223592
1757662019,184440248
1757662019,189887000
1757662019,199214872
1757662019,205284536
1757662019,222503992
1757662019,225614600
1757662019,237585928
1757662019,244776504
1757662019,261567464
1757662019,268783400
1757662019,282802536
1757662019,291913096
1757662019,297578328
1757662019,301330680
1757662019,312554872
1757662019,356047512
1757662019,360490440
1757662019,362151032
1757662019,366120328
1757662019,380794456
1757662019,387425304
1757662019,396043048
1757662019,400150680
1757662019,413624504
1757662019,463386344
1757662019,503747768
1757662019,507472072
1757662019,572610168
1757662019,581024872
1757662019,588818328
1757662019,607771928
1757662019,612567752
1757662019,641752344
1757662019,669754840
1757662019,672383704
1757662019,678941656
1757662019,695007464
1757662019,701407752
1757662019,710533464
1757662019,720295224
1757662019,726659880
1757662019,734059848
1757662019,757246008
1757662019,767518952
1757662019,770450680
1757662019,777724056
1757662019,817529384
1757662019,854397160
1757662019,858453256
1757662019,862720856
1757662019,878646616
1757662019,880145752
1757662019,887970248
1757662019,900178408
1757662019,921295320
1757662019,925547400
1757662019,942825448
1757662019,964664584
1757662019,969317768
1757662019,981862456
1757662020,22739896
1757662020,37741624
1757662020,59157656
1757662020,66417304
1757662020,70304664
1757662020,80992136
1757662020,83363192
1757662020,98651368
1757662020,107595512
1757662020,135298968
1757662020,141671496
1757662020,148604952
1757662020,162282408
1757662020,167109192
1757662020,192111336
1757662020,209875352
1757662020,223022280
1757662020,247048712
1757662020,298706696
1757662020,323367720
1757662020,328737992
1757662020,333091656
1757662020,336996920
1757662020,350174872
1757662020,353072056
1757662020,356233016
1757662020,359604056
1757662020,392243096
1757662020,399681000
1757662020,421270056
1757662020,427048440
1757662020,432210856
1757662020,434696376
1757662020,444829608
1757662020,470062904
1757662020,474335160
1757662020,477195528
1757662020,484025576
1757662020,491784904
1757662020,501984024
1757662020,504067256
1757662020,517605624
1757662020,522101704
1757662020,542346664
1757662020,548376504
1757662020,555140136
1757662020,559977208
1757662020,576459176
1757662020,595096440
1757662020,614130760
1757662020,619865112
1757662020,626005624
1757662020,630322904
1757662020,634242168
1757662020,658367416
1757662020,685711320
1757662020,706147016
1757662020,713921768
1757662020,716234920
1757662020,727561768
1757662020,731568216
1757662020,733613624
1757662020,739261704
1757662020,767420248
1757662020,795373320
1757662020,808618168
1757662020,820093160
1757662020,824822152
1757662020,856606328
1757662020,860441608
1757662020,863516008
1757662020,888896936
1757662020,915544520
1757662020,920354536
1757662020,953729192
1757662020,984970120
1757662020,996154104
1757662021,7895896
1757662021,18322168
1757662021,44058200
1757662021,56763400
1757662021,84162792
1757662021,89335608
1757662021,119510104
1757662021,121265880
1757662021,133094648
1757662021,140571144
1757662021,161071592
1757662021,162556184
1757662021,190240600
1757662021,195523480
1757662021,214489656
1757662021,241547624
1757662021,265366168
1757662021,271544984
1757662021,296466840
1757662021,327928584
1757662021,333125880
1757662021,340358872
1757662021,346648776
1757662021,353552040
1757662021,359421000
1757662021,365106392
1757662021,379348888
1757662021,389457304
1757662021,431283320
1757662021,453743272
1757662021,470455480
1757662021,476910472
1757662021,486481736
1757662021,493558280
1757662021,496829464
1757662021,498045416
1757662021,564623224
1757662021,567178424
1757662021,605080296
1757662021,642484168
1757662021,658681672
1757662021,660206168
1757662021,669975064
1757662021,677205512
1757662021,685792328
1757662021,690914920
1757662021,710854824
1757662021,713054264
1757662021,734837064
1757662021,747558072
1757662021,780958136
1757662021,788285528
1757662021,801809944
1757662021,806900504
1757662021,871974664
1757662021,875395896
1757662021,898260088
1757662021,904700552
1757662021,906149256
1757662021,921545720
1757662021,928257336
1757662021,929500664
1757662021,935399320
1757662021,946096152
1757662021,951889880
1757662021,974639912
1757662021,980657016
1757662021,991914152
1757662021,998025672
1757662021,999549176
1757662022,10248648
1757662022,12117976
1757662022,31831976
1757662022,35766376
1757662022,38849816
1757662022,43499768
1757662022,119496280
1757662022,125595576
1757662022,171256856
1757662022,189716184
1757662022,193348216
1757662022,208940264
1757662022,223986888
1757662022,237761608
1757662022,243409304
1757662022,248697512
1757662022,256777768
1757662022,261245928
1757662022,282951144
1757662022,289513160
1757662022,310253368
1757662022,311487880
1757662022,314553432
1757662022,343707912
1757662022,349958568
1757662022,376387928
1757662022,402017048
1757662022,407920888
1757662022,421171032
1757662022,443877288
1757662022,449436040
1757662022,457058824
1757662022,471351240
1757662022,484564040
1757662022,524728488
1757662022,540068984
1757662022,547868792
1757662022,568028072
1757662022,573988072
1757662022,625333672
1757662022,662233736
1757662022,669632648
1757662022,683273384
1757662022,696079080
1757662022,715562328
1757662022,725116424
1757662022,781780968
1757662022,789326792
1757662022,815807176
1757662022,821671352
1757662022,828423336
1757662022,833912392
1757662022,835561832
1757662022,849352648
1757662022,879560200
1757662022,886920776
1757662022,924959544
1757662022,927940984
1757662022,934007816
1757662022,940909832
1757662022,957508824
1757662022,968090920
1757662022,979880504
1757662022,997571112
1757662023,15112520
1757662023,20062424
1757662023,28971448
1757662023,30873352
1757662023,67927704
1757662023,105614584
1757662023,114899080
1757662023,123387192
1757662023,152395656
1757662023,164999688
1757662023,166928424
1757662023,203918248
1757662023,207602696
1757662023,223814712
1757662023,225256136
1757662023,235809256
1757662023,247780536
1757662023,253819784
1757662023,259860664
1757662023,274683176
1757662023,302250088
1757662023,334094904
1757662023,335827208
1757662023,379382824
1757662023,396020232
1757662023,408072728
1757662023,409534568
1757662023,416798968
1757662023,421019720
1757662023,447535944
1757662023,453603736
1757662023,482655768
1757662023,489416056
1757662023,515727704
1757662023,525501368
1757662023,546016872
1757662023,556316200
1757662023,573743352
1757662023,584727288
1757662023,608994712
1757662023,614671576
1757662023,616094216
1757662023,673933464
1757662023,675231752
1757662023,678469064
1757662023,703852632
1757662023,727086584
1757662023,737483784
1757662023,742174472
1757662023,747294920
1757662023,793325448
1757662023,794413416
1757662023,835930328
1757662023,839350904
1757662023,862813528
1757662023,888079608
1757662023,892428168
1757662023,910188040
1757662023,929369128
1757662023,945929464
1757662023,959040456
1757662023,976512472
1757662023,996933816
1757662023,998867256
1757662024,14128072
1757662024,38315944
1757662024,41352264
1757662024,55759848
1757662024,75087448
1757662024,83142568
1757662024,84736104
1757662024,90746440
1757662024,100310904
1757662024,116479784
1757662024,129688696
1757662024,187769432
1757662024,192581784
1757662024,217295992
1757662024,232932488
1757662024,253880744
1757662024,266338936
1757662024,268184392
1757662024,269779304
1757662024,295005368
1757662024,296230264
1757662024,322634744
1757662024,326657544
1757662024,368813560
1757662024,381936648
1757662024,403741576
1757662024,416495480
1757662024,424798088
1757662024,429708008
1757662024,439071528
1757662024,445240872
1757662024,470689272
1757662024,475137448
1757662024,478758024
1757662024,483388472
1757662024,487046984
1757662024,497566728
1757662024,530593544
1757662024,542185608
1757662024,559363112
1757662024,605940600
1757662024,617041752
1757662024,629554120
1757662024,641134264
1757662024,647036824
1757662024,649171800
1757662024,665043096
1757662024,684098136
1757662024,691580232
1757662024,731638200
1757662024,757548072
1757662024,764216312
1757662024,777387256
1757662024,789071304
1757662024,795737096
1757662024,802015256
1757662024,812518392
1757662024,837443416
1757662024,851403144
1757662024,855475704
1757662024,886390648
1757662024,925204408
1757662024,928636888
1757662024,941208760
1757662024,969416008
1757662024,971343080
1757662024,981410648
1757662024,997001224
1757662025,6955144
1757662025,26436616
1757662025,32167304
1757662025,89217608
1757662025,100584408
1757662025,102815640
1757662025,110651928
1757662025,142793496
1757662025,158032888
1757662025,169567368
1757662025,187967576
1757662025,190207240
1757662025,193645240
1757662025,201089528
1757662025,202396936
1757662025,205550200
1757662025,226106488
1757662025,238068360
1757662025,254432056
1757662025,300155704
1757662025,303138136
1757662025,318509144
1757662025,323580104
1757662025,348298264
1757662025,374366488
1757662025,376608104
1757662025,377808472
1757662025,381152536
1757662025,506487448
1757662025,540908536
1757662025,545148328
1757662025,578539896
1757662025,588886808
1757662025,592072520
1757662025,596329640
1757662025,603159448
1757662025,610996424
1757662025,619005848
1757662025,655906760
1757662025,662649512
1757662025,704831320
1757662025,706617176
1757662025,722696824
1757662025,749923640
1757662025,756464600
1757662025,765763512
1757662025,783658200
1757662025,789348680
1757662025,790990664
1757662025,820652152
1757662025,848000968
1757662025,858990856
1757662025,873510008
1757662025,874531704
1757662025,880923480
1757662025,899159032
1757662025,920004312
1757662026,10723992
1757662026,18827928
1757662026,49835224
1757662026,78042184
1757662026,99812408
1757662026,115759112
1757662026,133584328
1757662026,149477864
1757662026,152324584
1757662026,160542200
1757662026,187460088
1757662026,203390232
1757662026,234165320
1757662026,244286872
1757662026,267427176
1757662026,303893160
1757662026,315269752
1757662026,349457896
1757662026,354582792
1757662026,362840968
1757662026,380224600
1757662026,398004744
1757662026,405470232
1757662026,419572600
1757662026,444080968
1757662026,476297960
1757662026,503630056
1757662026,527332424
1757662026,569059752
1757662026,570609144
1757662026,594429816
1757662026,623616360
1757662026,643049128
1757662026,657163768
1757662026,667322008
1757662026,700255672
1757662026,708501752
1757662026,710046792
1757662026,746989048
1757662026,757508776
1757662026,760210744
1757662026,767164264
1757662026,792374968
1757662026,817090504
1757662026,831662552
1757662026,833877512
1757662026,852236120
1757662026,871997928
1757662026,879522056
1757662026,886142008
1757662026,895565704
1757662026,904008856
1757662026,906105720
1757662026,908903736
1757662026,910800824
1757662026,915027704
1757662026,916959656
1757662026,921166760
1757662026,930658056
1757662026,961137944
1757662026,968414664
1757662026,975136184
1757662026,977214248
1757662026,981673176
1757662026,991095016
1757662027,4726584
1757662027,22407848
1757662027,39163912
1757662027,56768072
1757662027,61979752
1757662027,64438440
1757662027,68742792
1757662027,73440344
1757662027,105404488
1757662027,132226904
1757662027,169443336
1757662027,177737688
1757662027,195999080
1757662027,198950632
1757662027,234305112
1757662027,239385992
1757662027,263508024
1757662027,269048344
1757662027,276779928
1757662027,278821752
1757662027,295563480
1757662027,308074360
1757662027,327149688
1757662027,363651944
1757662027,367782488
1757662027,382732808
1757662027,397481096
1757662027,418111752
1757662027,435782312
1757662027,447331016
1757662027,466902232
1757662027,475849560
1757662027,498741560
1757662027,502664200
1757662027,522547672
1757662027,551468648
1757662027,602425576
1757662027,634977944
1757662027,644445080
1757662027,660421352
1757662027,666285096
1757662027,668705064
1757662027,682780280
1757662027,698269464
1757662027,716185320
1757662027,724003736
1757662027,725894392
1757662027,743413016
1757662027,769733272
1757662027,814213432
1757662027,865558904
1757662027,867264552
1757662027,874939736
1757662027,902650792
1757662027,918339752
1757662027,931189736
1757662027,943603400
1757662027,983765000
1757662028,11805720
1757662028,23521320
1757662028,72029992
1757662028,90478488
1757662028,93273624
1757662028,98317832
1757662028,113089400
1757662028,128475336
1757662028,186973528
1757662028,189680792
1757662028,212347720
1757662028,215685624
1757662028,227089480
1757662028,229203096
1757662028,237668600
1757662028,239120712
1757662028,247701336
1757662028,252133016
1757662028,256806408
1757662028,261263576
1757662028,307659416
1757662028,312246488
1757662028,342036392
1757662028,377540936
1757662028,397538344
1757662028,418257208
1757662028,420290616
1757662028,427705112
1757662028,436897016
1757662028,441509352
1757662028,445096520
1757662028,446943176
1757662028,450737144
1757662028,459331624
1757662028,463020456
1757662028,475433384
1757662028,478643528
1757662028,482480200
1757662028,486218360
1757662028,489464472
1757662028,503324824
1757662028,508780104
1757662028,541557752
1757662028,557390088
1757662028,569902520
1757662028,583618872
1757662028,600243864
1757662028,611624376
1757662028,615928472
1757662028,617247048
1757662028,646659160
1757662028,650786568
1757662028,652604168
1757662028,655387880
1757662028,697433000
1757662028,704619928
1757662028,707117240
1757662028,717910296
1757662028,767666984
1757662028,771377752
1757662028,776011528
1757662028,780201576
1757662028,834940504
1757662028,841242888
1757662028,846250792
1757662028,850504920
1757662028,864255992
1757662028,896120328
1757662028,929367240
1757662028,973681688
1757662028,988028136
1757662029,14615736
1757662029,20804088
1757662029,46653416
1757662029,49719208
1757662029,65146424
1757662029,68742968
1757662029,102588888
1757662029,138667320
1757662029,145759928
1757662029,149165784
1757662029,289667240
1757662029,304821400
1757662029,335566344
1757662029,395658232
1757662029,402342008
1757662029,418430248
1757662029,426578840
1757662029,428346344
1757662029,458633752
1757662029,487934552
1757662029,492458184
1757662029,553843208
1757662029,559194248
1757662029,563674344
1757662029,569153512
1757662029,590310344
1757662029,593692152
1757662029,616881768
1757662029,643508648
1757662029,649869672
1757662029,692658248
1757662029,709034360
1757662029,712107864
1757662029,784215352
1757662029,789914456
1757662029,822733688
1757662029,835982728
1757662029,847117096
1757662029,850647352
1757662029,877206360
1757662029,879584264
1757662029,885397592
1757662029,903699368
1757662029,941480632
1757662029,943407208
1757662029,949344744
1757662029,951424072
1757662029,953161400
1757662029,954317848
1757662029,957827112
1757662029,971178360
1757662029,974180920
1757662029,977830504
1757662030,11533176
1757662030,18198680
1757662030,26066248
1757662030,30378792
1757662030,34612792
1757662030,45101928
1757662030,48202392
1757662030,85310328
1757662030,89947880
1757662030,96351528
1757662030,100220040
1757662030,128239368
1757662030,130519176
1757662030,151811512
1757662030,159823096
1757662030,180922984
1757662030,185443496
1757662030,188692696
1757662030,195237560
1757662030,215131192
1757662030,234641272
1757662030,247193048
1757662030,248687352
1757662030,267652472
1757662030,283275256
1757662030,284885032
1757662030,320213944
1757662030,342472952
1757662030,344366536
1757662030,408535416
1757662030,409886840
1757662030,446503560
1757662030,450785400
1757662030,472176680
1757662030,474580920
1757662030,484954872
1757662030,520915864
1757662030,523677416
1757662030,549374216
1757662030,553947144
1757662030,560503896
1757662030,612350536
1757662030,640930152
1757662030,644494888
1757662030,653341672
1757662030,667367096
1757662030,669441704
1757662030,673979240
1757662030,718898472
1757662030,747831480
1757662030,760785992
1757662030,789119480
1757662030,826787000
1757662030,830957640
1757662030,860863720
1757662030,881175384
1757662030,897041384
1757662030,900582680
1757662030,902019048
1757662030,904012088
1757662030,916839432
1757662030,966177832
1757662030,976499192
1757662030,982024840
1757662031,1826552
1757662031,9687528
1757662031,14805736
1757662031,27707864
1757662031,38085496
1757662031,45555800
1757662031,50219192
1757662031,60635256
1757662031,67365288
1757662031,73734424
1757662031,88937384
1757662031,97631480
1757662031,111206568
1757662031,130214424
1757662031,142583896
1757662031,153755112
1757662031,163248232
1757662031,164368968
1757662031,207828584
1757662031,217321384
1757662031,230093432
1757662031,235608152
1757662031,238294328
1757662031,245997032
1757662031,253050680
1757662031,277639224
1757662031,296200216
1757662031,327412984
1757662031,363327112
1757662031,367255112
1757662031,369856328
1757662031,377295240
1757662031,399680888
1757662031,422404776
1757662031,454913592
1757662031,459642120
1757662031,481254808
1757662031,488753784
1757662031,491715400
1757662031,534593336
1757662031,558464712
1757662031,564764664
1757662031,569479144
1757662031,586903400
1757662031,614358792
1757662031,626566376
1757662031,629035336
1757662031,630143352
1757662031,633605176
1757662031,638710824
1757662031,644676184
1757662031,648729832
1757662031,652246600
1757662031,672419624
1757662031,679151336
1757662031,684567432
1757662031,691831304
1757662031,693573288
1757662031,702366296
1757662031,714348056
1757662031,759086456
1757662031,784610328
1757662031,786262424
1757662031,805848424
1757662031,819547944
1757662031,856313720
1757662031,866777800
1757662031,870491896
1757662031,895543208
1757662031,915324552
1757662031,936008232
1757662031,958339304
1757662032,7159944
1757662032,11998168
1757662032,29597496
1757662032,77950248
1757662032,94277096
1757662032,96794040
1757662032,113462392
1757662032,121897512
1757662032,131869720
1757662032,136434008
1757662032,146564376
1757662032,157565480
1757662032,180084536
1757662032,210801240
1757662032,232041528
1757662032,244050104
1757662032,258958728
1757662032,267012536
1757662032,274096360
1757662032,286840664
1757662032,308914280
1757662032,314753016
1757662032,321040952
1757662032,337021560
1757662032,402621016
1757662032,413269096
1757662032,418928840
1757662032,427069688
1757662032,437849064
1757662032,439733656
1757662032,446228664
1757662032,483874344
1757662032,499290744
1757662032,532194136
1757662032,546117816
1757662032,553605704
1757662032,558428952
1757662032,564334232
1757662032,593589208
1757662032,605651432
1757662032,613320472
1757662032,616633224
1757662032,667422840
1757662032,723544920
1757662032,748069800
1757662032,787186936
1757662032,841523608
1757662032,845751960
1757662032,856373368
1757662032,858808232
1757662032,869698904
1757662032,885850088
1757662032,903792456
1757662032,908053704
1757662032,912880232
1757662032,950909144
1757662032,959819176
1757662032,967255192
1757662032,979686088
1757662032,990461048
1757662033,63545256
1757662033,81967224
1757662033,87364168
1757662033,103014072
1757662033,105603624
1757662033,129200168
1757662033,136574408
1757662033,144943976
1757662033,146455208
1757662033,151957160
1757662033,167119288
1757662033,170041000
1757662033,172393624
1757662033,181030664
1757662033,183658792
1757662033,203752856
1757662033,230185736
1757662033,233556904
1757662033,241141272
1757662033,274152056
1757662033,292745496
1757662033,303581864
1757662033,305306840
1757662033,319956968
1757662033,332051976
1757662033,360874952
1757662033,384242696
1757662033,399107640
1757662033,419921240
1757662033,434590616
1757662033,440098088
1757662033,453485400
1757662033,458368760
1757662033,489114696
1757662033,500590904
1757662033,506128360
1757662033,542639368
1757662033,544645144
1757662033,573782072
1757662033,629780408
1757662033,635418856
1757662033,665551592
1757662033,700712568
1757662033,703305240
1757662033,707974168
1757662033,739069960
1757662033,757361928
1757662033,766348984
1757662033,773943720
1757662033,777462504
1757662033,790746216
1757662033,792140072
1757662033,797772696
1757662033,809836984
1757662033,841359000
1757662033,869495048
1757662033,878155752
1757662033,904097560
1757662033,923239640
1757662033,936532120
1757662033,940598440
1757662033,944129736
1757662033,954425272
1757662033,964485448
1757662033,978145800
1757662033,997563352
1757662034,28149016
1757662034,33077320
1757662034,48151832
1757662034,54670696
1757662034,63886456
1757662034,84632264
1757662034,115091464
1757662034,124801640
1757662034,128145896
1757662034,136210728
1757662034,147052920
1757662034,157816904
1757662034,159909672
1757662034,184086568
1757662034,189520376
1757662034,223890008
1757662034,243670632
1757662034,248229880
1757662034,259827672
1757662034,273064024
1757662034,294320456
1757662034,297037528
1757662034,298965896
1757662034,301330392
1757662034,332081176
1757662034,371803224
1757662034,373974584
1757662034,382883032
1757662034,391700264
1757662034,409102392
1757662034,411959704
1757662034,416609112
1757662034,424109640
1757662034,452372840
1757662034,488295992
1757662034,491444744
1757662034,505787512
1757662034,538983704
1757662034,551085944
1757662034,567620232
1757662034,622229864
1757662034,623536600
1757662034,628612360
1757662034,706872232
1757662034,717995912
1757662034,719984216
1757662034,721391208
1757662034,732172968
1757662034,774712376
1757662034,778940040
1757662034,793504488
1757662034,796667416
1757662034,823809704
1757662034,829676584
1757662034,833613112
1757662034,839741224
1757662034,859031240
1757662034,878359752
1757662034,903045112
1757662034,922999528
1757662034,942461032
1757662034,950739944
1757662034,966782536
1757662034,981793528
1757662034,993172984
1757662035,1337784
1757662035,15486712
1757662035,30738184
1757662035,63459688
1757662035,91349816
1757662035,96073768
1757662035,117877944
1757662035,143557336
1757662035,145810040
1757662035,157439832
1757662035,184017432
1757662035,198027288
1757662035,202492632
1757662035,213685288
1757662035,221289352
1757662035,223978856
1757662035,225819240
1757662035,229957784
1757662035,246209064
1757662035,253238952
1757662035,261796840
1757662035,272651144
1757662035,314992008
1757662035,319658200
1757662035,339075208
1757662035,382092216
1757662035,392241880
1757662035,397553512
1757662035,425241960
1757662035,442580904
1757662035,462397368
1757662035,466637672
1757662035,483350552
1757662035,492322152
1757662035,500663224
1757662035,536480520
1757662035,542159640
1757662035,556778056
1757662035,589870088
1757662035,634866264
1757662035,687203352
1757662035,710560056
1757662035,717378888
1757662035,748305800
1757662035,749507704
1757662035,758091800
1757662035,763891144
1757662035,809765608
1757662035,812018472
1757662035,842576008
1757662035,851847560
1757662035,878863016
1757662035,891594616
1757662035,908376792
1757662035,965674552
1757662035,968876280
1757662035,976870136
1757662035,978765160
1757662035,992229512
1757662036,10514232
1757662036,81337368
1757662036,99747640
1757662036,111022440
1757662036,127226520
1757662036,132989768
1757662036,158519880
1757662036,208565736
1757662036,210346936
1757662036,218225816
1757662036,240447112
1757662036,246314200
1757662036,248539176
1757662036,263937464
1757662036,270452440
1757662036,279013944
1757662036,337364600
1757662036,339864040
1757662036,366677432
1757662036,379939704
1757662036,389569944
1757662036,411687176
1757662036,416091224
1757662036,434919096
1757662036,437070040
1757662036,460426968
1757662036,489565976
1757662036,490747080
1757662036,492921672
1757662036,502657912
1757662036,504269592
1757662036,507186248
1757662036,508447992
1757662036,523652504
1757662036,527404808
1757662036,554910536
1757662036,561958328
1757662036,582712184
1757662036,622848200
1757662036,626090840
1757662036,631046904
1757662036,649709976
1757662036,672220968
1757662036,684800872
1757662036,705417544
1757662036,745345832
1757662036,750566904
1757662036,800094936
1757662036,814448680
1757662036,830928296
1757662036,906867496
1757662036,911570008
1757662036,914234680
1757662036,936303944
1757662036,960359128
1757662037,4203928
1757662037,32728232
1757662037,40449176
1757662037,52199560
1757662037,69216632
1757662037,83434552
1757662037,90672024
1757662037,93234712
1757662037,104477912
1757662037,107168296
1757662037,118845640
1757662037,120082184
1757662037,124408888
1757662037,147572872
1757662037,188150392
1757662037,192441288
1757662037,201515752
1757662037,203763592
1757662037,229394424
1757662037,237269912
1757662037,240947320
1757662037,258348312
1757662037,275960840
1757662037,288548056
1757662037,316623112
1757662037,373631048
1757662037,405318216
1757662037,462999432
1757662037,507297336
1757662037,521493032
1757662037,530008824
1757662037,559776024
1757662037,580275128
1757662037,592233496
1757662037,653196696
1757662037,689863064
1757662037,691790248
1757662037,713638888
1757662037,719887496
1757662037,723031400
1757662037,736273976
1757662037,771327032
1757662037,787750232
1757662037,802601592
1757662037,823504056
1757662037,829626584
1757662037,848657000
1757662037,857449816
1757662037,860728440
1757662037,921920648
1757662037,924608472
1757662037,926969304
1757662037,940059064
1757662037,952453144
1757662037,959517544
1757662037,966810952
1757662037,986486120
1757662038,41956120
1757662038,43856984
1757662038,58528680
1757662038,70541336
1757662038,87233896
1757662038,105731112
1757662038,147629352
1757662038,164280776
1757662038,172187256
1757662038,182673688
1757662038,192909976
1757662038,208399496
1757662038,211425192
1757662038,221582536
1757662038,223734648
1757662038,226593976
1757662038,230042920
1757662038,242579272
1757662038,256391928
1757662038,280503640
1757662038,281831672
1757662038,286505400
1757662038,297124040
1757662038,304425368
1757662038,307653560
1757662038,318387208
1757662038,322415704
1757662038,324960408
1757662038,330076056
1757662038,333614952
1757662038,343245096
1757662038,352591928
1757662038,362469768
1757662038,372336968
1757662038,394998456
1757662038,422920904
1757662038,424803016
1757662038,429063032
1757662038,435039464
1757662038,447243448
1757662038,453089704
1757662038,469235800
1757662038,473445544
1757662038,508126520
1757662038,510067080
1757662038,523887448
1757662038,532788216
1757662038,541039784
1757662038,544882008
1757662038,558773992
1757662038,561085368
1757662038,593686392
1757662038,602110424
1757662038,605590344
1757662038,638029992
1757662038,682605736
1757662038,686475368
1757662038,719092680
1757662038,721212904
1757662038,741928392
1757662038,746551784
1757662038,750718968
1757662038,768444200
1757662038,780884664
1757662038,828400856
1757662038,831670440
1757662038,833971880
1757662038,855045640
1757662038,863781496
1757662038,866844696
1757662038,893609336
1757662038,898802808
1757662038,900119624
1757662038,918512856
1757662038,933230152
1757662038,956263544
1757662038,989459112
1757662038,994683032
1757662039,30246984
1757662039,56301208
1757662039,62332280
1757662039,81232712
1757662039,83461880
1757662039,91511448
1757662039,114053992
1757662039,120275096
1757662039,135333080
1757662039,143545384
1757662039,146813960
1757662039,173322712
1757662039,185481512
1757662039,187019848
1757662039,188195016
1757662039,192249400
1757662039,203080984
1757662039,215389192
1757662039,227157976
1757662039,231382312
1757662039,232858360
1757662039,248542552
1757662039,270314440
1757662039,278056312
1757662039,300216600
1757662039,302279432
1757662039,326387160
1757662039,329237048
1757662039,345226440
1757662039,360884632
1757662039,372658152
1757662039,406189624
1757662039,408268424
1757662039,420531944
1757662039,423568632
1757662039,438326280
1757662039,446291352
1757662039,460574552
1757662039,462211224
1757662039,469544408
1757662039,475890136
1757662039,505344712
1757662039,513653704
1757662039,523040376
1757662039,534063736
1757662039,535322312
1757662039,537134888
1757662039,541073720
1757662039,557976696
1757662039,561648088
1757662039,580521752
1757662039,608335496
1757662039,618960568
1757662039,641027112
1757662039,642411640
1757662039,660706472
1757662039,662695992
1757662039,700813096
1757662039,743132920
1757662039,766174856
1757662039,767926360
1757662039,779566488
1757662039,781421272
1757662039,802252344
1757662039,812377224
1757662039,814722952
1757662039,819367144
1757662039,821062168
1757662039,827197112
1757662039,830574408
1757662039,833957032
1757662039,851373464
1757662039,882917896
1757662039,887395192
1757662039,892466504
1757662039,896194104
1757662039,931432808
1757662039,965490792
1757662039,974662888
1757662039,986714024
1757662039,988276344
1757662039,998308312
1757662040,20450040
1757662040,24892248
1757662040,34131048
1757662040,38462104
1757662040,66693720
1757662040,84481016
1757662040,88823576
1757662040,149207768
1757662040,160166296
1757662040,172952120
1757662040,212624808
1757662040,218044888
1757662040,241006024
1757662040,243422712
1757662040,293426888
1757662040,295961912
1757662040,304613624
1757662040,311982216
1757662040,322391704
1757662040,343925464
1757662040,345336392
1757662040,393647864
1757662040,411048504
1757662040,413007976
1757662040,422326664
1757662040,487935048
1757662040,506811816
1757662040,513165208
1757662040,529995016
1757662040,535128248
1757662040,541205880
1757662040,543557000
1757662040,581538344
1757662040,583638552
1757662040,595098552
1757662040,618356456
1757662040,626464600
1757662040,639993512
1757662040,668184216
1757662040,682519752
1757662040,700275704
1757662040,708819656
1757662040,710118920
1757662040,718467432
1757662040,724435416
1757662040,741233416
1757662040,742368328
1757662040,758236728
1757662040,765300984
1757662040,772685192
1757662040,809378840
1757662040,858184568
1757662040,870381448
1757662040,887223240
1757662040,910117384
1757662040,939092456
1757662040,976147512
1757662040,983421880
1757662040,990973896
1757662041,5291032
1757662041,29389432
1757662041,35138024
1757662041,72216984
1757662041,121351880
1757662041,131757832
1757662041,143400904
1757662041,153895576
1757662041,156247352
1757662041,163979752
1757662041,191021608
1757662041,227685864
1757662041,244474280
1757662041,250062680
1757662041,268742008
1757662041,274561240
1757662041,281568104
1757662041,290972856
1757662041,300635240
1757662041,311572680
1757662041,324706536
1757662041,345165960
1757662041,398983048
1757662041,404002584
1757662041,406843880
1757662041,427313256
1757662041,447724808
1757662041,459412328
1757662041,471327352
1757662041,484081944
1757662041,493088632
1757662041,494382840
1757662041,497353560
1757662041,501305192
1757662041,516584952
1757662041,537966568
1757662041,541511032
1757662041,549408552
1757662041,596916232
1757662041,601155592
1757662041,611519112
1757662041,613034520
1757662041,620129800
1757662041,626024488
1757662041,633583080
1757662041,643846456
1757662041,657389320
1757662041,664556104
1757662041,714325592
1757662041,721016936
1757662041,735116280
1757662041,740490568
1757662041,760374984
1757662041,764474120
1757662041,766492840
1757662041,768899272
1757662041,777874536
1757662041,779147464
1757662041,791398568
1757662041,795554280
1757662041,802672056
1757662041,807273672
1757662041,818695752
1757662041,830593480
1757662041,854864152
1757662041,862783144
1757662041,873592728
1757662041,881196712
1757662041,918128472
1757662041,940783656
1757662041,947391784
1757662041,964689160
1757662041,974598968
1757662041,980466760
1757662041,986655336
1757662042,11128
1757662042,41532776
1757662042,45618920
1757662042,71234984
1757662042,78468152
1757662042,100710024
1757662042,192009176
1757662042,205179496
1757662042,208520984
1757662042,223837112
1757662042,254440952
1757662042,265383896
1757662042,278677944
1757662042,290155576
1757662042,304702536
1757662042,311716328
1757662042,328357016
1757662042,335440232
1757662042,349724632
1757662042,355100568
1757662042,370242536
1757662042,384275448
1757662042,399839592
1757662042,409604200
1757662042,413064936
1757662042,432907816
1757662042,438602728
1757662042,460776888
1757662042,517714040
1757662042,519487512
1757662042,563327560
1757662042,572969688
1757662042,575064728
1757662042,605206184
1757662042,612781560
1757662042,625492552
1757662042,627564472
1757662042,648799512
1757662042,660912152
1757662042,666324520
1757662042,674024056
1757662042,675210840
1757662042,685808840
1757662042,687962104
1757662042,696451720
1757662042,705906072
1757662042,722569624
1757662042,746926104
1757662042,762866040
1757662042,781142952
1757662042,787859048
1757662042,816391256
1757662042,838793032
1757662042,871074920
1757662042,880290824
1757662042,887908360
1757662042,905119288
1757662042,916949416
1757662042,934433096
1757662042,944440056
1757662042,958532920
1757662043,2557880
1757662043,5684264
1757662043,8153912
1757662043,15533208
1757662043,52715432
1757662043,68452008
1757662043,86695096
1757662043,92615528
1757662043,96594936
1757662043,105987304
1757662043,110865880
1757662043,127287528
1757662043,134646408
1757662043,150662728
1757662043,154772776
1757662043,170900904
1757662043,176700760
1757662043,185871624
1757662043,254430392
1757662043,312685416
1757662043,314121320
1757662043,325300824
1757662043,334464744
1757662043,346468968
1757662043,348484984
1757662043,367833032
1757662043,411943592
1757662043,450383992
1757662043,474768344
1757662043,488337128
1757662043,490994984
1757662043,495110440
1757662043,516631240
1757662043,526976520
1757662043,535356248
1757662043,540879544
1757662043,553319064
1757662043,565059864
1757662043,570129624
1757662043,581996744
1757662043,594548264
1757662043,606235528
1757662043,657921992
1757662043,677297720
1757662043,679983336
1757662043,694183896
1757662043,729099032
1757662043,740317672
1757662043,742063448
1757662043,743627048
1757662043,747090760
1757662043,750793944
1757662043,771439672
1757662043,776286008
1757662043,795143608
1757662043,807032504
1757662043,826036920
1757662043,840523048
1757662043,843891016
1757662043,916160696
1757662043,942648056
1757662043,952621624
1757662043,957846152
1757662043,970648072
1757662043,981664904
1757662043,985929608
1757662043,987876792
1757662044,46982936
1757662044,61463064
1757662044,82999560
1757662044,95893720
1757662044,110955448
1757662044,128577304
1757662044,151893992
1757662044,156995384
1757662044,160590888
1757662044,168771304
1757662044,170655960
1757662044,187928792
1757662044,197248360
1757662044,207710936
1757662044,208766664
1757662044,277211464
1757662044,279560808
1757662044,283427192
1757662044,294738520
1757662044,298913960
1757662044,332783736
1757662044,335128536
1757662044,340682680
1757662044,345943928
1757662044,347272712
1757662044,372788392
1757662044,382208392
1757662044,390779720
1757662044,397231672
1757662044,421957608
1757662044,426723320
1757662044,438731016
1757662044,454824456
1757662044,460053800
1757662044,514797240
1757662044,521176792
1757662044,549879112
1757662044,556838408
1757662044,576662088
1757662044,581722552
1757662044,588353352
1757662044,647029656
1757662044,649364120
1757662044,663693784
1757662044,680940072
1757662044,702397592
1757662044,720208552
1757662044,729569480
1757662044,748525816
1757662044,763055512
1757662044,766212152
1757662044,788665640
1757662044,821295448
1757662044,833205000
1757662044,856077512
1757662044,886664792
1757662044,896312296
1757662044,900627608
1757662044,910226872
1757662044,930271928
1757662044,933604360
1757662044,938160776
1757662044,948781528
1757662044,998079000
1757662045,20541240
1757662045,26958648
1757662045,42815752
1757662045,48124712
1757662045,49381576
1757662045,55155128
1757662045,77527096
1757662045,123258136
1757662045,147611480
1757662045,152945752
1757662045,177732536
1757662045,219530360
1757662045,223499080
1757662045,252449080
1757662045,263518776
1757662045,274355464
1757662045,291589368
1757662045,342887688
1757662045,344937704
1757662045,353420104
1757662045,370459528
1757662045,391647880
1757662045,399747480
1757662045,402580632
1757662045,408020104
1757662045,436115976
1757662045,446435032
1757662045,451887912
1757662045,469115960
1757662045,529492744
1757662045,555712248
1757662045,577980008
1757662045,632331256
1757662045,669614376
1757662045,707528936
1757662045,712102632
1757662045,724700648
1757662045,751261128
1757662045,754509288
1757662045,760336712
1757662045,779197336
1757662045,808065720
1757662045,816596376
1757662045,844591864
1757662045,880385976
1757662045,881914376
1757662045,898436456
1757662045,901526904
1757662045,902985576
1757662045,925038568
1757662045,932267848
1757662045,949977832
1757662045,963382216
1757662045,971972312
1757662045,976470744
1757662045,980719816
1757662045,991033880
1757662046,5392440
1757662046,64565704
1757662046,66140632
1757662046,90590808
1757662046,96550568
1757662046,103267352
1757662046,119837848
1757662046,132605576
1757662046,139849320
1757662046,142296760
1757662046,157210760
1757662046,174723240
1757662046,185807560
1757662046,193676056
1757662046,195621032
1757662046,223592744
1757662046,236069560
1757662046,244629032
1757662046,256435768
1757662046,268012376
1757662046,304833592
1757662046,308130264
1757662046,312608888
1757662046,326333416
1757662046,333863128
1757662046,357487080
1757662046,368667288
1757662046,372494568
1757662046,382374904
1757662046,392959528
1757662046,403732216
1757662046,430007848
1757662046,447940552
1757662046,457452392
1757662046,468515032
1757662046,482221496
1757662046,524413480
1757662046,528231336
1757662046,577566776
1757662046,596189240
1757662046,599759512
1757662046,604742552
1757662046,632699992
1757662046,636725928
1757662046,639351368
1757662046,643919672
1757662046,662020168
1757662046,691621160
1757662046,707558296
1757662046,756788952
1757662046,775670648
1757662046,785290008
1757662046,797613192
1757662046,819991800
1757662046,853409592
1757662046,894644680
1757662046,895806344
1757662046,919998040
1757662046,921202104
1757662046,944004280
1757662046,949839480
1757662046,951275496
1757662046,997564456
1757662047,41686616
1757662047,44721336
1757662047,61977512
1757662047,72481848
1757662047,81501160
1757662047,90828728
1757662047,116660008
1757662047,117960040
1757662047,165581528
1757662047,167801144
1757662047,171191496
1757662047,178880424
1757662047,200919640
1757662047,220373800
1757662047,242569960
1757662047,244232920
1757662047,257822536
1757662047,260505656
1757662047,271992504
1757662047,298472184
1757662047,300884088
1757662047,305776376
1757662047,311290616
1757662047,328956472
1757662047,335678872
1757662047,338590984
1757662047,348574856
1757662047,349907672
1757662047,353762360
1757662047,356888568
1757662047,362898696
1757662047,388558376
1757662047,419460344
1757662047,437723496
1757662047,447175896
1757662047,451283720
1757662047,460348600
1757662047,490760584
1757662047,528485992
1757662047,536726296
1757662047,549447848
1757662047,555465704
1757662047,568662136
1757662047,574079032
1757662047,577706888
1757662047,581495560
1757662047,584220024
1757662047,637696344
1757662047,645328328
1757662047,691034664
1757662047,700190664
1757662047,704356632
1757662047,707608008
1757662047,710291656
1757662047,730829544
1757662047,738201064
1757662047,764172632
1757662047,770880456
1757662047,805785752
1757662047,823756008
1757662047,826121752
1757662047,840849464
1757662047,865055000
1757662047,872412456
1757662047,885815976
1757662047,893638376
1757662047,895210872
1757662047,902851032
1757662047,911109320
1757662047,917892632
1757662047,937703736
1757662047,947035432
1757662048,3026168
1757662048,9567880
1757662048,44125096
1757662048,83889192
1757662048,101574072
1757662048,108080088
1757662048,109779672
1757662048,131482728
1757662048,133805880
1757662048,138921368
1757662048,163615544
1757662048,181947960
1757662048,186000456
1757662048,216927720
1757662048,230307448
1757662048,251387848
1757662048,278077816
1757662048,284553128
1757662048,292185352
1757662048,310860888
1757662048,343725288
1757662048,345558280
1757662048,363016136
1757662048,372170936
1757662048,374221112
1757662048,396154328
1757662048,471029512
1757662048,474395016
1757662048,500716568
1757662048,508373048
1757662048,521508040
1757662048,523797272
1757662048,546413512
1757662048,564072776
1757662048,576142120
1757662048,578537736
1757662048,583110728
1757662048,584146344
1757662048,614655336
1757662048,619367208
1757662048,621689928
1757662048,642484728
1757662048,649845064
1757662048,688921512
1757662048,720423736
1757662048,731459928
1757662048,744481096
1757662048,763426648
1757662048,770505480
1757662048,794336568
1757662048,797673960
1757662048,806120696
1757662048,924169608
1757662048,935511816
1757662048,955672760
1757662048,965185240
1757662048,985102664
1757662048,991084952
1757662049,6360520
1757662049,8156728
1757662049,55816504
1757662049,68496488
1757662049,74289560
1757662049,97664920
1757662049,122295288
1757662049,135033576
1757662049,149980584
1757662049,166619304
1757662049,167840136
1757662049,176525768
1757662049,177686552
1757662049,184346536
1757662049,186085256
1757662049,189069800
1757662049,204943592
1757662049,216398264
1757662049,232765832
1757662049,280380824
1757662049,285224120
1757662049,298220632
1757662049,309805816
1757662049,325219272
1757662049,329113880
1757662049,347473304
1757662049,353169000
1757662049,389296264
1757662049,394055608
1757662049,398987352
1757662049,427747848
1757662049,460421400
1757662049,481343976
1757662049,487384872
1757662049,505252712
1757662049,506649848
1757662049,519990280
1757662049,527777192
1757662049,539506008
1757662049,547009176
1757662049,574726664
1757662049,627182280
1757662049,630204120
1757662049,667801144
1757662049,683394792
1757662049,690426440
1757662049,732090408
1757662049,736559832
1757662049,762714584
1757662049,765658824
1757662049,821136744
1757662049,823740072
1757662049,827041656
1757662049,855032968
1757662049,861857192
1757662049,874504056
1757662049,888682040
1757662049,906067496
1757662049,920938680
1757662049,924529832
1757662049,935532600
1757662049,940986440
1757662049,954686808
1757662049,963790024
1757662049,970895192
1757662049,985892776
1757662049,993314776
1757662050,11547512
1757662050,17924632
1757662050,32851192
1757662050,36885720
1757662050,37990184
1757662050,44879368
1757662050,52897512
1757662050,78281688
1757662050,97940344
1757662050,110408760
1757662050,115716040
1757662050,120505176
1757662050,127347784
1757662050,158452376
1757662050,160086552
1757662050,163081720
1757662050,171065080
1757662050,184120088
1757662050,186593688
1757662050,194210680
1757662050,208077144
1757662050,236472712
1757662050,245589064
1757662050,247002168
1757662050,254690072
1757662050,276384456
1757662050,290485256
1757662050,291600824
1757662050,305659304
1757662050,312936776
1757662050,319591976
1757662050,337574072
1757662050,350494344
1757662050,356364824
1757662050,401169608
1757662050,404801928
1757662050,422830120
1757662050,430216936
1757662050,431330072
1757662050,439932936
1757662050,456609336
1757662050,495743224
1757662050,499187048
1757662050,515419640
1757662050,529222568
1757662050,541707352
1757662050,630549144
1757662050,668954328
1757662050,682448696
1757662050,690407832
1757662050,698366200
1757662050,724781032
1757662050,727907640
1757662050,730762872
1757662050,733645624
1757662050,741502568
1757662050,781915144
1757662050,786207352
1757662050,792922312
1757662050,820766056
1757662050,824517256
1757662050,875183576
1757662050,889726872
1757662050,891080760
1757662050,913097528
1757662050,929539688
1757662050,933584920
1757662050,945624072
1757662050,956317624
1757662050,975835144
1757662051,2323928
1757662051,22373224
1757662051,46635288
1757662051,55982648
1757662051,77181464
1757662051,82276328
1757662051,85417576
1757662051,98791608
1757662051,101635128
1757662051,142365912
1757662051,163418024
1757662051,196302472
1757662051,217046984
1757662051,219966904
1757662051,234465384
1757662051,277060712
1757662051,306755848
1757662051,316205096
1757662051,336481416
1757662051,345664296
1757662051,353787608
1757662051,392731752
1757662051,405097976
1757662051,418579016
1757662051,422186728
1757662051,428241864
1757662051,463091336
1757662051,475395480
1757662051,478372168
1757662051,479674424
1757662051,502948520
1757662051,517613336
1757662051,536844824
1757662051,539065128
1757662051,548456568
1757662051,559744344
1757662051,572078808
1757662051,583870440
1757662051,588165640
1757662051,604064120
1757662051,610478936
1757662051,617692200
1757662051,626420904
1757662051,635092952
1757662051,639874104
1757662051,642590440
1757662051,656120120
1757662051,660499368
1757662051,727534888
1757662051,755129720
1757662051,758283816
1757662051,760824648
1757662051,768153080
1757662051,804663992
1757662051,822902648
1757662051,839693880
1757662051,877815592
1757662051,886186392
1757662051,896160008
1757662051,909538296
1757662051,934177576
1757662051,975230216
1757662052,23766424
1757662052,38498056
1757662052,42822248
1757662052,67444328
1757662052,71401464
1757662052,79050520
1757662052,117457944
1757662052,127954024
1757662052,139362552
1757662052,158110744
1757662052,208382312
1757662052,210547384
1757662052,214682072
1757662052,246286552
1757662052,260323720
1757662052,261943496
1757662052,267541592
1757662052,270456728
1757662052,274728280
1757662052,281598936
1757662052,291336696
1757662052,293205624
1757662052,315527928
1757662052,355231320
1757662052,374698568
1757662052,376255496
1757662052,385678680
1757662052,397155704
1757662052,415621848
1757662052,420093864
1757662052,462986696
1757662052,482303272
1757662052,490213192
1757662052,493559336
1757662052,498471864
1757662052,504644680
1757662052,520723864
1757662052,544531832
1757662052,578615128
1757662052,587233240
1757662052,605211928
1757662052,607135384
1757662052,637341544
1757662052,646614376
1757662052,666680232
1757662052,682284632
1757662052,687970088
1757662052,691607656
1757662052,696303800
1757662052,712458568
1757662052,713909768
1757662052,717468168
1757662052,726918888
1757662052,776797672
1757662052,779543064
1757662052,786809816
1757662052,829490456
1757662052,845265928
1757662052,861748184
1757662052,862948088
1757662052,873093000
1757662052,876609064
1757662052,879186328
1757662052,881728824
1757662052,887457672
1757662052,891046392
1757662052,924725592
1757662052,934472280
1757662052,948128728
1757662052,950059960
1757662052,952599688
1757662052,959033528
1757662052,976384984
1757662052,988240552
1757662052,990624616
1757662053,1804280
1757662053,30815384
1757662053,43036376
1757662053,62277144
1757662053,79774440
1757662053,80795688
1757662053,94576232
1757662053,96961048
1757662053,107087416
1757662053,112122936
1757662053,147029304
1757662053,184082296
1757662053,185396856
1757662053,214906568
1757662053,226609400
1757662053,250504504
1757662053,257691064
1757662053,260170696
1757662053,265307512
1757662053,282252632
1757662053,305485992
1757662053,348072408
1757662053,349817880
1757662053,373446264
1757662053,391058760
1757662053,398030376
1757662053,409066504
1757662053,463681800
1757662053,478455400
1757662053,485499528
1757662053,539316792
1757662053,555610424
1757662053,569554584
1757662053,572371352
1757662053,583679736
1757662053,592073688
1757662053,597285928
1757662053,610195080
1757662053,611865752
1757662053,646351480
1757662053,657372968
1757662053,662380744
1757662053,664539688
1757662053,677033080
1757662053,686400344
1757662053,694187688
1757662053,704543912
1757662053,708250984
1757662053,709970072
1757662053,745894648
1757662053,753757320
1757662053,775898808
1757662053,788553352
1757662053,809482456
1757662053,816346312
1757662053,820808008
1757662053,824168328
1757662053,838082664
1757662053,846524392
1757662053,848654040
1757662053,867174376
1757662053,875735496
1757662053,894610696
1757662053,897387640
1757662053,913647720
1757662053,941161624
1757662053,944660680
1757662054,16316296
1757662054,34549640
1757662054,65438712
1757662054,98834456
1757662054,103350504
1757662054,143473320
1757662054,160827672
1757662054,175539448
1757662054,199109080
1757662054,212333192
1757662054,223909032
1757662054,226767432
1757662054,243727960
1757662054,309250152
1757662054,311853288
1757662054,317192200
1757662054,333548648
1757662054,337058472
1757662054,360378968
1757662054,362695224
1757662054,363888232
1757662054,365901288
1757662054,370023576
1757662054,389416392
1757662054,396797288
1757662054,399334696
1757662054,420469352
1757662054,429285688
1757662054,432432808
1757662054,445827800
1757662054,508168552
1757662054,511671112
1757662054,524347992
1757662054,537617992
1757662054,541037816
1757662054,544879832
1757662054,549317464
1757662054,577511560
1757662054,578667048
1757662054,580460280
1757662054,601549016
1757662054,611683896
1757662054,631223768
1757662054,642716584
1757662054,648601448
1757662054,678792296
1757662054,702847896
1757662054,708274648
1757662054,709849240
1757662054,730803544
1757662054,767758936
1757662054,778513832
1757662054,785509048
1757662054,796179832
1757662054,816551896
1757662054,839227688
1757662054,847377384
1757662054,870942744
1757662054,898790648
1757662054,910212136
1757662054,924004360
1757662054,959927736
1757662055,14029800
1757662055,32559432
1757662055,36077432
1757662055,61523464
1757662055,75955048
1757662055,89049608
1757662055,92688568
1757662055,94475848
1757662055,99574680
1757662055,105631496
1757662055,119264952
1757662055,124077032
1757662055,127214664
1757662055,131177640
1757662055,142594712
1757662055,155330264
1757662055,249298152
1757662055,254805368
1757662055,263509176
1757662055,265778968
1757662055,304695784
1757662055,329663784
1757662055,339683080
1757662055,348026552
1757662055,362885896
1757662055,369652856
1757662055,391984552
1757662055,395409928
1757662055,398633464
1757662055,425869288
1757662055,441234872
1757662055,446119256
1757662055,451802552
1757662055,461086440
1757662055,476037032
1757662055,484229384
1757662055,489657800
1757662055,537002936
1757662055,573283592
1757662055,575649096
1757662055,582575544
1757662055,586988760
1757662055,593758168
1757662055,647710680
1757662055,650081720
1757662055,662307240
1757662055,664528200
1757662055,676120232
1757662055,678016024
1757662055,693149416
1757662055,696496840
1757662055,701894856
1757662055,715288776
1757662055,717185752
1757662055,720743928
1757662055,726594600
1757662055,727914200
1757662055,733942936
1757662055,738930904
1757662055,749471896
1757662055,751992008
1757662055,760863704
1757662055,810713832
1757662055,845065656
1757662055,848765256
1757662055,878197576
1757662055,917406760
1757662055,922258792
1757662055,926815384
1757662055,938331192
1757662055,961484648
1757662055,964102056
1757662056,556056
1757662056,5585992
1757662056,27638008
1757662056,29698408
1757662056,37024760
1757662056,38955928
1757662056,45963592
1757662056,67782840
1757662056,142837880
1757662056,145940888
1757662056,152966312
1757662056,163964872
1757662056,209513592
1757662056,213679096
1757662056,229729768
1757662056,235122584
1757662056,239106536
1757662056,244576584
1757662056,257069080
1757662056,259793304
1757662056,320426440
1757662056,348891672
1757662056,359790136
1757662056,365344600
1757662056,420223576
1757662056,424407864
1757662056,430381704
1757662056,470848184
1757662056,487557128
1757662056,501958856
1757662056,515310728
1757662056,551006056
1757662056,596964728
1757662056,600482120
1757662056,609130056
1757662056,617814856
1757662056,625109240
1757662056,679010984
1757662056,694033976
1757662056,697922456
1757662056,723976888
1757662056,753058584
1757662056,773691944
1757662056,788240456
1757662056,791347256
1757662056,807283976
1757662056,833231208
1757662056,836326664
1757662056,853929544
1757662056,876752040
1757662056,878633400
1757662056,895166728
1757662056,914520360
1757662056,926413016
1757662056,932680888
1757662056,936131544
1757662056,946641176
1757662056,952119992
1757662056,988461768
1757662056,995035048
1757662056,996888056
1757662057,3774840
1757662057,25100424
1757662057,46754504
1757662057,59084680
1757662057,73827896
1757662057,76783896
1757662057,82078392
1757662057,93027912
1757662057,114008296
1757662057,121303960
1757662057,132715992
1757662057,167154056
1757662057,168470824
1757662057,181238952
1757662057,213405672
1757662057,214817592
1757662057,222773976
1757662057,248778040
1757662057,262527784
1757662057,266307736
1757662057,277764552
1757662057,291135960
1757662057,295138232
1757662057,309825016
1757662057,324864424
1757662057,341999480
1757662057,392235832
1757662057,394503048
1757662057,413431784
1757662057,431813800
1757662057,433769208
1757662057,442508056
1757662057,449542568
1757662057,454440680
1757662057,456654360
1757662057,462271800
1757662057,465040136
1757662057,493633928
1757662057,527571032
1757662057,555342760
1757662057,557896232
1757662057,563856360
1757662057,566567304
1757662057,569140856
1757662057,610521256
1757662057,613239256
1757662057,631216200
1757662057,642799544
1757662057,668321400
1757662057,686257832
1757662057,720911160
1757662057,753570488
1757662057,773119832
1757662057,780482648
1757662057,782894808
1757662057,803052840
1757662057,814708664
1757662057,821797320
1757662057,823580200
1757662057,829434488
1757662057,833000024
1757662057,845358520
1757662057,851432712
1757662057,879110712
1757662057,882436424
1757662057,884202312
1757662057,886257800
1757662057,888452712
1757662057,894396856
1757662057,931986728
1757662057,936973688
1757662057,945043160
1757662057,967953768
1757662057,974537480
1757662057,982586776
1757662057,985009112
1757662057,994480312
1757662058,9821608
1757662058,16700856
1757662058,24590280
1757662058,36133304
1757662058,46083672
1757662058,59819896
1757662058,80032456
1757662058,98855688
1757662058,132462712
1757662058,139011880
1757662058,161506200
1757662058,163826344
1757662058,207994040
1757662058,229187080
1757662058,244773048
1757662058,253688328
1757662058,280126488
1757662058,313969656
1757662058,324298376
1757662058,350811416
1757662058,355772040
1757662058,360378856
1757662058,364645992
1757662058,408612552
1757662058,419163496
1757662058,421472856
1757662058,426015352
1757662058,431614984
1757662058,450526376
1757662058,453786200
1757662058,459173528
1757662058,461265528
1757662058,462411160
1757662058,478590280
1757662058,491539912
1757662058,498740536
1757662058,507396184
1757662058,528888824
1757662058,530331256
1757662058,555987960
1757662058,568874360
1757662058,578512792
1757662058,593969144
1757662058,598123304
1757662058,602629080
1757662058,609218632
1757662058,621901016
1757662058,665287992
1757662058,666572152
1757662058,683481144
1757662058,684928776
1757662058,696492664
1757662058,698802824
1757662058,706314712
1757662058,710538264
1757662058,723346200
1757662058,728655064
1757662058,771266888
1757662058,777616936
1757662058,803914056
1757662058,814702984
1757662058,827772936
1757662058,838509944
1757662058,863134792
1757662058,868382888
1757662058,871931912
1757662058,893862712
1757662058,911906152
1757662058,921187848
1757662058,969169800
1757662058,998849944
1757662059,20469576
1757662059,48607240
1757662059,73387176
1757662059,83234312
1757662059,89541432
1757662059,91125080
1757662059,113253848
1757662059,116849416
1757662059,119705432
1757662059,134068072
1757662059,139961096
1757662059,142155096
1757662059,147890792
1757662059,164989656
1757662059,171586616
1757662059,187946760
1757662059,191437992
1757662059,198284328
1757662059,214433512
1757662059,231941992
1757662059,250002472
1757662059,254159832
1757662059,261756232
1757662059,266403336
1757662059,287141288
1757662059,293242728
1757662059,304253928
1757662059,333248232
1757662059,342304408
1757662059,370617784
1757662059,377948264
1757662059,386274360
1757662059,387623912
1757662059,407337656
1757662059,444042408
1757662059,451046536
1757662059,454465448
1757662059,483746600
1757662059,485246232
1757662059,506016168
1757662059,553170568
1757662059,564669592
1757662059,577437544
1757662059,597169752
1757662059,615565000
1757662059,625760664
1757662059,632733400
1757662059,636572504
1757662059,639288520
1757662059,640820312
1757662059,667016936
1757662059,684865992
1757662059,697500440
1757662059,708233848
1757662059,720845832
1757662059,731560744
1757662059,740875496
1757662059,754000824
1757662059,756370152
1757662059,759306008
1757662059,767536792
1757662059,780484936
1757662059,794138664
1757662059,801966872
1757662059,805135736
1757662059,816618840
1757662059,841323400
1757662059,845415784
1757662059,853758312
1757662059,857671880
1757662059,869368360
1757662059,887234552
1757662059,899913688
1757662059,906772936
1757662059,909125656
1757662059,934657416
1757662059,941172088
1757662059,954641208
1757662059,983341336
1757662059,991042840
1757662059,995611576
1757662060,459320
1757662060,20515368
1757662060,41081736
1757662060,46816776
1757662060,54737144
1757662060,73014664
1757662060,141991656
1757662060,164670504
1757662060,175748936
1757662060,218425832
1757662060,255503160
1757662060,260996152
1757662060,281787816
1757662060,299228248
1757662060,304527560
1757662060,311581928
1757662060,322660232
1757662060,345157528
1757662060,355985896
1757662060,365068632
1757662060,384086776
1757662060,417613320
1757662060,466413352
1757662060,512875160
1757662060,517213672
1757662060,528311032
1757662060,530935800
1757662060,543381880
1757662060,547300888
1757662060,564347880
1757662060,569105272
1757662060,608349656
1757662060,627693656
1757662060,646605400
1757662060,649304312
1757662060,663781560
1757662060,675232904
1757662060,677574296
1757662060,692088888
1757662060,695134184
1757662060,732202936
1757662060,749492104
1757662060,809724040
1757662060,818640472
1757662060,832517992
1757662060,841771016
1757662060,855721912
1757662060,862925592
1757662060,871547016
1757662060,879534856
1757662060,885459592
1757662060,898693736
1757662060,902686696
1757662060,904160776
1757662060,945387160
1757662060,953399880
1757662060,964351896
1757662060,967117016
1757662061,4541480
1757662061,51791784
1757662061,58359352
1757662061,61808872
1757662061,64419496
1757662061,69088952
1757662061,98977976
1757662061,108465784
1757662061,111796904
1757662061,171358104
1757662061,190476200
1757662061,203564984
1757662061,212878136
1757662061,223899352
1757662061,229786648
1757662061,237744024
1757662061,241673768
1757662061,248842072
1757662061,252310952
1757662061,265183400
1757662061,286849208
1757662061,292906104
1757662061,313711992
1757662061,325985944
1757662061,356854376
1757662061,360303368
1757662061,368779272
1757662061,388364040
1757662061,399735080
1757662061,500099928
1757662061,511073400
1757662061,518249688
1757662061,557369288
1757662061,590837800
1757662061,649704952
1757662061,668332536
1757662061,693416920
1757662061,697871448
1757662061,704040664
1757662061,723638040
1757662061,752047640
1757662061,779359608
1757662061,789817864
1757662061,791675720
1757662061,811477720
1757662061,844194616
1757662061,874468472
1757662061,894523640
1757662061,898019064
1757662061,900810680
1757662061,947890680
1757662061,958495784
1757662061,978708936
1757662061,981266072
1757662061,992620744
1757662062,1164424
1757662062,23246184
1757662062,34488856
1757662062,93962632
1757662062,126673992
1757662062,144822824
1757662062,153744744
1757662062,155965960
1757662062,171305512
1757662062,183173896
1757662062,193081512
1757662062,198521672
1757662062,212743400
1757662062,219032504
1757662062,223809816
1757662062,232290072
1757662062,239595544
1757662062,248629112
1757662062,253884904
1757662062,256211672
1757662062,300377160
1757662062,305621960
1757662062,377320072
1757662062,385902216
1757662062,400204152
1757662062,410547016
1757662062,416825112
1757662062,454974904
1757662062,461395432
1757662062,484241944
1757662062,485507160
1757662062,509756456
1757662062,532229624
1757662062,541693176
1757662062,548336840
1757662062,564801304
1757662062,576467288
1757662062,596107752
1757662062,602897480
1757662062,609944232
1757662062,613742696
1757662062,661601832
1757662062,706165464
1757662062,746975960
1757662062,758374376
1757662062,769228584
1757662062,786229880
1757662062,796881400
1757662062,808190664
1757662062,820168472
1757662062,826111624
1757662062,828931880
1757662062,831370776
1757662062,841223848
1757662062,844574600
1757662062,850952440
1757662062,886687560
1757662062,900008312
1757662062,903892600
1757662062,968023160
1757662062,976644376
1757662062,983699576
1757662062,987081320
1757662063,2639464
1757662063,4319256
1757662063,31907464
1757662063,38780888
1757662063,40916520
1757662063,45713336
1757662063,46970440
1757662063,73436984
1757662063,87528600
1757662063,89584616
1757662063,94148696
1757662063,96986888
1757662063,117533752
1757662063,120510808
1757662063,133729064
1757662063,142973192
1757662063,155330600
1757662063,174818376
1757662063,205790888
1757662063,220147848
1757662063,231645448
1757662063,241409272
1757662063,244866664
1757662063,253786952
1757662063,279459080
1757662063,333791208
1757662063,359591496
1757662063,389941544
1757662063,401413960
1757662063,404140392
1757662063,413370376
1757662063,418672792
1757662063,436754872
1757662063,443390104
1757662063,452859720
1757662063,463883208
1757662063,468160776
1757662063,475463720
1757662063,479290264
1757662063,487873624
1757662063,516338680
1757662063,519780856
1757662063,531732744
1757662063,590452904
1757662063,602832072
1757662063,623275720
1757662063,642911592
1757662063,649326520
1757662063,651061288
1757662063,652464424
1757662063,657090776
1757662063,660604424
1757662063,665747064
1757662063,671175736
1757662063,690898280
1757662063,692143864
1757662063,695741800
1757662063,702731192
1757662063,763726696
1757662063,779124632
1757662063,784401880
1757662063,789945816
1757662063,820228104
1757662063,831597096
1757662063,846434392
1757662063,861159672
1757662063,870928232
1757662063,878599240
1757662063,883264216
1757662063,884870360
1757662063,934351080
1757662063,939648120
1757662063,960712232
1757662063,965225608
1757662063,982535432
1757662063,998351032
1757662064,4999160
1757662064,22637288
1757662064,48427416
1757662064,88152120
1757662064,91908680
1757662064,98784280
1757662064,132914840
1757662064,135435112
1757662064,137172184
1757662064,140081800
1757662064,150234808
1757662064,154526568
1757662064,162376520
1757662064,169636376
1757662064,176835720
1757662064,180037720
1757662064,206481112
1757662064,215959272
1757662064,217088168
1757662064,236090344
1757662064,241067640
1757662064,271903272
1757662064,277492216
1757662064,279617368
1757662064,282530984
1757662064,292394696
1757662064,306295416
1757662064,309528440
1757662064,323519016
1757662064,349015816
1757662064,363373512
1757662064,369038808
1757662064,377461352
1757662064,383308824
1757662064,400402952
1757662064,404228824
1757662064,409149848
1757662064,426659928
1757662064,436027112
1757662064,455560296
1757662064,462897960
1757662064,494482328
1757662064,513825704
1757662064,516724952
1757662064,529050840
1757662064,542627160
1757662064,550628104
1757662064,578466008
1757662064,582672456
1757662064,591521624
1757662064,592690456
1757662064,620861880
1757662064,627149896
1757662064,630870024
1757662064,663888328
1757662064,665696232
1757662064,669499496
1757662064,676778136
1757662064,682294168
1757662064,713291672
1757662064,724529896
1757662064,732901160
1757662064,737565864
1757662064,747344792
1757662064,757713368
1757662064,770108024
1757662064,774660344
1757662064,782054328
1757662064,797487496
1757662064,816855496
1757662064,825513944
1757662064,827818808
1757662064,846354744
1757662064,902459224
1757662064,913194104
1757662064,917481960
1757662064,933634280
1757662064,987625224
1757662064,997703800
1757662065,15225976
1757662065,26690280
1757662065,44316952
1757662065,47936632
1757662065,64272360
1757662065,90702008
1757662065,101838856
1757662065,109032504
1757662065,126309512
1757662065,141033240
1757662065,147768600
1757662065,151876056
1757662065,166354920
1757662065,175778184
1757662065,188363560
1757662065,195037592
1757662065,197707544
1757662065,199982504
1757662065,205055960
1757662065,215322456
1757662065,272032424
1757662065,295236408
1757662065,305777640
1757662065,342685320
1757662065,344641640
1757662065,355016376
1757662065,366642056
1757662065,371094056
1757662065,375833144
1757662065,398513208
1757662065,421637736
1757662065,487168456
1757662065,490797368
1757662065,501960312
1757662065,505435448
1757662065,513050712
1757662065,528923224
1757662065,530312328
1757662065,540050344
1757662065,590630024
1757662065,606660872
1757662065,618729944
1757662065,622707768
1757662065,631696664
1757662065,638098728
1757662065,652267416
1757662065,699623864
1757662065,701858712
1757662065,715898296
1757662065,723279960
1757662065,737749928
1757662065,747109864
1757662065,755662360
1757662065,770165240
1757662065,795733448
1757662065,814360008
1757662065,845300616
1757662065,864025672
1757662065,877181624
1757662065,887952408
1757662065,892960984
1757662065,914912968
1757662065,930849544
1757662065,943790008
1757662065,945557816
1757662065,957412808
1757662065,976481656
1757662065,981412504
1757662065,984511976
1757662066,12198840
1757662066,74935464
1757662066,88730792
1757662066,94784872
1757662066,105357416
1757662066,110445528
1757662066,128957672
1757662066,131610168
1757662066,136482712
1757662066,141971160
1757662066,152206408
1757662066,159443432
1757662066,194953576
1757662066,207350360
1757662066,227513112
1757662066,233002168
1757662066,246970024
1757662066,254052056
1757662066,302072552
1757662066,310010152
1757662066,339125608
1757662066,365965688
1757662066,370490168
1757662066,371914920
1757662066,384442184
1757662066,413640280
1757662066,421760424
1757662066,433090296
1757662066,438389000
1757662066,441426216
1757662066,446544616
1757662066,463434696
1757662066,474116152
1757662066,487398456
1757662066,505471432
1757662066,522705144
1757662066,526270552
1757662066,542408792
1757662066,567868568
1757662066,607163384
1757662066,614273736
1757662066,618513144
1757662066,638945576
1757662066,658469656
1757662066,675470392
1757662066,689029800
1757662066,698985336
1757662066,707290280
1757662066,716855528
1757662066,741722504
1757662066,745308920
1757662066,759051368
1757662066,763597000
1757662066,769792200
1757662066,773167688
1757662066,774973288
1757662066,788004728
1757662066,796616568
1757662066,807329576
1757662066,816216952
1757662066,862065960
1757662066,866405464
1757662066,884310248
1757662066,911928296
1757662066,941271672
1757662066,955021048
1757662066,962157224
1757662066,973580344
1757662067,2018552
1757662067,25394088
1757662067,31119624
1757662067,72347672
1757662067,81996920
1757662067,106354008
1757662067,125771496
1757662067,130186600
1757662067,147196136
1757662067,152620760
1757662067,155775608
1757662067,184567880
1757662067,195373496
1757662067,205609880
1757662067,213808744
1757662067,216630408
1757662067,283363416
1757662067,296939880
1757662067,301432200
1757662067,304385192
1757662067,337467016
1757662067,341392568
1757662067,355754536
1757662067,363571400
1757662067,376201000
1757662067,392786104
1757662067,401380920
1757662067,415395496
1757662067,458180280
1757662067,469738072
1757662067,491347032
1757662067,496286024
1757662067,498256440
1757662067,522995784
1757662067,526090120
1757662067,528602856
1757662067,614149336
1757662067,624532488
1757662067,633474664
1757662067,643641896
1757662067,651177368
1757662067,660971560
1757662067,696532456
1757662067,706028328
1757662067,726781912
1757662067,736383016
1757662067,740705096
1757662067,764464136
1757662067,811332456
1757662067,843451288
1757662067,849656136
1757662067,851863992
1757662067,876701912
1757662067,880437464
1757662067,918831240
1757662067,928061288
1757662067,930517352
1757662067,935009512
1757662067,956326456
1757662067,962820344
1757662067,964513720
1757662067,997883896
1757662068,20651176
1757662068,24628360
1757662068,27877208
1757662068,45045544
1757662068,53363496
1757662068,59369160
1757662068,64570552
1757662068,74446104
1757662068,98221944
1757662068,140347544
1757662068,142338040
1757662068,155886984
1757662068,161101464
1757662068,163682616
1757662068,169067688
1757662068,170388200
1757662068,184124744
1757662068,209035656
1757662068,221194088
1757662068,237196392
1757662068,248692440
1757662068,251625688
1757662068,266961848
1757662068,283799160
1757662068,286563896
1757662068,297173096
1757662068,300780872
1757662068,303609096
1757662068,312791208
1757662068,322511128
1757662068,339148536
1757662068,341252968
1757662068,369738600
1757662068,372152600
1757662068,383266344
1757662068,397809336
1757662068,433137368
1757662068,440322120
1757662068,479733688
1757662068,500890376
1757662068,508083832
1757662068,514251928
1757662068,530637048
1757662068,535655672
1757662068,559368536
1757662068,562458136
1757662068,573245880
1757662068,577603016
1757662068,605233720
1757662068,644298264
1757662068,645671832
1757662068,652291112
1757662068,673871096
1757662068,685933656
1757662068,690254424
1757662068,693101720
1757662068,697924584
1757662068,759748792
1757662068,779937592
1757662068,802659352
1757662068,808205624
1757662068,838673576
1757662068,854563480
1757662068,857178168
1757662068,886396344
1757662068,898406136
1757662068,920135384
1757662068,925347576
1757662068,971281304
1757662068,976716360
1757662068,981527544
1757662068,988324200
1757662068,993774088
1757662069,27824248
1757662069,55439624
1757662069,57789752
1757662069,69318200
1757662069,105795432
1757662069,116379080
1757662069,128314936
1757662069,151416168
1757662069,153714712
1757662069,155924600
1757662069,180325416
1757662069,181798168
1757662069,204962616
1757662069,210251816
1757662069,218851096
1757662069,247561112
1757662069,258116536
1757662069,280085960
1757662069,295173656
1757662069,300365080
1757662069,308336520
1757662069,311320664
1757662069,339214712
1757662069,352775608
1757662069,373101976
1757662069,375880888
1757662069,391697400
1757662069,413196680
1757662069,426199224
1757662069,437041400
1757662069,444626808
1757662069,516777384
1757662069,563010392
1757662069,567784440
1757662069,578734360
1757662069,604102968
1757662069,616035720
1757662069,619853512
1757662069,621783528
1757662069,633053944
1757662069,638535832
1757662069,643198936
1757662069,646302392
1757662069,647770040
1757662069,653852584
1757662069,675678744
1757662069,685699400
1757662069,688291464
1757662069,691554616
1757662069,714129080
1757662069,717536376
1757662069,728225368
1757662069,732093144
1757662069,737090680
1757662069,766684312
1757662069,834861848
1757662069,850267784
1757662069,854369464
1757662069,869398760
1757662069,883917448
1757662069,903865160
1757662069,908506968
1757662069,944441864
1757662069,954794440
1757662069,974233624
1757662069,986123736
1757662069,989531816
1757662069,991800424
1757662070,2284584
1757662070,7976232
1757662070,14829768
1757662070,34067880
1757662070,37073656
1757662070,45756008
1757662070,56418056
1757662070,78560088
1757662070,82969880
1757662070,103274440
1757662070,105561448
1757662070,108270824
1757662070,135910024
1757662070,148561928
1757662070,155667688
1757662070,159883208
1757662070,163795288
1757662070,173921736
1757662070,203223416
1757662070,207707992
1757662070,220068888
1757662070,222924984
1757662070,226931512
1757662070,229650632
1757662070,234300376
1757662070,239362328
1757662070,255177944
1757662070,268087160
1757662070,280323400
1757662070,322841640
1757662070,333990056
1757662070,335269048
1757662070,357380552
1757662070,389620344
1757662070,480341352
1757662070,533189224
1757662070,535411016
1757662070,548607256
1757662070,552401128
1757662070,564521832
1757662070,573048568
1757662070,576423768
1757662070,584722440
1757662070,591562952
1757662070,606764008
1757662070,624517800
1757662070,629105320
1757662070,630788024
1757662070,632395784
1757662070,644315768
1757662070,651952312
1757662070,678600344
1757662070,718050376
1757662070,731415640
1757662070,742551528
1757662070,753426760
1757662070,764539624
1757662070,780170808
1757662070,781928184
1757662070,788258088
1757662070,797080312
1757662070,801264360
1757662070,808489560
1757662070,831172888
1757662070,842917496
1757662070,853800648
1757662070,855584360
1757662070,888682008
1757662070,905211336
1757662070,911570968
1757662070,953100632
1757662070,954638904
1757662070,959857592
1757662070,963886456
1757662070,992116328
1757662071,2927720
1757662071,56762808
1757662071,65316264
1757662071,93102296
1757662071,106771832
1757662071,112579432
1757662071,113920760
1757662071,125644344
1757662071,131026232
1757662071,148308776
1757662071,163751576
1757662071,183385880
1757662071,204443800
1757662071,227397240
1757662071,246835496
1757662071,274858728
1757662071,293320520
1757662071,301328696
1757662071,303516056
1757662071,326018776
1757662071,341797816
1757662071,364998120
1757662071,393066504
1757662071,394815016
1757662071,400208744
1757662071,442843400
1757662071,493167736
1757662071,497842120
1757662071,520754328
1757662071,548902520
1757662071,551582760
1757662071,562430120
1757662071,587690776
1757662071,646073640
1757662071,658681896
1757662071,675034904
1757662071,711871928
1757662071,722796280
1757662071,746804552
1757662071,759585144
1757662071,776879672
1757662071,795946696
1757662071,801684312
1757662071,810290328
1757662071,819664424
1757662071,847909096
1757662071,856539480
1757662071,861135112
1757662071,869634888
1757662071,873878344
1757662071,905681256
1757662071,940224168
1757662071,946978616
1757662071,950911016
1757662071,973689256
1757662071,989557384
1757662071,991257656
1757662072,6277672
1757662072,9741032
1757662072,31566920
1757662072,38363688
1757662072,71708632
1757662072,79305992
1757662072,94062216
1757662072,112418152
1757662072,127917256
1757662072,135545176
1757662072,186405080
1757662072,209318024
1757662072,220513080
1757662072,253973320
1757662072,264903368
1757662072,303722520
1757662072,317670392
1757662072,322136456
1757662072,344244104
1757662072,349096792
1757662072,366228040
1757662072,374572840
1757662072,384402680
1757662072,397949400
1757662072,407859192
1757662072,413600152
1757662072,444975560
1757662072,450021464
1757662072,479672264
1757662072,494145480
1757662072,502765496
1757662072,522574184
1757662072,536435464
1757662072,601587448
1757662072,605376840
1757662072,633681576
1757662072,637611256
1757662072,674200664
1757662072,695909176
1757662072,703984584
1757662072,709751944
1757662072,712664440
1757662072,715666120
1757662072,793910136
1757662072,801933672
1757662072,835845928
1757662072,856620984
1757662072,889444488
1757662072,893263144
1757662072,937797384
1757662072,945141544
1757662072,949977592
1757662072,975679656
1757662072,982499272
1757662072,991120504
1757662072,992392856
1757662073,9026168
1757662073,14235288
1757662073,52332248
1757662073,60295848
1757662073,71536280
1757662073,79620856
1757662073,100606424
1757662073,107384904
1757662073,118635976
1757662073,133665576
1757662073,136658360
1757662073,138373128
1757662073,146707512
1757662073,155756136
1757662073,166979000
1757662073,172488120
1757662073,182192920
1757662073,224499896
1757662073,227209800
1757662073,255733768
1757662073,267203592
1757662073,270309576
1757662073,286867992
1757662073,301589544
1757662073,308849416
1757662073,313194568
1757662073,339421288
1757662073,351022776
1757662073,366751912
1757662073,380601976
1757662073,413250920
1757662073,415921128
1757662073,441124008
1757662073,453277720
1757662073,461267768
1757662073,475650840
1757662073,479513576
1757662073,483349064
1757662073,488336296
1757662073,507645432
1757662073,516000920
1757662073,527901272
1757662073,531589288
1757662073,534997432
1757662073,542225048
1757662073,543970424
1757662073,592947608
1757662073,595645240
1757662073,598789384
1757662073,615867144
1757662073,624330488
1757662073,633504920
1757662073,646962920
1757662073,649335176
1757662073,659725496
1757662073,671483064
1757662073,678010408
1757662073,688994872
1757662073,719862904
1757662073,735748600
1757662073,752675656
1757662073,756330760
1757662073,760370616
1757662073,768876232
1757662073,777534760
1757662073,824422552
1757662073,897975224
1757662073,903185672
1757662073,924186760
1757662073,928937560
1757662073,931709096
1757662073,933552696
1757662073,935699032
1757662073,940848056
1757662073,945436920
1757662073,957428744
1757662073,967572488
1757662073,973462376
1757662073,989659608
1757662074,5446280
1757662074,23992200
1757662074,46414360
1757662074,57450280
1757662074,79079832
1757662074,117026200
1757662074,119261960
1757662074,124591320
1757662074,141791448
1757662074,190287912
1757662074,196227448
1757662074,217155448
1757662074,222402232
1757662074,228365720
1757662074,242533128
1757662074,247477912
1757662074,262088776
1757662074,265220424
1757662074,267126328
1757662074,323275000
1757662074,326332984
1757662074,332575272
1757662074,344674712
1757662074,366469352
1757662074,385772856
1757662074,392414488
1757662074,427620392
1757662074,432276024
1757662074,445821992
1757662074,470192312
1757662074,503896888
1757662074,512551048
1757662074,519699720
1757662074,521821912
1757662074,526730968
1757662074,545360168
1757662074,556376984
1757662074,578550344
1757662074,605614952
1757662074,627027176
1757662074,660493352
1757662074,728756360
1757662074,758438216
1757662074,778926888
1757662074,783758920
1757662074,816171736
1757662074,820375224
1757662074,848057176
1757662074,861881352
1757662074,880309816
1757662074,883650856
1757662074,885622712
1757662074,887472984
1757662074,893172152
1757662074,908482008
1757662074,934645304
1757662074,936324568
1757662074,937797896
1757662074,971135144
1757662074,986835672
1757662075,6214008
1757662075,33272744
1757662075,69078952
1757662075,85375624
1757662075,109635688
1757662075,114940744
1757662075,131580312
1757662075,160232472
1757662075,201344504
1757662075,203694872
1757662075,229004920
1757662075,243520136
1757662075,249819928
1757662075,257196696
1757662075,286640792
1757662075,297734440
1757662075,307523624
1757662075,317319976
1757662075,323866600
1757662075,325777928
1757662075,328781480
1757662075,337321160
1757662075,358280328
1757662075,368236856
1757662075,372300552
1757662075,393097368
1757662075,401652600
1757662075,447331448
1757662075,456700760
1757662075,462293464
1757662075,483217960
1757662075,486134168
1757662075,495779432
1757662075,498856120
1757662075,506827832
1757662075,519245272
1757662075,528211400
1757662075,533690824
1757662075,552861368
1757662075,594877928
1757662075,603623400
1757662075,607212984
1757662075,609859752
1757662075,614250440
1757662075,643470648
1757662075,659320456
1757662075,667176456
1757662075,690471720
1757662075,706797080
1757662075,723499272
1757662075,726189256
1757662075,733556472
1757662075,738074888
1757662075,739507720
1757662075,760328600
1757662075,762691160
1757662075,768718664
1757662075,772634328
1757662075,778995368
1757662075,802038808
1757662075,808129272
1757662075,810641448
1757662075,814379720
1757662075,848824440
1757662075,893803720
1757662075,911687688
1757662075,919657192
1757662075,930728248
1757662075,937759624
1757662075,965659368
1757662075,979253528
1757662075,987028616
1757662075,993640104
1757662075,999072680
1757662076,2171672
1757662076,15145000
1757662076,32509880
1757662076,37035368
1757662076,38650744
1757662076,77948056
1757662076,100743208
1757662076,110421736
1757662076,119900920
1757662076,135346536
1757662076,141742456
1757662076,160571240
1757662076,179646008
1757662076,220511864
1757662076,224545480
1757662076,226341608
1757662076,233701016
1757662076,248863160
1757662076,282944408
1757662076,289738280
1757662076,292683112
1757662076,295480024
1757662076,355900872
1757662076,359817144
1757662076,386363816
1757662076,436026024
1757662076,443135288
1757662076,446913384
1757662076,473741768
1757662076,480683576
1757662076,482746136
1757662076,508315928
1757662076,522822312
1757662076,537965592
1757662076,572242648
1757662076,573903320
1757662076,576922760
1757662076,594278552
1757662076,610292392
1757662076,623341672
1757662076,627874264
1757662076,652049080
1757662076,659152840
1757662076,667432712
1757662076,681776424
1757662076,683727384
1757662076,740764072
1757662076,750348168
1757662076,768604344
1757662076,775194776
1757662076,778904840
1757662076,781927496
1757662076,796362472
1757662076,817787224
1757662076,823022264
1757662076,825410808
1757662076,867419496
1757662076,883608520
1757662076,884876888
1757662076,893932072
1757662076,899360840
1757662076,901585880
1757662076,904384984
1757662076,922627336
1757662076,925888808
1757662076,931209864
1757662076,943187192
1757662076,951722712
1757662076,981665896
1757662077,9647768
1757662077,45221672
1757662077,82019416
1757662077,85428424
1757662077,94755816
1757662077,101913160
1757662077,104743288
1757662077,119969512
1757662077,142498040
1757662077,144877544
1757662077,153033048
1757662077,162633896
1757662077,187625640
1757662077,216811128
1757662077,227274184
1757662077,238985416
1757662077,240278568
1757662077,242693064
1757662077,287391144
1757662077,295261416
1757662077,325122648
1757662077,337411128
1757662077,359482296
1757662077,377062952
1757662077,417916296
1757662077,431909784
1757662077,470587272
1757662077,496970072
1757662077,500328616
1757662077,518421352
1757662077,549854776
1757662077,571691304
1757662077,578854792
1757662077,581685304
1757662077,587439624
1757662077,626986760
1757662077,637716888
1757662077,653163448
1757662077,701845656
1757662077,703275432
1757662077,707047880
1757662077,723791096
1757662077,736514616
1757662077,777295800
1757662077,786890744
1757662077,804303080
1757662077,819508488
1757662077,825560264
1757662077,831647288
1757662077,835662632
1757662077,869920040
1757662077,875593464
1757662077,947101960
1757662077,951519304
1757662077,955647368
1757662077,973988264
1757662077,987925640
1757662078,68965304
1757662078,86453128
1757662078,92717560
1757662078,94997016
1757662078,107447528
1757662078,167787528
1757662078,181651880
1757662078,184717496
1757662078,187964296
1757662078,211143720
1757662078,212483336
1757662078,226232008
1757662078,249224888
1757662078,254586152
1757662078,257425688
1757662078,260637576
1757662078,285784008
1757662078,299151640
1757662078,329446936
1757662078,356525752
1757662078,373337560
1757662078,385992632
1757662078,391771800
1757662078,393128424
1757662078,395818840
1757662078,418273976
1757662078,441991560
1757662078,446950344
1757662078,466288504
1757662078,469720456
1757662078,472860920
1757662078,478763016
1757662078,482136968
1757662078,492357768
1757662078,498713352
1757662078,508204536
1757662078,517542328
1757662078,531849512
1757662078,543686360
1757662078,595328152
1757662078,597678248
1757662078,611322184
1757662078,614042920
1757662078,617874888
1757662078,622497880
1757662078,624321224
1757662078,640654968
1757662078,653558600
1757662078,676887336
1757662078,686641160
1757662078,694511048
1757662078,716417768
1757662078,717747480
1757662078,746449752
1757662078,773647496
1757662078,777364776
1757662078,782274632
1757662078,801949784
1757662078,839227256
1757662078,841334920
1757662078,856763208
1757662078,886018392
1757662078,889654088
1757662078,892952824
1757662078,904515704
1757662078,913102808
1757662078,916148008
1757662078,956210872
1757662078,990555944
1757662079,30762152
1757662079,45733560
1757662079,47373432
1757662079,51147080
1757662079,54075896
1757662079,58360664
1757662079,69651704
1757662079,73443016
1757662079,84302376
1757662079,140392552
1757662079,152387160
1757662079,164795000
1757662079,170537352
1757662079,173852584
1757662079,185471768
1757662079,188508680
1757662079,200591400
1757662079,204102424
1757662079,207749544
1757662079,214373816
1757662079,218069608
1757662079,221489032
1757662079,227574488
1757662079,274555944
1757662079,326621272
1757662079,331272040
1757662079,382863736
1757662079,399353768
1757662079,417351864
1757662079,423540808
1757662079,426882056
1757662079,452688456
1757662079,467883448
1757662079,484249240
1757662079,495902952
1757662079,504296776
1757662079,510067480
1757662079,513134840
1757662079,538571944
1757662079,564031784
1757662079,574418440
1757662079,605749480
1757662079,615182296
1757662079,619267768
1757662079,648176696
1757662079,694929624
1757662079,707309176
1757662079,712586008
1757662079,731105080
1757662079,738612296
1757662079,752826424
1757662079,762200200
1757662079,814934616
1757662079,817896280
1757662079,832493848
1757662079,844069560
1757662079,858490760
1757662079,891957128
1757662079,894249176
1757662079,896499816
1757662079,913167752
1757662079,915057960
1757662079,938936824
1757662079,961384904
1757662080,12269864
1757662080,35697496
1757662080,59501752
1757662080,61122456
1757662080,64455880
1757662080,86560760
1757662080,91500360
1757662080,157780232
1757662080,178943688
1757662080,210336200
1757662080,214829656
1757662080,232895880
1757662080,246368472
1757662080,308854984
1757662080,310764744
1757662080,326992360
1757662080,329207416
1757662080,342842488
1757662080,353163032
1757662080,354532104
1757662080,363088856
1757662080,384380536
1757662080,404036504
1757662080,420177880
1757662080,422784760
1757662080,424502456
1757662080,426399608
1757662080,432929064
1757662080,494408680
1757662080,498607688
1757662080,506427544
1757662080,523649192
1757662080,542538536
1757662080,553521032
1757662080,564676152
1757662080,567243272
1757662080,581216136
1757662080,589802568
1757662080,645348360
1757662080,656730376
1757662080,677430888
1757662080,684953688
1757662080,725884424
1757662080,732367720
1757662080,743249304
1757662080,745282696
1757662080,789430600
1757662080,798345688
1757662080,807931592
1757662080,811900152
1757662080,818128792
1757662080,833755528
1757662080,844818552
1757662080,871455784
1757662080,889559560
1757662080,894674712
1757662080,900044744
1757662080,928339512
1757662080,947781288
1757662080,951724328
1757662080,966793384
1757662080,971942376
1757662080,975871736
1757662080,980510552
1757662080,985532648
1757662081,24472552
1757662081,45651480
1757662081,55040264
1757662081,74402424
1757662081,80772456
1757662081,85862664
1757662081,88682200
1757662081,103840200
1757662081,136078392
1757662081,142501112
1757662081,156094840
1757662081,158555400
1757662081,181399800
1757662081,214572184
1757662081,240804296
1757662081,274969448
1757662081,281677304
1757662081,284968600
1757662081,296478360
1757662081,361542632
1757662081,368976728
1757662081,405925384
1757662081,407497496
1757662081,413544200
1757662081,425357528
1757662081,429996696
1757662081,449524344
1757662081,476863496
1757662081,480880808
1757662081,486764648
1757662081,494573912
1757662081,499394520
1757662081,500931992
1757662081,510063336
1757662081,516434584
1757662081,527935224
1757662081,549395000
1757662081,553141400
1757662081,567925752
1757662081,575828664
1757662081,602298664
1757662081,617031000
1757662081,618517512
1757662081,627959256
1757662081,635138232
1757662081,637631448
1757662081,644871048
1757662081,647196712
1757662081,648727000
1757662081,657537560
1757662081,659449752
1757662081,701236504
1757662081,708225720
1757662081,711796872
1757662081,715503992
1757662081,720070024
1757662081,725811848
1757662081,764213224
1757662081,786441464
1757662081,788732904
1757662081,810531432
1757662081,814963912
1757662081,851730664
1757662081,859418952
1757662081,868629944
1757662081,939723384
1757662081,940755880
1757662081,949403464
1757662081,954063832
1757662081,961719608
1757662081,969933624
1757662081,984881848
1757662081,990796280
1757662082,23592040
1757662082,53088888
1757662082,56018824
1757662082,70894504
1757662082,74057640
1757662082,79965064
1757662082,100423208
1757662082,126974616
1757662082,133747976
1757662082,135762264
1757662082,196999832
1757662082,204192872
1757662082,226802696
1757662082,242591368
1757662082,259249080
1757662082,267431688
1757662082,273144840
1757662082,284180952
1757662082,313003144
1757662082,316717864
1757662082,344586632
1757662082,357190600
1757662082,359514296
1757662082,407772296
1757662082,412801944
1757662082,416306760
1757662082,459561752
1757662082,471940280
1757662082,504065176
1757662082,505570776
1757662082,527538376
1757662082,575766024
1757662082,587854984
1757662082,593067512
1757662082,648325992
1757662082,653435768
1757662082,663887720
1757662082,673607864
1757662082,681364984
1757662082,712017976
1757662082,713580504
1757662082,716002264
1757662082,726930040
1757662082,740955128
1757662082,806074760
1757662082,825259352
1757662082,845789880
1757662082,869070648
1757662082,891773832
1757662082,905921672
1757662082,921456392
1757662082,962037080
1757662082,972004776
1757662082,992845448
1757662083,1380344
1757662083,4340840
1757662083,8500488
1757662083,15952072
1757662083,21461832
1757662083,63023512
1757662083,68735512
1757662083,111943976
1757662083,113523944
1757662083,136765464
1757662083,138881096
1757662083,149993256
1757662083,159841144
1757662083,192649800
1757662083,197785592
1757662083,212335816
1757662083,222413832
1757662083,233695032
1757662083,236617720
1757662083,250959160
1757662083,262517256
1757662083,265787624
1757662083,287445048
1757662083,291175208
1757662083,301644312
1757662083,308229608
1757662083,332526296
1757662083,348609880
1757662083,355440520
1757662083,357359288
1757662083,362040792
1757662083,375905832
1757662083,399773880
1757662083,408312376
1757662083,431675224
1757662083,440283240
1757662083,446732552
1757662083,455745864
1757662083,463159800
1757662083,473216152
1757662083,479007640
1757662083,485522568
1757662083,526565576
1757662083,541161496
1757662083,543826744
1757662083,575885656
1757662083,582297448
1757662083,598600088
1757662083,623464376
1757662083,626025416
1757662083,655504824
1757662083,684984088
1757662083,691086984
1757662083,708136744
1757662083,715167768
1757662083,725220536
1757662083,731433560
1757662083,732886792
1757662083,803460488
1757662083,806583336
1757662083,809324712
1757662083,812382584
1757662083,820265832
1757662083,823843448
1757662083,851577160
1757662083,867209624
1757662083,873424264
1757662083,875936504
1757662083,896273208
1757662083,906962760
1757662083,908029592
1757662083,925702568
1757662083,967197016
1757662084,14039784
1757662084,31461352
1757662084,33115304
1757662084,45155032
1757662084,93957080
1757662084,108643416
1757662084,127420744
1757662084,179806456
1757662084,209511976
1757662084,227665528
1757662084,254837800
1757662084,262915368
1757662084,267908376
1757662084,312211288
1757662084,358719336
1757662084,397431304
1757662084,406969000
1757662084,413603960
1757662084,417406376
1757662084,444133064
1757662084,465294536
1757662084,476524888
1757662084,501788152
1757662084,517987528
1757662084,545284440
1757662084,578805224
1757662084,580265896
1757662084,589087432
1757662084,594518760
1757662084,613431416
1757662084,681194392
1757662084,702463992
1757662084,707513608
1757662084,724490984
1757662084,738761224
1757662084,768096296
1757662084,783504408
1757662084,803510744
1757662084,807020776
1757662084,819343400
1757662084,823450216
1757662084,834488504
1757662084,856981464
1757662084,875973352
1757662084,881991768
1757662084,884319336
1757662084,886685352
1757662084,891987224
1757662084,894500504
1757662084,910421016
1757662084,915146024
1757662084,918537864
1757662084,926458648
1757662084,945559480
1757662084,986277080
1757662085,10004968
1757662085,24038056
1757662085,30095816
1757662085,39582968
1757662085,52293080
1757662085,62845832
1757662085,67331432
1757662085,72391016
1757662085,77939512
1757662085,81099816
1757662085,99364920
1757662085,161253192
1757662085,164705704
1757662085,177136504
1757662085,182799656
1757662085,188286840
1757662085,189736552
1757662085,193480760
1757662085,218523896
1757662085,229004472
1757662085,244012088
1757662085,246193496
1757662085,250925960
1757662085,257875000
1757662085,281083976
1757662085,318101544
1757662085,325232728
1757662085,337446312
1757662085,343306824
1757662085,357644872
1757662085,361291000
1757662085,377075208
1757662085,395758504
1757662085,403721384
1757662085,424142040
1757662085,427964696
1757662085,430892104
1757662085,438641320
1757662085,439997256
1757662085,456003912
1757662085,460504728
1757662085,485585064
1757662085,489693848
1757662085,495561480
1757662085,513760264
1757662085,517933736
1757662085,524927576
1757662085,587745864
1757662085,609373336
1757662085,611131160
1757662085,650067880
1757662085,652636936
1757662085,654987192
1757662085,663064440
1757662085,681710968
1757662085,692313304
1757662085,696608920
1757662085,702828424
1757662085,724919176
1757662085,733401896
1757662085,746630104
1757662085,772865448
1757662085,775605736
1757662085,804095720
1757662085,816018728
1757662085,833643704
1757662085,839835016
1757662085,856299656
1757662085,872966376
1757662085,879098360
1757662085,889201192
1757662085,897853320
1757662085,900522424
1757662085,906450088
1757662085,911588168
1757662085,947928744
1757662085,970240168
1757662085,980006024
1757662085,998854984
1757662086,20070328
1757662086,23395208
1757662086,32339384
1757662086,39200616
1757662086,57880248
1757662086,90973288
1757662086,98755448
1757662086,101628632
1757662086,104055624
1757662086,112564312
1757662086,126020552
1757662086,140419176
1757662086,162200808
1757662086,170205400
1757662086,177175400
1757662086,185952408
1757662086,199096520
1757662086,210094280
1757662086,235689944
1757662086,258290600
1757662086,264038552
1757662086,286013192
1757662086,340912040
1757662086,346920536
1757662086,348563560
1757662086,354530968
1757662086,372769432
1757662086,377574616
1757662086,418810712
1757662086,439387496
1757662086,443531448
1757662086,459181944
1757662086,476962360
1757662086,481972200
1757662086,497906920
1757662086,510145288
1757662086,533673608
1757662086,572287576
1757662086,612331592
1757662086,620397320
1757662086,631026136
1757662086,657202280
1757662086,672674312
1757662086,705483528
1757662086,726283912
1757662086,731859592
1757662086,745099128
1757662086,750601512
1757662086,768797672
1757662086,798859304
1757662086,817680376
1757662086,826671272
1757662086,837888376
1757662086,839165416
1757662086,841178488
1757662086,866935400
1757662086,868362248
1757662086,878227256
1757662086,880730168
1757662086,926479640
1757662086,927623720
1757662086,951955144
1757662086,975758120
1757662087,11632280
1757662087,17808152
1757662087,24761320
1757662087,63325016
1757662087,80402456
1757662087,84441400
1757662087,96390440
1757662087,110178264
1757662087,121713944
1757662087,134039832
1757662087,140808696
1757662087,163049784
1757662087,164954616
1757662087,189889544
1757662087,211727048
1757662087,222252520
1757662087,235975784
1757662087,237546552
1757662087,265904072
1757662087,268106184
1757662087,279921304
1757662087,286232904
1757662087,300723720
1757662087,313922632
1757662087,338588856
1757662087,344745000
1757662087,354580616
1757662087,356534104
1757662087,370064408
1757662087,377752344
1757662087,387552728
1757662087,440010312
1757662087,451265000
1757662087,470672312
1757662087,487294344
1757662087,511962200
1757662087,513520344
1757662087,519169320
1757662087,537441336
1757662087,539227928
1757662087,543350568
1757662087,561925080
1757662087,564350232
1757662087,566176632
1757662087,571976472
1757662087,607997384
1757662087,632081288
1757662087,635783896
1757662087,637880984
1757662087,639828152
1757662087,643805672
1757662087,645095048
1757662087,648694392
1757662087,661946296
1757662087,669999432
1757662087,694815640
1757662087,697083416
1757662087,705436520
1757662087,721466280
1757662087,736636568
1757662087,739350056
1757662087,741810168
1757662087,755944552
1757662087,815133240
1757662087,837022584
1757662087,838934728
1757662087,843375112
1757662087,875936088
1757662087,922410248
1757662087,933017976
1757662087,953530184
1757662087,957231624
1757662087,959515400
1757662087,966618328
1757662087,979341848
1757662087,984083576
1757662087,989749960
1757662087,997245432
1757662088,16912008
1757662088,18905336
1757662088,22732424
1757662088,28450072
1757662088,35421352
1757662088,44605272
1757662088,48881128
1757662088,78737848
1757662088,83174184
1757662088,105496856
1757662088,146199672
1757662088,152678472
1757662088,174238168
1757662088,195389672
1757662088,218096808
1757662088,256519064
1757662088,274164024
1757662088,275708296
1757662088,286747624
1757662088,311666184
1757662088,316180840
1757662088,331314008
1757662088,338399304
1757662088,354735480
1757662088,366753736
1757662088,388238200
1757662088,401288632
1757662088,408307704
1757662088,430901384
1757662088,442442984
1757662088,446336200
1757662088,451020616
1757662088,456904360
1757662088,490586712
1757662088,503934408
1757662088,519394840
1757662088,526652952
1757662088,529732376
1757662088,530908776
1757662088,571673240
1757662088,624418680
1757662088,643053512
1757662088,644852824
1757662088,661237928
1757662088,701032056
1757662088,726613688
1757662088,730522280
1757662088,735295000
1757662088,766596312
1757662088,774760920
1757662088,794634008
1757662088,811165768
1757662088,816594136
1757662088,820392664
1757662088,847442472
1757662088,856972584
1757662088,877095736
1757662088,895993928
1757662088,901521032
1757662088,905463128
1757662088,928148008
1757662088,932900712
1757662088,963679576
1757662088,972709000
1757662088,986377688
1757662088,992117848
1757662088,996155448
1757662089,18514728
1757662089,22933864
1757662089,30583432
1757662089,47477256
1757662089,71341256
1757662089,129887880
1757662089,140395416
1757662089,164504408
1757662089,189980456
1757662089,210574696
1757662089,211885112
1757662089,217068104
1757662089,220631480
1757662089,229154440
1757662089,250638840
1757662089,263406376
1757662089,269723448
1757662089,288624808
1757662089,319885816
1757662089,331579064
1757662089,337653704
1757662089,355226584
1757662089,360504440
1757662089,368370568
1757662089,370341528
1757662089,372044424
1757662089,374881384
1757662089,380357864
1757662089,385660776
1757662089,405094984
1757662089,410363928
1757662089,445653992
1757662089,455117816
1757662089,499667560
1757662089,502037400
1757662089,514605224
1757662089,535340936
1757662089,539394680
1757662089,542799128
1757662089,549532168
1757662089,570406168
1757662089,581260824
1757662089,600305064
1757662089,603967896
1757662089,609828360
1757662089,620274904
1757662089,633253144
1757662089,647255560
1757662089,650472568
1757662089,667754248
1757662089,674153800
1757662089,744515960
1757662089,760831592
1757662089,777251736
1757662089,791646104
1757662089,798059864
1757662089,799322424
1757662089,810602136
1757662089,824475480
1757662089,843740024
1757662089,854908536
1757662089,876185272
1757662089,882300648
1757662089,893901848
1757662089,898827880
1757662089,909514216
1757662089,923874904
1757662089,933160760
1757662089,949134696
1757662089,957512200
1757662089,971027064
1757662090,15434728
1757662090,28263544
1757662090,38819864
1757662090,47272888
1757662090,78528424
1757662090,95900648
1757662090,106045928
1757662090,109486568
1757662090,132740840
1757662090,135757944
1757662090,170437976
1757662090,199592552
1757662090,217034792
1757662090,229218744
1757662090,249381496
1757662090,253816424
1757662090,258113384
1757662090,286385224
1757662090,291925016
1757662090,306376920
1757662090,317247192
1757662090,320257176
1757662090,336536184
1757662090,342704808
1757662090,366719592
1757662090,376352024
1757662090,387699416
1757662090,421277592
1757662090,428421800
1757662090,435360616
1757662090,451951656
1757662090,501371080
1757662090,505611816
1757662090,528464952
1757662090,549480152
1757662090,555416280
1757662090,584072376
1757662090,597994584
1757662090,613794712
1757662090,624565544
1757662090,635279928
1757662090,636799512
1757662090,674814168
1757662090,725665400
1757662090,740872376
1757662090,744271224
1757662090,756527416
1757662090,779823496
1757662090,829670472
1757662090,834847160
1757662090,858303384
1757662090,870630104
1757662090,872135608
1757662090,888489304
1757662090,903861112
1757662090,929330536
1757662090,936044344
1757662090,944567096
1757662090,949947240
1757662090,971582248
1757662090,986028760
1757662090,994818760
1757662091,2699944
1757662091,4787656
1757662091,13442552
1757662091,38123816
1757662091,45592280
1757662091,60141208
1757662091,101941736
1757662091,113070824
1757662091,123176936
1757662091,173292024
1757662091,177289656
1757662091,184707592
1757662091,197755544
1757662091,229902312
1757662091,232019688
1757662091,265674584
1757662091,288310840
1757662091,292358792
1757662091,298282568
1757662091,316570552
1757662091,321554520
1757662091,327311400
1757662091,341660920
1757662091,344034968
1757662091,361538152
1757662091,402769960
1757662091,411593976
1757662091,428954472
1757662091,437552632
1757662091,445310344
1757662091,449996792
1757662091,456169288
1757662091,460415368
1757662091,475743528
1757662091,487759768
1757662091,521952200
1757662091,545234616
1757662091,549023896
1757662091,554632392
1757662091,558153960
1757662091,583728984
1757662091,591708552
1757662091,601117608
1757662091,618862728
1757662091,634563400
1757662091,658021608
1757662091,687133768
1757662091,704869944
1757662091,707183080
1757662091,730681144
1757662091,731975848
1757662091,736241480
1757662091,738813128
1757662091,772307608
1757662091,778098152
1757662091,779399864
1757662091,784245672
1757662091,799451688
1757662091,815211144
1757662091,818465880
1757662091,820196456
1757662091,827929384
1757662091,832688696
1757662091,846218936
1757662091,880836696
1757662091,890045800
1757662091,904981096
1757662091,909892232
1757662091,920275912
1757662091,921879208
1757662091,927180792
1757662091,930740808
1757662091,949380568
1757662091,950661320
1757662092,11705144
1757662092,15815528
1757662092,23295816
1757662092,75071576
1757662092,83792264
1757662092,89199176
1757662092,112127512
1757662092,160084488
1757662092,163260616
1757662092,180412440
1757662092,184478936
1757662092,192259432
1757662092,200309480
1757662092,212339944
1757662092,213657352
1757662092,222371512
1757662092,236803080
1757662092,239929544
1757662092,256177608
1757662092,265567512
1757662092,302483560
1757662092,318197864
1757662092,328401432
1757662092,332205160
1757662092,344806600
1757662092,373557000
1757662092,405059032
1757662092,430081144
1757662092,436540808
1757662092,444037720
1757662092,451726664
1757662092,465631816
1757662092,468764936
1757662092,478107480
1757662092,582188104
1757662092,631198408
1757662092,642879496
1757662092,651267128
1757662092,657479448
1757662092,687015144
1757662092,690869848
1757662092,703230296
1757662092,710008472
1757662092,733489960
1757662092,779991464
1757662092,821389784
1757662092,826367032
1757662092,837598184
1757662092,839352328
1757662092,843084312
1757662092,857992712
1757662092,905234456
1757662092,949522136
1757662092,958916104
1757662092,977635016
1757662092,985787656
1757662093,2559976
1757662093,13720792
1757662093,15708168
1757662093,48299928
1757662093,71034968
1757662093,96972744
1757662093,112493512
1757662093,120032872
1757662093,142063656
1757662093,145017704
1757662093,150830888
1757662093,159784104
1757662093,192958456
1757662093,210854232
1757662093,215998808
1757662093,221311496
1757662093,228098120
1757662093,266458456
1757662093,283478680
1757662093,292617080
1757662093,297761032
1757662093,299901176
1757662093,301474040
1757662093,339192696
1757662093,357345528
1757662093,366026584
1757662093,371770808
1757662093,380527800
1757662093,414690424
1757662093,422770392
1757662093,435539432
1757662093,454293080
1757662093,476579128
1757662093,479743800
1757662093,496738008
1757662093,539618856
1757662093,548757304
1757662093,571733064
1757662093,590149768
1757662093,597661272
1757662093,599168184
1757662093,625208168
1757662093,626413352
1757662093,630438504
1757662093,636760120
1757662093,660613544
1757662093,671960632
1757662093,698589128
1757662093,709182696
1757662093,719194456
1757662093,744625960
1757662093,746054504
1757662093,762956552
1757662093,784746696
1757662093,788853608
1757662093,792666440
1757662093,801663480
1757662093,822951576
1757662093,841994472
1757662093,857288568
1757662093,866451224
1757662093,884626776
1757662093,900558600
1757662093,952846440
1757662093,963073000
1757662093,965568776
1757662093,973262904
1757662093,985393288
1757662093,991592376
1757662093,995120472
1757662094,17080696
1757662094,23894536
1757662094,61509720
1757662094,86909304
1757662094,90939432
1757662094,98043160
1757662094,146617240
1757662094,151807944
1757662094,153805400
1757662094,195337336
1757662094,198558472
1757662094,209713288
1757662094,233469560
1757662094,276567480
1757662094,283262232
1757662094,298239112
1757662094,300016280
1757662094,304928760
1757662094,333266008
1757662094,356725064
1757662094,403515992
1757662094,416268776
1757662094,443333496
1757662094,451593512
1757662094,470299240
1757662094,479908072
1757662094,515657448
1757662094,529553960
1757662094,537868904
1757662094,544645496
1757662094,553070488
1757662094,561872664
1757662094,582403784
1757662094,612425432
1757662094,725702008
1757662094,728376104
1757662094,734296872
1757662094,736392744
1757662094,770980040
1757662094,805482216
1757662094,820636248
1757662094,821753720
1757662094,838671064
1757662094,899056184
1757662094,910993096
1757662094,919412392
1757662094,939135192
1757662094,958711800
1757662094,981401560
1757662094,988833928
1757662094,992416648
1757662095,50872040
1757662095,78439544
1757662095,85227256
1757662095,99859240
1757662095,105682072
1757662095,107577352
1757662095,111461864
1757662095,114549384
1757662095,135362952
1757662095,145297640
1757662095,165231592
1757662095,170899528
1757662095,185609976
1757662095,192523192
1757662095,194348760
1757662095,201559944
1757662095,204093080
1757662095,208965032
1757662095,224634728
1757662095,238134744
1757662095,291726808
1757662095,346015224
1757662095,349087688
1757662095,356041176
1757662095,364466104
1757662095,373008200
1757662095,397181416
1757662095,414408264
1757662095,421089032
1757662095,423845272
1757662095,434591528
1757662095,441553432
1757662095,448297368
1757662095,454435448
1757662095,457001272
1757662095,480040008
1757662095,517769976
1757662095,556346120
1757662095,568095176
1757662095,572417880
1757662095,584634552
1757662095,605687736
1757662095,640283544
1757662095,644206968
1757662095,651851208
1757662095,679913304
1757662095,684481080
1757662095,687671256
1757662095,702350664
1757662095,759421768
1757662095,788322520
1757662095,809537464
1757662095,819465432
1757662095,827918120
1757662095,860227256
1757662095,893684520
1757662095,897692520
1757662095,927683352
1757662095,985169688
1757662095,999822552
1757662096,2791768
1757662096,5732488
1757662096,13435048
1757662096,43453912
1757662096,52615032
1757662096,57561352
1757662096,98396392
1757662096,110350840
1757662096,118413896
1757662096,134981288
1757662096,150092392
1757662096,155522120
1757662096,158725000
1757662096,163113784
1757662096,192622552
1757662096,194537224
1757662096,200960328
1757662096,227029512
1757662096,230501480
1757662096,270647000
1757662096,277152776
1757662096,309386648
1757662096,311175384
1757662096,319385048
1757662096,352557624
1757662096,367677480
1757662096,383872504
1757662096,408729096
1757662096,411882920
1757662096,416064088
1757662096,426206952
1757662096,435148184
1757662096,436986888
1757662096,448109368
1757662096,449619400
1757662096,493907128
1757662096,499185496
1757662096,506449464
1757662096,531915096
1757662096,544313272
1757662096,559174680
1757662096,572220184
1757662096,581111000
1757662096,583712504
1757662096,617405640
1757662096,655008136
1757662096,658677496
1757662096,668863768
1757662096,728000552
1757662096,730143464
1757662096,744270280
1757662096,770262152
1757662096,776795960
1757662096,815291528
1757662096,818525736
1757662096,826548792
1757662096,827857064
1757662096,834904632
1757662096,845809352
1757662096,847181080
1757662096,855079544
1757662096,858962248
1757662096,866056952
1757662096,896972728
1757662096,924196008
1757662096,927960296
1757662096,957427048
1757662096,974035416
1757662096,999083000
1757662097,52452840
1757662097,71618968
1757662097,75368248
1757662097,86662376
1757662097,97146088
1757662097,108241864
1757662097,124890216
1757662097,128814728
1757662097,132384984
1757662097,139906104
1757662097,141943912
1757662097,152205016
1757662097,174857960
1757662097,183045544
1757662097,195616744
1757662097,199044248
1757662097,254146952
1757662097,275440424
1757662097,287866520
1757662097,310555176
1757662097,314862200
1757662097,342501192
1757662097,347690216
1757662097,348992824
1757662097,355697880
1757662097,366694952
1757662097,371887832
1757662097,376197560
1757662097,432893720
1757662097,438881304
1757662097,440997832
1757662097,443403528
1757662097,454457960
1757662097,456093832
1757662097,459609640
1757662097,473395032
1757662097,476917832
1757662097,494831032
1757662097,496981784
1757662097,498478584
1757662097,519850728
1757662097,537164264
1757662097,549771816
1757662097,557743368
1757662097,562610696
1757662097,577652984
1757662097,621366264
1757662097,622545560
1757662097,632099768
1757662097,635798072
1757662097,690633816
1757662097,696418904
1757662097,706276168
1757662097,717783240
1757662097,718902056
1757662097,726632280
1757662097,753173512
1757662097,757236392
1757662097,770842424
1757662097,780452104
1757662097,784448712
1757662097,787306168
1757662097,791263224
1757662097,799236696
1757662097,807451656
1757662097,826479496
1757662097,836721224
1757662097,842860216
1757662097,855518904
1757662097,860463992
1757662097,901124632
1757662097,931178472
1757662097,932334328
1757662097,942741096
1757662097,958335368
1757662097,968207048
1757662097,975904920
1757662097,978723416
1757662097,982904456
1757662097,984605496
1757662098,4844024
1757662098,9975800
1757662098,16122200
1757662098,22379352
1757662098,23906552
1757662098,26262056
1757662098,51342056
1757662098,89853176
1757662098,107017000
1757662098,113746376
1757662098,124957208
1757662098,127867176
1757662098,152934680
1757662098,191221736
1757662098,196461432
1757662098,258699304
1757662098,273052008
1757662098,275104968
1757662098,307383624
1757662098,314752280
1757662098,322282840
1757662098,364410712
1757662098,382019320
1757662098,426186856
1757662098,428025976
1757662098,440034488
1757662098,459919032
1757662098,466204264
1757662098,483381128
1757662098,488325128
1757662098,520496712
1757662098,546418760
1757662098,563892904
1757662098,566996824
1757662098,582778840
1757662098,590094104
1757662098,606125864
1757662098,615046168
1757662098,624903768
1757662098,665009384
1757662098,701249480
1757662098,708965272
1757662098,715330952
1757662098,733888504
1757662098,744707304
1757662098,753173688
1757662098,773676088
1757662098,778378552
1757662098,781398856
1757662098,812874840
1757662098,839008328
1757662098,841607608
1757662098,850994424
1757662098,870697992
1757662098,875855624
1757662098,943763448
1757662098,968632712
1757662098,973457816
1757662098,988546536
1757662098,994586424
1757662099,4298296
1757662099,7172888
1757662099,15138968
1757662099,41838600
1757662099,68694776
1757662099,85269848
1757662099,88443336
1757662099,111408664
1757662099,122687576
1757662099,131300728
1757662099,137419192
1757662099,144980856
1757662099,158274296
1757662099,198260360
1757662099,223330664
1757662099,235907128
1757662099,244624664
1757662099,257911304
1757662099,287749128
1757662099,300117688
1757662099,317895384
1757662099,321144008
1757662099,337402344
1757662099,360369832
1757662099,405033320
1757662099,417578120
1757662099,433094184
1757662099,448122376
1757662099,456837112
1757662099,472654520
1757662099,513161832
1757662099,527824088
1757662099,549515208
1757662099,566664728
1757662099,570414104
1757662099,597744232
1757662099,599973768
1757662099,603850712
1757662099,605687864
1757662099,623674120
1757662099,638817080
1757662099,647748664
1757662099,673188680
1757662099,676712536
1757662099,680690728
1757662099,695111992
1757662099,699903208
1757662099,716191352
1757662099,745108888
1757662099,746469848
1757662099,757927304
1757662099,784735832
1757662099,794146088
1757662099,800796152
1757662099,811573176
1757662099,814982552
1757662099,820202632
1757662099,844689384
1757662099,847790264
1757662099,934308744
1757662099,952114152
1757662099,975635560
1757662099,986881480
1757662100,32450696
1757662100,58580408
1757662100,73678824
1757662100,83344120
1757662100,89359112
1757662100,104340888
1757662100,114682728
1757662100,157455752
1757662100,175983912
1757662100,181360280
1757662100,187950248
1757662100,200444600
1757662100,215052744
1757662100,244026760
1757662100,314719784
1757662100,316348904
1757662100,338212664
1757662100,370726136
1757662100,371921960
1757662100,378516104
1757662100,389380600
1757662100,438951592
1757662100,472337432
1757662100,474258600
1757662100,485353416
1757662100,493334120
1757662100,496254216
1757662100,499090360
1757662100,500774408
1757662100,510252536
1757662100,521914008
1757662100,524092984
1757662100,609956088
1757662100,628987592
1757662100,636242232
1757662100,662191208
1757662100,686426088
1757662100,704327928
1757662100,705528072
1757662100,707325720
1757662100,739373384
1757662100,747632184
1757662100,764302088
1757662100,801151128
1757662100,822406728
1757662100,827546168
1757662100,845858248
1757662100,917247288
1757662100,922483224
1757662100,928081112
1757662100,943850664
1757662100,951420168
1757662100,953492504
1757662100,963221400
1757662100,976071176
1757662100,979897704
1757662100,988343192
1757662100,992727656
1757662100,999174200
1757662101,20920856
1757662101,29994504
1757662101,43268888
1757662101,51851608
1757662101,73641304
1757662101,87823768
1757662101,94716792
1757662101,97873928
1757662101,137808056
1757662101,158808808
1757662101,181390056
1757662101,184971944
1757662101,194539960
1757662101,246871448
1757662101,249753688
1757662101,260363176
1757662101,264183016
1757662101,274633864
1757662101,276150632
1757662101,293274776
1757662101,296516280
1757662101,299719528
1757662101,303710376
1757662101,305644856
1757662101,322960552
1757662101,368060776
1757662101,378077032
1757662101,400850008
1757662101,426732776
1757662101,449119384
1757662101,450432280
1757662101,477150920
1757662101,485618776
1757662101,503029688
1757662101,528426872
1757662101,535151832
1757662101,544351288
1757662101,561480504
1757662101,571226264
1757662101,582575432
1757662101,593284664
1757662101,594344568
1757662101,603178824
1757662101,613947064
1757662101,619796120
1757662101,682310824
1757662101,721047592
1757662101,723220856
1757662101,748912616
1757662101,771488008
1757662101,773910824
1757662101,775966488
1757662101,800618440
1757662101,818464472
1757662101,851448984
1757662101,856452264
1757662101,864268344
1757662101,881672200
1757662101,887302168
1757662101,890838792
1757662101,894095960
1757662101,904268872
1757662101,911201512
1757662101,943085192
1757662101,949687176
1757662101,968711512
1757662101,973768568
1757662101,979966264
1757662101,982721800
1757662102,18711976
1757662102,20894280
1757662102,64885128
1757662102,68853128
1757662102,81216408
1757662102,83427624
1757662102,85242744
1757662102,106950952
1757662102,116126568
1757662102,130794696
1757662102,136744776
1757662102,137983352
1757662102,140655368
1757662102,162231496
1757662102,181068632
1757662102,185482936
1757662102,189217352
1757662102,209537528
1757662102,219432856
1757662102,245199432
1757662102,278501800
1757662102,307958536
1757662102,349622328
1757662102,365784376
1757662102,367542856
1757662102,381756104
1757662102,384330616
1757662102,428799656
1757662102,458741544
1757662102,462061736
1757662102,467357352
1757662102,470182552
1757662102,473285768
1757662102,484483976
1757662102,490973688
1757662102,499425160
1757662102,514468360
1757662102,521830952
1757662102,542853016
1757662102,558301336
1757662102,564245768
1757662102,566439224
1757662102,567615784
1757662102,612918472
1757662102,641402728
1757662102,648005240
1757662102,658179336
1757662102,684127096
1757662102,709021528
1757662102,742782904
1757662102,782245992
1757662102,827824328
1757662102,836771176
1757662102,839243800
1757662102,885871176
1757662102,887939032
1757662102,893017544
1757662102,914399960
1757662102,918030664
1757662102,920491640
1757662102,926234376
1757662102,929558824
1757662102,941922424
1757662102,943433192
1757662102,961821768
1757662102,969564776
1757662102,976748600
1757662102,983720648
1757662102,995145512
1757662102,999153576
1757662103,13134808
1757662103,18270120
1757662103,28989960
1757662103,77711592
1757662103,105450488
1757662103,144257096
1757662103,147900024
1757662103,152535512
1757662103,153785384
1757662103,160197736
1757662103,172712360
1757662103,174755880
1757662103,179380696
1757662103,193842520
1757662103,209880296
1757662103,223715144
1757662103,232170600
1757662103,250377688
1757662103,254672264
1757662103,268536232
1757662103,280323752
1757662103,293441368
1757662103,306449096
1757662103,308505192
1757662103,322144600
1757662103,324280024
1757662103,329121144
1757662103,342230312
1757662103,376493688
1757662103,394518984
1757662103,425703080
1757662103,430751144
1757662103,443999528
1757662103,522032648
1757662103,529626376
1757662103,594110248
1757662103,602440872
1757662103,611801256
1757662103,630080024
1757662103,643634600
1757662103,669651384
1757662103,699835176
1757662103,735390648
1757662103,738151192
1757662103,775827272
1757662103,783931544
1757662103,820859928
1757662103,825009144
1757662103,845040760
1757662103,872714376
1757662103,876510840
1757662103,892003224
1757662103,917821384
1757662103,931992696
1757662103,945262728
1757662103,976752984
1757662103,982405096
1757662103,988706088
1757662103,994929544
1757662104,5451816
1757662104,38690504
1757662104,42433144
1757662104,63181384
1757662104,74485640
1757662104,86935928
1757662104,110645016
1757662104,112256616
1757662104,140566584
1757662104,146945144
1757662104,150339896
1757662104,168177896
1757662104,169863256
1757662104,172424680
1757662104,198525976
1757662104,200206536
1757662104,215674472
1757662104,217177176
1757662104,226471944
1757662104,230682520
1757662104,239063496
1757662104,256602824
1757662104,263747272
1757662104,278920616
1757662104,282246168
1757662104,303002152
1757662104,308199784
1757662104,327827640
1757662104,337114936
1757662104,349677208
1757662104,363454600
1757662104,381639080
1757662104,386430920
1757662104,393018904
1757662104,394870792
1757662104,396791752
1757662104,402599160
1757662104,409499096
1757662104,412117544
1757662104,450303304
1757662104,451952888
1757662104,498531048
1757662104,517725288
1757662104,527206264
1757662104,535618792
1757662104,562742728
1757662104,563987752
1757662104,575027912
1757662104,590921096
1757662104,597313672
1757662104,617662952
1757662104,629522392
1757662104,635084424
1757662104,668935112
1757662104,670198584
1757662104,677515048
1757662104,688109384
1757662104,695631880
1757662104,762386712
1757662104,779200360
1757662104,789145960
1757662104,791245848
1757662104,792995112
1757662104,824132904
1757662104,828609128
1757662104,836769640
1757662104,840173704
1757662104,842470696
1757662104,847668536
1757662104,885302680
1757662104,889605864
1757662104,923075064
1757662104,936988584
1757662104,940897416
1757662104,966402712
1757662104,972860104
1757662104,986041064
1757662104,990788968
1757662104,995267320
1757662105,26337800
1757662105,29237336
1757662105,43104936
1757662105,77173960
1757662105,85835272
1757662105,95525720
1757662105,99413080
1757662105,101065656
1757662105,117910616
1757662105,129564312
1757662105,165034824
1757662105,173859928
1757662105,177609944
1757662105,188615416
1757662105,197371064
1757662105,206375992
1757662105,245533112
1757662105,253142632
1757662105,281214232
1757662105,310407352
1757662105,315479352
1757662105,318160536
1757662105,324327304
1757662105,326509400
1757662105,343325672
1757662105,375582488
1757662105,387288392
1757662105,390099096
1757662105,399612520
1757662105,453338216
1757662105,460378264
1757662105,466282056
1757662105,480898280
1757662105,513585208
1757662105,515118072
1757662105,517556552
1757662105,533121912
1757662105,535922888
1757662105,542623912
1757662105,554883672
1757662105,558445512
1757662105,573103928
1757662105,590356936
1757662105,637990728
1757662105,639612056
1757662105,663030712
1757662105,666638920
1757662105,669951368
1757662105,679222440
1757662105,705394904
1757662105,760666120
1757662105,790950616
1757662105,803656888
1757662105,829139864
1757662105,837985896
1757662105,843287704
1757662105,858304440
1757662105,861329880
1757662105,875008744
1757662105,890118584
1757662105,891677928
1757662105,895617400
1757662105,902526584
1757662105,934454648
1757662105,945575736
1757662105,963982792
1757662105,971130024
1757662105,980883512
1757662105,982835976
1757662105,994438184
1757662106,2641240
1757662106,19648584
1757662106,25843736
1757662106,57590664
1757662106,64662184
1757662106,66213160
1757662106,71118536
1757662106,126040072
1757662106,166787688
1757662106,171367736
1757662106,186566472
1757662106,196349336
1757662106,199315384
1757662106,208838088
1757662106,225171448
1757662106,233488744
1757662106,287122296
1757662106,292845496
1757662106,302982200
1757662106,304492824
1757662106,305953656
1757662106,309966584
1757662106,316426280
1757662106,334791416
1757662106,357722952
1757662106,377589816
1757662106,410659432
1757662106,427838408
1757662106,479068536
1757662106,482539816
1757662106,498479320
1757662106,501206200
1757662106,503423048
1757662106,505010824
1757662106,529053160
1757662106,554569640
1757662106,565021960
1757662106,581585448
1757662106,591914808
1757662106,600483112
1757662106,611650312
1757662106,624627880
1757662106,637962488
1757662106,648272200
1757662106,650377704
1757662106,656217784
1757662106,662403272
1757662106,663536360
1757662106,677784088
1757662106,681642072
1757662106,730142088
1757662106,736532184
1757662106,742449480
1757662106,750448808
1757662106,782426040
1757662106,788987416
1757662106,792001384
1757662106,805534664
1757662106,812114856
1757662106,824682856
1757662106,846754488
1757662106,853151304
1757662106,855962968
1757662106,862105576
1757662106,877330440
1757662106,893903192
1757662106,896817816
1757662106,919636968
1757662106,950263832
1757662106,966479848
1757662106,996522648
1757662107,32649768
1757662107,59088056
1757662107,89824120
1757662107,125390104
1757662107,155370200
1757662107,191109208
1757662107,205499736
1757662107,218681176
1757662107,235565176
1757662107,254222456
1757662107,258620584
1757662107,261970328
1757662107,273341336
1757662107,275743544
1757662107,316567784
1757662107,319697208
1757662107,344040392
1757662107,347030920
1757662107,373783720
1757662107,425400168
1757662107,459899496
1757662107,475080968
1757662107,478372616
1757662107,490283064
1757662107,501441576
1757662107,505415688
1757662107,519351432
1757662107,521505128
1757662107,529090760
1757662107,567004936
1757662107,573100072
1757662107,600836744
1757662107,608284200
1757662107,626802872
1757662107,647901400
1757662107,654981512
1757662107,708457384
1757662107,720951064
1757662107,750887992
1757662107,761251096
1757662107,762500168
1757662107,768749672
1757662107,788944024
1757662107,821815768
1757662107,840779416
1757662107,845589000
1757662107,848249368
1757662107,851252968
1757662107,867979496
1757662107,903636952
1757662107,909342616
1757662107,939592696
1757662107,989005256
1757662107,996373208
1757662108,918312
1757662108,13670808
1757662108,23235080
1757662108,67009864
1757662108,79452728
1757662108,87954392
1757662108,111531848
1757662108,123512440
1757662108,130104344
1757662108,132885784
1757662108,183263032
1757662108,198073608
1757662108,223811832
1757662108,258550584
1757662108,268072232
1757662108,279435480
1757662108,290552904
1757662108,304670056
1757662108,335392120
1757662108,339917016
1757662108,365111864
1757662108,367753048
1757662108,373017656
1757662108,379124600
1757662108,398272840
1757662108,424925176
1757662108,432915000
1757662108,434598216
1757662108,449682520
1757662108,457070200
1757662108,466659944
1757662108,476865960
1757662108,486575640
1757662108,516734600
1757662108,524533496
1757662108,540750152
1757662108,546374296
1757662108,549717416
1757662108,556814168
1757662108,571005704
1757662108,594936808
1757662108,638037368
1757662108,646303208
1757662108,702598024
1757662108,703821736
1757662108,705653896
1757662108,727178504
1757662108,734934552
1757662108,759485528
1757662108,761335688
1757662108,765541896
1757662108,768379784
1757662108,807321992
1757662108,838202216
1757662108,842429832
1757662108,855435784
1757662108,874135576
1757662108,880583160
1757662108,888499656
1757662108,892753096
1757662108,902906552
1757662108,904192120
1757662108,931598760
1757662108,941744520
1757662108,943403464
1757662108,954327400
1757662108,982371608
1757662108,989198040
1757662109,7910008
1757662109,13481304
1757662109,35229800
1757662109,63790232
1757662109,103746728
1757662109,106138376
1757662109,135362008
1757662109,144814648
1757662109,181533144
1757662109,188888808
1757662109,192759160
1757662109,236700664
1757662109,294876248
1757662109,299396808
1757662109,303590072
1757662109,309880664
1757662109,320411672
1757662109,324424616
1757662109,333496264
1757662109,367163304
1757662109,381970312
1757662109,418969640
1757662109,476230664
1757662109,490543672
1757662109,497192728
1757662109,500066440
1757662109,505950680
1757662109,508466616
1757662109,529686984
1757662109,534414936
1757662109,536629864
1757662109,573356648
1757662109,579125048
1757662109,598704216
1757662109,604558888
1757662109,622774056
1757662109,633953848
1757662109,636843464
1757662109,653605816
1757662109,660190056
1757662109,662081080
1757662109,664071368
1757662109,676613544
1757662109,721081528
1757662109,736507128
1757662109,765038936
1757662109,796716536
1757662109,803048776
1757662109,823850808
1757662109,841885928
1757662109,846059288
1757662109,849677368
1757662109,861334408
1757662109,875543576
1757662109,879101224
1757662109,883862104
1757662109,885842424
1757662109,894127928
1757662109,905190184
1757662109,921175080
1757662109,960817208
1757662109,975225896
1757662109,990403000
1757662109,994904936
1757662110,4785480
1757662110,23935544
1757662110,51364728
1757662110,64614120
1757662110,74745752
1757662110,91684440
1757662110,99496408
1757662110,136401944
1757662110,162078808
1757662110,174955912
1757662110,187683832
1757662110,194002584
1757662110,208440200
1757662110,211580216
1757662110,239859672
1757662110,261906088
1757662110,266777752
1757662110,299857304
1757662110,309318936
1757662110,311789176
1757662110,359972040
1757662110,377402424
1757662110,386554808
1757662110,395008376
1757662110,397323272
1757662110,414582584
1757662110,454722808
1757662110,458271096
1757662110,466699544
1757662110,485551416
1757662110,489149928
1757662110,490547416
1757662110,501753048
1757662110,512256216
1757662110,518215592
1757662110,525618872
1757662110,527231560
1757662110,532468440
1757662110,549664904
1757662110,561445384
1757662110,574764840
1757662110,585192568
1757662110,591709032
1757662110,593208488
1757662110,610180760
1757662110,629484264
1757662110,634945256
1757662110,639809256
1757662110,665150152
1757662110,667337400
1757662110,671194904
1757662110,677401384
1757662110,687916632
1757662110,697358808
1757662110,707805704
1757662110,710558664
1757662110,713998168
1757662110,729203000
1757662110,750398776
1757662110,753227480
1757662110,774348840
1757662110,791174152
1757662110,797347384
1757662110,807733544
1757662110,820365208
1757662110,834771944
1757662110,843318632
1757662110,846959432
1757662110,857939624
1757662110,870787128
1757662110,899061720
1757662110,908588712
1757662110,936045704
1757662110,975492632
1757662110,990229192
1757662111,6648696
1757662111,65476520
1757662111,68584792
1757662111,72311464
1757662111,81289496
1757662111,109318280
1757662111,112741784
1757662111,127797192
1757662111,135156456
1757662111,156899672
1757662111,166915944
1757662111,193714264
1757662111,199901016
1757662111,221934472
1757662111,227140968
1757662111,231747544
1757662111,264654520
1757662111,314497304
1757662111,321156616
1757662111,322357848
1757662111,365497448
1757662111,370410632
1757662111,375520824
1757662111,383342680
1757662111,391941864
1757662111,410797336
1757662111,427446664
1757662111,442149032
1757662111,446916664
1757662111,465216264
1757662111,472204504
1757662111,484204104
1757662111,526219400
1757662111,539418760
1757662111,555933080
1757662111,563877352
1757662111,565650040
1757662111,575664728
1757662111,585992760
1757662111,594370712
1757662111,615350040
1757662111,620112456
1757662111,632662184
1757662111,641095448
1757662111,644713944
1757662111,659358424
1757662111,666620648
1757662111,671972936
1757662111,675526648
1757662111,677923160
1757662111,689120264
1757662111,714407288
1757662111,724374584
1757662111,735429640
1757662111,744864904
1757662111,747248952
1757662111,765745944
1757662111,814316712
1757662111,850237128
1757662111,870044168
1757662111,873264216
1757662111,876350744
1757662111,895318776
1757662111,904804008
1757662111,919439416
1757662111,933900632
1757662111,958131912
1757662111,959870536
1757662111,967766888
1757662111,983010264
1757662112,4931432
1757662112,16357144
1757662112,24522456
1757662112,31334104
1757662112,48427448
1757662112,100621544
1757662112,118097368
1757662112,140949464
1757662112,142062344
1757662112,158247976
1757662112,164241096
1757662112,173715848
1757662112,176800536
1757662112,181325560
1757662112,184444680
1757662112,200352920
1757662112,203994888
1757662112,246505080
1757662112,268045064
1757662112,288752024
1757662112,290853048
1757662112,298684856
1757662112,303157080
1757662112,316947944
1757662112,323443768
1757662112,331897656
1757662112,335881592
1757662112,339937400
1757662112,341316984
1757662112,353013912
1757662112,366193704
1757662112,376946872
1757662112,380305784
1757662112,389092184
1757662112,391880632
1757662112,395356152
1757662112,421983320
1757662112,424215768
1757662112,442503656
1757662112,446620472
1757662112,457381960
1757662112,460800088
1757662112,481598536
1757662112,489257736
1757662112,493884712
1757662112,498082232
1757662112,531016664
1757662112,539571880
1757662112,541393480
1757662112,542509592
1757662112,545918840
1757662112,614724536
1757662112,679228840
1757662112,685662840
1757662112,701536056
1757662112,790870200
1757662112,795018248
1757662112,809289432
1757662112,820620616
1757662112,858963480
1757662112,885520360
1757662112,901284072
1757662112,902848440
1757662112,905200520
1757662112,915061656
1757662112,921214968
1757662112,924657880
1757662112,926177672
1757662112,958207336
1757662112,965384120
1757662112,971699096
1757662113,5806152
1757662113,7610936
1757662113,19135656
1757662113,29488376
1757662113,60909256
1757662113,91392440
1757662113,139139608
1757662113,149038328
1757662113,186120504
1757662113,188656872
1757662113,196852488
1757662113,200297064
1757662113,207971912
1757662113,216022056
1757662113,254082248
1757662113,259055624
1757662113,290871208
1757662113,294624216
1757662113,330614760
1757662113,335842216
1757662113,375657592
1757662113,376730152
1757662113,391236312
1757662113,405398360
1757662113,452640552
1757662113,459330216
1757662113,495694888
1757662113,510066136
1757662113,513908728
1757662113,532233512
1757662113,544982952
1757662113,555789000
1757662113,562449144
1757662113,570423112
1757662113,614821848
1757662113,622816424
1757662113,647200200
1757662113,660858328
1757662113,676558840
1757662113,678666120
1757662113,699071768
1757662113,704498472
1757662113,709571704
1757662113,710852024
1757662113,713693928
1757662113,740657960
1757662113,743020616
1757662113,747058008
1757662113,751557800
1757662113,769226808
1757662113,772790440
1757662113,778450472
1757662113,808014952
1757662113,813571560
1757662113,834038552
1757662113,878637720
1757662113,882980696
1757662113,918484648
1757662113,925583624
1757662113,931779368
1757662113,934759096
1757662113,966807304
1757662113,974496984
1757662113,989753336
1757662113,996599992
1757662114,9134616
1757662114,13126200
1757662114,32729768
1757662114,43959528
1757662114,47470344
1757662114,68544664
1757662114,76581384
1757662114,81874280
1757662114,90853160
1757662114,99760008
1757662114,102595400
1757662114,105544120
1757662114,107761272
1757662114,109882376
1757662114,166897288
1757662114,177589224
1757662114,196610200
1757662114,198434328
1757662114,203696088
1757662114,211269048
1757662114,246787272
1757662114,302719896
1757662114,311647240
1757662114,325523736
1757662114,331483096
1757662114,348426408
1757662114,349503064
1757662114,352004648
1757662114,370589608
1757662114,383746632
1757662114,386076264
1757662114,395830936
1757662114,443909656
1757662114,453838104
1757662114,477530424
1757662114,530298824
1757662114,540839432
1757662114,555159288
1757662114,557828104
1757662114,561671624
1757662114,570600136
1757662114,643080008
1757662114,654857336
1757662114,657486184
1757662114,665094808
1757662114,676283880
1757662114,706602376
1757662114,738668104
1757662114,741950136
1757662114,792905208
1757662114,816035096
1757662114,817422584
1757662114,829142488
1757662114,842856552
1757662114,866325880
1757662114,869061992
1757662114,924625048
1757662114,927212232
1757662114,943913400
1757662114,945933080
1757662114,958915640
1757662114,963469480
1757662114,969399832
1757662114,977009096
1757662114,992896440
1757662114,996442296
1757662115,1004088
1757662115,3888216
1757662115,11276040
1757662115,33976920
1757662115,46878856
1757662115,62745656
1757662115,83935352
1757662115,87864248
1757662115,99961064
1757662115,114956440
1757662115,130693480
1757662115,140815912
1757662115,142693400
1757662115,155493096
1757662115,174314248
1757662115,224947032
1757662115,226505288
1757662115,279709016
1757662115,284273080
1757662115,303808776
1757662115,306170824
1757662115,316085784
1757662115,322966728
1757662115,333420008
1757662115,335057992
1757662115,366195256
1757662115,368257832
1757662115,405816808
1757662115,410784504
1757662115,454646840
1757662115,459749000
1757662115,468410120
1757662115,482110760
1757662115,503702920
1757662115,510824584
1757662115,516201368
1757662115,518196984
1757662115,529104440
1757662115,537826936
1757662115,546934072
1757662115,587346024
1757662115,623089064
1757662115,629432568
1757662115,630999608
1757662115,638801464
1757662115,640919096
1757662115,666579064
1757662115,679357928
1757662115,682142600
1757662115,687369400
1757662115,690648984
1757662115,710661160
1757662115,720496584
1757662115,722932648
1757662115,754300584
1757662115,755687880
1757662115,761318280
1757662115,786843592
1757662115,801563752
1757662115,809986456
1757662115,822408328
1757662115,898524760
1757662115,911080216
1757662115,946047784
1757662115,973624424
1757662115,977116488
1757662115,986458088
1757662116,7594936
1757662116,10949832
1757662116,28471064
1757662116,34194216
1757662116,56486680
1757662116,63724056
1757662116,79287656
1757662116,83595320
1757662116,112915464
1757662116,130726680
1757662116,159043096
1757662116,191497240
1757662116,243329800
1757662116,245067144
1757662116,255756520
1757662116,271292936
1757662116,333618760
1757662116,338161544
1757662116,352849976
1757662116,380132520
1757662116,392310456
1757662116,455795576
1757662116,470478856
1757662116,486595112
1757662116,501292920
1757662116,509121688
1757662116,516336744
1757662116,521604024
1757662116,534521000
1757662116,549749752
1757662116,551679336
1757662116,573295688
1757662116,592774152
1757662116,603565128
1757662116,605418120
1757662116,611395064
1757662116,616389080
1757662116,647451336
1757662116,657351480
1757662116,661517752
1757662116,679178728
1757662116,681779800
1757662116,694845224
1757662116,711238632
1757662116,740474520
1757662116,744101288
1757662116,753872840
1757662116,762694136
1757662116,768401736
1757662116,776891688
1757662116,783720248
1757662116,789169832
1757662116,804191528
1757662116,832106072
1757662116,836201688
1757662116,844620600
1757662116,854542456
1757662116,869853432
1757662116,901128760
1757662116,914013192
1757662116,915752312
1757662116,939130248
1757662116,942952792
1757662116,946592616
1757662117,5981480
1757662117,18637544
1757662117,19786680
1757662117,34098936
1757662117,61753192
1757662117,90784344
1757662117,96172424
1757662117,101091304
1757662117,127823032
1757662117,138347864
1757662117,153646344
1757662117,192748456
1757662117,196077096
1757662117,198074232
1757662117,236365848
1757662117,238155720
1757662117,258216264
1757662117,263954296
1757662117,276963064
1757662117,279458680
1757662117,283459096
1757662117,307486376
1757662117,314215336
1757662117,327679224
1757662117,339829976
1757662117,341263016
1757662117,368087800
1757662117,378204120
1757662117,386091816
1757662117,387392312
1757662117,414864760
1757662117,416293656
1757662117,437208312
1757662117,444840504
1757662117,446251128
1757662117,450950488
1757662117,455670024
1757662117,469753720
1757662117,482558008
1757662117,484302248
1757662117,487989992
1757662117,491730792
1757662117,502717304
1757662117,516569576
1757662117,531263128
1757662117,537635688
1757662117,551981160
1757662117,553786552
1757662117,568909736
1757662117,571748936
1757662117,580949368
1757662117,611181448
1757662117,623168424
1757662117,626780152
1757662117,638057352
1757662117,656670056
1757662117,661669272
1757662117,670294840
1757662117,684073240
1757662117,689938056
1757662117,706823432
1757662117,713455864
1757662117,723441816
1757662117,789479688
1757662117,791594712
1757662117,803434936
1757662117,816647688
1757662117,822392696
1757662117,836420168
1757662117,840028216
1757662117,862854760
1757662117,882962424
1757662117,926278328
1757662117,949675080
1757662117,960362440
1757662117,966132712
1757662117,982947448
1757662117,984438712
1757662117,998434760
1757662118,16005976
1757662118,25516504
1757662118,33921480
1757662118,42626904
1757662118,70711112
1757662118,85343208
1757662118,101142488
1757662118,121827800
1757662118,127319592
1757662118,128605544
1757662118,132099272
1757662118,149810408
1757662118,153326040
1757662118,167623064
1757662118,179265176
1757662118,212318376
1757662118,224908744
1757662118,230914936
1757662118,233772264
1757662118,255046120
1757662118,268680744
1757662118,283228856
1757662118,321337992
1757662118,331641592
1757662118,355403192
1757662118,356961192
1757662118,372676712
1757662118,381383288
1757662118,392402872
1757662118,404857560
1757662118,417817384
1757662118,419472552
1757662118,458502376
1757662118,487806088
1757662118,496616664
1757662118,503680488
1757662118,542431176
1757662118,545271432
1757662118,559442248
1757662118,585001912
1757662118,599452824
1757662118,602290168
1757662118,614623208
1757662118,623586408
1757662118,640328456
1757662118,650724296
1757662118,656160408
1757662118,664037000
1757662118,681274568
1757662118,693752584
1757662118,704937016
1757662118,709853112
1757662118,735674216
1757662118,738275912
1757662118,746202072
1757662118,763283784
1757662118,798376392
1757662118,809375352
1757662118,811480632
1757662118,816042904
1757662118,827731368
1757662118,839364488
1757662118,841652392
1757662118,852466088
1757662118,862135688
1757662118,866906664
1757662118,873909400
1757662118,917177464
1757662118,919426200
1757662118,936758376
1757662118,951869320
1757662118,983101560
1757662118,985183288
1757662119,3585656
1757662119,23718936
1757662119,36287272
1757662119,39464408
1757662119,51187784
1757662119,54436680
1757662119,66586440
1757662119,90944184
1757662119,113844184
1757662119,135414600
1757662119,139400152
1757662119,144723480
1757662119,147076376
1757662119,169983608
1757662119,171773048
1757662119,179354024
1757662119,202105176
1757662119,204559464
1757662119,209969432
1757662119,226195048
1757662119,240611192
1757662119,260597704
1757662119,277043992
1757662119,283597000
1757662119,295420168
1757662119,334808152
1757662119,373471752
1757662119,381168472
1757662119,408039176
1757662119,416432296
1757662119,444271464
1757662119,459146552
1757662119,473637896
1757662119,508550040
1757662119,510820712
1757662119,511931176
1757662119,519287432
1757662119,528444472
1757662119,530589368
1757662119,555339448
1757662119,556641976
1757662119,572060904
1757662119,578739640
1757662119,597394376
1757662119,601335160
1757662119,611301096
1757662119,652780936
1757662119,671776904
1757662119,707679432
1757662119,746079464
1757662119,752602296
1757662119,753741336
1757662119,765116136
1757662119,768953752
1757662119,799728616
1757662119,812039336
1757662119,815880680
1757662119,818337592
1757662119,823098648
1757662119,839256504
1757662119,845137688
1757662119,872114696
1757662119,897186072
1757662119,924532184
1757662119,946203592
1757662119,953770008
1757662119,966740312
1757662119,975380568
1757662120,7165096
1757662120,16105416
1757662120,19299400
1757662120,40376728
1757662120,58417864
1757662120,74265880
1757662120,77801848
1757662120,84766472
1757662120,108827992
1757662120,122690920
1757662120,131862152
1757662120,135456088
1757662120,142049064
1757662120,152525800
1757662120,206027192
1757662120,244356808
1757662120,258135240
1757662120,277815896
1757662120,357374584
1757662120,370052136
1757662120,383605912
1757662120,392155512
1757662120,393974696
1757662120,421501128
1757662120,423160728
1757662120,452070392
1757662120,489277432
1757662120,499089512
1757662120,500495384
1757662120,518136712
1757662120,520145704
1757662120,530538376
1757662120,552899288
1757662120,554960296
1757662120,568076792
1757662120,574806056
1757662120,576133672
1757662120,577389528
1757662120,600116440
1757662120,603700904
1757662120,606941784
1757662120,613786472
1757662120,616637576
1757662120,622488776
1757662120,625801496
1757662120,635298856
1757662120,637846072
1757662120,661845624
1757662120,689444792
1757662120,694164888
1757662120,700567704
1757662120,706083624
1757662120,708511320
1757662120,719771496
1757662120,743202696
1757662120,746676104
1757662120,756013192
1757662120,758495688
1757662120,820428968
1757662120,822922776
1757662120,840877080
1757662120,853845976
1757662120,863604776
1757662120,904278696
1757662120,926947336
1757662120,928840536
1757662120,943491816
1757662120,955070520
1757662120,979675016
1757662120,985356008
1757662121,4848488
1757662121,5914392
1757662121,8911944
1757662121,26877768
1757662121,36229256
1757662121,44739512
1757662121,47908632
1757662121,69465448
1757662121,97521272
1757662121,100878312
1757662121,104222536
1757662121,110599240
1757662121,122594840
1757662121,135037688
1757662121,146555000
1757662121,160681160
1757662121,170637320
1757662121,181542440
1757662121,185418904
1757662121,194499992
1757662121,207781080
1757662121,217175512
1757662121,224373224
1757662121,243919016
1757662121,252687176
1757662121,265346136
1757662121,277928552
1757662121,280632472
1757662121,293291112
1757662121,314578968
1757662121,318037288
1757662121,323594376
1757662121,341308568
1757662121,349886584
1757662121,360391640
1757662121,365253416
1757662121,376935432
1757662121,378013496
1757662121,380350472
1757662121,418182840
1757662121,428912712
1757662121,439980264
1757662121,443629288
1757662121,449201960
1757662121,463048072
1757662121,474865896
1757662121,492295032
1757662121,524518776
1757662121,551594360
1757662121,558097224
1757662121,570074344
1757662121,578651128
1757662121,585288968
1757662121,590544680
1757662121,625859400
1757662121,631335336
1757662121,667899496
1757662121,680465512
1757662121,686191064
1757662121,689489928
1757662121,691900024
1757662121,716381592
1757662121,719598520
1757662121,726390776
1757662121,739895336
1757662121,748734696
1757662121,751635032
1757662121,771768072
1757662121,777528664
1757662121,796302904
1757662121,812854424
1757662121,817318504
1757662121,828093160
1757662121,838422872
1757662121,851197528
1757662121,876437432
1757662121,884801816
1757662121,896362248
1757662121,908238600
1757662121,911866664
1757662121,919973400
1757662121,933901368
1757662121,972759400
1757662121,984173432
1757662121,997007928
1757662122,11524648
1757662122,65685720
1757662122,72932600
1757662122,93994088
1757662122,98511704
1757662122,103361160
1757662122,117711400
1757662122,132496696
1757662122,136387496
1757662122,137650952
1757662122,146706552
1757662122,170279464
1757662122,209403464
1757662122,213347144
1757662122,218026536
1757662122,230924376
1757662122,254724936
1757662122,273207336
1757662122,287924360
1757662122,326152904
1757662122,355668744
1757662122,368146728
1757662122,396857368
1757662122,405417224
1757662122,421592440
1757662122,434375688
1757662122,445750936
1757662122,453464088
1757662122,472584376
1757662122,493251240
1757662122,512593544
1757662122,548857960
1757662122,556572712
1757662122,566334664
1757662122,571207480
1757662122,601753144
1757662122,617200712
1757662122,619958584
1757662122,622373016
1757662122,630159960
1757662122,632624200
1757662122,658656520
1757662122,669786888
1757662122,673612152
1757662122,702233352
1757662122,727087768
1757662122,728421624
1757662122,752475144
1757662122,757392072
1757662122,778818216
1757662122,801670232
1757662122,831928248
1757662122,834416264
1757662122,841595816
1757662122,844911080
1757662122,888173944
1757662122,915509016
1757662122,925903672
1757662122,927248936
1757662122,958505624
1757662122,968032968
1757662122,982036008
1757662122,986330536
1757662122,990798328
1757662122,994835032
1757662122,997785576
1757662123,5746568
1757662123,7331816
1757662123,10264536
1757662123,19933816
1757662123,26131672
1757662123,50104248
1757662123,52487272
1757662123,55105400
1757662123,77107928
1757662123,155098440
1757662123,169478680
1757662123,174978728
1757662123,235188904
1757662123,269848184
1757662123,285569192
1757662123,297272728
1757662123,329849240
1757662123,331464392
1757662123,347920344
1757662123,362779848
1757662123,365889688
1757662123,367728456
1757662123,393140568
1757662123,424945944
1757662123,436885336
1757662123,437932440
1757662123,447380488
1757662123,452863928
1757662123,476477256
1757662123,489226040
1757662123,494665992
1757662123,576316376
1757662123,583066232
1757662123,598264248
1757662123,599961480
1757662123,605732904
1757662123,617399496
1757662123,633967432
1757662123,649903800
1757662123,667432792
1757662123,671608136
1757662123,703173320
1757662123,715190184
1757662123,723427528
1757662123,726294536
1757662123,743933112
1757662123,762584824
1757662123,766701768
1757662123,770905608
1757662123,794511112
1757662123,811315672
1757662123,817214632
1757662123,825844600
1757662123,833220088
1757662123,840244568
1757662123,858318952
1757662123,862742568
1757662123,876837160
1757662123,883438920
1757662123,884901048
1757662123,901354776
1757662123,917332248
1757662123,936385864
1757662123,938578120
1757662123,951284712
1757662123,985402088
1757662123,989237752
1757662123,991818792
1757662123,998982936
1757662124,2718120
1757662124,30226376
1757662124,49879288
1757662124,101786392
1757662124,124647432
1757662124,132169656
1757662124,143490808
1757662124,188217864
1757662124,202447160
1757662124,215802840
1757662124,271052808
1757662124,285473192
1757662124,327320056
1757662124,341451608
1757662124,367093544
1757662124,388300104
1757662124,393639912
1757662124,405335048
1757662124,411715624
1757662124,415506264
1757662124,423153096
1757662124,435615800
1757662124,437687704
1757662124,445214856
1757662124,446758472
1757662124,449269720
1757662124,451747976
1757662124,460855496
1757662124,468201416
1757662124,515586360
1757662124,525375704
1757662124,554198760
1757662124,564594056
1757662124,582098696
1757662124,585091448
1757662124,593738648
1757662124,611041768
1757662124,614857912
1757662124,628160328
1757662124,643614760
1757662124,656054968
1757662124,658550744
1757662124,694612120
1757662124,700464408
1757662124,716371944
1757662124,720559720
1757662124,732565336
1757662124,741754872
1757662124,749418712
1757662124,750972248
1757662124,760432056
1757662124,762594040
1757662124,783099528
1757662124,806772072
1757662124,810352456
1757662124,813429032
1757662124,819812600
1757662124,848075176
1757662124,849830200
1757662124,863264904
1757662124,907339032
1757662124,912607064
1757662124,919616952
1757662124,922941496
1757662124,928192696
1757662124,929791224
1757662124,940441352
1757662124,951500680
1757662124,953262264
1757662124,958309544
1757662124,962229576
1757662124,968412472
1757662124,987944856
1757662124,990234376
1757662124,991578456
1757662125,19672648
1757662125,27507240
1757662125,43006552
1757662125,53535512
1757662125,66753064
1757662125,69684632
1757662125,71225272
1757662125,77473928
1757662125,118900728
1757662125,169480520
1757662125,194974360
1757662125,200182680
1757662125,202846360
1757662125,208631896
1757662125,219031656
1757662125,237425320
1757662125,260524952
1757662125,263581560
1757662125,274822024
1757662125,305141912
1757662125,317163128
1757662125,333173976
1757662125,342304216
1757662125,356436664
1757662125,357911032
1757662125,410301592
1757662125,417558552
1757662125,480277352
1757662125,483815096
1757662125,505450408
1757662125,532421288
1757662125,544123448
1757662125,548760408
1757662125,556729976
1757662125,560538488
1757662125,572487880
1757662125,601236488
1757662125,602377576
1757662125,646878360
1757662125,651448792
1757662125,665554776
1757662125,722372056
1757662125,742297720
1757662125,746285672
1757662125,760713000
1757662125,780000632
1757662125,783181640
1757662125,799018632
1757662125,807360920
1757662125,822670344
1757662125,860229832
1757662125,872854808
1757662125,899144296
1757662125,906045432
1757662125,918082168
1757662125,928966520
1757662125,933008376
1757662125,938852824
1757662125,946087512
1757662125,951718776
1757662125,966648840
1757662125,996389752
1757662126,2107368
1757662126,8556888
1757662126,11001768
1757662126,88776488
1757662126,114384648
1757662126,143217032
1757662126,151974264
1757662126,171908184
1757662126,196248552
1757662126,218986936
1757662126,224643480
1757662126,230704984
1757662126,240908536
1757662126,277677080
1757662126,287354264
1757662126,311641848
1757662126,330158760
1757662126,341175624
1757662126,412314328
1757662126,427985496
1757662126,431820200
1757662126,439230168
1757662126,443560248
1757662126,444850680
1757662126,472155880
1757662126,485649032
1757662126,527136392
1757662126,545660440
1757662126,547682392
1757662126,556682840
1757662126,559204088
1757662126,568150264
1757662126,587714104
1757662126,593018168
1757662126,595960216
1757662126,599272024
1757662126,643620200
1757662126,645940680
1757662126,655998808
1757662126,679693480
1757662126,697852584
1757662126,708504264
1757662126,712494584
1757662126,732279544
1757662126,733982936
1757662126,750022760
1757662126,752741784
1757662126,763658904
1757662126,781590424
1757662126,792492696
1757662126,799615976
1757662126,803743016
1757662126,809114616
1757662126,842949896
1757662126,860348552
1757662126,918888280
1757662126,944878120
1757662126,959160792
1757662126,961324376
1757662126,984532472
1757662127,12110728
1757662127,26291784
1757662127,49661112
1757662127,53245320
1757662127,80897752
1757662127,84380424
1757662127,87150632
1757662127,100931624
1757662127,118359032
1757662127,135878488
1757662127,149528008
1757662127,167328168
1757662127,170484040
1757662127,196269464
1757662127,201345960
1757662127,220240840
1757662127,262204072
1757662127,274249192
1757662127,293133512
1757662127,312238904
1757662127,319102312
1757662127,328023320
1757662127,360289640
1757662127,365709720
1757662127,369296760
1757662127,393476664
1757662127,397785640
1757662127,412376152
1757662127,428565224
1757662127,458375336
1757662127,492869736
1757662127,496336344
1757662127,520748584
1757662127,533644024
1757662127,540786808
1757662127,563183720
1757662127,579929912
1757662127,582168120
1757662127,600472760
1757662127,605352376
1757662127,620017464
1757662127,630523096
1757662127,634015896
1757662127,644008056
1757662127,657524008
1757662127,686059528
1757662127,697835336
1757662127,708364760
1757662127,726500520
1757662127,732633496
1757662127,738270392
1757662127,742032728
1757662127,768016392
1757662127,780039832
1757662127,782744072
1757662127,785442504
1757662127,813126328
1757662127,819766088
1757662127,845039144
1757662127,863444376
1757662127,871058088
1757662127,886945848
1757662127,908380136
1757662127,934450296
1757662127,945590792
1757662127,992369432
1757662128,3941528
1757662128,7564120
1757662128,14149672
1757662128,67899464
1757662128,74486232
1757662128,82851800
1757662128,118294904
1757662128,129358040
1757662128,157160648
1757662128,192097544
1757662128,203619896
1757662128,214700072
1757662128,235577240
1757662128,237319624
1757662128,294121400
1757662128,307032152
1757662128,327096056
1757662128,349826808
1757662128,376153928
1757662128,381570120
1757662128,407579672
1757662128,415953096
1757662128,434226424
1757662128,450039256
1757662128,456296056
1757662128,459572936
1757662128,468303336
1757662128,472295432
1757662128,478064680
1757662128,490925256
1757662128,514769656
1757662128,531590248
1757662128,543769912
1757662128,571313832
1757662128,574512904
1757662128,594122680
1757662128,612683576
1757662128,634250168
1757662128,642715368
1757662128,653527512
1757662128,661347592
1757662128,674169800
1757662128,695375432
1757662128,712410328
1757662128,732016488
1757662128,754646680
1757662128,762428296
1757662128,771183272
1757662128,794447816
1757662128,805017656
1757662128,816646488
1757662128,824700808
1757662128,830424088
1757662128,832312440
1757662128,837081816
1757662128,882330936
1757662128,889727912
1757662128,896078056
1757662128,943730792
1757662128,948761320
1757662128,957123144
1757662128,977016776
1757662128,997765896
1757662129,47462136
1757662129,59967224
1757662129,94313800
1757662129,103552024
1757662129,121731128
1757662129,128950040
1757662129,136876888
1757662129,164540376
1757662129,184669912
1757662129,203618968
1757662129,212680296
1757662129,272021512
1757662129,275398184
1757662129,276755224
1757662129,281550104
1757662129,288726408
1757662129,329562920
1757662129,340312584
1757662129,349898552
1757662129,361387560
1757662129,367381544
1757662129,371832440
1757662129,387114376
1757662129,396279992
1757662129,430548888
1757662129,454859256
1757662129,463633288
1757662129,474755560
1757662129,477143864
1757662129,490494472
1757662129,507006168
1757662129,525746744
1757662129,529257096
1757662129,530739256
1757662129,539098152
1757662129,556400472
1757662129,570737016
1757662129,574134808
1757662129,604661688
1757662129,629107096
1757662129,643181848
1757662129,646795144
1757662129,660155128
1757662129,667053912
1757662129,673491016
1757662129,681412952
1757662129,684558072
1757662129,700016376
1757662129,704267272
1757662129,716404712
1757662129,726166776
1757662129,730389624
1757662129,748416536
1757662129,797292776
1757662129,809086232
1757662129,820712152
1757662129,830162744
1757662129,860993960
1757662129,882515464
1757662129,923755272
1757662129,930463736
1757662129,937919608
1757662129,941665576
1757662129,976401432
1757662130,25231512
1757662130,31887112
1757662130,56204392
1757662130,98976696
1757662130,102952680
1757662130,194171704
1757662130,201661496
1757662130,208539976
1757662130,252977064
1757662130,304530984
1757662130,310930664
1757662130,342317480
1757662130,344045240
1757662130,350730248
1757662130,369930920
1757662130,373822328
1757662130,400883384
1757662130,404702648
1757662130,408755304
1757662130,450054488
1757662130,470857912
1757662130,505882968
1757662130,516119080
1757662130,517251800
1757662130,527081640
1757662130,539365944
1757662130,541537288
1757662130,582680504
1757662130,596673864
1757662130,598866904
1757662130,608145000
1757662130,622326552
1757662130,635946984
1757662130,637934936
1757662130,671573896
1757662130,692567672
1757662130,695793976
1757662130,720286408
1757662130,767506408
1757662130,828076552
1757662130,836786440
1757662130,850937080
1757662130,853329816
1757662130,857016024
1757662130,892459800
1757662130,921227256
1757662130,946394184
1757662130,953892168
1757662130,979695672
1757662130,993692296
1757662131,18818104
1757662131,40895240
1757662131,52606712
1757662131,54358408
1757662131,64460360
1757662131,106250776
1757662131,203409688
1757662131,204953384
1757662131,256819608
1757662131,260592280
1757662131,265452392
1757662131,267389000
1757662131,269804328
1757662131,306402568
1757662131,318165208
1757662131,321104536
1757662131,357860088
1757662131,405348008
1757662131,411079320
1757662131,421896536
1757662131,434432824
1757662131,470897576
1757662131,481928776
1757662131,488942680
1757662131,496477672
1757662131,508273064
1757662131,516762440
1757662131,529336760
1757662131,543702936
1757662131,545908104
1757662131,603331480
1757662131,611422088
1757662131,635358408
1757662131,636910776
1757662131,664509320
1757662131,679942424
1757662131,704195256
1757662131,733324488
1757662131,739775528
1757662131,771621112
1757662131,791926248
1757662131,800976840
1757662131,826706040
1757662131,828020568
1757662131,833977288
1757662131,881316248
1757662131,902152056
1757662131,909747720
1757662131,911421272
1757662131,948122824
1757662131,953709736
1757662131,967101224
1757662131,970127288
1757662132,9156680
1757662132,19751208
1757662132,26788168
1757662132,29022824
1757662132,52406984
1757662132,70432984
1757662132,86127000
1757662132,100872360
1757662132,131389656
1757662132,137725416
1757662132,151161368
1757662132,153093112
1757662132,158686856
1757662132,165749176
1757662132,173294744
1757662132,186805832
1757662132,200195176
1757662132,213437688
1757662132,266155400
1757662132,272897528
1757662132,280230552
1757662132,327148552
1757662132,332924344
1757662132,334684088
1757662132,365764248
1757662132,389912152
1757662132,394576056
1757662132,429446280
1757662132,441675512
1757662132,446560056
1757662132,455432824
1757662132,476639976
1757662132,480233352
1757662132,484730920
1757662132,493776376
1757662132,499109704
1757662132,519760136
1757662132,546511432
1757662132,564371448
1757662132,579952840
1757662132,582595336
1757662132,622808968
1757662132,627316792
1757662132,632094568
1757662132,638868104
1757662132,644851032
1757662132,693856968
1757662132,708729704
1757662132,715505208
1757662132,734728504
1757662132,786796008
1757662132,788228936
1757662132,795528184
1757662132,804586808
1757662132,873609496
1757662132,886438168
1757662132,934702536
1757662132,954031960
1757662132,955203320
1757662132,965665896
1757662132,969847464
1757662132,985360200
1757662133,1875976
1757662133,6845112
1757662133,15289800
1757662133,70774072
1757662133,72636120
1757662133,74269896
1757662133,91352136
1757662133,94079832
1757662133,104114824
1757662133,108467176
1757662133,110620392
1757662133,118504024
1757662133,123230120
1757662133,137335688
1757662133,142457928
1757662133,145482536
1757662133,166687832
1757662133,173323864
1757662133,183070296
1757662133,190581672
1757662133,199284856
1757662133,200576712
1757662133,220613896
1757662133,235790392
1757662133,241562728
1757662133,248545224
1757662133,249861576
1757662133,307452456
1757662133,315488296
1757662133,324047976
1757662133,326568008
1757662133,354544504
1757662133,359120216
1757662133,387893656
1757662133,392312856
1757662133,417057304
1757662133,455906968
1757662133,461705992
1757662133,501988968
1757662133,511643336
1757662133,539173048
1757662133,560028328
1757662133,571811448
1757662133,592563304
1757662133,621434472
1757662133,648931768
1757662133,682749208
1757662133,689433688
1757662133,692445176
1757662133,723087000
1757662133,728256440
1757662133,759578232
1757662133,774215736
1757662133,799416776
1757662133,805714520
1757662133,846425752
1757662133,851900728
1757662133,916326536
1757662133,921416552
1757662133,923253080
1757662133,950952136
1757662133,956172408
1757662133,960464408
1757662133,971703944
1757662133,982635256
1757662133,988583752
1757662133,991658600
1757662134,879256
1757662134,32714856
1757662134,44780632
1757662134,55291784
1757662134,64873016
1757662134,68390616
1757662134,82810056
1757662134,86409368
1757662134,90651768
1757662134,93560504
1757662134,96620088
1757662134,129213000
1757662134,146433992
1757662134,153378600
1757662134,155137320
1757662134,163236376
1757662134,164513256
1757662134,216388680
1757662134,232860568
1757662134,238482584
1757662134,248578408
1757662134,258119560
1757662134,272691592
1757662134,296255272
1757662134,299675192
1757662134,325898216
1757662134,341687784
1757662134,362906104
1757662134,371003960
1757662134,390256856
1757662134,420087912
1757662134,443294728
1757662134,444852104
1757662134,454087176
1757662134,462425896
1757662134,464942088
1757662134,467287864
1757662134,475338104
1757662134,477208872
1757662134,478500024
1757662134,494088472
1757662134,501091320
1757662134,505879832
1757662134,508070312
1757662134,524846216
1757662134,556364232
1757662134,561906824
1757662134,579393416
1757662134,601344792
1757662134,627979336
1757662134,639546536
1757662134,643431368
1757662134,681264408
1757662134,684795144
1757662134,694388712
1757662134,696837464
1757662134,702073624
1757662134,735292280
1757662134,739617896
1757662134,741437368
1757662134,775760456
1757662134,809217544
1757662134,823825016
1757662134,842723864
1757662134,863708392
1757662134,872245560
1757662134,885931032
1757662134,892967240
1757662134,905049352
1757662134,918870264
1757662134,922986856
1757662134,962258200
1757662134,995411464
1757662134,998231064
1757662135,1560936
1757662135,12384344
1757662135,19350040
1757662135,36759432
1757662135,57879640
1757662135,95248008
1757662135,100115304
1757662135,101946056
1757662135,114505112
1757662135,116247192
1757662135,144346392
1757662135,154047208
1757662135,189827368
1757662135,191892168
1757662135,204788984
1757662135,237956856
1757662135,251836056
1757662135,263940024
1757662135,272681272
1757662135,275254008
1757662135,278817448
1757662135,295398424
1757662135,326234936
1757662135,360104200
1757662135,366920456
1757662135,370221944
1757662135,402290184
1757662135,433912008
1757662135,462110072
1757662135,465024664
1757662135,480060648
1757662135,495061080
1757662135,498838168
1757662135,501954344
1757662135,508162744
1757662135,512767944
1757662135,516236392
1757662135,548951432
1757662135,550505272
1757662135,567823704
1757662135,577526792
1757662135,586457624
1757662135,589841944
1757662135,610121928
1757662135,629376600
1757662135,646342504
1757662135,653173640
1757662135,691190536
1757662135,720112792
1757662135,726265880
1757662135,729786088
1757662135,741237000
1757662135,762348232
1757662135,779582968
1757662135,805143000
1757662135,806675688
1757662135,817341832
1757662135,827386824
1757662135,828930824
1757662135,839280344
1757662135,852093032
1757662135,853159352
1757662135,859759784
1757662135,888666280
1757662135,891421752
1757662135,904352664
1757662135,918289624
1757662135,930877576
1757662135,947811144
1757662135,950234024
1757662135,951760552
1757662135,998459960
1757662136,11071848
1757662136,27232248
1757662136,56158984
1757662136,58562520
1757662136,60415800
1757662136,88734632
1757662136,99781480
1757662136,108117080
1757662136,111478856
1757662136,153151336
1757662136,200743032
1757662136,263841624
1757662136,283098072
1757662136,289123432
1757662136,295382552
1757662136,311045448
1757662136,315715976
1757662136,339806728
1757662136,351589992
1757662136,358260792
1757662136,360848088
1757662136,383982680
1757662136,387190952
1757662136,418595608
1757662136,470445960
1757662136,475100440
1757662136,503966376
1757662136,508128024
1757662136,537167224
1757662136,546117736
1757662136,559452824
1757662136,580001784
1757662136,586273832
1757662136,591837128
1757662136,594210696
1757662136,597207912
1757662136,610425528
1757662136,624499192
1757662136,641988776
1757662136,663596360
1757662136,670686376
1757662136,673774776
1757662136,687087864
1757662136,692321160
1757662136,707408056
1757662136,713863608
1757662136,736670744
1757662136,772942936
1757662136,780585672
1757662136,787855336
1757662136,794663736
1757662136,796674904
1757662136,804048536
1757662136,815588872
1757662136,819362824
1757662136,825442040
1757662136,827960392
1757662136,830549352
1757662136,832364088
1757662136,842566472
1757662136,844161336
1757662136,850856264
1757662136,860632968
1757662136,865821112
1757662136,883485176
1757662136,899883720
1757662136,910928200
1757662136,939435784
1757662136,965701624
1757662136,970541864
1757662136,991115352
1757662136,994350424
1757662136,998521256
1757662137,9386264
1757662137,20288648
1757662137,46827336
1757662137,58327608
1757662137,64579688
1757662137,73178888
1757662137,102454712
1757662137,108358216
1757662137,163471416
1757662137,207818616
1757662137,213409832
1757662137,224218008
1757662137,227958360
1757662137,250427752
1757662137,253276904
1757662137,267818536
1757662137,274305080
1757662137,285239688
1757662137,304215400
1757662137,323022424
1757662137,346064488
1757662137,356222104
1757662137,369721880
1757662137,383809864
1757662137,404287576
1757662137,406756648
1757662137,435055112
1757662137,439527912
1757662137,447832152
1757662137,476535496
1757662137,482603576
1757662137,506286520
1757662137,521370344
1757662137,541445432
1757662137,545998728
1757662137,562210968
1757662137,578913816
1757662137,581936328
1757662137,641467112
1757662137,644172200
1757662137,663836520
1757662137,675081656
1757662137,686099592
1757662137,689680072
1757662137,690931176
1757662137,728415960
1757662137,746129768
1757662137,778821560
1757662137,799738168
1757662137,816623592
1757662137,846372136
1757662137,862506568
1757662137,893984872
1757662137,902677560
1757662137,907969784
1757662137,913366968
1757662137,932863320
1757662137,966970792
1757662138,2236392
1757662138,17000824
1757662138,18948888
1757662138,24786360
1757662138,35113784
1757662138,50137288
1757662138,64012600
1757662138,68923736
1757662138,70564872
1757662138,85147848
1757662138,88066696
1757662138,96707688
1757662138,114287768
1757662138,135778744
1757662138,141062760
1757662138,181348008
1757662138,199850200
1757662138,230998888
1757662138,238819672
1757662138,241869640
1757662138,257861032
1757662138,273213144
1757662138,291063576
1757662138,311804616
1757662138,314763528
1757662138,332769640
1757662138,339852936
1757662138,375058280
1757662138,376755688
1757662138,391749944
1757662138,395211400
1757662138,406406504
1757662138,416174728
1757662138,430737656
1757662138,433796504
1757662138,439291208
1757662138,449547560
1757662138,454984216
1757662138,472354728
1757662138,476798216
1757662138,499633976
1757662138,523846216
1757662138,527530232
1757662138,541535704
1757662138,561703352
1757662138,569168424
1757662138,605058696
1757662138,618778584
1757662138,621859416
1757662138,624644536
1757662138,640641528
1757662138,642856088
1757662138,659689304
1757662138,664465752
1757662138,669906616
1757662138,694126200
1757662138,702111592
1757662138,710696344
1757662138,719598488
1757662138,737050104
1757662138,767258936
1757662138,769780040
1757662138,776770856
1757662138,787688072
1757662138,792680856
1757662138,797901832
1757662138,806461816
1757662138,812163576
1757662138,825188328
1757662138,827240712
1757662138,833573816
1757662138,837710408
1757662138,843259912
1757662138,860057848
1757662138,870402008
1757662138,905396856
1757662138,914251288
1757662138,939696200
1757662138,962465704
1757662138,968754296
1757662138,971560312
1757662138,991870360
1757662139,23256488
1757662139,28573864
1757662139,33398408
1757662139,36809992
1757662139,79543416
1757662139,89583608
1757662139,92100872
1757662139,108448376
1757662139,114032440
1757662139,129132824
1757662139,179196088
1757662139,182780200
1757662139,202521160
1757662139,209586472
1757662139,245479128
1757662139,302913976
1757662139,316734872
1757662139,321148120
1757662139,354406520
1757662139,357106184
1757662139,387881992
1757662139,405745032
1757662139,408875368
1757662139,452593448
1757662139,459148504
1757662139,523839736
1757662139,576536536
1757662139,597800264
1757662139,606985688
1757662139,632729176
1757662139,640153176
1757662139,656686040
1757662139,683108184
1757662139,703361688
1757662139,729442872
1757662139,752339224
1757662139,759056664
1757662139,762458248
1757662139,766778280
1757662139,781466248
1757662139,793733000
1757662139,796819544
1757662139,806815288
1757662139,809794344
1757662139,834636168
1757662139,864062408
1757662139,894330744
1757662139,908303464
1757662139,930215896
1757662139,963421736
1757662139,967226552
1757662140,2555112
1757662140,10524472
1757662140,34503224
1757662140,47663512
1757662140,70863832
1757662140,73777304
1757662140,85929144
1757662140,93845304
1757662140,98841688
1757662140,117303592
1757662140,132897608
1757662140,174726360
1757662140,181893768
1757662140,185163432
1757662140,193097288
1757662140,216073816
1757662140,221578536
1757662140,232159944
1757662140,278961032
1757662140,286752408
1757662140,302630664
1757662140,306822696
1757662140,308896024
1757662140,331489448
1757662140,369879624
1757662140,394336360
1757662140,396533784
1757662140,414673832
1757662140,452145432
1757662140,455346648
1757662140,468963832
1757662140,472170792
1757662140,476916536
1757662140,478906536
1757662140,488791528
1757662140,504934376
1757662140,530607800
1757662140,554174840
1757662140,562887912
1757662140,564363160
1757662140,573514648
1757662140,586900488
1757662140,597991352
1757662140,602529800
1757662140,635284536
1757662140,654696504
1757662140,669829272
1757662140,687602744
1757662140,701005224
1757662140,708750200
1757662140,716098760
1757662140,719316024
1757662140,728381832
1757662140,729909640
1757662140,735725544
1757662140,806632008
1757662140,844233320
1757662140,849063752
1757662140,864118904
1757662140,876309912
1757662140,882817704
1757662140,907545352
1757662140,910654056
1757662140,918940056
1757662140,930796680
1757662140,978402424
1757662140,994597304
1757662141,12276136
1757662141,39293720
1757662141,41403832
1757662141,45875352
1757662141,51465688
1757662141,100614808
1757662141,163081032
1757662141,179862024
1757662141,185760504
1757662141,187205752
1757662141,210867544
1757662141,261441144
1757662141,267116232
1757662141,281011144
1757662141,291574440
1757662141,295247912
1757662141,301843800
1757662141,315066152
1757662141,384156504
1757662141,398426168
1757662141,400757640
1757662141,431086808
1757662141,457343816
1757662141,489318472
1757662141,490887848
1757662141,495627432
1757662141,505584568
1757662141,509419912
1757662141,517702552
1757662141,521100072
1757662141,525070120
1757662141,531155688
1757662141,534732744
1757662141,550164312
1757662141,555378184
1757662141,591097528
1757662141,593027624
1757662141,622686488
1757662141,636419240
1757662141,637703544
1757662141,659800328
1757662141,672344792
1757662141,687569000
1757662141,693493496
1757662141,741565480
1757662141,768553432
1757662141,796449704
1757662141,802451912
1757662141,814291208
1757662141,823394168
1757662141,829956680
1757662141,831171208
1757662141,843893832
1757662141,860169464
1757662141,885904904
1757662141,895625704
1757662141,903471544
1757662141,927931528
1757662141,943384184
1757662141,952819800
1757662141,961415432
1757662141,963630408
1757662141,966374888
1757662141,968220264
1757662141,995190680
1757662141,999592392
1757662142,9665528
1757662142,16083384
1757662142,19127960
1757662142,31532728
1757662142,45520264
1757662142,81396248
1757662142,87618568
1757662142,125177016
1757662142,147533896
1757662142,149440280
1757662142,190901608
1757662142,192833928
1757662142,194935432
1757662142,234461768
1757662142,244444488
1757662142,249186376
1757662142,257877688
1757662142,272386472
1757662142,276358344
1757662142,278030200
1757662142,287476616
1757662142,291266104
1757662142,294860920
1757662142,302357160
1757662142,332393544
1757662142,351597880
1757662142,354636264
1757662142,357885448
1757662142,361651672
1757662142,370582504
1757662142,373069000
1757662142,417593256
1757662142,475657160
1757662142,480112584
1757662142,494498424
1757662142,530516504
1757662142,546739032
1757662142,578503784
1757662142,581747128
1757662142,597498200
1757662142,630941464
1757662142,651835688
1757662142,655032856
1757662142,674930392
1757662142,679750664
1757662142,685371048
1757662142,697072424
1757662142,701975432
1757662142,719709544
1757662142,761266232
1757662142,789089768
1757662142,817120024
1757662142,832513784
1757662142,834059176
1757662142,839461352
1757662142,846634872
1757662142,865015496
1757662142,881545624
1757662142,884934264
1757662142,891664136
1757662142,895430200
1757662142,909748056
1757662142,939869688
1757662142,964389032
1757662142,966109368
1757662142,972502872
1757662142,977400504
1757662143,14053368
1757662143,33800568
1757662143,42214872
1757662143,43690472
1757662143,51784184
1757662143,59184200
1757662143,66515752
1757662143,80208072
1757662143,88730184
1757662143,91932008
1757662143,100104072
1757662143,109671208
1757662143,122951832
1757662143,126978200
1757662143,137281000
1757662143,142612520
1757662143,154074168
1757662143,164068520
1757662143,169771704
1757662143,171600200
1757662143,193257336
1757662143,196972456
1757662143,238053752
1757662143,279777624
1757662143,284975880
1757662143,293625320
1757662143,296236712
1757662143,306834232
1757662143,314860552
1757662143,317073720
1757662143,321482200
1757662143,327211864
1757662143,360229128
1757662143,376894968
1757662143,400583384
1757662143,432157464
1757662143,436702056
1757662143,448446968
1757662143,462666952
1757662143,482077336
1757662143,484257912
1757662143,489802072
1757662143,512838296
1757662143,515259928
1757662143,532528056
1757662143,549695928
1757662143,564600488
1757662143,568101400
1757662143,575468904
1757662143,611357256
1757662143,625122360
1757662143,628635208
1757662143,632017000
1757662143,647822184
1757662143,651267848
1757662143,657922184
1757662143,666669368
1757662143,716306680
1757662143,731952360
1757662143,755925480
1757662143,789496280
1757662143,799400056
1757662143,803225192
1757662143,807335784
1757662143,817006264
1757662143,834526632
1757662143,872387736
1757662143,876220280
1757662143,879468968
1757662143,892437192
1757662143,906117128
1757662143,936601688
1757662143,959563496
1757662143,962915784
1757662143,970763208
1757662143,984214472
1757662143,995757688
1757662144,28900952
1757662144,35539944
1757662144,46679448
1757662144,81382504
1757662144,83903864
1757662144,118087560
1757662144,144857128
1757662144,167581800
1757662144,180090728
1757662144,213460616
1757662144,234239384
1757662144,237305384
1757662144,239163256
1757662144,258477464
1757662144,264305320
1757662144,265616568
1757662144,268828120
1757662144,302380328
1757662144,311098008
1757662144,337952104
1757662144,339641256
1757662144,348118488
1757662144,357352664
1757662144,367752136
1757662144,376687544
1757662144,388397176
1757662144,409575336
1757662144,444156600
1757662144,463306184
1757662144,487259480
1757662144,499239160
1757662144,524758184
1757662144,527998104
1757662144,531354296
1757662144,536014552
1757662144,538882040
1757662144,541599544
1757662144,556490920
1757662144,559153288
1757662144,567682280
1757662144,588323368
1757662144,592899752
1757662144,607678440
1757662144,636078904
1757662144,638010952
1757662144,652778984
1757662144,659806856
1757662144,662936712
1757662144,728403864
1757662144,730696984
1757662144,734192584
1757662144,736555496
1757662144,771012120
1757662144,791792424
1757662144,793506696
1757662144,817730616
1757662144,820025912
1757662144,841936184
1757662144,885930552
1757662144,907150904
1757662144,926809384
1757662144,938009416
1757662144,987622472
1757662144,997782376
1757662145,28117000
1757662145,44342136
1757662145,101934120
1757662145,176286808
1757662145,185800520
1757662145,196916936
1757662145,239072056
1757662145,273365608
1757662145,294221800
1757662145,328423512
1757662145,332226248
1757662145,340869368
1757662145,344388408
1757662145,346801368
1757662145,361559032
1757662145,370776152
1757662145,385290104
1757662145,394568424
1757662145,410318648
1757662145,429833976
1757662145,431586536
1757662145,454503672
1757662145,460605560
1757662145,466621784
1757662145,480244568
1757662145,489282888
1757662145,492822680
1757662145,534551432
1757662145,547125176
1757662145,572099224
1757662145,582075560
1757662145,586633000
1757662145,611391704
1757662145,630596440
1757662145,703039400
1757662145,752498168
1757662145,757811864
1757662145,791783464
1757662145,794804616
1757662145,806637496
1757662145,812409864
1757662145,822517480
1757662145,849439752
1757662145,854769032
1757662145,867455752
1757662145,909555304
1757662145,915366872
1757662145,925981512
1757662145,935711592
1757662145,937221816
1757662145,939963272
1757662145,946140104
1757662145,958309848
1757662145,966637304
1757662145,984212744
1757662145,991794696
1757662145,994472440
1757662146,4495880
1757662146,8325656
1757662146,18492184
1757662146,31133960
1757662146,33809752
1757662146,37148120
1757662146,49830488
1757662146,68804552
1757662146,70933512
1757662146,131686152
1757662146,171160552
1757662146,177392360
1757662146,212877656
1757662146,245402264
1757662146,294441528
1757662146,326618792
1757662146,330080968
1757662146,350124328
1757662146,373916104
1757662146,375943576
1757662146,407395416
1757662146,422754232
1757662146,429106600
1757662146,452265992
1757662146,461816856
1757662146,465709224
1757662146,504134872
1757662146,507958168
1757662146,510666264
1757662146,517143256
1757662146,531634424
1757662146,534929448
1757662146,555817192
1757662146,566743512
1757662146,638614536
1757662146,668468824
1757662146,699106520
1757662146,719525080
1757662146,722787368
1757662146,742780776
1757662146,773053592
1757662146,774924968
1757662146,778152568
1757662146,782123048
1757662146,806377576
1757662146,810307960
1757662146,812371352
1757662146,842547416
1757662146,874842232
1757662146,888201304
1757662146,899123528
1757662146,902382440
1757662146,914287928
1757662146,937619752
1757662146,948996760
1757662146,956351336
1757662146,978155000
1757662146,983014008
1757662146,993172568
1757662147,9915208
1757662147,16267352
1757662147,17348936
1757662147,37633048
1757662147,41877736
1757662147,43745800
1757662147,78979144
1757662147,99085448
1757662147,104706344
1757662147,108033368
1757662147,109551224
1757662147,111378536
1757662147,140089176
1757662147,142667480
1757662147,166252872
1757662147,200867992
1757662147,206396936
1757662147,212614664
1757662147,220544392
1757662147,263741864
1757662147,273785176
1757662147,296021128
1757662147,300208856
1757662147,326930696
1757662147,345723864
1757662147,365855000
1757662147,373192904
1757662147,375342104
1757662147,400720488
1757662147,404928488
1757662147,421114568
1757662147,443158408
1757662147,458069448
1757662147,464272696
1757662147,478617048
1757662147,486597752
1757662147,494325032
1757662147,502346568
1757662147,506758264
1757662147,538168952
1757662147,574899688
1757662147,576936280
1757662147,597790536
1757662147,600857432
1757662147,605066680
1757662147,630844168
1757662147,637824664
1757662147,644789864
1757662147,685337384
1757662147,694800824
1757662147,697337464
1757662147,714293752
1757662147,719001112
1757662147,725049224
1757662147,746302584
1757662147,792627704
1757662147,804849016
1757662147,817346664
1757662147,819238216
1757662147,846313688
1757662147,856625464
1757662147,858025400
1757662147,868046856
1757662147,871817144
1757662147,900801080
1757662147,904954328
1757662147,915073000
1757662147,932239400
1757662147,976231320
1757662147,990072392
1757662148,14757960
1757662148,41674984
1757662148,49852088
1757662148,56511064
1757662148,69050648
1757662148,76693624
1757662148,82618472
1757662148,84496472
1757662148,127337544
1757662148,148631464
1757662148,153601672
1757662148,197614104
1757662148,208773656
1757662148,212502808
1757662148,214606808
1757662148,218497064
1757662148,228433144
1757662148,248671928
1757662148,263326792
1757662148,267380936
1757662148,269860248
1757662148,271600616
1757662148,276706232
1757662148,281977048
1757662148,305802520
1757662148,316696200
1757662148,320847864
1757662148,329018024
1757662148,366941288
1757662148,383500584
1757662148,427756344
1757662148,458161880
1757662148,468279784
1757662148,493933960
1757662148,530490248
1757662148,545701368
1757662148,567632760
1757662148,571321704
1757662148,583457480
1757662148,598715720
1757662148,617955352
1757662148,619600104
1757662148,623633240
1757662148,631323128
1757662148,664380744
1757662148,666745304
1757662148,683391064
1757662148,684563704
1757662148,694571192
1757662148,705038776
1757662148,710974824
1757662148,726170424
1757662148,731540296
1757662148,759085752
1757662148,760449896
1757662148,768400360
1757662148,771563576
1757662148,777979640
1757662148,785458200
1757662148,796451880
1757662148,810779480
1757662148,812317000
1757662148,816835016
1757662148,818281864
1757662148,839747304
1757662148,843037976
1757662148,849728184
1757662148,853697864
1757662148,857725720
1757662148,861359656
1757662148,864618440
1757662148,869242168
1757662148,875220744
1757662148,904672248
1757662148,918071592
1757662148,927181496
1757662148,937359144
1757662148,955377352
1757662148,982520888
1757662149,9905816
1757662149,26275672
1757662149,30043944
1757662149,41397416
1757662149,47193704
1757662149,53015736
1757662149,56072824
1757662149,59700520
1757662149,67673304
1757662149,102149128
1757662149,114745368
1757662149,117346744
1757662149,143070072
1757662149,151642728
1757662149,154651976
1757662149,160733272
1757662149,166076280
1757662149,175073368
1757662149,185181736
1757662149,195393880
1757662149,239111912
1757662149,262024664
1757662149,264045176
1757662149,270114776
1757662149,289954856
1757662149,300539592
1757662149,305649896
1757662149,314142888
1757662149,341562840
1757662149,351286760
1757662149,379141976
1757662149,399534520
1757662149,403092296
1757662149,411038632
1757662149,435116296
1757662149,453933400
1757662149,455398552
1757662149,522793768
1757662149,538044616
1757662149,554455576
1757662149,575124056
1757662149,580533512
1757662149,588392072
1757662149,608108664
1757662149,609872856
1757662149,620386216
1757662149,631135864
1757662149,641704856
1757662149,648577128
1757662149,656873384
1757662149,660587272
1757662149,668689096
1757662149,685462984
1757662149,689799368
1757662149,694655640
1757662149,728461608
1757662149,746494760
1757662149,763757144
1757662149,775789224
1757662149,788710984
1757662149,790983880
1757662149,803879848
1757662149,820031256
1757662149,824576024
1757662149,830856856
1757662149,832889240
1757662149,838595432
1757662149,854999464
1757662149,877250376
1757662149,882249912
1757662149,889762232
1757662149,898210328
1757662149,902574648
1757662149,908913144
1757662149,976840296
1757662149,979983224
1757662150,23536168
1757662150,25193800
1757662150,30627560
1757662150,55482168
1757662150,70770392
1757662150,95449544
1757662150,105543432
1757662150,114354872
1757662150,147430024
1757662150,179837544
1757662150,186207896
1757662150,200276904
1757662150,215545224
1757662150,236499272
1757662150,249889976
1757662150,280541720
1757662150,306235288
1757662150,336101560
1757662150,352514552
1757662150,363792808
1757662150,382338792
1757662150,397518152
1757662150,398807368
1757662150,428206920
1757662150,429813304
1757662150,441337784
1757662150,481584040
1757662150,484976648
1757662150,508093544
1757662150,534771288
1757662150,608597944
1757662150,619816712
1757662150,628000696
1757662150,630423736
1757662150,653847816
1757662150,662742824
1757662150,696745224
1757662150,706796664
1757662150,710231064
1757662150,717456744
1757662150,721423656
1757662150,731377416
1757662150,738227080
1757662150,741170968
1757662150,758128200
1757662150,771735880
1757662150,809718936
1757662150,816505208
1757662150,819958696
1757662150,826587912
1757662150,831810568
1757662150,851419288
1757662150,886098936
1757662150,892998632
1757662150,900387064
1757662150,909868584
1757662150,915090504
1757662150,921760968
1757662150,940743928
1757662150,972783752
1757662151,5959832
1757662151,25207208
1757662151,43472424
1757662151,45678040
1757662151,56213272
1757662151,64075192
1757662151,74167336
1757662151,88669512
1757662151,110160104
1757662151,127489560
1757662151,179283016
1757662151,183822408
1757662151,203280968
1757662151,227707272
1757662151,241391768
1757662151,256491112
1757662151,261854568
1757662151,272022504
1757662151,291957752
1757662151,297341832
1757662151,317582424
1757662151,343922216
1757662151,345213672
1757662151,363682360
1757662151,399295176
1757662151,413108552
1757662151,419453512
1757662151,423250008
1757662151,442730728
1757662151,485371592
1757662151,497975848
1757662151,499845704
1757662151,507182040
1757662151,521805256
1757662151,529435128
1757662151,538040792
1757662151,587631256
1757662151,602634360
1757662151,611754744
1757662151,617847640
1757662151,636895304
1757662151,661674152
1757662151,669593208
1757662151,678500760
1757662151,687656472
1757662151,721749192
1757662151,740329736
1757662151,783832280
1757662151,793361464
1757662151,820343128
1757662151,830961688
1757662151,856533688
1757662151,862931192
1757662151,873712120
1757662151,877625528
1757662151,895272792
1757662151,917137352
1757662151,923136536
1757662151,924531192
1757662151,928023144
1757662151,930343768
1757662151,950854216
1757662151,966735096
1757662151,986081240
1757662151,998261464
1757662152,10096840
1757662152,17981096
1757662152,30549608
1757662152,47963304
1757662152,49933592
1757662152,51702664
1757662152,67427784
1757662152,79408152
1757662152,97774024
1757662152,125183336
1757662152,139864280
1757662152,141191368
1757662152,160045752
1757662152,164364216
1757662152,167135224
1757662152,210326680
1757662152,223595816
1757662152,266684776
1757662152,285451464
1757662152,289895416
1757662152,323105816
1757662152,340935528
1757662152,372675320
1757662152,402367048
1757662152,404629752
1757662152,435184088
1757662152,440723752
1757662152,454351432
1757662152,459406344
1757662152,474931032
1757662152,501930920
1757662152,505328728
1757662152,506635560
1757662152,519287000
1757662152,553079096
1757662152,555401032
1757662152,559432296
1757662152,561516600
1757662152,585035832
1757662152,587565784
1757662152,592212200
1757662152,615107752
1757662152,626289544
1757662152,643090536
1757662152,650796776
1757662152,664069016
1757662152,669208840
1757662152,682135064
1757662152,696882712
1757662152,709612008
1757662152,745144872
1757662152,750163320
1757662152,760737528
1757662152,769981512
1757662152,771393592
1757662152,784830008
1757662152,813292232
1757662152,819416712
1757662152,820825656
1757662152,851682088
1757662152,853084392
1757662152,860707992
1757662152,933324264
1757662152,956357736
1757662152,997871320
1757662153,710424
1757662153,51323336
1757662153,74628056
1757662153,102640248
1757662153,126243800
1757662153,148890200
1757662153,152637320
1757662153,183758248
1757662153,192543336
1757662153,215094264
1757662153,234025960
1757662153,236972664
1757662153,273694536
1757662153,327468952
1757662153,334185160
1757662153,364841624
1757662153,392863048
1757662153,398740760
1757662153,406564056
1757662153,467978728
1757662153,507658456
1757662153,530640872
1757662153,543329032
1757662153,548888696
1757662153,577883592
1757662153,609636280
1757662153,637368920
1757662153,657414888
1757662153,658707352
1757662153,668794456
1757662153,706201496
1757662153,715193512
1757662153,731724040
1757662153,748011976
1757662153,769643720
1757662153,783660616
1757662153,814790792
1757662153,848168296
1757662153,867980040
1757662153,927541224
1757662153,932204120
1757662153,934006120
1757662153,991846920
1757662154,28343672
1757662154,46208328
1757662154,95113928
1757662154,102644568
1757662154,111393672
1757662154,134140360
1757662154,142981656
1757662154,147167880
1757662154,149312824
1757662154,152426440
1757662154,197428952
1757662154,202771336
1757662154,212111256
1757662154,220649656
1757662154,225304888
1757662154,244112744
1757662154,252605384
1757662154,255937928
1757662154,284209848
1757662154,294390712
1757662154,301966136
1757662154,326304024
1757662154,355910808
1757662154,365605128
1757662154,380643992
1757662154,391949528
1757662154,417938504
1757662154,420475496
1757662154,425600920
1757662154,436251576
1757662154,437709352
1757662154,461914776
1757662154,488813592
1757662154,499513032
1757662154,509625608
1757662154,558970360
1757662154,570205432
1757662154,572850280
1757662154,595308440
1757662154,597548024
1757662154,607391720
1757662154,623228984
1757662154,653804248
1757662154,677722808
1757662154,696502872
1757662154,705202840
1757662154,714532760
1757662154,721738536
1757662154,732342328
1757662154,750724184
1757662154,765145656
1757662154,774199752
1757662154,831640888
1757662154,841979256
1757662154,851553032
1757662154,867820424
1757662154,869830600
1757662154,873373208
1757662154,874963240
1757662154,967992216
1757662154,982093480
1757662154,988171192
1757662155,38997400
1757662155,46508120
1757662155,59230424
1757662155,68705224
1757662155,88459128
1757662155,114103368
1757662155,125672424
1757662155,167321384
1757662155,179015192
1757662155,199296632
1757662155,204113240
1757662155,223714280
1757662155,237723912
1757662155,269496600
1757662155,274030984
1757662155,299999704
1757662155,304172728
1757662155,327305112
1757662155,328660216
1757662155,344912744
1757662155,358403272
1757662155,404395144
1757662155,475033224
1757662155,501379720
1757662155,514570728
1757662155,517490392
1757662155,524335496
1757662155,527688088
1757662155,550395576
1757662155,553156904
1757662155,575133736
1757662155,584225992
1757662155,586341160
1757662155,598756584
1757662155,617135512
1757662155,628184728
1757662155,637401480
1757662155,639194216
1757662155,643176008
1757662155,663543800
1757662155,670449192
1757662155,672195352
1757662155,692108584
1757662155,715514920
1757662155,732527032
1757662155,756515192
1757662155,796840424
1757662155,799426824
1757662155,810285016
1757662155,816813128
1757662155,854167128
1757662155,859295736
1757662155,866931144
1757662155,876443176
1757662155,882291704
1757662155,886198232
1757662155,896119464
1757662155,913733928
1757662155,916937784
1757662155,924429032
1757662155,926165432
1757662155,930926024
1757662155,936448200
1757662155,948325656
1757662155,955033544
1757662155,965264584
1757662155,969603560
1757662155,974038040
1757662155,977451688
1757662155,996457784
1757662156,10743544
1757662156,29512136
1757662156,43862952
1757662156,80065160
1757662156,98463128
1757662156,104493512
1757662156,111010872
1757662156,115733864
1757662156,117032328
1757662156,126664616
1757662156,132760648
1757662156,136413176
1757662156,159500088
1757662156,230153576
1757662156,238759624
1757662156,247081576
1757662156,271934920
1757662156,304777384
1757662156,332599656
1757662156,370101896
1757662156,379687128
1757662156,408414696
1757662156,415512712
1757662156,417355704
1757662156,420589768
1757662156,442327144
1757662156,468116088
1757662156,519774280
1757662156,540577096
1757662156,562106040
1757662156,577956824
1757662156,581279800
1757662156,583344072
1757662156,601646008
1757662156,615668216
1757662156,624879384
1757662156,627184216
1757662156,664276888
1757662156,671427800
1757662156,674138824
1757662156,682797304
1757662156,684457704
1757662156,703573304
1757662156,709374696
1757662156,713244408
1757662156,724711720
1757662156,731937864
1757662156,734513384
1757662156,743082168
1757662156,777684136
1757662156,782079304
1757662156,805075224
1757662156,913040664
1757662156,931644360
1757662156,933909176
1757662156,943711000
1757662156,949756344
1757662156,984231544
1757662157,53091448
1757662157,74154920
1757662157,78080936
1757662157,88300504
1757662157,103833912
1757662157,108570792
1757662157,115938696
1757662157,117328760
1757662157,128735224
1757662157,137147576
1757662157,141653848
1757662157,149226936
1757662157,169629080
1757662157,178351352
1757662157,184983368
1757662157,186389656
1757662157,191327272
1757662157,196568776
1757662157,211839096
1757662157,230228520
1757662157,242293496
1757662157,252440728
1757662157,285375016
1757662157,340361128
1757662157,373285096
1757662157,392987416
1757662157,398746648
1757662157,404930440
1757662157,416160136
1757662157,430582392
1757662157,437985608
1757662157,454073256
1757662157,478493208
1757662157,497673784
1757662157,531396632
1757662157,544803720
1757662157,561512488
1757662157,565212728
1757662157,589868968
1757662157,592742456
1757662157,602972504
1757662157,626345224
1757662157,629184952
1757662157,647352104
1757662157,660308696
1757662157,669502712
1757662157,739602312
1757662157,743187352
1757662157,762669496
1757662157,764901912
1757662157,768749416
1757662157,776502040
1757662157,778891224
1757662157,787051160
1757662157,793166920
1757662157,812154008
1757662157,826968280
1757662157,845612872
1757662157,850833816
1757662157,858704440
1757662157,861703752
1757662157,869988952
1757662157,885354056
1757662157,914000280
1757662157,916967160
1757662157,946021576
1757662157,975957816
1757662157,997875096
1757662158,8745592
1757662158,54707368
1757662158,72824328
1757662158,83334376
1757662158,94547352
1757662158,123402760
1757662158,125429160
1757662158,175778856
1757662158,200335720
1757662158,205242184
1757662158,207554280
1757662158,246536520
1757662158,264401928
1757662158,271990520
1757662158,281339976
1757662158,283218472
1757662158,287635944
1757662158,313984984
1757662158,347119160
1757662158,358295336
1757662158,360739336
1757662158,366335032
1757662158,368958200
1757662158,388596616
1757662158,416156200
1757662158,419887928
1757662158,422892776
1757662158,439324104
1757662158,482372472
1757662158,500776696
1757662158,503954088
1757662158,533777048
1757662158,545077816
1757662158,566137464
1757662158,600466936
1757662158,605581960
1757662158,619811688
1757662158,624736728
1757662158,626671736
1757662158,627994248
1757662158,651475240
1757662158,655450584
1757662158,660055784
1757662158,666849240
1757662158,670255016
1757662158,672565112
1757662158,686747752
1757662158,690723336
1757662158,705055176
1757662158,714546072
1757662158,726860152
1757662158,778174168
1757662158,781555096
1757662158,786254408
1757662158,796570072
1757662158,821596456
1757662158,823863080
1757662158,859649672
1757662158,866673656
1757662158,868886104
1757662158,877423240
1757662158,894569736
1757662158,898408776
1757662158,901381144
1757662158,911602904
1757662158,925208392
1757662158,943637160
1757662158,952061480
1757662158,954396712
1757662158,968915400
1757662159,22910280
1757662159,37765128
1757662159,43551864
1757662159,45621480
1757662159,48101608
1757662159,71410392
1757662159,73912536
1757662159,86797560
1757662159,90571400
1757662159,135973720
1757662159,145046296
1757662159,155072248
1757662159,170815800
1757662159,176114632
1757662159,182689144
1757662159,187213560
1757662159,203922424
1757662159,216545736
1757662159,230648664
1757662159,238572872
1757662159,252605192
1757662159,286063544
1757662159,304694696
1757662159,315402008
1757662159,320547640
1757662159,351558104
1757662159,386086488
1757662159,389846168
1757662159,405243800
1757662159,424197144
1757662159,425954008
1757662159,436466936
1757662159,450730056
1757662159,452327464
1757662159,464344456
1757662159,479689656
1757662159,490274936
1757662159,492501864
1757662159,500544248
1757662159,505677576
1757662159,560753080
1757662159,578682136
1757662159,677922792
1757662159,705391672
1757662159,718359976
1757662159,719819000
1757662159,730052424
1757662159,732701160
1757662159,739100344
1757662159,748600088
1757662159,752985784
1757662159,764094184
1757662159,778621176
1757662159,785345368
1757662159,790060104
1757662159,791976248
1757662159,812966152
1757662159,825106104
1757662159,835535112
1757662159,845182536
1757662159,882903448
1757662159,895800168
1757662159,913069304
1757662159,934189416
1757662159,941594824
1757662159,945673656
1757662159,964359816
1757662159,971936648
1757662159,975194024
1757662159,984062280
1757662159,986037000
1757662159,989589304
1757662159,993364168
1757662159,998351128
1757662160,12461992
1757662160,16687048
1757662160,37897032
1757662160,43646968
1757662160,46733720
1757662160,49351224
1757662160,55448152
1757662160,58322024
1757662160,70086312
1757662160,81366056
1757662160,85129336
1757662160,87305096
1757662160,94217960
1757662160,114622312
1757662160,139106264
1757662160,145839544
1757662160,173654088
1757662160,179881080
1757662160,188261112
1757662160,201889704
1757662160,220027544
1757662160,248879576
1757662160,255347080
1757662160,259524360
1757662160,263537400
1757662160,286182536
1757662160,296804264
1757662160,314879560
1757662160,345848488
1757662160,366209416
1757662160,368367448
1757662160,369798296
1757662160,370906040
1757662160,402141272
1757662160,433373240
1757662160,442212536
1757662160,456177224
1757662160,457806056
1757662160,491002536
1757662160,517711720
1757662160,529643880
1757662160,590586472
1757662160,600810760
1757662160,609821896
1757662160,612139848
1757662160,649618488
1757662160,655240584
1757662160,662321048
1757662160,664553368
1757662160,665883896
1757662160,669090840
1757662160,672067112
1757662160,692047352
1757662160,693799736
1757662160,695947016
1757662160,711051656
1757662160,745836216
1757662160,748669288
1757662160,771136168
1757662160,789382664
1757662160,791347688
1757662160,796183752
1757662160,834907976
1757662160,839937416
1757662160,859822120
1757662160,881692904
1757662160,884859384
1757662160,888772504
1757662160,898095352
1757662160,901451656
1757662160,938451640
1757662160,947661480
1757662160,949635128
1757662161,26082968
1757662161,49987656
1757662161,74572232
1757662161,75976472
1757662161,77240696
1757662161,95357400
1757662161,112686920
1757662161,139951928
1757662161,146191272
1757662161,153347416
1757662161,177133864
1757662161,179556136
1757662161,188312936
1757662161,192842232
1757662161,194431352
1757662161,227691752
1757662161,231516616
1757662161,236158184
1757662161,240601368
1757662161,246623464
1757662161,269937608
1757662161,291044088
1757662161,334468760
1757662161,339342840
1757662161,346826088
1757662161,349243592
1757662161,369508024
1757662161,380271016
1757662161,382211688
1757662161,390094200
1757662161,405776680
1757662161,408614424
1757662161,425224904
1757662161,428601800
1757662161,455645592
1757662161,468346296
1757662161,479455864
1757662161,494159000
1757662161,496794840
1757662161,515849032
1757662161,520719656
1757662161,543195416
1757662161,567562408
1757662161,574457096
1757662161,584147128
1757662161,588515624
1757662161,619316456
1757662161,622354264
1757662161,623891944
1757662161,642080952
1757662161,662116472
1757662161,668970456
1757662161,673638056
1757662161,678493064
1757662161,691004392
1757662161,692267672
1757662161,693716296
1757662161,707708072
1757662161,741071832
1757662161,751749336
1757662161,760567080
1757662161,763920920
1757662161,821946696
1757662161,855522520
1757662161,860974920
1757662161,886185400
1757662161,889477416
1757662161,910216904
1757662161,919034776
1757662161,920529400
1757662161,935444136
1757662161,960648008
1757662161,968649752
1757662161,990544280
1757662162,21458248
1757662162,33120024
1757662162,46410184
1757662162,68121208
1757662162,79704088
1757662162,82280904
1757662162,113430888
1757662162,145122088
1757662162,159324440
1757662162,170393720
1757662162,188516024
1757662162,202898728
1757662162,208807384
1757662162,216284648
1757662162,228709064
1757662162,233220936
1757662162,259804552
1757662162,273618120
1757662162,290577720
1757662162,292332872
1757662162,331994856
1757662162,359653352
1757662162,372555368
1757662162,379209304
1757662162,386045016
1757662162,405331048
1757662162,408257048
1757662162,413125096
1757662162,426055848
1757662162,457916408
1757662162,463929640
1757662162,483228328
1757662162,488111592
1757662162,489612632
1757662162,501853512
1757662162,504375096
1757662162,509338536
1757662162,511728808
1757662162,536901336
1757662162,538957128
1757662162,552323624
1757662162,565392232
1757662162,583685080
1757662162,633125016
1757662162,635260648
1757662162,648533496
1757662162,652414296
1757662162,656336952
1757662162,674867864
1757662162,680584248
1757662162,715329128
1757662162,719641752
1757662162,721728376
1757662162,745790008
1757662162,750384168
1757662162,763303752
1757662162,773000344
1757662162,817950072
1757662162,831033016
1757662162,906174872
1757662162,910629848
1757662162,918527352
1757662162,954322824
1757662162,979246552
1757662163,21731496
1757662163,66406728
1757662163,67445992
1757662163,96904664
1757662163,114411752
1757662163,125329336
1757662163,129940312
1757662163,135338056
1757662163,139875384
1757662163,164189656
1757662163,212315720
1757662163,265446808
1757662163,272395800
1757662163,279062808
1757662163,282789480
1757662163,290995816
1757662163,324108520
1757662163,333620472
1757662163,339896568
1757662163,347947464
1757662163,349199688
1757662163,366740360
1757662163,370884808
1757662163,394099256
1757662163,402940200
1757662163,410998904
1757662163,417077416
1757662163,426801112
1757662163,437209064
1757662163,460253912
1757662163,479232472
1757662163,522320696
1757662163,529820568
1757662163,549704584
1757662163,552286712
1757662163,569599448
1757662163,647090120
1757662163,658728792
1757662163,671163048
1757662163,689718232
1757662163,704757400
1757662163,727215400
1757662163,730338280
1757662163,763726872
1757662163,765399352
1757662163,769351544
1757662163,770924984
1757662163,788187608
1757662163,800553736
1757662163,810404440
1757662163,823732296
1757662163,838304120
1757662163,839547000
1757662163,851956760
1757662163,854336888
1757662163,882525560
1757662163,886019288
1757662163,890429592
1757662163,914524040
1757662163,918113592
1757662163,924384536
1757662163,926180232
1757662163,928175816
1757662163,930867400
1757662163,934004360
1757662163,958500728
1757662163,968662184
1757662163,978332504
1757662164,5120840
1757662164,27370904
1757662164,28614920
1757662164,30687736
1757662164,83064056
1757662164,92932936
1757662164,110260328
1757662164,141715208
1757662164,161716184
1757662164,186545368
1757662164,188049368
1757662164,221964952
1757662164,246490696
1757662164,255919624
1757662164,274302792
1757662164,285215656
1757662164,307575128
1757662164,319074504
1757662164,321514648
1757662164,347092232
1757662164,374032536
1757662164,392681704
1757662164,394284952
1757662164,402842888
1757662164,407164088
1757662164,460208344
1757662164,463203944
1757662164,476523688
1757662164,488471176
1757662164,490666392
1757662164,492959048
1757662164,494684280
1757662164,542805224
1757662164,574970616
1757662164,590622760
1757662164,603529624
1757662164,618991400
1757662164,653397576
1757662164,665886376
1757662164,683842168
1757662164,702913048
1757662164,718375512
1757662164,722954600
1757662164,741604152
1757662164,744882280
1757662164,759232504
1757662164,774782936
1757662164,837597496
1757662164,838723320
1757662164,851115000
1757662164,868193304
1757662164,884884248
1757662164,908508776
1757662164,919036056
1757662164,933729032
1757662164,945461176
1757662164,971387464
1757662164,982652008
1757662164,990325432
1757662164,998149000
1757662165,13352264
1757662165,25894856
1757662165,34890040
1757662165,48038856
1757662165,52870936
1757662165,54483352
1757662165,81442568
1757662165,87358520
1757662165,98395192
1757662165,111562568
1757662165,116821816
1757662165,136312552
1757662165,139210344
1757662165,142174552
1757662165,145832648
1757662165,164777720
1757662165,188076024
1757662165,192385432
1757662165,198942312
1757662165,210315320
1757662165,238801416
1757662165,254534680
1757662165,257630408
1757662165,297761368
1757662165,320816376
1757662165,333321336
1757662165,346729544
1757662165,350234632
1757662165,353656040
1757662165,357171912
1757662165,387087704
1757662165,409338504
1757662165,448855448
1757662165,457930776
1757662165,514511864
1757662165,521706472
1757662165,523158648
1757662165,534356360
1757662165,536304488
1757662165,543763672
1757662165,557677560
1757662165,592590040
1757662165,645333544
1757662165,655938264
1757662165,679307400
1757662165,681664520
1757662165,699203176
1757662165,722411736
1757662165,738811032
1757662165,762468984
1757662165,764392792
1757662165,787628408
1757662165,794157272
1757662165,802797080
1757662165,804923880
1757662165,823849848
1757662165,850108824
1757662165,872416280
1757662165,886375096
1757662165,904806232
1757662165,922233656
1757662165,923518872
1757662165,947891448
1757662165,987699480
1757662165,995653816
1757662166,5974856
1757662166,16830936
1757662166,32156920
1757662166,53609864
1757662166,70737608
1757662166,90239448
1757662166,110242792
1757662166,119614136
1757662166,132832376
1757662166,156092760
1757662166,167161688
1757662166,171734344
1757662166,174233256
1757662166,177411016
1757662166,195396200
1757662166,199542328
1757662166,201665736
1757662166,210492712
1757662166,236365832
1757662166,242974984
1757662166,247248056
1757662166,261223000
1757662166,265604584
1757662166,273461096
1757662166,287685976
1757662166,300234328
1757662166,312863976
1757662166,314559864
1757662166,332890504
1757662166,341452840
1757662166,355281880
1757662166,384999592
1757662166,406625640
1757662166,462065064
1757662166,485783560
1757662166,495729048
1757662166,500205352
1757662166,513480776
1757662166,534359528
1757662166,544454808
1757662166,547115416
1757662166,554855336
1757662166,572754392
1757662166,598224104
1757662166,615246600
1757662166,653509160
1757662166,654643128
1757662166,725204008
1757662166,739728344
1757662166,778513528
1757662166,786933736
1757662166,805905224
1757662166,819254984
1757662166,830518264
1757662166,838261704
1757662166,842823992
1757662166,874544712
1757662166,883921144
1757662166,895471368
1757662166,914104280
1757662166,916640552
1757662166,935460024
1757662166,938489192
1757662166,943269976
1757662166,947350936
1757662166,949036536
1757662166,952828248
1757662166,959177656
1757662166,987189912
1757662167,540872
1757662167,22324200
1757662167,26886392
1757662167,35050776
1757662167,45626024
1757662167,60529224
1757662167,75989800
1757662167,98498232
1757662167,105073176
1757662167,110530168
1757662167,119772552
1757662167,142558792
1757662167,195933576
1757662167,203155880
1757662167,222073144
1757662167,233728008
1757662167,249635496
1757662167,263608120
1757662167,265567640
1757662167,279840088
1757662167,288890072
1757662167,293664344
1757662167,337011784
1757662167,341150184
1757662167,356160664
1757662167,361788504
1757662167,387895768
1757662167,392150360
1757662167,405707464
1757662167,412053736
1757662167,438222216
1757662167,443073208
1757662167,447776504
1757662167,449498504
1757662167,468442632
1757662167,474841400
1757662167,507334584
1757662167,522165288
1757662167,562937464
1757662167,573142776
1757662167,601270312
1757662167,608964776
1757662167,635938936
1757662167,637647352
1757662167,680797496
1757662167,701422312
1757662167,739958728
1757662167,744175784
1757662167,750039416
1757662167,764579976
1757662167,767565320
1757662167,779054456
1757662167,816214488
1757662167,821917288
1757662167,823347880
1757662167,827663736
1757662167,844207128
1757662167,848408920
1757662167,859720360
1757662167,864253464
1757662167,888828328
1757662167,898885688
1757662167,900385032
1757662167,904709112
1757662167,934789000
1757662167,995318936
1757662168,591016
1757662168,15766760
1757662168,18299272
1757662168,35190136
1757662168,42109160
1757662168,45743512
1757662168,48602376
1757662168,69653000
1757662168,72607976
1757662168,93402456
1757662168,100855000
1757662168,103123608
1757662168,120637368
1757662168,130167832
1757662168,133152056
1757662168,137272616
1757662168,139505016
1757662168,149379528
1757662168,160802008
1757662168,166175560
1757662168,168676008
1757662168,190281480
1757662168,193550360
1757662168,210970344
1757662168,216939528
1757662168,231031928
1757662168,243713576
1757662168,252758472
1757662168,270316776
1757662168,275210120
1757662168,287010280
1757662168,297798520
1757662168,319711624
1757662168,323614072
1757662168,329637624
1757662168,354775560
1757662168,359375592
1757662168,370734664
1757662168,388063192
1757662168,396432968
1757662168,414431864
1757662168,427359704
1757662168,431283688
1757662168,439175528
1757662168,441369800
1757662168,445690728
1757662168,453295656
1757662168,553252616
1757662168,555923976
1757662168,570367160
1757662168,572291640
1757662168,575108584
1757662168,576544936
1757662168,610057576
1757662168,612743048
1757662168,624526776
1757662168,653386312
1757662168,655345896
1757662168,664488920
1757662168,667516248
1757662168,678706360
1757662168,716935112
1757662168,767985416
1757662168,769592344
1757662168,776196024
1757662168,786558360
1757662168,870523784
1757662168,876138344
1757662168,881974472
1757662168,888505608
1757662168,914312168
1757662168,918031928
1757662168,944507768
1757662168,953910056
1757662168,972064440
1757662168,978929048
1757662169,31285896
1757662169,53789624
1757662169,59733192
1757662169,77880216
1757662169,82481112
1757662169,84260440
1757662169,85920568
1757662169,89077192
1757662169,114764536
1757662169,117260568
1757662169,195459608
1757662169,207659704
1757662169,234486568
1757662169,244015976
1757662169,245625368
1757662169,247414664
1757662169,252260952
1757662169,258311688
1757662169,271452616
1757662169,275459320
1757662169,282731464
1757662169,361780248
1757662169,365526200
1757662169,382316392
1757662169,390075448
1757662169,392264616
1757662169,397615208
1757662169,409143496
1757662169,414210696
1757662169,424377384
1757662169,427093048
1757662169,430126072
1757662169,437674072
1757662169,447025144
1757662169,480255384
1757662169,503769304
1757662169,513514056
1757662169,522915336
1757662169,574430824
1757662169,590222296
1757662169,592811912
1757662169,629969640
1757662169,634176472
1757662169,655799224
1757662169,672072648
1757662169,680437528
1757662169,690839640
1757662169,706092664
1757662169,716480760
1757662169,718626184
1757662169,720491096
1757662169,738980776
1757662169,781712664
1757662169,783562920
1757662169,792914760
1757662169,796151816
1757662169,797196872
1757662169,799669880
1757662169,805967544
1757662169,816280232
1757662169,832240552
1757662169,853389768
1757662169,855685736
1757662169,882900456
1757662169,885207784
1757662169,894374344
1757662169,897923832
1757662169,901874664
1757662169,934515640
1757662169,958783864
1757662169,971594456
1757662169,983386328
1757662170,2140456
1757662170,16607352
1757662170,37207160
1757662170,47680904
1757662170,54916888
1757662170,56907688
1757662170,76201976
1757662170,82889336
1757662170,87329752
1757662170,96728264
1757662170,106327496
1757662170,127200136
1757662170,152464696
1757662170,161914984
1757662170,165255736
1757662170,171436536
1757662170,200511512
1757662170,215687624
1757662170,223538712
1757662170,225617528
1757662170,234356824
1757662170,245801976
1757662170,252705368
1757662170,258505224
1757662170,273962104
1757662170,281763176
1757662170,287788456
1757662170,316979048
1757662170,321058360
1757662170,358690328
1757662170,378468008
1757662170,391208456
1757662170,407151816
1757662170,413040808
1757662170,417688312
1757662170,444251304
1757662170,463528392
1757662170,473129992
1757662170,507508792
1757662170,519100712
1757662170,525539656
1757662170,530792536
1757662170,541585912
1757662170,550799992
1757662170,560111352
1757662170,606225608
1757662170,612466456
1757662170,617341080
1757662170,637896136
1757662170,648199688
1757662170,668191576
1757662170,671468184
1757662170,692738344
1757662170,706594904
1757662170,718818696
1757662170,725363768
1757662170,729294856
1757662170,730598696
1757662170,732213864
1757662170,741469672
1757662170,743821912
1757662170,756819192
1757662170,767016824
1757662170,769969656
1757662170,776050840
1757662170,779830728
1757662170,803898760
1757662170,826958056
1757662170,841809528
1757662170,894400808
1757662170,917536168
1757662170,937013800
1757662170,960597720
1757662170,983251832
1757662171,28156104
1757662171,40702488
1757662171,42485416
1757662171,72003528
1757662171,78488856
1757662171,81393864
1757662171,92069064
1757662171,110417224
1757662171,141736776
1757662171,144991096
1757662171,160275672
1757662171,164838104
1757662171,205359832
1757662171,222439032
1757662171,226128824
1757662171,250314376
1757662171,258396696
1757662171,277258680
1757662171,303676168
1757662171,305725480
1757662171,309363944
1757662171,324916088
1757662171,327468872
1757662171,328544024
1757662171,335399880
1757662171,340997848
1757662171,439348488
1757662171,450473000
1757662171,454724968
1757662171,457835736
1757662171,472630568
1757662171,479988072
1757662171,495923448
1757662171,506501224
1757662171,525704568
1757662171,544639416
1757662171,553804664
1757662171,559422440
1757662171,562780168
1757662171,569625800
1757662171,589494856
1757662171,597466040
1757662171,630562536
1757662171,640367848
1757662171,651492232
1757662171,654015576
1757662171,673103576
1757662171,675797992
1757662171,715597016
1757662171,723868856
1757662171,727125832
1757662171,735588264
1757662171,744792808
1757662171,770624056
1757662171,772581880
1757662171,788621496
1757662171,792088600
1757662171,814925512
1757662171,817282328
1757662171,827369144
1757662171,838620904
1757662171,850465192
1757662171,853741896
1757662171,901409864
1757662171,916007704
1757662171,921839624
1757662171,934775688
1757662171,938082024
1757662172,70891192
1757662172,88048488
1757662172,94326296
1757662172,137089256
1757662172,140660472
1757662172,153168536
1757662172,155530520
1757662172,157279512
1757662172,172461256
1757662172,178013352
1757662172,197149880
1757662172,199792648
1757662172,230153912
1757662172,236703352
1757662172,248330840
1757662172,265872424
1757662172,267131480
1757662172,271443272
1757662172,279427672
1757662172,285656776
1757662172,294653096
1757662172,296071864
1757662172,300749864
1757662172,305662952
1757662172,340659208
1757662172,358926360
1757662172,360217704
1757662172,410292440
1757662172,413735224
1757662172,424272760
1757662172,435325240
1757662172,437408120
1757662172,462855864
1757662172,512721704
1757662172,563423256
1757662172,569273832
1757662172,570336600
1757662172,578301336
1757662172,598526424
1757662172,600096792
1757662172,630733128
1757662172,652736456
1757662172,669306648
1757662172,675400056
1757662172,683514424
1757662172,706410168
1757662172,717642008
1757662172,722593320
1757662172,738379816
1757662172,749097608
1757662172,767745240
1757662172,787070840
1757662172,820832632
1757662172,836695688
1757662172,845146200
1757662172,880595720
1757662172,900591592
1757662172,924801592
1757662172,985491192
1757662173,3311016
1757662173,5709640
1757662173,11403736
1757662173,34704392
1757662173,67732968
1757662173,90399336
1757662173,104844136
1757662173,136144696
1757662173,166979448
1757662173,191059672
1757662173,194218264
1757662173,219575000
1757662173,225231000
1757662173,228539656
1757662173,234218072
1757662173,235710232
1757662173,252513112
1757662173,267178840
1757662173,346372104
1757662173,348751192
1757662173,359428776
1757662173,370044408
1757662173,398379320
1757662173,407368936
1757662173,414782408
1757662173,417922024
1757662173,470404776
1757662173,486475064
1757662173,515804232
1757662173,517040568
1757662173,533887464
1757662173,553791240
1757662173,566868984
1757662173,574657656
1757662173,586910408
1757662173,591704296
1757662173,602272904
1757662173,615909816
1757662173,656801416
1757662173,694453912
1757662173,758205000
1757662173,768243864
1757662173,774364680
1757662173,787136328
1757662173,793648232
1757662173,806648712
1757662173,818624088
1757662173,825384568
1757662173,830387400
1757662173,839527496
1757662173,841352104
1757662173,853079176
1757662173,860098584
1757662173,870127192
1757662173,873348888
1757662173,893085256
1757662173,904270984
1757662173,912257960
1757662173,916028184
1757662173,917910248
1757662173,935019352
1757662173,950356600
1757662173,952436120
1757662174,2488008
1757662174,23601624
1757662174,52733768
1757662174,69416072
1757662174,73922680
1757662174,81542856
1757662174,117872136
1757662174,121698600
1757662174,141069928
1757662174,161934488
1757662174,206314936
1757662174,215147896
1757662174,224800744
1757662174,243009288
1757662174,263198136
1757662174,271305352
1757662174,274583480
1757662174,277417288
1757662174,319591368
1757662174,328726392
1757662174,371258280
1757662174,372831320
1757662174,380680776
1757662174,392089224
1757662174,400899224
1757662174,402096424
1757662174,441740040
1757662174,450632648
1757662174,472819192
1757662174,502280408
1757662174,522560632
1757662174,525948120
1757662174,531929160
1757662174,535914472
1757662174,537913720
1757662174,540878952
1757662174,542995736
1757662174,545948312
1757662174,555117064
1757662174,576133128
1757662174,587035640
1757662174,637272360
1757662174,656869144
1757662174,674651544
1757662174,685721224
1757662174,690611848
1757662174,714876056
1757662174,736860520
1757662174,757721256
1757662174,897098088
1757662174,898386088
1757662174,912431688
1757662174,923720392
1757662174,930961720
1757662174,934146424
1757662174,944532488
1757662174,965328600
1757662174,969593576
1757662174,998907832
1757662175,28102728
1757662175,32309992
1757662175,56003624
1757662175,80546456
1757662175,85666136
1757662175,95680872
1757662175,135162392
1757662175,145655496
1757662175,156520728
1757662175,180473096
1757662175,206607976
1757662175,211652584
1757662175,227093816
1757662175,229429288
1757662175,233598088
1757662175,246144296
1757662175,294122600
1757662175,300617368
1757662175,312021656
1757662175,313591912
1757662175,336828984
1757662175,378423112
1757662175,410330808
1757662175,416686216
1757662175,430156792
1757662175,437607800
1757662175,440534392
1757662175,451330552
1757662175,468250056
1757662175,476601656
1757662175,564589496
1757662175,581699480
1757662175,603108280
1757662175,604439112
1757662175,605607944
1757662175,610246312
1757662175,622103048
1757662175,638124296
1757662175,655303144
1757662175,693430408
1757662175,713417144
1757662175,769875784
1757662175,775507192
1757662175,781591928
1757662175,785000440
1757662175,800433816
1757662175,848590840
1757662175,862183240
1757662175,901762136
1757662175,914427528
1757662175,919185432
1757662175,940557416
1757662175,944774888
1757662175,964443976
1757662175,997595432
1757662176,8774712
1757662176,23700344
1757662176,81726536
1757662176,89591304
1757662176,115087032
1757662176,117627208
1757662176,153482696
1757662176,162018264
1757662176,176606184
1757662176,181116936
1757662176,185591832
1757662176,191547240
1757662176,194073752
1757662176,201893288
1757662176,203651976
1757662176,233535752
1757662176,246637144
1757662176,265122632
1757662176,278091208
1757662176,290157912
1757662176,304630936
1757662176,330009640
1757662176,363820088
1757662176,370031784
1757662176,398357736
1757662176,456489016
1757662176,459483848
1757662176,475415176
1757662176,476735064
1757662176,480176152
1757662176,494292536
1757662176,508418968
1757662176,510677336
1757662176,520466632
1757662176,524090360
1757662176,549806680
1757662176,562550280
1757662176,565421880
1757662176,592169896
1757662176,609002088
1757662176,638856120
1757662176,641874408
1757662176,645745608
1757662176,647067512
1757662176,656934648
1757662176,660520488
1757662176,682655000
1757662176,696475528
1757662176,708225432
1757662176,727120872
1757662176,736077048
1757662176,744703704
1757662176,747753288
1757662176,758584440
1757662176,766759784
1757662176,821379640
1757662176,832002152
1757662176,854272344
1757662176,867036200
1757662176,878130888
1757662176,901875544
1757662176,907679592
1757662176,910533448
1757662176,935299656
1757662176,941875320
1757662176,960463416
1757662176,975169768
1757662176,997951960
1757662177,37935816
1757662177,41247640
1757662177,44224072
1757662177,45680344
1757662177,48581208
1757662177,51329592
1757662177,69619368
1757662177,103255320
1757662177,138786952
1757662177,145757304
1757662177,147723224
1757662177,155848136
1757662177,162345000
1757662177,177059784
1757662177,184347320
1757662177,195729016
1757662177,203988456
1757662177,205766984
1757662177,254030696
1757662177,256429000
1757662177,269653448
1757662177,288954728
1757662177,298276888
1757662177,320153304
1757662177,330735592
1757662177,336393608
1757662177,354170504
1757662177,373164440
1757662177,375512200
1757662177,385759864
1757662177,404949720
1757662177,406316616
1757662177,418413160
1757662177,430530200
1757662177,432394568
1757662177,434831576
1757662177,445274616
1757662177,458279704
1757662177,461219688
1757662177,463721944
1757662177,480564792
1757662177,482635832
1757662177,487336920
1757662177,510686648
1757662177,540909640
1757662177,576917752
1757662177,594772840
1757662177,597745880
1757662177,602735528
1757662177,630954152
1757662177,639063944
1757662177,641117784
1757662177,664766056
1757662177,678952264
1757662177,696424264
1757662177,703576840
1757662177,706506264
1757662177,724412936
1757662177,740755688
1757662177,798397368
1757662177,821466552
1757662177,859501848
1757662177,862548952
1757662177,868541272
1757662177,900083288
1757662177,910298424
1757662177,915576536
1757662177,932664536
1757662177,976871768
1757662177,980467144
1757662177,982401912
1757662177,997613480
1757662178,581592
1757662178,24817416
1757662178,27391128
1757662178,35287432
1757662178,37082840
1757662178,59469528
1757662178,65256840
1757662178,77071224
1757662178,81227544
1757662178,141486216
1757662178,166864056
1757662178,168559032
1757662178,171765208
1757662178,196070024
1757662178,217024296
1757662178,218413848
1757662178,227365064
1757662178,235448824
1757662178,254482456
1757662178,262765192
1757662178,266138920
1757662178,268366168
1757662178,286376216
1757662178,303005048
1757662178,317057336
1757662178,323822008
1757662178,330466488
1757662178,337400200
1757662178,365408536
1757662178,369371032
1757662178,373280072
1757662178,385200504
1757662178,388968248
1757662178,393469400
1757662178,397793528
1757662178,430680392
1757662178,437783672
1757662178,442504424
1757662178,444738504
1757662178,457165832
1757662178,474488376
1757662178,507436344
1757662178,526566072
1757662178,542261864
1757662178,556681752
1757662178,571703240
1757662178,608932696
1757662178,634910568
1757662178,637861928
1757662178,646435320
1757662178,662804728
1757662178,665021880
1757662178,673549160
1757662178,720059880
1757662178,736093768
1757662178,741224712
1757662178,778424776
1757662178,799738280
1757662178,808989768
1757662178,811407752
1757662178,821398504
1757662178,832150024
1757662178,862283432
1757662178,885821336
1757662178,888478120
1757662178,909241656
1757662178,927501976
1757662178,958354328
1757662178,982789544
1757662178,988497880
1757662179,14270792
1757662179,30121384
1757662179,36502856
1757662179,47582584
1757662179,48942216
1757662179,50848920
1757662179,57991560
1757662179,64756616
1757662179,87466936
1757662179,89113480
1757662179,108058728
1757662179,113427416
1757662179,139615960
1757662179,142571960
1757662179,145076200
1757662179,158857560
1757662179,167643352
1757662179,183939848
1757662179,231818488
1757662179,237876840
1757662179,246955544
1757662179,272447560
1757662179,275622104
1757662179,303462536
1757662179,307429736
1757662179,315944664
1757662179,318461528
1757662179,322834312
1757662179,329819880
1757662179,357730840
1757662179,367986680
1757662179,370756344
1757662179,389511880
1757662179,400580520
1757662179,423043848
1757662179,429032904
1757662179,433506568
1757662179,435582408
1757662179,436875464
1757662179,452549608
1757662179,454187928
1757662179,472584632
1757662179,479961176
1757662179,485611640
1757662179,488143096
1757662179,502518472
1757662179,559168456
1757662179,578040168
1757662179,594687848
1757662179,600834200
1757662179,603525832
1757662179,605626200
1757662179,618946360
1757662179,663590120
1757662179,675338936
1757662179,678302648
1757662179,680186056
1757662179,699023912
1757662179,700571160
1757662179,717888008
1757662179,722386152
1757662179,725531240
1757662179,727476920
1757662179,732715192
1757662179,757669704
1757662179,760635080
1757662179,776523704
1757662179,778856584
1757662179,782048264
1757662179,794472872
1757662179,827188392
1757662179,828872168
1757662179,834650888
1757662179,841441272
1757662179,855159704
1757662179,869991480
1757662179,879407800
1757662179,892289448
1757662179,910388920
1757662179,912611896
1757662179,929827480
1757662179,954131640
1757662179,964303384
1757662179,968516392
1757662179,977949704
1757662179,998854904
1757662180,2051768
1757662180,3596696
1757662180,30221064
1757662180,54516424
1757662180,150208424
1757662180,170641480
1757662180,246287016
1757662180,307905704
1757662180,322117528
1757662180,336187848
1757662180,354083624
1757662180,360997480
1757662180,382120968
1757662180,410220648
1757662180,417787352
1757662180,449547208
1757662180,475708472
1757662180,495008728
1757662180,502571080
1757662180,505655496
1757662180,511551272
1757662180,513829080
1757662180,516455016
1757662180,520085272
1757662180,548846536
1757662180,558701512
1757662180,580441544
1757662180,582200312
1757662180,626705416
1757662180,638075896
1757662180,663728968
1757662180,697952440
1757662180,712000184
1757662180,737627928
1757662180,751794584
1757662180,758750072
1757662180,764239240
1757662180,796947864
1757662180,827396616
1757662180,837409944
1757662180,871924456
1757662180,875910648
1757662180,880391832
1757662180,910470232
1757662180,922556184
1757662180,925329032
1757662180,930726696
1757662180,938357096
1757662180,953935304
1757662181,25329304
1757662181,28591336
1757662181,63707016
1757662181,74611400
1757662181,87529864
1757662181,117794040
1757662181,123609960
1757662181,133288776
1757662181,154198904
1757662181,170723736
1757662181,172349976
1757662181,176737064
1757662181,179860008
1757662181,203689544
1757662181,208539576
1757662181,226294024
1757662181,230148744
1757662181,247399592
1757662181,253809736
1757662181,263067528
1757662181,280053432
1757662181,286754824
1757662181,306122168
1757662181,311966072
1757662181,373976728
1757662181,379640632
1757662181,382177656
1757662181,393285640
1757662181,405927176
1757662181,407777816
1757662181,416038888
1757662181,417167288
1757662181,428677128
1757662181,444125640
1757662181,449564456
1757662181,453432376
1757662181,456889752
1757662181,460968760
1757662181,485681400
1757662181,513410504
1757662181,544032024
1757662181,553491192
1757662181,555752456
1757662181,586553464
1757662181,592870632
1757662181,657075912
1757662181,706912232
1757662181,753059432
1757662181,758406216
1757662181,772061784
1757662181,790798696
1757662181,796733656
1757662181,803713880
1757662181,808285032
1757662181,811071800
1757662181,827057592
1757662181,839926792
1757662181,843022040
1757662181,848836296
1757662181,851143096
1757662181,856315752
1757662181,863517816
1757662181,899267960
1757662181,926681640
1757662181,935436936
1757662181,937894360
1757662181,974407544
1757662181,976167992
1757662182,8298600
1757662182,27270760
1757662182,54591656
1757662182,87999848
1757662182,96822568
1757662182,127312360
1757662182,134399912
1757662182,152484120
1757662182,158188056
1757662182,204700488
1757662182,215797224
1757662182,248765640
1757662182,286932456
1757662182,298183336
1757662182,302109816
1757662182,321238760
1757662182,324640584
1757662182,333882440
1757662182,335212232
1757662182,342576872
1757662182,357602200
1757662182,377154152
1757662182,379195544
1757662182,383359032
1757662182,401824824
1757662182,408164888
1757662182,449236056
1757662182,454544520
1757662182,478406120
1757662182,483696600
1757662182,494381320
1757662182,504458264
1757662182,519242920
1757662182,526633176
1757662182,533609704
1757662182,543033624
1757662182,552195592
1757662182,562562056
1757662182,593511480
1757662182,614247160
1757662182,620764824
1757662182,623773400
1757662182,630084200
1757662182,639504584
1757662182,647953672
1757662182,661132824
1757662182,662608184
1757662182,687741192
1757662182,736719720
1757662182,746574504
1757662182,776881640
1757662182,782916920
1757662182,801820824
1757662182,809062488
1757662182,813254040
1757662182,834018568
1757662182,842030520
1757662182,868960872
1757662182,896801288
1757662182,921179384
1757662182,923949480
1757662182,950838136
1757662182,952190984
1757662182,970754264
1757662182,990261736
1757662183,40893960
1757662183,53203032
1757662183,69108968
1757662183,83197176
1757662183,90937464
1757662183,111778824
1757662183,130831656
1757662183,134622024
1757662183,155914088
1757662183,189956216
1757662183,195805576
1757662183,236991800
1757662183,246246280
1757662183,258163448
1757662183,260624856
1757662183,263769816
1757662183,269178632
1757662183,270959208
1757662183,278397480
1757662183,320347416
1757662183,372547656
1757662183,378012280
1757662183,382071384
1757662183,390173368
1757662183,393340888
1757662183,399728744
1757662183,406141432
1757662183,437604440
1757662183,440956648
1757662183,461893336
1757662183,472997192
1757662183,481846008
1757662183,494380872
1757662183,506134984
1757662183,528783512
1757662183,566829672
1757662183,570216600
1757662183,647419640
1757662183,701958952
1757662183,743935720
1757662183,761021416
1757662183,774979064
1757662183,791129816
1757662183,803097688
1757662183,826787688
1757662183,843028296
1757662183,895080808
1757662183,896354216
1757662183,923695928
1757662183,925720488
1757662183,929066824
1757662183,930405576
1757662183,952331720
1757662183,962129400
1757662183,995011896
1757662184,63265512
1757662184,85496232
1757662184,87802616
1757662184,103062216
1757662184,111124568
1757662184,118285288
1757662184,137029592
1757662184,144951304
1757662184,156882248
1757662184,159537032
1757662184,165544920
1757662184,172141464
1757662184,179154072
1757662184,184011960
1757662184,187365784
1757662184,189340584
1757662184,220203816
1757662184,244885672
1757662184,263420648
1757662184,268053688
1757662184,277769752
1757662184,284804296
1757662184,293434888
1757662184,305493864
1757662184,319472456
1757662184,350286344
1757662184,358315592
1757662184,376806584
1757662184,397087176
1757662184,413159640
1757662184,422008392
1757662184,423813832
1757662184,466833448
1757662184,493257512
1757662184,494892936
1757662184,496804888
1757662184,505367576
1757662184,517406664
1757662184,520174760
1757662184,530299992
1757662184,544082024
1757662184,570594264
1757662184,607308120
1757662184,618375336
1757662184,620505032
1757662184,629709464
1757662184,651778088
1757662184,661576136
1757662184,666668648
1757662184,679611160
1757662184,728319912
1757662184,730806504
1757662184,732769192
1757662184,741757032
1757662184,763887064
1757662184,780907336
1757662184,812841512
1757662184,844596600
1757662184,848638424
1757662184,855074008
1757662184,863329800
1757662184,885471416
1757662184,912845160
1757662184,914710120
1757662184,917255112
1757662184,934906696
1757662184,940138984
1757662184,943239912
1757662184,947391336
1757662184,950599144
1757662184,985506344
1757662184,987784936
1757662185,40283816
1757662185,44952408
1757662185,57977608
1757662185,65740008
1757662185,74511432
1757662185,78421960
1757662185,81191832
1757662185,95605192
1757662185,123149112
1757662185,154270120
1757662185,157300984
1757662185,193693304
1757662185,196406552
1757662185,206170984
1757662185,225480920
1757662185,250974616
1757662185,260394312
1757662185,268183144
1757662185,289300056
1757662185,295272552
1757662185,298836472
1757662185,312450264
1757662185,321040552
1757662185,324505384
1757662185,370384232
1757662185,412757560
1757662185,418167688
1757662185,436235048
1757662185,449368984
1757662185,451091128
1757662185,466745736
1757662185,543642664
1757662185,585768728
1757662185,604946616
1757662185,626451320
1757662185,639259544
1757662185,640546808
1757662185,641656872
1757662185,665761720
1757662185,682585160
1757662185,684687288
1757662185,687206952
1757662185,695005256
1757662185,705195912
1757662185,718959816
1757662185,756274232
1757662185,771229064
1757662185,778028824
1757662185,790966024
1757662185,809467640
1757662185,848419480
1757662185,850854520
1757662185,855648392
1757662185,883868008
1757662185,886859592
1757662185,896407816
1757662185,943243480
1757662185,948213272
1757662185,969371688
1757662185,974225448
1757662186,1671416
1757662186,91872568
1757662186,151951064
1757662186,163735224
1757662186,165591656
1757662186,171545000
1757662186,198145320
1757662186,217512616
1757662186,228853064
1757662186,247069672
1757662186,265135224
1757662186,292388680
1757662186,302838424
1757662186,312024360
1757662186,353487800
1757662186,362464504
1757662186,381797960
1757662186,391045112
1757662186,393371576
1757662186,415141624
1757662186,430666696
1757662186,435231112
1757662186,441185720
1757662186,455078008
1757662186,486077176
1757662186,487514360
1757662186,538185768
1757662186,563329336
1757662186,570076616
1757662186,596255304
1757662186,605537400
1757662186,632685480
1757662186,665356024
1757662186,688512728
1757662186,710055144
1757662186,726441528
1757662186,729725384
1757662186,753440056
1757662186,755967896
1757662186,758630952
1757662186,774204440
1757662186,805811768
1757662186,821354680
1757662186,883960680
1757662186,899059176
1757662186,906808712
1757662186,908134872
1757662186,918158824
1757662186,925784664
1757662186,948399816
1757662186,951416152
1757662186,955122232
1757662186,987091080
1757662187,7670376
1757662187,12353864
1757662187,14754600
1757662187,24382584
1757662187,58379304
1757662187,82654872
1757662187,131746360
1757662187,136502632
1757662187,146079704
1757662187,150849688
1757662187,162560936
1757662187,165257032
1757662187,171409880
1757662187,173303704
1757662187,179495112
1757662187,183596776
1757662187,201153592
1757662187,241062904
1757662187,247694440
1757662187,251942184
1757662187,258923656
1757662187,268339160
1757662187,302214232
1757662187,306784600
1757662187,319345416
1757662187,339827288
1757662187,360802888
1757662187,366437416
1757662187,368265192
1757662187,382956056
1757662187,386046456
1757662187,432768888
1757662187,445839128
1757662187,462770552
1757662187,475530472
1757662187,501926200
1757662187,517561400
1757662187,519495992
1757662187,521596344
1757662187,523956712
1757662187,538037736
1757662187,565109752
1757662187,605440824
1757662187,681040136
1757662187,690365416
1757662187,725716616
1757662187,760949208
1757662187,774319848
1757662187,793227208
1757662187,795287832
1757662187,893461080
1757662187,913991448
1757662187,925599640
1757662187,927516072
1757662187,932898280
1757662187,946264728
1757662188,17017560
1757662188,19942216
1757662188,51022072
1757662188,53567816
1757662188,70681768
1757662188,78608840
1757662188,107956872
1757662188,114867880
1757662188,122045976
1757662188,126508808
1757662188,133195656
1757662188,157925352
1757662188,176857592
1757662188,186500904
1757662188,219695704
1757662188,234827240
1757662188,237415800
1757662188,258330104
1757662188,259933800
1757662188,265307544
1757662188,280268344
1757662188,304817512
1757662188,324908440
1757662188,330419896
1757662188,338969816
1757662188,355133800
1757662188,402169992
1757662188,437128104
1757662188,449444200
1757662188,459742904
1757662188,478418488
1757662188,498378840
1757662188,501799832
1757662188,516893112
1757662188,520602808
1757662188,539244424
1757662188,541384712
1757662188,596214296
1757662188,601017224
1757662188,615617864
1757662188,620245640
1757662188,638885336
1757662188,642168568
1757662188,650389784
1757662188,661718696
1757662188,676680376
1757662188,695576648
1757662188,706950120
1757662188,762542104
1757662188,772557032
1757662188,782737384
1757662188,787240120
1757662188,796232392
1757662188,804872168
1757662188,822544024
1757662188,831114360
1757662188,862951160
1757662188,892315064
1757662188,913074984
1757662188,924757480
1757662188,960886152
1757662188,963156232
1757662188,965899192
1757662188,990384376
1757662189,3568856
1757662189,10421160
1757662189,22655304
1757662189,37512040
1757662189,73111496
1757662189,78279000
1757662189,89884568
1757662189,108493688
1757662189,113757848
1757662189,126427656
1757662189,144381464
1757662189,168854472
1757662189,188022008
1757662189,193432872
1757662189,199699672
1757662189,201281800
1757662189,210578040
1757662189,297001640
1757662189,307309352
1757662189,312253512
1757662189,318762616
1757662189,327809608
1757662189,337240424
1757662189,410064984
1757662189,417574600
1757662189,484452472
1757662189,485569032
1757662189,511309848
1757662189,516065496
1757662189,538445080
1757662189,548915000
1757662189,580365512
1757662189,586664104
1757662189,592378408
1757662189,600378840
1757662189,626857128
1757662189,639123096
1757662189,661657816
1757662189,675724616
1757662189,678031784
1757662189,698842120
1757662189,731821448
1757662189,742891272
1757662189,789574056
1757662189,792982296
1757662189,823780024
1757662189,830665624
1757662189,849986392
1757662189,855324920
1757662189,863056168
1757662189,867791528
1757662189,873510264
1757662189,880137496
1757662189,897976952
1757662189,941521272
1757662189,980186984
1757662189,987093912
1757662190,5256440
1757662190,13787400
1757662190,14795768
1757662190,32097912
1757662190,60893784
1757662190,86865528
1757662190,91362216
1757662190,118384616
1757662190,131965704
1757662190,136135192
1757662190,144326184
1757662190,165965464
1757662190,171384904
1757662190,188537544
1757662190,234448888
1757662190,243554472
1757662190,321140104
1757662190,322720408
1757662190,333673896
1757662190,336811160
1757662190,346160568
1757662190,367626024
1757662190,388103752
1757662190,418272536
1757662190,453598760
1757662190,515948184
1757662190,521745448
1757662190,549217624
1757662190,576064488
1757662190,584615320
1757662190,613072696
1757662190,621860600
1757662190,642145944
1757662190,643738392
1757662190,661672072
1757662190,756609832
1757662190,786832744
1757662190,812166712
1757662190,824065848
1757662190,826295080
1757662190,842743208
1757662190,844784584
1757662190,869944824
1757662190,905274952
1757662190,936605864
1757662190,948734536
1757662190,965333800
1757662190,980264312
1757662191,1732072
1757662191,5949944
1757662191,18581672
1757662191,23724200
1757662191,28961752
1757662191,33208888
1757662191,54516200
1757662191,86717400
1757662191,90400872
1757662191,93840216
1757662191,100048488
1757662191,111353544
1757662191,142246568
1757662191,176270280
1757662191,224256392
1757662191,280971576
1757662191,336288792
1757662191,367254136
1757662191,369616264
1757662191,383355272
1757662191,455726952
1757662191,467167768
1757662191,484563128
1757662191,503852136
1757662191,510203608
1757662191,526358952
1757662191,536636904
1757662191,538869256
1757662191,544320568
1757662191,607830040
1757662191,610960088
1757662191,671851016
1757662191,701613064
1757662191,714423976
1757662191,736773880
1757662191,739227416
1757662191,768264472
1757662191,783284904
1757662191,785148440
1757662191,833702808
1757662191,846459624
1757662191,886309576
1757662191,888623336
1757662191,908207880
1757662191,911256840
1757662191,956735672
1757662191,995424424
1757662192,2878520
1757662192,4019432
1757662192,8759240
1757662192,23715960
1757662192,35252856
1757662192,39778024
1757662192,64034584
1757662192,65343528
1757662192,68466872
1757662192,104725432
1757662192,107224152
1757662192,119825688
1757662192,163124392
1757662192,173555032
1757662192,193173368
1757662192,200609320
1757662192,202849224
1757662192,228204216
1757662192,229750632
1757662192,236696120
1757662192,244909240
1757662192,290198104
1757662192,299093416
1757662192,310822872
1757662192,355365880
1757662192,360397848
1757662192,374637832
1757662192,404963816
1757662192,411231448
1757662192,421955240
1757662192,447310536
1757662192,454559080
1757662192,493527480
1757662192,530853000
1757662192,544136680
1757662192,550821848
1757662192,569597400
1757662192,577570888
1757662192,582065112
1757662192,590494632
1757662192,603841880
1757662192,610963384
1757662192,613481608
1757662192,619965096
1757662192,660019400
1757662192,671837320
1757662192,686736856
1757662192,694368024
1757662192,701434072
1757662192,708214872
1757662192,730196888
1757662192,801221752
1757662192,809063656
1757662192,817151880
1757662192,836008888
1757662192,870045240
1757662192,879360968
1757662192,902900696
1757662192,908052376
1757662192,925390216
1757662192,928497752
1757662192,948778008
1757662192,968878856
1757662192,975194760
1757662192,982104712
1757662192,984451528
1757662192,986513208
1757662193,3918968
1757662193,37860472
1757662193,46859320
1757662193,51003752
1757662193,56143912
1757662193,60111528
1757662193,99762552
1757662193,112766072
1757662193,135694280
1757662193,140173016
1757662193,176620072
1757662193,181750552
1757662193,190641128
1757662193,218260664
1757662193,225395496
1757662193,228126200
1757662193,238932120
1757662193,246206872
1757662193,255252616
1757662193,269348936
1757662193,275894632
1757662193,282967736
1757662193,294676088
1757662193,390706712
1757662193,400253752
1757662193,418596808
1757662193,421719608
1757662193,458385560
1757662193,472870584
1757662193,476806600
1757662193,487030584
1757662193,501908216
1757662193,508197384
1757662193,533837464
1757662193,535759224
1757662193,560714840
1757662193,587274616
1757662193,592294296
1757662193,613334792
1757662193,627809832
1757662193,633737064
1757662193,635889112
1757662193,684414712
1757662193,728754824
1757662193,739938376
1757662193,761188760
1757662193,787634312
1757662193,807616904
1757662193,822925944
1757662193,825377720
1757662193,847233096
1757662193,853006360
1757662193,859239032
1757662193,862857704
1757662193,906486488
1757662193,908538408
1757662193,915982120
1757662193,934381160
1757662193,972812648
1757662193,978623464
1757662194,12694280
1757662194,67054344
1757662194,76688280
1757662194,89238344
1757662194,111598152
1757662194,116203096
1757662194,119273416
1757662194,123549576
1757662194,159529176
1757662194,171095336
1757662194,223546504
1757662194,225621224
1757662194,246301016
1757662194,273879208
1757662194,323911016
1757662194,329937096
1757662194,363303992
1757662194,374349528
1757662194,378581544
1757662194,392012776
1757662194,414642264
1757662194,437502200
1757662194,459115640
1757662194,463389416
1757662194,486000712
1757662194,493958888
1757662194,497605656
1757662194,511740552
1757662194,575523464
1757662194,581724936
1757662194,624196904
1757662194,653358440
1757662194,691936360
1757662194,750013288
1757662194,754479560
1757662194,768321528
1757662194,771970760
1757662194,826916568
1757662194,832947304
1757662194,844149784
1757662194,855477624
1757662194,856736968
1757662194,899703672
1757662194,902073304
1757662194,915360600
1757662194,926983688
1757662194,936048152
1757662194,957989688
1757662194,961459256
1757662194,977172472
1757662195,14623640
1757662195,37220024
1757662195,47712936
1757662195,71342008
1757662195,77572152
1757662195,92651128
1757662195,131918760
1757662195,154789656
1757662195,176771944
1757662195,183973976
1757662195,200836248
1757662195,206201272
1757662195,209712376
1757662195,243983960
1757662195,251860200
1757662195,260863192
1757662195,276226968
1757662195,290894536
1757662195,311805560
1757662195,323934936
1757662195,329797848
1757662195,358157784
1757662195,361271832
1757662195,362603880
1757662195,367605448
1757662195,370968872
1757662195,389376584
1757662195,393820328
1757662195,401964456
1757662195,423461832
1757662195,452404360
1757662195,455896184
1757662195,471512968
1757662195,487311000
1757662195,493009384
1757662195,514091224
1757662195,525731528
1757662195,530034248
1757662195,531966072
1757662195,536448184
1757662195,610381624
1757662195,617065928
1757662195,623398776
1757662195,671548264
1757662195,678231496
1757662195,704043400
1757662195,719539576
1757662195,723469592
1757662195,755546472
1757662195,761059848
1757662195,768590824
1757662195,793213928
1757662195,822743304
1757662195,846593784
1757662195,880399480
1757662195,894254952
1757662195,904448040
1757662195,914517816
1757662195,919181160
1757662195,930107512
1757662195,958639960
1757662195,988539096
1757662196,29576472
1757662196,47240360
1757662196,59471288
1757662196,72847800
1757662196,88562888
1757662196,98961192
1757662196,101798856
1757662196,138829368
1757662196,140374184
1757662196,171204136
1757662196,177376984
1757662196,192153448
1757662196,196969880
1757662196,253789592
1757662196,270209800
1757662196,273145864
1757662196,275908664
1757662196,288396136
1757662196,315768040
1757662196,331264536
1757662196,347474584
1757662196,356154536
1757662196,408998824
1757662196,416347128
1757662196,429087352
1757662196,478339384
1757662196,483388216
1757662196,487508088
1757662196,489071368
1757662196,492643304
1757662196,510392728
1757662196,512781384
1757662196,534939832
1757662196,556807032
1757662196,570215400
1757662196,621845336
1757662196,633776952
1757662196,636673304
1757662196,648448184
1757662196,694362040
1757662196,714047112
1757662196,718205672
1757662196,721960408
1757662196,773098424
1757662196,794589752
1757662196,834816728
1757662196,841511736
1757662196,848185240
1757662196,856596360
1757662196,872516104
1757662196,883563368
1757662196,886061096
1757662196,889171272
1757662196,909229304
1757662196,916179816
1757662196,969173736
1757662196,971692072
1757662196,988141224
1757662197,6988328
1757662197,27396488
1757662197,67872616
1757662197,130447144
1757662197,132430888
1757662197,160425944
1757662197,167822376
1757662197,182824632
1757662197,213941752
1757662197,253678648
1757662197,287064856
1757662197,294749464
1757662197,302323848
1757662197,305675080
1757662197,317338456
1757662197,321833096
1757662197,358831960
1757662197,370435944
1757662197,383485912
1757662197,399614440
1757662197,416362344
1757662197,444043032
1757662197,447673464
1757662197,454839624
1757662197,463854792
1757662197,493090744
1757662197,501830408
1757662197,511989736
1757662197,517892056
1757662197,528997912
1757662197,539868104
1757662197,543411176
1757662197,558973704
1757662197,579818888
1757662197,584609080
1757662197,592900200
1757662197,596390616
1757662197,598142888
1757662197,611972280
1757662197,629257800
1757662197,643895432
1757662197,646062776
1757662197,674904248
1757662197,677033240
1757662197,716658504
1757662197,718718984
1757662197,731289320
1757662197,735254888
1757662197,739322104
1757662197,751849512
1757662197,767383656
1757662197,769325160
1757662197,784791672
1757662197,841094504
1757662197,846131944
1757662197,856535384
1757662197,915533320
1757662197,944538584
1757662197,947433144
1757662197,969552888
1757662197,976990184
1757662197,981790344
1757662198,43481304
1757662198,64685672
1757662198,66554264
1757662198,100302616
1757662198,132976776
1757662198,153463016
1757662198,167743736
1757662198,178103784
1757662198,185209976
1757662198,204934744
1757662198,235267080
1757662198,248129352
1757662198,251545816
1757662198,259967352
1757662198,289619976
1757662198,296099768
1757662198,309983096
1757662198,329572152
1757662198,371831640
1757662198,387536744
1757662198,394248904
1757662198,410789608
1757662198,413240200
1757662198,425304680
1757662198,440309512
1757662198,462535432
1757662198,465881240
1757662198,472388760
1757662198,482880248
1757662198,511137352
1757662198,546653080
1757662198,550619640
1757662198,553957800
1757662198,560581736
1757662198,570691576
1757662198,604969848
1757662198,641705880
1757662198,661121992
1757662198,680110504
1757662198,692665848
1757662198,697111912
1757662198,719207320
1757662198,768829400
1757662198,791673128
1757662198,795968648
1757662198,838530664
1757662198,840962376
1757662198,853020072
1757662198,861071832
1757662198,879615480
1757662198,905190216
1757662198,909534792
1757662198,915768280
1757662198,917318040
1757662198,923196952
1757662198,934326824
1757662198,954408888
1757662198,959913720
1757662198,963268360
1757662198,980476328
1757662198,986395672
1757662198,995731080
1757662199,29158456
1757662199,42404200
1757662199,51087816
1757662199,72329864
1757662199,91993784
1757662199,102825976
1757662199,112271352
1757662199,117001368
1757662199,118376152
1757662199,136973224
1757662199,142687800
1757662199,146548360
1757662199,160067224
1757662199,177291336
1757662199,187828200
1757662199,192673832
1757662199,194192040
1757662199,205221640
1757662199,213078312
1757662199,225599496
1757662199,237692152
1757662199,279684200
1757662199,283476408
1757662199,286019960
1757662199,293946744
1757662199,342729432
1757662199,345163656
1757662199,395421288
1757662199,434775768
1757662199,475195352
1757662199,478022648
1757662199,479721848
1757662199,509778952
1757662199,511021464
1757662199,515577864
1757662199,555394856
1757662199,566367304
1757662199,580530424
1757662199,594563768
1757662199,626087016
1757662199,628952728
1757662199,636717768
1757662199,639182792
1757662199,663755912
1757662199,666381592
1757662199,677670632
1757662199,681288744
1757662199,704838360
1757662199,717012120
1757662199,724467176
1757662199,726856552
1757662199,734411672
1757662199,767068680
1757662199,787848520
1757662199,796449768
1757662199,821949816
1757662199,830581240
1757662199,882905576
1757662199,887873608
1757662199,912282632
1757662199,974925800
1757662199,994369048
1757662200,5916600
1757662200,14287912
1757662200,87866200
1757662200,109773320
1757662200,119754504
1757662200,127162856
1757662200,129673800
1757662200,139975032
1757662200,171808888
1757662200,200846520
1757662200,212271096
1757662200,228754936
1757662200,232460488
1757662200,234952056
1757662200,253275944
1757662200,298407672
1757662200,302900200
1757662200,305830024
1757662200,334888232
1757662200,339059208
1757662200,362721272
1757662200,364844072
1757662200,368632504
1757662200,381033432
1757662200,386803240
1757662200,409329256
1757662200,431302232
1757662200,436627384
1757662200,454773016
1757662200,505507656
1757662200,510513256
1757662200,595044888
1757662200,598207336
1757662200,613153944
1757662200,620691272
1757662200,659430360
1757662200,690562472
1757662200,728408456
1757662200,750087128
1757662200,758291368
1757662200,792966296
1757662200,799525048
1757662200,800856792
1757662200,805863272
1757662200,814313992
1757662200,831448328
1757662200,833114776
1757662200,845289464
1757662200,853919992
1757662200,859505240
1757662200,867626168
1757662200,874755880
1757662200,899402856
1757662200,942061784
1757662201,26857624
1757662201,34180968
1757662201,54911480
1757662201,78686904
1757662201,130099736
1757662201,150335304
1757662201,160436120
1757662201,164557128
1757662201,178827320
1757662201,180334248
1757662201,189669848
1757662201,202088392
1757662201,218306328
1757662201,254110104
1757662201,283938648
1757662201,286967752
1757662201,339761752
1757662201,341449128
1757662201,352139640
1757662201,372191912
1757662201,384764968
1757662201,386279784
1757662201,430297976
1757662201,437594776
1757662201,450810344
1757662201,465071544
1757662201,474477928
1757662201,495341432
1757662201,502463656
1757662201,516930296
1757662201,521678664
1757662201,565873320
1757662201,585174664
1757662201,624837240
1757662201,641495352
1757662201,652107496
1757662201,668463240
1757662201,699870984
1757662201,701738168
1757662201,727125800
1757662201,740811800
1757662201,771343624
1757662201,793026984
1757662201,826359800
1757662201,836818136
1757662201,862282408
1757662201,868541816
1757662201,880869096
1757662201,885124728
1757662201,890122152
1757662201,894088920
1757662201,910290696
1757662201,917088456
1757662201,918303544
1757662201,919589912
1757662201,926657944
1757662201,952483000
1757662201,955590776
1757662201,956911384
1757662201,978200200
1757662201,985025720
1757662202,594744
1757662202,53326168
1757662202,62442872
1757662202,82338904
1757662202,86476952
1757662202,88871928
1757662202,90434328
1757662202,125265064
1757662202,131149624
1757662202,134618504
1757662202,141701720
1757662202,143193000
1757662202,145356376
1757662202,179638536
1757662202,212971464
1757662202,218711528
1757662202,230210744
1757662202,235894296
1757662202,243838808
1757662202,249799656
1757662202,267050552
1757662202,271373336
1757662202,302524696
1757662202,305564744
1757662202,314506200
1757662202,322579624
1757662202,327766616
1757662202,333664744
1757662202,348400632
1757662202,360854696
1757662202,366885608
1757662202,372518616
1757662202,386045304
1757662202,434705656
1757662202,440423624
1757662202,443663160
1757662202,450287528
1757662202,465103896
1757662202,466800584
1757662202,478944040
1757662202,498399464
1757662202,499877512
1757662202,504832040
1757662202,506952824
1757662202,509133048
1757662202,514081656
1757662202,521329608
1757662202,535749880
1757662202,540629192
1757662202,542790408
1757662202,556552968
1757662202,562110344
1757662202,569266952
1757662202,571170200
1757662202,574914376
1757662202,586578232
1757662202,603563080
1757662202,615435192
1757662202,618067304
1757662202,624191768
1757662202,639273704
1757662202,665081352
1757662202,714183384
1757662202,734588424
1757662202,748432072
1757662202,753414568
1757662202,760267208
1757662202,804664504
1757662202,832891864
1757662202,878689032
1757662202,886158808
1757662202,890539240
1757662202,916104056
1757662202,929616008
1757662202,960227896
1757662202,992486456
1757662202,994254264
1757662202,996607912
1757662203,5998968
1757662203,50872280
1757662203,55637672
1757662203,58696856
1757662203,62010600
1757662203,74075976
1757662203,76542904
1757662203,81780440
1757662203,84282888
1757662203,93959016
1757662203,197338440
1757662203,198582072
1757662203,212394072
1757662203,229048536
1757662203,232057032
1757662203,240116680
1757662203,241827784
1757662203,284975880
1757662203,292371992
1757662203,310930616
1757662203,323420200
1757662203,330091992
1757662203,351240440
1757662203,365546728
1757662203,373294920
1757662203,375867080
1757662203,433148552
1757662203,465675912
1757662203,486252952
1757662203,500631784
1757662203,516527256
1757662203,518310344
1757662203,528782984
1757662203,531864536
1757662203,540543096
1757662203,548538248
1757662203,559470696
1757662203,570822504
1757662203,603703832
1757662203,616784264
1757662203,645453752
1757662203,647140072
1757662203,655638120
1757662203,658863960
1757662203,685348392
1757662203,698448440
1757662203,708061832
1757662203,712378568
1757662203,723652088
1757662203,730203752
1757662203,741771688
1757662203,744299112
1757662203,781768376
1757662203,845311160
1757662203,853393752
1757662203,857172264
1757662203,869234856
1757662203,872686872
1757662203,877001320
1757662203,911416168
1757662203,916232344
1757662203,920565112
1757662203,924845192
1757662203,944651144
1757662203,948927960
1757662203,966171256
1757662203,971930232
1757662203,974335800
1757662203,984397096
1757662204,11939128
1757662204,20965608
1757662204,27788504
1757662204,59947352
1757662204,66167464
1757662204,73491336
1757662204,89114376
1757662204,110841272
1757662204,125354520
1757662204,133984632
1757662204,148868776
1757662204,161118728
1757662204,162828168
1757662204,165945336
1757662204,169388072
1757662204,190394072
1757662204,194937576
1757662204,209468344
1757662204,241163192
1757662204,243965688
1757662204,268761720
1757662204,275391432
1757662204,286547448
1757662204,301448856
1757662204,317746600
1757662204,323494504
1757662204,330070920
1757662204,354463192
1757662204,395565160
1757662204,411592120
1757662204,451860360
1757662204,471734264
1757662204,499027208
1757662204,501414072
1757662204,518864584
1757662204,534038920
1757662204,535205752
1757662204,540225176
1757662204,586829192
1757662204,588452024
1757662204,613778888
1757662204,615127304
1757662204,631558168
1757662204,640705464
1757662204,645435320
1757662204,677724680
1757662204,679369176
1757662204,704083944
1757662204,773600984
1757662204,783064024
1757662204,795927640
1757662204,799945960
1757662204,825856968
1757662204,827566568
1757662204,848563464
1757662204,883026456
1757662204,924378600
1757662204,927397752
1757662204,944783320
1757662204,980737656
1757662204,982210088
1757662204,985817768
1757662205,7740648
1757662205,15490616
1757662205,24155656
1757662205,26879144
1757662205,40951144
1757662205,79954920
1757662205,91576136
1757662205,93244792
1757662205,119489528
1757662205,137023528
1757662205,138605832
1757662205,169142152
1757662205,174612264
1757662205,186559352
1757662205,222905848
1757662205,229003000
1757662205,232192808
1757662205,235104312
1757662205,249938152
1757662205,257991080
1757662205,291581400
1757662205,300321512
1757662205,303722776
1757662205,331950408
1757662205,342147496
1757662205,345482872
1757662205,351423544
1757662205,357882920
1757662205,363185480
1757662205,374025592
1757662205,409878776
1757662205,469550552
1757662205,497023976
1757662205,517431080
1757662205,531424472
1757662205,557299976
1757662205,570590168
1757662205,575694024
1757662205,601286008
1757662205,611097784
1757662205,624678488
1757662205,649130152
1757662205,657463816
1757662205,679655240
1757662205,716686008
1757662205,719782008
1757662205,739029768
1757662205,757655656
1757662205,759707704
1757662205,762948968
1757662205,783650872
1757662205,788965720
1757662205,793611960
1757662205,818436520
1757662205,832419064
1757662205,856796264
1757662205,863791848
1757662205,865087288
1757662205,877463400
1757662205,878822904
1757662205,883444616
1757662205,939682072
1757662205,945943240
1757662205,948367992
1757662205,950845432
1757662205,961227032
1757662205,969755784
1757662205,990864712
1757662206,8405944
1757662206,13699464
1757662206,29634600
1757662206,82690936
1757662206,112749976
1757662206,122629384
1757662206,131753976
1757662206,133874664
1757662206,153937192
1757662206,166934328
1757662206,178501160
1757662206,186351848
1757662206,189657640
1757662206,191150600
1757662206,193514600
1757662206,258023128
1757662206,291702600
1757662206,298212184
1757662206,304424488
1757662206,310042472
1757662206,334307656
1757662206,347201624
1757662206,363088232
1757662206,387287688
1757662206,412534520
1757662206,414478296
1757662206,415684744
1757662206,428883448
1757662206,430513848
1757662206,431800184
1757662206,444750552
1757662206,459112088
1757662206,493419688
1757662206,511266808
1757662206,547556248
1757662206,578541608
1757662206,601100456
1757662206,611347928
1757662206,619372536
1757662206,623275112
1757662206,634670520
1757662206,645245784
1757662206,647103656
1757662206,685775272
1757662206,699337416
1757662206,700416952
1757662206,705912600
1757662206,733031432
1757662206,747097816
1757662206,758841304
1757662206,786285592
1757662206,789831448
1757662206,825185736
1757662206,839126408
1757662206,886926040
1757662206,889387352
1757662206,894456168
1757662206,907070280
1757662206,939515080
1757662206,953536056
1757662206,956990312
1757662206,960532744
1757662206,977729624
1757662206,995198536
1757662206,996590312
1757662206,999765672
1757662207,24111160
1757662207,25912680
1757662207,27527640
1757662207,59091816
1757662207,107154952
1757662207,109965480
1757662207,122511448
1757662207,135943544
1757662207,149931512
1757662207,167697960
1757662207,258959496
1757662207,303288568
1757662207,311615960
1757662207,317068488
1757662207,328465432
1757662207,335622184
1757662207,338780984
1757662207,368241640
1757662207,381073944
1757662207,398663512
1757662207,408576552
1757662207,436803000
1757662207,438573416
1757662207,462841416
1757662207,473958808
1757662207,479962904
1757662207,527541496
1757662207,535473784
1757662207,537119256
1757662207,544307032
1757662207,550786536
1757662207,562066136
1757662207,564208952
1757662207,572066760
1757662207,619366120
1757662207,621926888
1757662207,626296216
1757662207,630199480
1757662207,639964072
1757662207,645472360
1757662207,662474216
1757662207,671079752
1757662207,673699048
1757662207,681691272
1757662207,710646744
1757662207,711814248
1757662207,750119128
1757662207,767039704
1757662207,775049848
1757662207,778841912
1757662207,785216856
1757662207,799998424
1757662207,804509400
1757662207,811214888
1757662207,849575112
1757662207,871580824
1757662207,887514312
1757662207,908500328
1757662207,943355016
1757662207,961013880
1757662207,969893144
1757662207,981461992
1757662207,986081816
1757662208,34973192
1757662208,54534824
1757662208,66844120
1757662208,80446408
1757662208,108395864
1757662208,110570952
1757662208,116333352
1757662208,125913144
1757662208,138245096
1757662208,156537976
1757662208,160434520
1757662208,168506216
1757662208,173409480
1757662208,193402168
1757662208,214890056
1757662208,220752216
1757662208,243706072
1757662208,259827720
1757662208,261680696
1757662208,268034744
1757662208,275218232
1757662208,285397784
1757662208,293018952
1757662208,319619320
1757662208,359559736
1757662208,378827368
1757662208,381548584
1757662208,399521672
1757662208,402654424
1757662208,414928776
1757662208,424710200
1757662208,427267240
1757662208,441739352
1757662208,455996232
1757662208,472296264
1757662208,494719736
1757662208,499341016
1757662208,505127816
1757662208,546881208
1757662208,550923320
1757662208,556352936
1757662208,562684104
1757662208,587825128
1757662208,590102936
1757662208,596975224
1757662208,602936520
1757662208,607136440
1757662208,647358488
1757662208,650756888
1757662208,661950728
1757662208,673470440
1757662208,677328024
1757662208,692529896
1757662208,704091512
1757662208,716444440
1757662208,723365512
1757662208,726054440
1757662208,731846568
1757662208,735722392
1757662208,779568728
1757662208,811710840
1757662208,833428632
1757662208,841483336
1757662208,843900136
1757662208,872799720
1757662208,894917736
1757662208,906824392
1757662208,919268568
1757662208,944742552
1757662208,954648792
1757662208,981747704
1757662208,993024776
1757662209,7952616
1757662209,10024056
1757662209,11695816
1757662209,17961704
1757662209,23262232
1757662209,43823752
1757662209,136995608
1757662209,141847560
1757662209,163034808
1757662209,179724856
1757662209,188577592
1757662209,191731464
1757662209,195308664
1757662209,221267432
1757662209,234743800
1757662209,236155128
1757662209,260990152
1757662209,275255544
1757662209,282526680
1757662209,311926808
1757662209,340370216
1757662209,365909112
1757662209,424471736
1757662209,428062568
1757662209,429398360
1757662209,443127496
1757662209,453106104
1757662209,456172520
1757662209,469960392
1757662209,540246600
1757662209,547617544
1757662209,550804648
1757662209,562078824
1757662209,564630136
1757662209,571753928
1757662209,581544360
1757662209,591399848
1757662209,593973064
1757662209,606355576
1757662209,644191032
1757662209,653409224
1757662209,662318968
1757662209,669685096
1757662209,676707656
1757662209,684765320
1757662209,686928280
1757662209,705791688
1757662209,718398344
1757662209,730479144
1757662209,739937016
1757662209,767369896
1757662209,775030488
1757662209,792117720
1757662209,814877656
1757662209,846847640
1757662209,854346376
1757662209,888131288
1757662209,907122808
1757662209,936659192
1757662209,940677720
1757662209,969385992
1757662210,23464216
1757662210,29636936
1757662210,62587672
1757662210,71586616
1757662210,159206600
1757662210,178292648
1757662210,201350456
1757662210,218784792
1757662210,237148392
1757662210,273968072
1757662210,278243512
1757662210,298185000
1757662210,331251320
1757662210,364959272
1757662210,367630520
1757662210,370207976
1757662210,415509576
1757662210,430522328
1757662210,435212424
1757662210,455664520
1757662210,466669624
1757662210,481007240
1757662210,488072408
1757662210,505110360
1757662210,558168712
1757662210,585245816
1757662210,594512888
1757662210,627210200
1757662210,668434968
1757662210,689397928
1757662210,700287464
1757662210,709725400
1757662210,711579752
1757662210,717044664
1757662210,746012760
1757662210,757376360
1757662210,778798952
1757662210,785209560
1757662210,799062952
1757662210,854204872
1757662210,866812504
1757662210,886034248
1757662210,909525208
1757662210,943101496
1757662210,954773576
1757662210,963931992
1757662210,972592552
1757662210,979792744
1757662210,991706712
1757662211,9561224
1757662211,12973960
1757662211,22575272
1757662211,29494632
1757662211,40898760
1757662211,59239288
1757662211,85258712
1757662211,107237368
1757662211,145855464
1757662211,161589944
1757662211,165125992
1757662211,181064088
1757662211,207437336
1757662211,229339976
1757662211,245227592
1757662211,253442600
1757662211,260249224
1757662211,283624936
1757662211,305020136
1757662211,319280392
1757662211,424924184
1757662211,428161624
1757662211,444451016
1757662211,454652072
1757662211,464552904
1757662211,468333704
1757662211,489633416
1757662211,505510616
1757662211,507820568
1757662211,509888120
1757662211,511135720
1757662211,523504136
1757662211,536749384
1757662211,556283768
1757662211,558417128
1757662211,584155800
1757662211,590700408
1757662211,629024696
1757662211,634000008
1757662211,638901896
1757662211,640318696
1757662211,641648680
1757662211,644391384
1757662211,677029320
1757662211,690867928
1757662211,701032392
1757662211,704852760
1757662211,716600920
1757662211,729922856
1757662211,775916872
1757662211,778680936
1757662211,796608904
1757662211,817783384
1757662211,828801128
1757662211,842044792
1757662211,851886536
1757662211,867256744
1757662211,869974040
1757662211,873405352
1757662211,875907496
1757662211,922204520
1757662211,929034872
1757662211,939560696
1757662211,950331336
1757662211,962039592
1757662211,971756904
1757662211,978983240
1757662212,15752568
1757662212,45702696
1757662212,53642008
1757662212,56906744
1757662212,95577192
1757662212,133803176
1757662212,189136552
1757662212,194046056
1757662212,219693528
1757662212,220942216
1757662212,248876088
1757662212,271036232
1757662212,281882824
1757662212,312749336
1757662212,315917528
1757662212,317681784
1757662212,322679576
1757662212,343686664
1757662212,345182664
1757662212,347023416
1757662212,349044248
1757662212,383066936
1757662212,386294024
1757662212,391080920
1757662212,410790184
1757662212,415883880
1757662212,429250824
1757662212,434275224
1757662212,440433768
1757662212,457242952
1757662212,463555576
1757662212,510808632
1757662212,525118776
1757662212,528942072
1757662212,539007656
1757662212,543464952
1757662212,548978504
1757662212,557716104
1757662212,583245704
1757662212,609352072
1757662212,623103544
1757662212,626316648
1757662212,661292216
1757662212,685620424
1757662212,703611320
1757662212,708244376
1757662212,740986776
1757662212,742679080
1757662212,749704456
1757662212,757591656
1757662212,779834232
1757662212,802490008
1757662212,808366680
1757662212,823252216
1757662212,876776040
1757662212,882471896
1757662212,884128008
1757662212,897948328
1757662212,915901192
1757662212,929505640
1757662212,943599672
1757662212,957739544
1757662212,964871256
1757662212,967530216
1757662212,984091000
1757662213,10394360
1757662213,39194312
1757662213,41416232
1757662213,53163064
1757662213,75533304
1757662213,81536520
1757662213,83133528
1757662213,86515240
1757662213,118007256
1757662213,132234840
1757662213,150695496
1757662213,157720104
1757662213,177111688
1757662213,205871736
1757662213,222248920
1757662213,235448088
1757662213,237546584
1757662213,293467560
1757662213,329221000
1757662213,348662648
1757662213,365816600
1757662213,371040248
1757662213,376188984
1757662213,397430136
1757662213,401785544
1757662213,413747480
1757662213,421853144
1757662213,449375464
1757662213,476145336
1757662213,479718680
1757662213,534707000
1757662213,555850968
1757662213,564532840
1757662213,578808984
1757662213,610836632
1757662213,615205752
1757662213,641902424
1757662213,657360328
1757662213,666298392
1757662213,687692296
1757662213,693971368
1757662213,709880056
1757662213,740617704
1757662213,800985848
1757662213,818853768
1757662213,821810504
1757662213,829235656
1757662213,843719048
1757662213,844774120
1757662213,858067240
1757662213,877600568
1757662213,884016872
1757662213,957699368
1757662213,964579272
1757662214,2869512
1757662214,4098088
1757662214,19761704
1757662214,35607560
1757662214,64694024
1757662214,98487688
1757662214,104127256
1757662214,109101640
1757662214,125424040
1757662214,150711128
1757662214,151870520
1757662214,168422024
1757662214,183343528
1757662214,224988872
1757662214,248697608
1757662214,252950152
1757662214,254511256
1757662214,278204456
1757662214,284857624
1757662214,296717528
1757662214,301187848
1757662214,316133272
1757662214,324871000
1757662214,329094040
1757662214,360454632
1757662214,367863320
1757662214,411287528
1757662214,428091192
1757662214,440101176
1757662214,460537288
1757662214,475640424
1757662214,496729272
1757662214,512585672
1757662214,521942184
1757662214,540667864
1757662214,544859976
1757662214,601332632
1757662214,610441624
1757662214,615220648
1757662214,616462920
1757662214,632306424
1757662214,642821064
1757662214,669594120
1757662214,677134152
1757662214,678996792
1757662214,686315832
1757662214,696785480
1757662214,698637720
1757662214,714796616
1757662214,716901960
1757662214,784943912
1757662214,791721528
1757662214,795320120
1757662214,797250472
1757662214,800695816
1757662214,809908056
1757662214,824173304
1757662214,825802040
1757662214,846070712
1757662214,854153800
1757662214,863790920
1757662214,899678360
1757662214,905169544
1757662214,984821832
1757662215,12477608
1757662215,15510280
1757662215,28788232
1757662215,31329864
1757662215,63556504
1757662215,72363864
1757662215,83984728
1757662215,100189544
1757662215,115999816
1757662215,119840952
1757662215,135344584
1757662215,159118024
1757662215,174673880
1757662215,182645448
1757662215,193857912
1757662215,195632584
1757662215,209209160
1757662215,218565672
1757662215,236180888
1757662215,247201864
1757662215,270693752
1757662215,286194280
1757662215,311333096
1757662215,314960600
1757662215,328839416
1757662215,364282776
1757662215,379900296
1757662215,389700168
1757662215,461318616
1757662215,472377048
1757662215,479969592
1757662215,487678728
1757662215,494757272
1757662215,500842856
1757662215,544939752
1757662215,552601672
1757662215,564276584
1757662215,610872584
1757662215,622214760
1757662215,653149320
1757662215,677451544
1757662215,682005400
1757662215,685652776
1757662215,687628456
1757662215,689403528
1757662215,692989480
1757662215,697565208
1757662215,706010984
1757662215,740864760
1757662215,757789256
1757662215,777184392
1757662215,781358840
1757662215,784412184
1757662215,787130584
1757662215,798533816
1757662215,800569528
1757662215,815243544
1757662215,817644696
1757662215,842230072
1757662215,862712568
1757662215,864021448
1757662215,866738520
1757662215,922130712
1757662215,943637816
1757662215,956032200
1757662216,23744904
1757662216,39130248
1757662216,45157768
1757662216,54418792
1757662216,59690360
1757662216,62061224
1757662216,75703528
1757662216,99644616
1757662216,118325000
1757662216,130017096
1757662216,139639192
1757662216,164957064
1757662216,167137576
1757662216,185145816
1757662216,188987576
1757662216,200777288
1757662216,234684824
1757662216,261240984
1757662216,269106360
1757662216,284021832
1757662216,291363112
1757662216,296568536
1757662216,303514120
1757662216,320350200
1757662216,354544264
1757662216,357486360
1757662216,379432632
1757662216,385681912
1757662216,391101176
1757662216,396549496
1757662216,437851800
1757662216,452763896
1757662216,528645016
1757662216,546287992
1757662216,573755256
1757662216,589615368
1757662216,592969512
1757662216,599091640
1757662216,607362648
1757662216,624313576
1757662216,637717560
1757662216,647372520
1757662216,664389576
1757662216,666126712
1757662216,671179160
1757662216,674009576
1757662216,681078872
1757662216,696847640
1757662216,705686072
1757662216,721376648
1757662216,730565128
1757662216,737150040
1757662216,743020216
1757662216,756767048
1757662216,777863624
1757662216,805199176
1757662216,806403320
1757662216,814159960
1757662216,826541800
1757662216,847589336
1757662216,850587784
1757662216,870962520
1757662216,872428168
1757662216,935007528
1757662216,943054696
1757662216,950837000
1757662216,963463992
1757662216,966876072
1757662216,988092632
1757662216,993131944
1757662217,8243384
1757662217,31322216
1757662217,33812216
1757662217,64608792
1757662217,78678024
1757662217,106226232
1757662217,129262424
1757662217,156255000
1757662217,178740232
1757662217,184836840
1757662217,187461736
1757662217,190907944
1757662217,194316856
1757662217,198467944
1757662217,217296616
1757662217,231464600
1757662217,237180968
1757662217,243756552
1757662217,265067832
1757662217,281067000
1757662217,286024968
1757662217,287260920
1757662217,293768488
1757662217,295574328
1757662217,303721160
1757662217,321293288
1757662217,332878696
1757662217,349600936
1757662217,357258280
1757662217,385203384
1757662217,388709432
1757662217,402883704
1757662217,411643448
1757662217,413694872
1757662217,422824904
1757662217,458988232
1757662217,463610344
1757662217,470152648
1757662217,489949192
1757662217,504563656
1757662217,509752904
1757662217,514459960
1757662217,545573432
1757662217,585624296
1757662217,591705400
1757662217,605022232
1757662217,644518104
1757662217,659886952
1757662217,663435736
1757662217,667427992
1757662217,671554728
1757662217,703547080
1757662217,706844984
1757662217,739686312
1757662217,768272824
1757662217,781717912
1757662217,796980712
1757662217,815685768
1757662217,839177368
1757662217,846088344
1757662217,868655128
1757662217,889585640
1757662217,910593928
1757662217,915206408
1757662217,955043416
1757662217,960381064
1757662217,971857064
1757662217,982455512
1757662217,987812856
1757662218,24320200
1757662218,25464072
1757662218,44702776
1757662218,63046328
1757662218,84616088
1757662218,95625976
1757662218,139374744
1757662218,158051080
1757662218,204190664
1757662218,221746040
1757662218,232382968
1757662218,237769704
1757662218,247514872
1757662218,261219560
1757662218,265198520
1757662218,268563576
1757662218,276379672
1757662218,312672056
1757662218,315852904
1757662218,326007736
1757662218,334114568
1757662218,350830296
1757662218,378943592
1757662218,394849384
1757662218,399465160
1757662218,409351848
1757662218,414983464
1757662218,426957816
1757662218,441120088
1757662218,450423320
1757662218,479332104
1757662218,483143080
1757662218,487645400
1757662218,494614216
1757662218,498357032
1757662218,557534632
1757662218,582409384
1757662218,589891832
1757662218,597709640
1757662218,689959384
1757662218,691678616
1757662218,701552216
1757662218,705242280
1757662218,749679944
1757662218,751033032
1757662218,757753288
1757662218,763499400
1757662218,777426072
1757662218,787962968
1757662218,804831464
1757662218,815620904
1757662218,823146568
1757662218,837643176
1757662218,838813752
1757662218,868485144
1757662218,876920424
1757662218,878472104
1757662218,884939176
1757662218,895524856
1757662218,898717576
1757662218,924185480
1757662218,939841736
1757662218,974325512
1757662219,13575960
1757662219,32393160
1757662219,46052152
1757662219,48768296
1757662219,59710008
1757662219,67840920
1757662219,87518488
1757662219,98587880
1757662219,101188632
1757662219,123892760
1757662219,130342040
1757662219,132129048
1757662219,155034984
1757662219,174193800
1757662219,199569272
1757662219,203220056
1757662219,211106136
1757662219,213055832
1757662219,235894424
1757662219,249436744
1757662219,251324920
1757662219,256866824
1757662219,297722168
1757662219,302693640
1757662219,311375544
1757662219,332262536
1757662219,364865128
1757662219,384395512
1757662219,387333928
1757662219,402408168
1757662219,408276808
1757662219,427808904
1757662219,458851464
1757662219,463620904
1757662219,467873752
1757662219,479848744
1757662219,496424616
1757662219,514353224
1757662219,541796984
1757662219,543963544
1757662219,547943752
1757662219,556152360
1757662219,557679720
1757662219,563985800
1757662219,566564584
1757662219,569339960
1757662219,583462104
1757662219,586804984
1757662219,618185272
1757662219,638004552
1757662219,641524216
1757662219,730438072
1757662219,757334696
1757662219,772610728
1757662219,786804120
1757662219,788243640
1757662219,792798024
1757662219,803148200
1757662219,805979432
1757662219,814550568
1757662219,821074664
1757662219,830897576
1757662219,836846216
1757662219,853424408
1757662219,888930696
1757662219,890044456
1757662219,899502696
1757662219,930344200
1757662219,943346504
1757662220,18308408
1757662220,20404248
1757662220,24998920
1757662220,31162104
1757662220,70598472
1757662220,86110376
1757662220,90926376
1757662220,102873320
1757662220,109324312
1757662220,137510280
1757662220,140691368
1757662220,143426008
1757662220,154593656
1757662220,158650312
1757662220,180187176
1757662220,196475544
1757662220,223800648
1757662220,230047160
1757662220,241993272
1757662220,244825288
1757662220,257822888
1757662220,266177384
1757662220,271504024
1757662220,356693576
1757662220,359644344
1757662220,364228440
1757662220,372000488
1757662220,394281768
1757662220,416289864
1757662220,452900248
1757662220,456424424
1757662220,487353288
1757662220,492924296
1757662220,494286136
1757662220,509842520
1757662220,513166568
1757662220,533374968
1757662220,539253000
1757662220,550501624
1757662220,563640584
1757662220,577091016
1757662220,601585496
1757662220,615879912
1757662220,643205832
1757662220,647421368
1757662220,650661160
1757662220,678958312
1757662220,691231576
1757662220,704552216
1757662220,711438904
1757662220,729631208
1757662220,738147480
1757662220,747491240
1757662220,794024696
1757662220,810259736
1757662220,813538632
1757662220,818037400
1757662220,846367256
1757662220,887361000
1757662220,907427288
1757662220,912770168
1757662220,937216744
1757662220,960262424
1757662220,969979224
1757662220,972372552
1757662220,974530360
1757662220,987705096
1757662221,16669768
1757662221,42215912
1757662221,46486472
1757662221,58305624
1757662221,61349832
1757662221,70777176
1757662221,79212360
1757662221,107980104
1757662221,120414216
1757662221,134546776
1757662221,141589192
1757662221,165989176
1757662221,169899576
1757662221,224387944
1757662221,265462456
1757662221,287334808
1757662221,290907336
1757662221,302822920
1757662221,311957512
1757662221,339276984
1757662221,341710328
1757662221,356971272
1757662221,374825272
1757662221,387473176
1757662221,390741480
1757662221,403772616
1757662221,406138840
1757662221,409038088
1757662221,449051624
1757662221,457890904
1757662221,461639016
1757662221,540449000
1757662221,542301160
1757662221,547500632
1757662221,552183832
1757662221,576849992
1757662221,650118040
1757662221,701712040
1757662221,732027256
1757662221,777270056
1757662221,814614792
1757662221,820896904
1757662221,822592696
1757662221,829835944
1757662221,854239560
1757662221,878733464
1757662221,903881560
1757662221,913272008
1757662221,928838248
1757662221,930427912
1757662221,943606040
1757662221,945470392
1757662221,962801816
1757662221,970726840
1757662221,991208472
1757662221,995237656
1757662222,24192616
1757662222,28419976
1757662222,54002040
1757662222,55133320
1757662222,60164072
1757662222,62605592
1757662222,71216248
1757662222,72903528
1757662222,90142968
1757662222,105806712
1757662222,133615320
1757662222,158776824
1757662222,167896616
1757662222,169494376
1757662222,179781432
1757662222,182558616
1757662222,184589496
1757662222,210227816
1757662222,218996680
1757662222,232553992
1757662222,271285432
1757662222,273772200
1757662222,317659880
1757662222,320904632
1757662222,327011096
1757662222,338340504
1757662222,342527672
1757662222,359519256
1757662222,365905832
1757662222,367431496
1757662222,424045144
1757662222,445332952
1757662222,447355048
1757662222,458617144
1757662222,477665896
1757662222,498571960
1757662222,506729448
1757662222,511689384
1757662222,534695992
1757662222,595558744
1757662222,604473624
1757662222,612988904
1757662222,656441544
1757662222,667848072
1757662222,670967112
1757662222,680801512
1757662222,683578776
1757662222,708021928
1757662222,763590584
1757662222,780837928
1757662222,785244504
1757662222,829259816
1757662222,831459928
1757662222,833873272
1757662222,848863480
1757662222,859365976
1757662222,873782920
1757662222,886737176
1757662222,888981720
1757662222,896268632
1757662222,899703672
1757662222,928510152
1757662222,957820904
1757662222,962498696
1757662222,978876872
1757662222,983808312
1757662222,989337720
1757662222,999261944
1757662223,15518840
1757662223,38893592
1757662223,41064248
1757662223,43617208
1757662223,85533912
1757662223,123349112
1757662223,129693352
1757662223,133586056
1757662223,144680248
1757662223,169794840
1757662223,190967304
1757662223,203854632
1757662223,250064008
1757662223,256546520
1757662223,281137544
1757662223,289712728
1757662223,307143720
1757662223,318911400
1757662223,322896952
1757662223,331571304
1757662223,343099656
1757662223,357777688
1757662223,366325320
1757662223,373720168
1757662223,392687448
1757662223,398861496
1757662223,418380280
1757662223,431465080
1757662223,452862456
1757662223,475317080
1757662223,478374168
1757662223,485501352
1757662223,495816552
1757662223,497756488
1757662223,501660536
1757662223,527459960
1757662223,552970904
1757662223,555108856
1757662223,579486776
1757662223,581347288
1757662223,584488344
1757662223,614951928
1757662223,636120488
1757662223,643057928
1757662223,670522888
1757662223,685281192
1757662223,720243208
1757662223,769302872
1757662223,780460616
1757662223,783494776
1757662223,794238696
1757662223,801782024
1757662223,805753080
1757662223,812778280
1757662223,818380696
1757662223,823513624
1757662223,831446856
1757662223,842348120
1757662223,850418616
1757662223,875519368
1757662223,888632760
1757662223,891771976
1757662223,913708936
1757662223,937272120
1757662223,952860008
1757662223,954718280
1757662223,978633928
1757662223,983948216
1757662223,989626120
1757662224,1644648
1757662224,5891256
1757662224,9778952
1757662224,17428712
1757662224,20111224
1757662224,28242248
1757662224,50023944
1757662224,52255096
1757662224,56617928
1757662224,71692648
1757662224,115740232
1757662224,147276568
1757662224,156026680
1757662224,158438664
1757662224,225529080
1757662224,227473096
1757662224,250384376
1757662224,252694488
1757662224,255120264
1757662224,264733496
1757662224,273617000
1757662224,275962520
1757662224,280133848
1757662224,283962568
1757662224,287055160
1757662224,293652520
1757662224,297297032
1757662224,320639640
1757662224,349239544
1757662224,350760408
1757662224,383019864
1757662224,401995256
1757662224,403475768
1757662224,418868520
1757662224,429655400
1757662224,436758840
1757662224,440240696
1757662224,441775928
1757662224,451978568
1757662224,478987960
1757662224,489959400
1757662224,506293896
1757662224,515585352
1757662224,536873320
1757662224,541906776
1757662224,575465512
1757662224,601436264
1757662224,615121208
1757662224,620929240
1757662224,633170616
1757662224,645834120
1757662224,652000088
1757662224,664911896
1757662224,666193800
1757662224,667473608
1757662224,669657256
1757662224,674987496
1757662224,685433112
1757662224,687372200
1757662224,690850056
1757662224,712163016
1757662224,775532344
1757662224,799129864
1757662224,801985720
1757662224,807850632
1757662224,811546776
1757662224,823486408
1757662224,881376584
1757662224,883404360
1757662224,889522040
1757662224,899107816
1757662224,900526712
1757662224,904218568
1757662224,911836536
1757662224,935078680
1757662224,952263496
1757662224,958882440
1757662224,977159208
1757662224,984949496
1757662224,993862504
1757662224,995771272
1757662225,15801736
1757662225,25899912
1757662225,50650104
1757662225,52279160
1757662225,55196408
1757662225,63599112
1757662225,80186232
1757662225,105921976
1757662225,134548456
1757662225,152720968
1757662225,161584552
1757662225,188448296
1757662225,201572136
1757662225,226379816
1757662225,227520600
1757662225,230099304
1757662225,232612104
1757662225,254979560
1757662225,264170424
1757662225,273015176
1757662225,275644776
1757662225,296884712
1757662225,312383432
1757662225,321934360
1757662225,327166808
1757662225,330340968
1757662225,331698008
1757662225,358625784
1757662225,394311112
1757662225,409110072
1757662225,430136824
1757662225,437809672
1757662225,447570008
1757662225,450647784
1757662225,461984504
1757662225,494052248
1757662225,497039608
1757662225,507856280
1757662225,513402824
1757662225,526987848
1757662225,538876520
1757662225,584198600
1757662225,598270920
1757662225,600542392
1757662225,602674408
1757662225,614345544
1757662225,619543480
1757662225,626100136
1757662225,630253016
1757662225,646256760
1757662225,689949544
1757662225,697383512
1757662225,704819352
1757662225,747569320
1757662225,761814424
1757662225,771458408
1757662225,774625720
1757662225,789296424
1757662225,832286696
1757662225,837483864
1757662225,849712760
1757662225,885969096
1757662225,945413112
1757662225,950359560
1757662225,951707304
1757662225,965588264
1757662225,968189960
1757662226,8237288
1757662226,20868856
1757662226,33512792
1757662226,35567672
1757662226,43563240
1757662226,53225448
1757662226,64349480
1757662226,65741576
1757662226,91751864
1757662226,146368440
1757662226,180372936
1757662226,186951112
1757662226,202255160
1757662226,219797048
1757662226,255322664
1757662226,258104120
1757662226,290942712
1757662226,329449048
1757662226,344111384
1757662226,374650392
1757662226,390947496
1757662226,399942264
1757662226,432375672
1757662226,470240936
1757662226,475723368
1757662226,516251112
1757662226,531068232
1757662226,537205560
1757662226,541511176
1757662226,547680888
1757662226,549337304
1757662226,577822936
1757662226,583427176
1757662226,626909064
1757662226,656080872
1757662226,667276904
1757662226,676369896
1757662226,688765288
1757662226,716844168
1757662226,727814568
1757662226,756985672
1757662226,765024536
1757662226,766070216
1757662226,774790808
1757662226,779122984
1757662226,785753336
1757662226,789774856
1757662226,793320296
1757662226,843346792
1757662226,851182824
1757662226,855809384
1757662226,861843976
1757662226,887339800
1757662226,896820104
1757662226,904020744
1757662226,905649544
1757662226,912608312
1757662226,933683624
1757662226,941828696
1757662226,950254136
1757662226,958067928
1757662226,979888344
1757662226,985238392
1757662227,7189432
1757662227,33037384
1757662227,71553848
1757662227,74327560
1757662227,80260408
1757662227,81479720
1757662227,91047976
1757662227,104938536
1757662227,115409112
1757662227,125221544
1757662227,165138728
1757662227,175961208
1757662227,181842376
1757662227,191377592
1757662227,204225432
1757662227,211972424
1757662227,217248072
1757662227,224110040
1757662227,238725592
1757662227,254438344
1757662227,258031288
1757662227,278381912
1757662227,282802760
1757662227,292616360
1757662227,298499928
1757662227,312219896
1757662227,327737688
1757662227,331997656
1757662227,336755064
1757662227,376503064
1757662227,403726136
1757662227,412710280
1757662227,430001624
1757662227,436500712
1757662227,440939160
1757662227,458271464
1757662227,463477208
1757662227,467274712
1757662227,469941496
1757662227,496361528
1757662227,500321112
1757662227,521765656
1757662227,522863368
1757662227,544020792
1757662227,563971032
1757662227,581425400
1757662227,586663832
1757662227,623980936
1757662227,629460472
1757662227,633688504
1757662227,658918504
1757662227,689939368
1757662227,711709192
1757662227,716501624
1757662227,730160072
1757662227,765789592
1757662227,824353912
1757662227,838917160
1757662227,860740088
1757662227,883094552
1757662227,911962584
1757662227,918433144
1757662227,934202760
1757662227,966807352
1757662227,974168056
1757662227,981683224
1757662227,989185912
1757662227,994612568
1757662228,6889912
1757662228,17849080
1757662228,65675576
1757662228,68900120
1757662228,72881496
1757662228,95394472
1757662228,96605864
1757662228,121727560
1757662228,125073720
1757662228,134523000
1757662228,153147880
1757662228,156394312
1757662228,191178344
1757662228,200459896
1757662228,209231656
1757662228,226619512
1757662228,231516408
1757662228,262544376
1757662228,265947640
1757662228,274276088
1757662228,278597192
1757662228,293317592
1757662228,305555128
1757662228,307891672
1757662228,312116056
1757662228,335378952
1757662228,386623160
1757662228,389779368
1757662228,397871960
1757662228,401332072
1757662228,419592840
1757662228,432035224
1757662228,484990408
1757662228,496423560
1757662228,505691160
1757662228,587970984
1757662228,600193000
1757662228,612534632
1757662228,622402520
1757662228,627333672
1757662228,632993656
1757662228,671799528
1757662228,697372200
1757662228,714048808
1757662228,720694616
1757662228,738405912
1757662228,741217528
1757662228,757815496
1757662228,767909528
1757662228,786264712
1757662228,792381128
1757662228,798541048
1757662228,804631720
1757662228,821075240
1757662228,843514952
1757662228,850266856
1757662228,851713992
1757662228,855463352
1757662228,864788248
1757662228,887037032
1757662228,923229432
1757662228,952879032
1757662228,961074056
1757662228,979827704
1757662228,992867384
1757662229,3292088
1757662229,5780584
1757662229,9165928
1757662229,26139624
1757662229,33228184
1757662229,39320936
1757662229,51444456
1757662229,54575928
1757662229,59370920
1757662229,60912456
1757662229,78519576
1757662229,96276040
1757662229,98661128
1757662229,100849112
1757662229,113939704
1757662229,116083880
1757662229,136248952
1757662229,143412952
1757662229,149807800
1757662229,153358440
1757662229,173597640
1757662229,197294808
1757662229,205119288
1757662229,225778728
1757662229,246397288
1757662229,261668296
1757662229,263187464
1757662229,268674264
1757662229,273850872
1757662229,291737352
1757662229,319160056
1757662229,332867160
1757662229,360779672
1757662229,397498376
1757662229,405022056
1757662229,407766024
1757662229,409732216
1757662229,419445080
1757662229,424935384
1757662229,440877880
1757662229,450494392
1757662229,457355624
1757662229,468395896
1757662229,486123256
1757662229,506731320
1757662229,509374232
1757662229,518876776
1757662229,546040376
1757662229,555369480
1757662229,579942728
1757662229,621402728
1757662229,639629496
1757662229,645210856
1757662229,671090632
1757662229,687005704
1757662229,716327752
1757662229,722844872
1757662229,761102456
1757662229,790103944
1757662229,796580952
1757662229,804736152
1757662229,832686744
1757662229,842508728
1757662229,849450744
1757662229,873153720
1757662229,885140536
1757662229,887012120
1757662229,900024312
1757662229,986907448
1757662229,995421480
1757662230,722808
1757662230,12902616
1757662230,22099592
1757662230,52109720
1757662230,54353128
1757662230,56775496
1757662230,58204696
1757662230,60942136
1757662230,73579208
1757662230,86026840
1757662230,89657112
1757662230,103377560
1757662230,124400776
1757662230,126414024
1757662230,129687624
1757662230,143019448
1757662230,164350264
1757662230,169529960
1757662230,179684920
1757662230,182803800
1757662230,193050504
1757662230,224940488
1757662230,235244056
1757662230,244377352
1757662230,257377064
1757662230,270597480
1757662230,285532312
1757662230,300475688
1757662230,342561512
1757662230,394275992
1757662230,416167912
1757662230,425344344
1757662230,458662504
1757662230,460360184
1757662230,463430312
1757662230,470512072
1757662230,501176264
1757662230,519107496
1757662230,553728504
1757662230,582944376
1757662230,604597016
1757662230,609527480
1757662230,637738040
1757662230,659100056
1757662230,684381512
1757662230,691377384
1757662230,693305240
1757662230,734458104
1757662230,748928120
1757662230,802849368
1757662230,809588840
1757662230,830445640
1757662230,834784104
1757662230,880182376
1757662230,904952840
1757662230,906949640
1757662230,916105304
1757662230,926906312
1757662230,928306440
1757662230,930513432
1757662230,946539064
1757662230,953071064
1757662230,954373832
1757662230,961638120
1757662230,988437736
1757662230,990167224
1757662231,1173752
1757662231,7998280
1757662231,21649688
1757662231,22721544
1757662231,25811832
1757662231,27397704
1757662231,30629144
1757662231,36542648
1757662231,45258280
1757662231,58366072
1757662231,65072728
1757662231,70052264
1757662231,73880600
1757662231,87648712
1757662231,108113560
1757662231,122558328
1757662231,145659320
1757662231,156399464
1757662231,174197880
1757662231,180572936
1757662231,220734264
1757662231,231530216
1757662231,238554904
1757662231,242028536
1757662231,269584248
1757662231,273886760
1757662231,278453528
1757662231,286687384
1757662231,289508552
1757662231,303810488
1757662231,314225320
1757662231,345165704
1757662231,373979288
1757662231,405073304
1757662231,407379400
1757662231,412548568
1757662231,416274488
1757662231,422506776
1757662231,446917416
1757662231,467061672
1757662231,490442952
1757662231,492505240
1757662231,534306792
1757662231,538670760
1757662231,540613832
1757662231,559056088
1757662231,591109624
1757662231,610986488
1757662231,614300744
1757662231,656044856
1757662231,657256840
1757662231,663879352
1757662231,674006200
1757662231,677602408
1757662231,724624360
1757662231,726639912
1757662231,739571944
1757662231,745696216
1757662231,784789096
1757662231,801452824
1757662231,803199576
1757662231,808651144
1757662231,812965704
1757662231,819385640
1757662231,831471704
1757662231,834854392
1757662231,872273816
1757662231,874841944
1757662231,893308056
1757662231,902804040
1757662231,922243112
1757662231,924256184
1757662231,939992552
1757662231,966678984
1757662231,970012216
1757662232,3318392
1757662232,6438120
1757662232,9069880
1757662232,20604584
1757662232,31661496
1757662232,39597096
1757662232,41348200
1757662232,45084088
1757662232,59498088
1757662232,65925256
1757662232,67512856
1757662232,75819624
1757662232,85855432
1757662232,92955960
1757662232,114946728
1757662232,119644296
1757662232,131455400
1757662232,138806136
1757662232,145274312
1757662232,162126648
1757662232,206378168
1757662232,215009944
1757662232,273232552
1757662232,294859032
1757662232,297764264
1757662232,326357896
1757662232,333091320
1757662232,342363528
1757662232,364585288
1757662232,367447912
1757662232,369768696
1757662232,381210952
1757662232,385684232
1757662232,388320664
1757662232,394006648
1757662232,404133592
1757662232,405689912
1757662232,411687224
1757662232,445527096
1757662232,448088936
1757662232,460583224
1757662232,473902776
1757662232,475660232
1757662232,538630088
1757662232,545291240
1757662232,561837976
1757662232,565006840
1757662232,571396456
1757662232,589538584
1757662232,596625752
1757662232,636282808
1757662232,651178344
1757662232,663745144
1757662232,684457624
1757662232,695683304
1757662232,714675144
1757662232,723669144
1757662232,727908264
1757662232,740885512
1757662232,750021992
1757662232,761287720
1757662232,776927512
1757662232,793183448
1757662232,812874792
1757662232,830083096
1757662232,878543528
1757662232,891780536
1757662232,902862184
1757662232,918142104
1757662232,919508168
1757662232,921313448
1757662232,932570520
1757662232,934958120
1757662232,950946664
1757662232,959953304
1757662232,967853336
1757662232,972724632
1757662232,980730328
1757662233,5720600
1757662233,26586328
1757662233,29522040
1757662233,48027976
1757662233,70957240
1757662233,78298888
1757662233,79819736
1757662233,91096360
1757662233,94443736
1757662233,105296120
1757662233,106945784
1757662233,115392920
1757662233,125895336
1757662233,146746936
1757662233,165031208
1757662233,186167272
1757662233,230310184
1757662233,264796856
1757662233,273704520
1757662233,279200216
1757662233,315284616
1757662233,359118440
1757662233,360445368
1757662233,391770792
1757662233,423363768
1757662233,446357912
1757662233,448002632
1757662233,493712328
1757662233,508772968
1757662233,517746152
1757662233,520165656
1757662233,528260120
1757662233,541894120
1757662233,557104616
1757662233,608462696
1757662233,610634984
1757662233,613323784
1757662233,624607768
1757662233,634454728
1757662233,644353256
1757662233,705708392
1757662233,727762664
1757662233,731218360
1757662233,759773400
1757662233,798316264
1757662233,812892024
1757662233,851949640
1757662233,866866600
1757662233,883492968
1757662233,938874488
1757662233,951420312
1757662233,998527288
1757662234,5304712
1757662234,23552296
1757662234,39110664
1757662234,74967448
1757662234,79363640
1757662234,92176280
1757662234,120118536
1757662234,125038008
1757662234,128320568
1757662234,148961624
1757662234,165635880
1757662234,167986088
1757662234,193680440
1757662234,200057880
1757662234,204765640
1757662234,216584728
1757662234,233698072
1757662234,235824904
1757662234,250559384
1757662234,253144808
1757662234,259077816
1757662234,277262776
1757662234,290648200
1757662234,333501176
1757662234,335019608
1757662234,359392216
1757662234,370309752
1757662234,373126520
1757662234,386175992
1757662234,407528424
1757662234,418338120
1757662234,424943064
1757662234,453431544
1757662234,467128200
1757662234,478808712
1757662234,482666776
1757662234,484726600
1757662234,491909400
1757662234,501491320
1757662234,509606856
1757662234,511554744
1757662234,520922184
1757662234,526005880
1757662234,533344648
1757662234,568692328
1757662234,570239992
1757662234,576889608
1757662234,578083752
1757662234,583175144
1757662234,596224888
1757662234,598247160
1757662234,615990680
1757662234,646114648
1757662234,665965160
1757662234,668175960
1757662234,678682200
1757662234,694118280
1757662234,707051640
1757662234,714783352
1757662234,732775000
1757662234,734358840
1757662234,748531944
1757662234,779125560
1757662234,785651096
1757662234,795882968
1757662234,799673672
1757662234,807604184
1757662234,858486424
1757662234,889024264
1757662234,892908264
1757662234,911960552
1757662234,914970856
1757662234,916745000
1757662234,918420152
1757662234,953945144
1757662234,958060072
1757662234,971605672
1757662234,976999816
1757662234,980480904
1757662235,10690408
1757662235,25195608
1757662235,57224392
1757662235,86967384
1757662235,88030280
1757662235,101904280
1757662235,123099000
1757662235,137700552
1757662235,148102552
1757662235,159988072
1757662235,166794968
1757662235,172453368
1757662235,188764856
1757662235,207227304
1757662235,215658984
1757662235,226037576
1757662235,235048328
1757662235,258290824
1757662235,285673976
1757662235,300464200
1757662235,305753864
1757662235,312309640
1757662235,316616824
1757662235,317800744
1757662235,324243464
1757662235,332015336
1757662235,361625720
1757662235,364907416
1757662235,380656888
1757662235,390840104
1757662235,403957128
1757662235,413560632
1757662235,432368904
1757662235,437182968
1757662235,439349832
1757662235,472997992
1757662235,515680296
1757662235,520029704
1757662235,538877528
1757662235,543817864
1757662235,547368568
1757662235,550616024
1757662235,551823512
1757662235,566024264
1757662235,603552424
1757662235,608832808
1757662235,645994392
1757662235,660573112
1757662235,663429528
1757662235,674554776
1757662235,678862472
1757662235,691631000
1757662235,712836920
1757662235,741016680
1757662235,750467544
1757662235,752494232
1757662235,754589512
1757662235,805824440
1757662235,814323416
1757662235,818699496
1757662235,834571704
1757662235,841155240
1757662235,846715416
1757662235,864476824
1757662235,883616360
1757662235,886383976
1757662235,888795720
1757662235,921120488
1757662235,925706216
1757662235,938185992
1757662235,944557528
1757662235,951849320
1757662235,967545016
1757662235,969630616
1757662236,19181560
1757662236,32880520
1757662236,58303880
1757662236,82554840
1757662236,108852120
1757662236,114552920
1757662236,133023800
1757662236,141989016
1757662236,143576600
1757662236,194100872
1757662236,200400424
1757662236,216468968
1757662236,285791224
1757662236,297264808
1757662236,305052728
1757662236,311128008
1757662236,314713960
1757662236,328949576
1757662236,346238088
1757662236,367739704
1757662236,370682104
1757662236,376832568
1757662236,380542232
1757662236,387885352
1757662236,410332648
1757662236,417270888
1757662236,422750200
1757662236,426726392
1757662236,447935144
1757662236,477120312
1757662236,482730648
1757662236,491095672
1757662236,508511016
1757662236,519342856
1757662236,542177688
1757662236,551809000
1757662236,609016856
1757662236,619021608
1757662236,659496536
1757662236,681418200
1757662236,693200456
1757662236,696560456
1757662236,707880248
1757662236,725156952
1757662236,734068520
1757662236,748010792
1757662236,772266392
1757662236,797061480
1757662236,801874856
1757662236,804085304
1757662236,814170056
1757662236,828070200
1757662236,834838552
1757662236,867439960
1757662236,876732456
1757662236,899564632
1757662236,911936168
1757662236,919057080
1757662236,929549816
1757662236,955140328
1757662236,967794696
1757662236,976163352
1757662236,982705944
1757662236,986460840
1757662236,990663576
1757662237,13906248
1757662237,26559672
1757662237,49667576
1757662237,55561224
1757662237,64219432
1757662237,76542296
1757662237,82146120
1757662237,107863944
1757662237,110784088
1757662237,112766088
1757662237,127743368
1757662237,130849176
1757662237,154850504
1757662237,171515960
1757662237,188040456
1757662237,210171400
1757662237,218448056
1757662237,242354648
1757662237,246237160
1757662237,248199112
1757662237,260131432
1757662237,271313432
1757662237,290298792
1757662237,322287976
1757662237,328180328
1757662237,338608920
1757662237,344135032
1757662237,348102408
1757662237,357305944
1757662237,372466104
1757662237,375787400
1757662237,380787688
1757662237,403506984
1757662237,430472888
1757662237,457717416
1757662237,462342424
1757662237,466826056
1757662237,497645128
1757662237,500110616
1757662237,507669320
1757662237,509364296
1757662237,519328008
1757662237,529065656
1757662237,555487352
1757662237,574714392
1757662237,587764232
1757662237,608642200
1757662237,620086856
1757662237,634463448
1757662237,636605976
1757662237,673747896
1757662237,685003272
1757662237,686463736
1757662237,690690424
1757662237,714861576
1757662237,738371512
1757662237,739887784
1757662237,747191288
1757662237,779615080
1757662237,799074600
1757662237,808061048
1757662237,823079608
1757662237,834025016
1757662237,909765032
1757662237,911747784
1757662237,916812600
1757662237,932684760
1757662237,940112392
1757662237,975965720
1757662237,978875928
1757662237,987748520
1757662238,5581976
1757662238,58933768
1757662238,65906504
1757662238,68346584
1757662238,90629336
1757662238,92834728
1757662238,117695944
1757662238,156949816
1757662238,160247896
1757662238,164189608
1757662238,171243688
1757662238,193737800
1757662238,258689832
1757662238,266164296
1757662238,269169528
1757662238,273468792
1757662238,278612696
1757662238,286921128
1757662238,301282840
1757662238,304298232
1757662238,305938456
1757662238,309726776
1757662238,313906792
1757662238,321664616
1757662238,331485080
1757662238,341319752
1757662238,363645160
1757662238,374984392
1757662238,377713096
1757662238,385689336
1757662238,398509352
1757662238,402925720
1757662238,425881400
1757662238,439395928
1757662238,442010824
1757662238,470489832
1757662238,486018664
1757662238,491580968
1757662238,507853864
1757662238,513264136
1757662238,514581816
1757662238,516349736
1757662238,521795096
1757662238,523783048
1757662238,525347464
1757662238,533224344
1757662238,572831768
1757662238,577882152
1757662238,580480520
1757662238,584345176
1757662238,586579560
1757662238,594773624
1757662238,620315400
1757662238,660297688
1757662238,689475992
1757662238,696742072
1757662238,710005640
1757662238,725872376
1757662238,741082600
1757662238,780145384
1757662238,791806168
1757662238,837035208
1757662238,852969608
1757662238,874306952
1757662238,877273880
1757662238,879605208
1757662238,893254808
1757662238,897617768
1757662238,905234952
1757662238,943903944
1757662238,957571352
1757662238,981160744
1757662238,986255240
1757662238,988609752
1757662238,995396408
1757662238,996550520
1757662239,2527432
1757662239,54950840
1757662239,69157416
1757662239,71097016
1757662239,73088776
1757662239,81337064
1757662239,99562504
1757662239,107991960
1757662239,125738024
1757662239,151937016
1757662239,153966536
1757662239,161532664
1757662239,179110968
1757662239,181433736
1757662239,184006952
1757662239,193493880
1757662239,258470744
1757662239,286486696
1757662239,299179656
1757662239,307224280
1757662239,317823528
1757662239,319370776
1757662239,355867592
1757662239,361722664
1757662239,384884056
1757662239,404233976
1757662239,450655928
1757662239,472953048
1757662239,480262264
1757662239,484839864
1757662239,512612856
1757662239,524344280
1757662239,538741736
1757662239,558085912
1757662239,577757656
1757662239,583457496
1757662239,590432440
1757662239,599404920
1757662239,602400616
1757662239,610164904
1757662239,613330584
1757662239,615491544
1757662239,619838008
1757662239,621407720
1757662239,654430344
1757662239,664606040
1757662239,692174456
1757662239,695575928
1757662239,709895656
1757662239,734405272
1757662239,759243624
1757662239,778739432
1757662239,817769448
1757662239,823257352
1757662239,826547432
1757662239,843170232
1757662239,860720888
1757662239,863472808
1757662239,868116328
1757662239,882987128
1757662239,902317848
1757662239,912285464
1757662239,920022264
1757662239,927174440
1757662239,941151448
1757662239,947291464
1757662239,961757400
1757662239,964194648
1757662239,988783848
1757662239,990723976
1757662239,995184808
1757662239,996501448
1757662239,999076456
1757662240,2538312
1757662240,7442328
1757662240,10134536
1757662240,16910680
1757662240,25608040
1757662240,34332072
1757662240,37203000
1757662240,43527208
1757662240,45626760
1757662240,91609048
1757662240,97941144
1757662240,110303672
1757662240,122713352
1757662240,130113768
1757662240,142939848
1757662240,170540168
1757662240,180364232
1757662240,185332360
1757662240,195485720
1757662240,200949416
1757662240,209970024
1757662240,223363688
1757662240,234492200
1757662240,243879688
1757662240,268868680
1757662240,275886152
1757662240,295187432
1757662240,328988312
1757662240,356897272
1757662240,366955592
1757662240,371871576
1757662240,401031096
1757662240,408452728
1757662240,419350184
1757662240,458682344
1757662240,461868568
1757662240,469821448
1757662240,473207064
1757662240,502123352
1757662240,507074312
1757662240,516891240
1757662240,584846024
1757662240,595715928
1757662240,599613464
1757662240,602829752
1757662240,605270760
1757662240,651879144
1757662240,664101640
1757662240,671506696
1757662240,684525608
1757662240,692268840
1757662240,695578504
1757662240,699779048
1757662240,713193800
1757662240,715471864
1757662240,747714616
1757662240,756097256
1757662240,760639752
1757662240,768543768
1757662240,774244408
1757662240,778766264
1757662240,806795352
1757662240,814753784
1757662240,828702504
1757662240,843494456
1757662240,855553064
1757662240,858246680
1757662240,874477832
1757662240,880270872
1757662240,944561400
1757662240,967327112
1757662240,971884456
1757662240,977507832
1757662240,999977976
1757662241,30950056
1757662241,49264360
1757662241,50610808
1757662241,62615816
1757662241,101181608
1757662241,110623656
1757662241,115684424
1757662241,132630392
1757662241,140291688
1757662241,147586616
1757662241,155391544
1757662241,181362712
1757662241,186783480
1757662241,207275928
1757662241,220904920
1757662241,227491112
1757662241,232099176
1757662241,247807160
1757662241,262501768
1757662241,265136232
1757662241,271820616
1757662241,314416168
1757662241,318630808
1757662241,348673576
1757662241,364354408
1757662241,383504152
1757662241,421232744
1757662241,435419320
1757662241,454591608
1757662241,468400456
1757662241,477780536
1757662241,496858536
1757662241,619750520
1757662241,621343368
1757662241,624457800
1757662241,626039928
1757662241,661389016
1757662241,694133736
1757662241,711355912
1757662241,715426104
1757662241,748291320
1757662241,753637128
1757662241,802870376
1757662241,813379000
1757662241,838527880
1757662241,841535864
1757662241,862281752
1757662241,866687640
1757662241,885720920
1757662241,895818664
1757662241,897123992
1757662241,947880184
1757662241,955221320
1757662241,960503112
1757662241,970163560
1757662241,974575256
1757662241,993321064
1757662242,3065288
1757662242,18157912
1757662242,32636152
1757662242,59413096
1757662242,73173864
1757662242,96464168
1757662242,99219736
1757662242,129824264
1757662242,134696392
1757662242,139348168
1757662242,141035992
1757662242,148891112
1757662242,172094664
1757662242,197807864
1757662242,209794600
1757662242,217136232
1757662242,225159112
1757662242,236113912
1757662242,260859352
1757662242,272962920
1757662242,310739080
1757662242,346654824
1757662242,373858664
1757662242,392443576
1757662242,395498632
1757662242,420192808
1757662242,423214520
1757662242,437337752
1757662242,481135816
1757662242,486983032
1757662242,496380232
1757662242,521604184
1757662242,549569320
1757662242,552954024
1757662242,563282312
1757662242,588231896
1757662242,604869320
1757662242,614079288
1757662242,625907272
1757662242,651453816
1757662242,676591032
1757662242,720622296
1757662242,724391240
1757662242,759267784
1757662242,768094264
1757662242,770050584
1757662242,774479208
1757662242,790413576
1757662242,814436648
1757662242,865396776
1757662242,867797704
1757662242,889803096
1757662242,902649912
1757662242,910628920
1757662242,922020408
1757662242,931352456
1757662242,937245640
1757662242,940955048
1757662242,953700168
1757662243,14537400
1757662243,59075720
1757662243,119422104
1757662243,154678232
1757662243,166642504
1757662243,169940040
1757662243,183576440
1757662243,196104808
1757662243,200571912
1757662243,216140168
1757662243,246767896
1757662243,248697240
1757662243,254553560
1757662243,263125352
1757662243,265526536
1757662243,269857336
1757662243,284127640
1757662243,290594808
1757662243,313596360
1757662243,319733832
1757662243,359756008
1757662243,360899304
1757662243,372518616
1757662243,418014904
1757662243,423383976
1757662243,425655704
1757662243,442896936
1757662243,486512344
1757662243,492204824
1757662243,503633640
1757662243,507281640
1757662243,519457192
1757662243,548102056
1757662243,561765800
1757662243,563681560
1757662243,572382872
1757662243,577031160
1757662243,578678280
1757662243,580568216
1757662243,600875864
1757662243,602635064
1757662243,629266616
1757662243,641562968
1757662243,665313800
1757662243,676882088
1757662243,686584632
1757662243,692273080
1757662243,697251976
1757662243,735171576
1757662243,743252584
1757662243,762177368
1757662243,766537608
1757662243,769742728
1757662243,773779432
1757662243,784859048
1757662243,787613352
1757662243,793028072
1757662243,795000712
1757662243,801776904
1757662243,829704616
1757662243,874251992
1757662243,894651384
1757662243,899773400
1757662243,934711800
1757662243,954990200
1757662243,992173416
1757662244,26140712
1757662244,32973848
1757662244,43552200
1757662244,48734664
1757662244,61499752
1757662244,63144232
1757662244,67454552
1757662244,81025224
1757662244,118090488
1757662244,120897688
1757662244,127458216
1757662244,129263560
1757662244,166212488
1757662244,183905528
1757662244,198009256
1757662244,218486264
1757662244,232091000
1757662244,244818136
1757662244,249120568
1757662244,250328984
1757662244,268992872
1757662244,274294072
1757662244,297543352
1757662244,299223976
1757662244,304672072
1757662244,305721752
1757662244,310185176
1757662244,333729256
1757662244,356974152
1757662244,429194888
1757662244,444712456
1757662244,459555656
1757662244,467413480
1757662244,474116232
1757662244,478472024
1757662244,533008408
1757662244,578293880
1757662244,604094456
1757662244,624848504
1757662244,630107432
1757662244,660634744
1757662244,675895304
1757662244,681527832
1757662244,684578184
1757662244,689315688
1757662244,693074568
1757662244,717579320
1757662244,726191704
1757662244,738409848
1757662244,758579672
1757662244,761616776
1757662244,770918024
1757662244,782599976
1757662244,798026536
1757662244,803098312
1757662244,832219272
1757662244,846922152
1757662244,849064040
1757662244,864409560
1757662244,872354792
1757662244,877225288
1757662244,916116184
1757662244,924225816
1757662244,962413080
1757662244,965420552
1757662244,968920392
1757662244,994391480
1757662245,15731736
1757662245,37803448
1757662245,44275512
1757662245,69475624
1757662245,71879016
1757662245,79256584
1757662245,88949784
1757662245,94466728
1757662245,161867800
1757662245,171870584
1757662245,206963416
1757662245,242393064
1757662245,280714312
1757662245,284953736
1757662245,314440056
1757662245,319448632
1757662245,352163864
1757662245,378029160
1757662245,382367464
1757662245,386917496
1757662245,388806712
1757662245,400029560
1757662245,448933928
1757662245,466265208
1757662245,467820248
1757662245,472774456
1757662245,490255448
1757662245,522413896
1757662245,534431768
1757662245,542871016
1757662245,545904104
1757662245,551247032
1757662245,561774584
1757662245,568113256
1757662245,573372840
1757662245,579869816
1757662245,581299560
1757662245,593904664
1757662245,615229992
1757662245,618542248
1757662245,627018744
1757662245,632422504
1757662245,642583864
1757662245,677996056
1757662245,691016920
1757662245,709683576
1757662245,745342344
1757662245,752657608
1757662245,779520616
1757662245,815313016
1757662245,818176504
1757662245,820305688
1757662245,825940392
1757662245,838034680
1757662245,872643208
1757662245,909126760
1757662245,913889576
1757662245,946360040
1757662245,951420232
1757662245,953277032
1757662245,956630344
1757662245,961399656
1757662245,967698072
1757662245,977641000
1757662245,980520744
1757662246,57953320
1757662246,61709000
1757662246,70504168
1757662246,94004840
1757662246,117566408
1757662246,132360040
1757662246,135819512
1757662246,138778616
1757662246,141119160
1757662246,147324152
1757662246,151457480
1757662246,153918664
1757662246,165552120
1757662246,171505640
1757662246,179984936
1757662246,185483544
1757662246,193357640
1757662246,215409752
1757662246,228208216
1757662246,234943240
1757662246,236145896
1757662246,249269624
1757662246,254572600
1757662246,256839096
1757662246,263794888
1757662246,270706424
1757662246,272058024
1757662246,273607656
1757662246,278047128
1757662246,314436168
1757662246,323899832
1757662246,343916984
1757662246,379482280
1757662246,407179176
1757662246,415997128
1757662246,419194872
1757662246,422275608
1757662246,471439208
1757662246,476720424
1757662246,492124184
1757662246,521489848
1757662246,529264168
1757662246,530524968
1757662246,549983800
1757662246,572377048
1757662246,591365928
1757662246,604402488
1757662246,613828808
1757662246,622511608
1757662246,631976056
1757662246,646077016
1757662246,670109640
1757662246,678268408
1757662246,687305928
1757662246,694713784
1757662246,723293784
1757662246,732778152
1757662246,751466712
1757662246,757282008
1757662246,761400344
1757662246,776090600
1757662246,836518216
1757662246,838004968
1757662246,853195064
1757662246,858004024
1757662246,877515016
1757662246,890096776
1757662246,903602632
1757662246,905782136
1757662246,908925912
1757662246,942955352
1757662246,965513720
1757662246,979775032
1757662246,983213848
1757662246,984377112
1757662246,995446920
1757662247,355704
1757662247,44534280
1757662247,51657512
1757662247,60317896
1757662247,64282632
1757662247,95713944
1757662247,102052296
1757662247,194774056
1757662247,201253080
1757662247,210945048
1757662247,231467832
1757662247,236205160
1757662247,253500936
1757662247,282218072
1757662247,292510360
1757662247,295073864
1757662247,301138040
1757662247,305408152
1757662247,307191480
1757662247,318579048
1757662247,339917240
1757662247,364297656
1757662247,367265272
1757662247,371101528
1757662247,375312072
1757662247,380982264
1757662247,400301000
1757662247,403468408
1757662247,406272104
1757662247,425372392
1757662247,443351512
1757662247,461983608
1757662247,470048792
1757662247,474301496
1757662247,477598408
1757662247,481867992
1757662247,491635528
1757662247,526381336
1757662247,559700072
1757662247,574849192
1757662247,598315160
1757662247,636560024
1757662247,648400808
1757662247,656023112
1757662247,659731544
1757662247,682594136
1757662247,684089752
1757662247,713474040
1757662247,717481496
1757662247,720761448
1757662247,744493880
1757662247,749733352
1757662247,751148408
1757662247,761804632
1757662247,803840648
1757662247,822275272
1757662247,834120440
1757662247,863139144
1757662247,878465576
1757662247,900519992
1757662247,933376536
1757662247,950707896
1757662247,956448584
1757662247,967076072
1757662247,970135720
1757662247,976496584
1757662247,978785928
1757662248,100024
1757662248,9934968
1757662248,77894376
1757662248,85098776
1757662248,98225512
1757662248,100111560
1757662248,125915512
1757662248,173038408
1757662248,198465464
1757662248,203514136
1757662248,229172904
1757662248,261252024
1757662248,262613384
1757662248,271688872
1757662248,276155864
1757662248,292711304
1757662248,327140504
1757662248,349828552
1757662248,354949576
1757662248,358075688
1757662248,363473160
1757662248,389507176
1757662248,410089336
1757662248,414100472
1757662248,419528680
1757662248,421731144
1757662248,432036392
1757662248,435870744
1757662248,460783000
1757662248,483237960
1757662248,493596920
1757662248,501481016
1757662248,510751592
1757662248,515322968
1757662248,535408680
1757662248,538476888
1757662248,564833496
1757662248,567828072
1757662248,582976152
1757662248,591975576
1757662248,595989208
1757662248,611618184
1757662248,625267016
1757662248,648967480
1757662248,662632664
1757662248,676172968
1757662248,677939528
1757662248,683218488
1757662248,700526312
1757662248,703203864
1757662248,716363144
1757662248,720409960
1757662248,761014888
1757662248,762608136
1757662248,777663864
1757662248,782412104
1757662248,787632360
1757662248,795509736
1757662248,822816616
1757662248,833681128
1757662248,839655992
1757662248,852723240
1757662248,858030136
1757662248,871442152
1757662248,894961944
1757662248,931780392
1757662249,4883448
1757662249,31285432
1757662249,41776536
1757662249,51599720
1757662249,60517704
1757662249,105517672
1757662249,125249672
1757662249,134570600
1757662249,177947336
1757662249,199995336
1757662249,203933544
1757662249,221106376
1757662249,225203928
1757662249,235758056
1757662249,249527416
1757662249,252176472
1757662249,268167416
1757662249,331521080
1757662249,332956360
1757662249,351583960
1757662249,380909064
1757662249,392999592
1757662249,397373384
1757662249,400135784
1757662249,410186392
1757662249,422648168
1757662249,425204584
1757662249,431378504
1757662249,433384072
1757662249,435524248
1757662249,451563784
1757662249,460114984
1757662249,471206744
1757662249,480981944
1757662249,499643544
1757662249,537653496
1757662249,542271208
1757662249,553451256
1757662249,568113976
1757662249,570732152
1757662249,573059880
1757662249,575459512
1757662249,602892552
1757662249,628099720
1757662249,637434616
1757662249,643990520
1757662249,647650552
1757662249,696917576
1757662249,701152152
1757662249,702905880
1757662249,745989608
1757662249,753257672
1757662249,773627624
1757662249,777678184
1757662249,788550088
1757662249,795170520
1757662249,817073656
1757662249,831683832
1757662249,837400664
1757662249,856184216
1757662249,859332472
1757662249,860995496
1757662249,868185608
1757662249,876971192
1757662249,881071176
1757662249,891631816
1757662249,910789320
1757662249,914261576
1757662249,939561560
1757662249,942604776
1757662249,953910744
1757662249,960811784
1757662249,969413688
1757662249,989601432
1757662249,992949976
1757662249,994115176
1757662250,397560
1757662250,12411016
1757662250,18920008
1757662250,20146888
1757662250,30969368
1757662250,45505768
1757662250,60052920
1757662250,75496696
1757662250,86385336
1757662250,94613464
1757662250,104096344
1757662250,123892952
1757662250,139020792
1757662250,146643176
1757662250,148124600
1757662250,177821816
1757662250,179903784
1757662250,205565448
1757662250,208441288
1757662250,210735640
1757662250,219824232
1757662250,227306984
1757662250,248321128
1757662250,252735304
1757662250,313639544
1757662250,315648104
1757662250,324450024
1757662250,347819256
1757662250,351700008
1757662250,361990712
1757662250,390789384
1757662250,400408072
1757662250,422788616
1757662250,424463816
1757662250,450671976
1757662250,476496136
1757662250,501967192
1757662250,520057336
1757662250,521338280
1757662250,527341448
1757662250,529374584
1757662250,532711400
1757662250,556553992
1757662250,558573432
1757662250,581344584
1757662250,584968952
1757662250,593147784
1757662250,617693976
1757662250,651755144
1757662250,666216488
1757662250,679731704
1757662250,686054696
1757662250,712842280
1757662250,721013720
1757662250,728514440
1757662250,731690200
1757662250,736028552
1757662250,738700856
1757662250,754841688
1757662250,765714008
1757662250,795489064
1757662250,800028760
1757662250,801659464
1757662250,804531176
1757662250,833150632
1757662250,842780504
1757662250,847571992
1757662250,857086648
1757662250,870283400
1757662250,892331816
1757662250,914713288
1757662250,952053816
1757662250,967081528
1757662250,984845832
1757662251,4836520
1757662251,15012120
1757662251,77122216
1757662251,79010120
1757662251,96267480
1757662251,104714328
1757662251,115264040
1757662251,121989928
1757662251,147061368
1757662251,148944872
1757662251,150686632
1757662251,158002216
1757662251,192106376
1757662251,208343768
1757662251,224601512
1757662251,241005880
1757662251,250639032
1757662251,288554776
1757662251,305672696
1757662251,308909576
1757662251,326276456
1757662251,333176968
1757662251,339396104
1757662251,375103080
1757662251,398817304
1757662251,405429368
1757662251,414300904
1757662251,433191512
1757662251,440783176
1757662251,464602712
1757662251,495685432
1757662251,497780360
1757662251,504046360
1757662251,514726792
1757662251,537008056
1757662251,539902696
1757662251,543081192
1757662251,545191336
1757662251,548190648
1757662251,558686568
1757662251,605147640
1757662251,612047720
1757662251,642299496
1757662251,647640888
1757662251,670154328
1757662251,715520504
1757662251,778772424
1757662251,836152936
1757662251,886669336
1757662251,890418904
1757662251,901620856
1757662251,973147608
1757662251,974570600
1757662251,993255320
1757662252,2261256
1757662252,11789496
1757662252,25858056
1757662252,36780712
1757662252,46874472
1757662252,48666136
1757662252,53688152
1757662252,83408072
1757662252,127207880
1757662252,143216104
1757662252,145076152
1757662252,165745384
1757662252,167691640
1757662252,170491528
1757662252,180672840
1757662252,187035448
1757662252,188812440
1757662252,194654040
1757662252,203386152
1757662252,239778504
1757662252,259099784
1757662252,260822744
1757662252,263135432
1757662252,277459288
1757662252,315820248
1757662252,327252520
1757662252,342852664
1757662252,349830360
1757662252,380404808
1757662252,385578328
1757662252,409127960
1757662252,415016568
1757662252,421259592
1757662252,425172936
1757662252,489158584
1757662252,497245896
1757662252,506082296
1757662252,515622248
1757662252,531648936
1757662252,549386264
1757662252,580307224
1757662252,593200696
1757662252,596892104
1757662252,642771976
1757662252,644145560
1757662252,652791272
1757662252,675707592
1757662252,692025560
1757662252,702250248
1757662252,713909448
1757662252,729071656
1757662252,749364840
1757662252,755409992
1757662252,764683720
1757662252,767293080
1757662252,775097464
1757662252,785937640
1757662252,801870600
1757662252,803790584
1757662252,805148200
1757662252,820907224
1757662252,831691144
1757662252,881330696
1757662252,886541192
1757662252,891371848
1757662252,922710840
1757662252,942811880
1757662252,944708008
1757662252,949346040
1757662252,956378872
1757662252,966415704
1757662252,978011000
1757662252,980950840
1757662253,21311224
1757662253,46741992
1757662253,69251400
1757662253,76007176
1757662253,77260904
1757662253,85522504
1757662253,87732776
1757662253,92905096
1757662253,94972584
1757662253,110063480
1757662253,119706408
1757662253,124523320
1757662253,171455608
1757662253,189302024
1757662253,208148312
1757662253,225672440
1757662253,237242664
1757662253,266082536
1757662253,269567608
1757662253,275883176
1757662253,288474376
1757662253,302009080
1757662253,341915800
1757662253,344293928
1757662253,347267640
1757662253,392908904
1757662253,396722984
1757662253,398119160
1757662253,414730440
1757662253,418435800
1757662253,437256536
1757662253,461246808
1757662253,484400840
1757662253,515767704
1757662253,522866056
1757662253,529276840
1757662253,535723480
1757662253,540918840
1757662253,564516392
1757662253,578621288
1757662253,582690216
1757662253,587548440
1757662253,592939816
1757662253,597144024
1757662253,603384360
1757662253,621011816
1757662253,632053432
1757662253,650560024
1757662253,652177320
1757662253,671334376
1757662253,678222312
1757662253,679641352
1757662253,687899304
1757662253,712006088
1757662253,722078776
1757662253,725126792
1757662253,730970840
1757662253,770225032
1757662253,775204568
1757662253,778898392
1757662253,809054056
1757662253,859619368
1757662253,865639848
1757662253,875182024
1757662253,882432152
1757662253,913677416
1757662253,915092040
1757662253,921345640
1757662253,924999400
1757662253,927281032
1757662253,928772728
1757662253,937219400
1757662253,942794440
1757662253,947383944
1757662253,954611752
1757662253,959977288
1757662254,3598136
1757662254,5144264
1757662254,37309224
1757662254,74511496
1757662254,75836376
1757662254,95662696
1757662254,100292456
1757662254,127575160
1757662254,157715368
1757662254,197040904
1757662254,202592616
1757662254,215816408
1757662254,235454488
1757662254,239703192
1757662254,269415656
1757662254,277747192
1757662254,287891432
1757662254,317177304
1757662254,335323448
1757662254,351983400
1757662254,377401896
1757662254,383481112
1757662254,417133192
1757662254,421012168
1757662254,425261912
1757662254,427133256
1757662254,445999640
1757662254,459227112
1757662254,494190584
1757662254,498233064
1757662254,533731352
1757662254,549915480
1757662254,561178760
1757662254,606748360
1757662254,621992392
1757662254,624271416
1757662254,635877496
1757662254,665780392
1757662254,700752232
1757662254,707822712
1757662254,734586408
1757662254,739075560
1757662254,749267880
1757662254,762850840
1757662254,789927528
1757662254,809493720
1757662254,831578824
1757662254,846466136
1757662254,862479128
1757662254,866715624
1757662254,887158200
1757662254,911775832
1757662254,913803400
1757662254,914810920
1757662254,931680280
1757662254,944651944
1757662254,947451560
1757662254,959874984
1757662254,966301960
1757662254,987064504
1757662255,10373656
1757662255,16067624
1757662255,32780760
1757662255,46622664
1757662255,51560056
1757662255,61702888
1757662255,72125848
1757662255,74316984
1757662255,79743208
1757662255,94909336
1757662255,123555560
1757662255,129890168
1757662255,140721384
1757662255,149501592
1757662255,170695608
1757662255,183524760
1757662255,217156520
1757662255,239948216
1757662255,274019304
1757662255,277060296
1757662255,302413304
1757662255,305993592
1757662255,311597848
1757662255,313768168
1757662255,317052904
1757662255,337406408
1757662255,378903864
1757662255,383075240
1757662255,387990776
1757662255,392075816
1757662255,402221736
1757662255,415279960
1757662255,420787112
1757662255,506182120
1757662255,510237112
1757662255,529045608
1757662255,532592360
1757662255,549985096
1757662255,568904968
1757662255,623916056
1757662255,630046648
1757662255,633274856
1757662255,640737576
1757662255,650037592
1757662255,663916632
1757662255,705319880
1757662255,711983576
1757662255,713687624
1757662255,728820104
1757662255,731170232
1757662255,734392936
1757662255,736565816
1757662255,744629832
1757662255,754387640
1757662255,769187240
1757662255,797143000
1757662255,808720248
1757662255,840806776
1757662255,849221880
1757662255,863896648
1757662255,872543752
1757662255,886524056
1757662255,889934264
1757662255,897504472
1757662255,901456424
1757662255,955547432
1757662255,964672792
1757662255,975442424
1757662256,25965992
1757662256,33556440
1757662256,36847096
1757662256,42390728
1757662256,58497912
1757662256,60260296
1757662256,66286248
1757662256,68326072
1757662256,71090024
1757662256,96470392
1757662256,107735832
1757662256,139877848
1757662256,191834984
1757662256,195477000
1757662256,197431832
1757662256,206146104
1757662256,209167304
1757662256,268620184
1757662256,270085672
1757662256,273579304
1757662256,276408888
1757662256,293486984
1757662256,300648216
1757662256,350736968
1757662256,356921432
1757662256,358413640
1757662256,362306600
1757662256,368837864
1757662256,371038024
1757662256,405849512
1757662256,422908104
1757662256,425954168
1757662256,430415336
1757662256,434566264
1757662256,442424984
1757662256,476809864
1757662256,486711192
1757662256,527853864
1757662256,535065320
1757662256,562629208
1757662256,571456616
1757662256,573937304
1757662256,579528984
1757662256,581859736
1757662256,593765272
1757662256,596674024
1757662256,598713256
1757662256,615156328
1757662256,665595096
1757662256,703760776
1757662256,726643560
1757662256,746714760
1757662256,786197864
1757662256,792511960
1757662256,799025528
1757662256,801413112
1757662256,820006088
1757662256,834739688
1757662256,836139448
1757662256,857002600
1757662256,898314024
1757662256,904958584
1757662256,908526984
1757662256,922583688
1757662256,939391720
1757662256,946522200
1757662256,971275976
1757662256,981228984
1757662256,988645448
1757662257,36661112
1757662257,42250344
1757662257,62788424
1757662257,65874888
1757662257,85726872
1757662257,88056296
1757662257,129145480
1757662257,137555400
1757662257,147920024
1757662257,168071112
1757662257,199222456
1757662257,228339736
1757662257,231295160
1757662257,342880056
1757662257,419429096
1757662257,441051224
1757662257,463094120
1757662257,469147480
1757662257,489674136
1757662257,537751320
1757662257,554288312
1757662257,563778424
1757662257,588001784
1757662257,602533704
1757662257,619623400
1757662257,630444488
1757662257,661717048
1757662257,676596312
1757662257,690156008
1757662257,709401848
1757662257,722108568
1757662257,724836056
1757662257,726472424
1757662257,766322856
1757662257,771873272
1757662257,798590168
1757662257,805752472
1757662257,824892232
1757662257,860687560
1757662257,875845432
1757662257,883756984
1757662257,913551944
1757662257,915818344
1757662257,920381992
1757662257,950186024
1757662257,978893160
1757662257,985320936
1757662257,994635384
1757662257,995967640
1757662257,999307944
1757662258,23401800
1757662258,27169640
1757662258,69686648
1757662258,72809464
1757662258,96924792
1757662258,110653992
1757662258,170072824
1757662258,172916680
1757662258,179548584
1757662258,204576760
1757662258,212260920
1757662258,222018712
1757662258,249136744
1757662258,257492440
1757662258,262288696
1757662258,265538872
1757662258,269250600
1757662258,271720952
1757662258,274192056
1757662258,291682920
1757662258,322105816
1757662258,355738168
1757662258,395872680
1757662258,406562504
1757662258,442092952
1757662258,463411048
1757662258,474754744
1757662258,495746536
1757662258,527941896
1757662258,557731128
1757662258,578628728
1757662258,583421480
1757662258,620735816
1757662258,629989896
1757662258,635276488
1757662258,649262712
1757662258,666920392
1757662258,678267784
1757662258,706308792
1757662258,728055400
1757662258,729497416
1757662258,744543336
1757662258,746032232
1757662258,751708104
1757662258,763035240
1757662258,780115224
1757662258,794574328
1757662258,836046744
1757662258,864035272
1757662258,868568744
1757662258,901304472
1757662258,912511576
1757662258,915989912
1757662258,923796600
1757662258,929273016
1757662258,941039368
1757662258,963189608
1757662258,975015336
1757662258,977996888
1757662258,995649240
1757662259,821192
1757662259,12270536
1757662259,18533912
1757662259,44668488
1757662259,58138392
1757662259,67053032
1757662259,75227992
1757662259,83511512
1757662259,123982600
1757662259,145262168
1757662259,159296616
1757662259,174556552
1757662259,182007064
1757662259,187347720
1757662259,193211880
1757662259,195280424
1757662259,258074696
1757662259,263939432
1757662259,265734520
1757662259,272020328
1757662259,277131256
1757662259,284645976
1757662259,306879672
1757662259,345054968
1757662259,361867224
1757662259,364906472
1757662259,377706632
1757662259,417087048
1757662259,445584200
1757662259,449847192
1757662259,465027976
1757662259,473177400
1757662259,481221608
1757662259,490274056
1757662259,502441192
1757662259,512710600
1757662259,560342296
1757662259,568462088
1757662259,574907560
1757662259,601488792
1757662259,647014296
1757662259,648217016
1757662259,650439944
1757662259,656799512
1757662259,673522872
1757662259,679318088
1757662259,681945416
1757662259,697134840
1757662259,719625528
1757662259,778299384
1757662259,799466536
1757662259,807812744
1757662259,842378312
1757662259,868073368
1757662259,897880280
1757662259,937240280
1757662259,939537112
1757662260,11446808
1757662260,29326600
1757662260,33942376
1757662260,63122728
1757662260,71041352
1757662260,76489160
1757662260,102128744
1757662260,110316664
1757662260,138525576
1757662260,141237944
1757662260,166522312
1757662260,181979256
1757662260,200291912
1757662260,236747832
1757662260,246946504
1757662260,264281640
1757662260,277320552
1757662260,279746184
1757662260,287065560
1757662260,294731976
1757662260,312878504
1757662260,320129752
1757662260,367246280
1757662260,389363208
1757662260,396209400
1757662260,406441160
1757662260,431349944
1757662260,433169464
1757662260,468304776
1757662260,473378136
1757662260,485542616
1757662260,544682152
1757662260,555944184
1757662260,561812664
1757662260,564905384
1757662260,581195832
1757662260,592042888
1757662260,597678600
1757662260,613128760
1757662260,619236280
1757662260,620956664
1757662260,652043432
1757662260,659093800
1757662260,671121624
1757662260,675195096
1757662260,679316952
1757662260,692463464
1757662260,724591064
1757662260,731621144
1757662260,764651960
1757662260,774630104
1757662260,784915592
1757662260,813330952
1757662260,841036824
1757662260,859266872
1757662260,862469768
1757662260,893970424
1757662260,899197592
1757662260,918361960
1757662260,920111768
1757662260,946678744
1757662260,951855000
1757662260,958064152
1757662260,968496456
1757662261,8204760
1757662261,24046376
1757662261,38636696
1757662261,51093992
1757662261,55692984
1757662261,92605688
1757662261,95145560
1757662261,119431960
1757662261,132345080
1757662261,140018008
1757662261,154394040
1757662261,157698536
1757662261,192590264
1757662261,213856984
1757662261,220647640
1757662261,222317096
1757662261,223589688
1757662261,225162440
1757662261,234434136
1757662261,254654024
1757662261,268726840
1757662261,269969528
1757662261,282336712
1757662261,307711816
1757662261,315372680
1757662261,318623656
1757662261,321309976
1757662261,324080216
1757662261,328089960
1757662261,331986200
1757662261,346561368
1757662261,351721464
1757662261,370747752
1757662261,382500568
1757662261,384202360
1757662261,395800520
1757662261,423749240
1757662261,442095592
1757662261,445529544
1757662261,458930136
1757662261,485319288
1757662261,497628552
1757662261,498891832
1757662261,507969928
1757662261,533820072
1757662261,577096648
1757662261,618738152
1757662261,620562328
1757662261,644939320
1757662261,651309736
1757662261,693435800
1757662261,698249576
1757662261,699870440
1757662261,712584936
1757662261,720097304
1757662261,725152808
1757662261,763738792
1757662261,782662200
1757662261,792735064
1757662261,794773208
1757662261,837752536
1757662261,844475992
1757662261,877552120
1757662261,912033496
1757662261,913920472
1757662261,923611928
1757662261,928815944
1757662261,944008216
1757662261,960693512
1757662261,973794664
1757662261,981763992
1757662261,993237080
1757662261,996767128
1757662262,16479336
1757662262,22280040
1757662262,44002904
1757662262,56321656
1757662262,83665864
1757662262,89345960
1757662262,100819304
1757662262,117690872
1757662262,148425096
1757662262,197452728
1757662262,213931000
1757662262,220857432
1757662262,234805304
1757662262,254720568
1757662262,286469128
1757662262,294113752
1757662262,310269000
1757662262,320724760
1757662262,348573480
1757662262,361998600
1757662262,367599112
1757662262,383229960
1757662262,401331304
1757662262,416836600
1757662262,439789880
1757662262,450548488
1757662262,453964344
1757662262,458793416
1757662262,464924808
1757662262,485250104
1757662262,510407624
1757662262,516463848
1757662262,519307992
1757662262,530048200
1757662262,545611928
1757662262,572076120
1757662262,573865704
1757662262,580312648
1757662262,584548632
1757662262,595219560
1757662262,604399992
1757662262,609962344
1757662262,623352584
1757662262,651335720
1757662262,659136072
1757662262,665869784
1757662262,667611000
1757662262,671473160
1757662262,676525704
1757662262,681742344
1757662262,699442280
1757662262,741682456
1757662262,753730904
1757662262,770448760
1757662262,772517400
1757662262,774356952
1757662262,776693864
1757662262,809425320
1757662262,818009432
1757662262,819993048
1757662262,823896168
1757662262,833071640
1757662262,841659384
1757662262,861480456
1757662262,868157160
1757662262,874861144
1757662262,883915016
1757662262,886043768
1757662262,904762824
1757662262,911780296
1757662262,920054136
1757662262,952623752
1757662262,963211496
1757662262,976883576
1757662262,978404744
1757662262,996295720
1757662263,17151768
1757662263,26351752
1757662263,35930008
1757662263,37292552
1757662263,46579512
1757662263,67449704
1757662263,94315256
1757662263,95594968
1757662263,104821128
1757662263,111453848
1757662263,133441272
1757662263,139105240
1757662263,151038632
1757662263,153075688
1757662263,159563688
1757662263,185769736
1757662263,188519576
1757662263,191098392
1757662263,203315464
1757662263,204824776
1757662263,233947304
1757662263,239366424
1757662263,259997944
1757662263,276532424
1757662263,287167976
1757662263,341216216
1757662263,346938296
1757662263,351274984
1757662263,364582072
1757662263,390024184
1757662263,394803880
1757662263,413195736
1757662263,424906712
1757662263,431377784
1757662263,438080952
1757662263,443911800
1757662263,449186264
1757662263,457286152
1757662263,464843320
1757662263,476252344
1757662263,521646296
1757662263,525597144
1757662263,538767400
1757662263,568239576
1757662263,659256792
1757662263,669126664
1757662263,682916760
1757662263,684660536
1757662263,738668296
1757662263,742756200
1757662263,752046632
1757662263,794909880
1757662263,800312664
1757662263,804237096
1757662263,817645288
1757662263,822685768
1757662263,845565208
1757662263,897559208
1757662263,946411720
1757662263,981085400
1757662263,989122152
1757662264,4356760
1757662264,9592408
1757662264,16790840
1757662264,19355464
1757662264,26188392
1757662264,38766312
1757662264,58966568
1757662264,69970808
1757662264,89091800
1757662264,92099848
1757662264,98793656
1757662264,134416312
1757662264,145122536
1757662264,179350216
1757662264,211251592
1757662264,226111176
1757662264,231198312
1757662264,232823608
1757662264,243878024
1757662264,251562232
1757662264,254329640
1757662264,299697592
1757662264,309091048
1757662264,340752488
1757662264,347956792
1757662264,351311512
1757662264,359058360
1757662264,390967256
1757662264,395605640
1757662264,400490792
1757662264,410351816
1757662264,420962296
1757662264,437231976
1757662264,440464264
1757662264,444226312
1757662264,447932344
1757662264,453369736
1757662264,461150040
1757662264,463003448
1757662264,487345912
1757662264,489236824
1757662264,510298088
1757662264,511785112
1757662264,541440968
1757662264,553595496
1757662264,561842200
1757662264,580447144
1757662264,617472696
1757662264,626441832
1757662264,628286200
1757662264,629820408
1757662264,636369848
1757662264,641197208
1757662264,653812184
1757662264,662271448
1757662264,684893928
1757662264,698171640
1757662264,733687432
1757662264,751724072
1757662264,779542984
1757662264,825380808
1757662264,843472024
1757662264,859087288
1757662264,873160120
1757662264,888433048
1757662264,892548024
1757662264,898259064
1757662264,902049816
1757662264,932274984
1757662264,964716184
1757662264,977560008
1757662265,40463544
1757662265,50883960
1757662265,67134712
1757662265,94708968
1757662265,113929000
1757662265,156136984
1757662265,160416648
1757662265,169735048
1757662265,245950808
1757662265,248984904
1757662265,259752760
1757662265,262949352
1757662265,278736616
1757662265,291133768
1757662265,305978344
1757662265,337871368
1757662265,339504696
1757662265,353085272
1757662265,376985768
1757662265,388469576
1757662265,395501800
1757662265,431532648
1757662265,458072680
1757662265,481439544
1757662265,509957624
1757662265,531612072
1757662265,567364664
1757662265,578762328
1757662265,587528936
1757662265,591363672
1757662265,594304008
1757662265,598262200
1757662265,603052424
1757662265,610658408
1757662265,616619768
1757662265,618350024
1757662265,673065880
1757662265,684344344
1757662265,714708008
1757662265,728511208
1757662265,753767896
1757662265,763663928
1757662265,775133464
1757662265,795204152
1757662265,838485080
1757662265,841578280
1757662265,910380280
1757662265,918988584
1757662265,921632072
1757662265,929735944
1757662265,961784440
1757662265,971902776
1757662265,979852264
1757662265,993906664
1757662266,3557016
1757662266,10845944
1757662266,12831704
1757662266,17036312
1757662266,18470008
1757662266,22844392
1757662266,24458472
1757662266,63612280
1757662266,67018840
1757662266,80870104
1757662266,106360568
1757662266,108644520
1757662266,120857416
1757662266,136295688
1757662266,150819944
1757662266,162242312
1757662266,170859416
1757662266,211812888
1757662266,213559624
1757662266,241389960
1757662266,251199240
1757662266,254536344
1757662266,284101608
1757662266,296560120
1757662266,314397752
1757662266,336434376
1757662266,369088952
1757662266,394702072
1757662266,405295944
1757662266,414147784
1757662266,428714280
1757662266,442830392
1757662266,467432840
1757662266,475247992
1757662266,509725224
1757662266,541865176
1757662266,546310568
1757662266,548406424
1757662266,553834664
1757662266,559136840
1757662266,571031096
1757662266,582059256
1757662266,603494632
1757662266,627729784
1757662266,632110408
1757662266,637964728
1757662266,650314776
1757662266,675389160
1757662266,681830152
1757662266,695386888
1757662266,705850440
1757662266,722990360
1757662266,726368872
1757662266,732580600
1757662266,752317896
1757662266,762432568
1757662266,772221928
1757662266,775648600
1757662266,781955656
1757662266,788819896
1757662266,805948488
1757662266,824766952
1757662266,827197784
1757662266,832166136
1757662266,835251064
1757662266,839533208
1757662266,842551240
1757662266,849810056
1757662266,862907544
1757662266,878454248
1757662266,899770648
1757662266,913142344
1757662266,930344120
1757662266,950536712
1757662266,992551960
1757662266,993959736
1757662266,997452440
1757662267,51704648
1757662267,57296120
1757662267,59030968
1757662267,64955768
1757662267,83144376
1757662267,127044376
1757662267,146486904
1757662267,156171672
1757662267,186255336
1757662267,207347304
1757662267,210836696
1757662267,245921448
1757662267,263275720
1757662267,304501192
1757662267,324486136
1757662267,326827704
1757662267,341339192
1757662267,388500504
1757662267,402190648
1757662267,413193464
1757662267,438646872
1757662267,460184376
1757662267,469766664
1757662267,471843736
1757662267,504247784
1757662267,526932952
1757662267,528255480
1757662267,557525192
1757662267,578737848
1757662267,598637336
1757662267,600735336
1757662267,611601656
1757662267,655977640
1757662267,698669560
1757662267,719503144
1757662267,729019528
1757662267,737761816
1757662267,739219256
1757662267,749607080
1757662267,751357208
1757662267,761405416
1757662267,773595880
1757662267,775791848
1757662267,808354408
1757662267,810936296
1757662267,818882376
1757662267,843842200
1757662267,862715208
1757662267,887026568
1757662267,892657208
1757662267,895423304
1757662267,897554440
1757662267,913757704
1757662267,947444168
1757662267,965476936
1757662267,972209544
1757662267,974500456
1757662267,981767576
1757662267,996754744
1757662268,1459768
1757662268,7903208
1757662268,13401928
1757662268,27377256
1757662268,49732408
1757662268,64135576
1757662268,75788184
1757662268,86917336
1757662268,91536888
1757662268,100315624
1757662268,127937384
1757662268,153473432
1757662268,158928328
1757662268,179452056
1757662268,193933000
1757662268,220361400
1757662268,237756408
1757662268,243953192
1757662268,254125640
1757662268,265742312
1757662268,267680776
1757662268,295068840
1757662268,297436952
1757662268,315603624
1757662268,336262472
1757662268,348931800
1757662268,352521848
1757662268,363117352
1757662268,384385576
1757662268,419637960
1757662268,429815800
1757662268,435259864
1757662268,463915016
1757662268,465264152
1757662268,482678184
1757662268,483973896
1757662268,512273512
1757662268,523299272
1757662268,534856376
1757662268,563852024
1757662268,586983464
1757662268,594583352
1757662268,622540792
1757662268,665157432
1757662268,719316584
1757662268,753833688
1757662268,771956776
1757662268,788535752
1757662268,795241864
1757662268,812395464
1757662268,818038712
1757662268,835721624
1757662268,842663096
1757662268,850875768
1757662268,878912344
1757662268,888147576
1757662268,922650728
1757662268,925718456
1757662268,963447784
1757662268,972455656
1757662268,980497736
1757662268,996188888
1757662269,4208488
1757662269,16336168
1757662269,39027736
1757662269,58545640
1757662269,67848056
1757662269,70254056
1757662269,73529832
1757662269,99579816
1757662269,115713960
1757662269,118306008
1757662269,138648296
1757662269,206814520
1757662269,253989592
1757662269,261088024
1757662269,266651144
1757662269,274966024
1757662269,289894856
1757662269,304354776
1757662269,311477608
1757662269,341218248
1757662269,350521608
1757662269,355271512
1757662269,357468472
1757662269,363265112
1757662269,372566328
1757662269,375038536
1757662269,401512120
1757662269,416887064
1757662269,422550856
1757662269,425992824
1757662269,433253832
1757662269,438582616
1757662269,462740936
1757662269,483579800
1757662269,491938376
1757662269,536038024
1757662269,672515864
1757662269,685266584
1757662269,688245960
1757662269,693135144
1757662269,695989464
1757662269,706153016
1757662269,716815208
1757662269,719419736
1757662269,762700344
1757662269,764305784
1757662269,778623016
1757662269,784802184
1757662269,795988584
1757662269,798014392
1757662269,803692536
1757662269,822169320
1757662269,831012984
1757662269,870176072
1757662269,878093080
1757662269,883520824
1757662269,887047448
1757662269,895089512
1757662269,905711144
1757662269,918161640
1757662269,940433096
1757662269,954536744
1757662269,959530536
1757662269,962042088
1757662269,971774664
1757662269,991372504
1757662270,6875128
1757662270,8834136
1757662270,41855576
1757662270,73671080
1757662270,97559704
1757662270,107495784
1757662270,115149368
1757662270,159209064
1757662270,167784568
1757662270,224277016
1757662270,231247480
1757662270,301701768
1757662270,305293176
1757662270,325214600
1757662270,334614712
1757662270,352023640
1757662270,356252152
1757662270,359530120
1757662270,371318888
1757662270,374685096
1757662270,377087768
1757662270,378943464
1757662270,381342152
1757662270,399635896
1757662270,469436184
1757662270,473327128
1757662270,480733768
1757662270,483773208
1757662270,495915304
1757662270,511993080
1757662270,540980824
1757662270,542295896
1757662270,578739064
1757662270,582307944
1757662270,590084120
1757662270,595434904
1757662270,606553944
1757662270,621878344
1757662270,624331544
1757662270,626152040
1757662270,639030808
1757662270,644189256
1757662270,649056712
1757662270,651270600
1757662270,655442440
1757662270,705733080
1757662270,715865688
1757662270,721628856
1757662270,727983608
1757662270,738434824
1757662270,741252360
1757662270,744427832
1757662270,753774056
1757662270,797855928
1757662270,806782040
1757662270,810967496
1757662270,847714792
1757662270,875534040
1757662270,882300168
1757662270,883522408
1757662270,905933592
1757662270,925713160
1757662270,929272200
1757662270,937804104
1757662270,989426008
1757662270,995057928
1757662271,22381768
1757662271,55491960
1757662271,57292728
1757662271,72033816
1757662271,95829304
1757662271,102763528
1757662271,109662408
1757662271,129965928
1757662271,166906136
1757662271,188261064
1757662271,191369672
1757662271,203790600
1757662271,212726424
1757662271,219571496
1757662271,222295048
1757662271,231597176
1757662271,259827272
1757662271,263300040
1757662271,284473144
1757662271,299206072
1757662271,337643288
1757662271,359852072
1757662271,441428520
1757662271,454438776
1757662271,489716744
1757662271,572837624
1757662271,577383000
1757662271,588492344
1757662271,610034840
1757662271,632050648
1757662271,637137944
1757662271,640860200
1757662271,653570840
1757662271,670929736
1757662271,704083080
1757662271,722698680
1757662271,767312104
1757662271,813129912
1757662271,820062520
1757662271,835833672
1757662271,845339704
1757662271,860997928
1757662271,873221416
1757662271,880806360
1757662271,881981432
1757662271,890107736
1757662271,924650264
1757662271,940828520
1757662271,943523000
1757662271,954813224
1757662271,968597000
1757662272,7372040
1757662272,20357528
1757662272,37736024
1757662272,53941640
1757662272,59820936
1757662272,75569672
1757662272,94396680
1757662272,102087880
1757662272,123861736
1757662272,139637656
1757662272,164077944
1757662272,174699976
1757662272,196387512
1757662272,197638584
1757662272,203090968
1757662272,232825320
1757662272,250000920
1757662272,254500680
1757662272,286024536
1757662272,302603416
1757662272,310783352
1757662272,321099448
1757662272,368526616
1757662272,489943288
1757662272,491130344
1757662272,535647272
1757662272,558207272
1757662272,565891464
1757662272,576586456
1757662272,590698264
1757662272,600836168
1757662272,602149896
1757662272,605720056
1757662272,608013992
1757662272,634513848
1757662272,636647032
1757662272,639012920
1757662272,643095144
1757662272,695103336
1757662272,719169160
1757662272,739788200
1757662272,744550120
1757662272,766669704
1757662272,810778472
1757662272,815081576
1757662272,829012424
1757662272,832624472
1757662272,837048424
1757662272,846875832
1757662272,853705608
1757662272,857843608
1757662272,867632120
1757662272,891024456
1757662272,897494200
1757662272,912754632
1757662272,921118728
1757662272,928453912
1757662272,939051992
1757662272,940449192
1757662272,948010040
1757662272,989672488
1757662273,3348184
1757662273,8585896
1757662273,54723016
1757662273,88705368
1757662273,104421128
1757662273,121305000
1757662273,140438872
1757662273,148976664
1757662273,171999016
1757662273,192719016
1757662273,243329832
1757662273,288683272
1757662273,296842536
1757662273,312381944
1757662273,331051400
1757662273,348022600
1757662273,350315080
1757662273,353035016
1757662273,359637720
1757662273,376514264
1757662273,386323912
1757662273,429111416
1757662273,433412072
1757662273,437138360
1757662273,458232168
1757662273,481913752
1757662273,490011528
1757662273,502989768
1757662273,506419144
1757662273,507713688
1757662273,508882136
1757662273,521929416
1757662273,554720568
1757662273,577148328
1757662273,607098888
1757662273,625491816
1757662273,692779480
1757662273,696254440
1757662273,716373832
1757662273,737579544
1757662273,784322008
1757662273,789652136
1757662273,793578232
1757662273,796469720
1757662273,804683992
1757662273,816908536
1757662273,823395864
1757662273,829571160
1757662273,832111656
1757662273,855847064
1757662273,861582440
1757662273,871186936
1757662273,882224200
1757662273,912290248
1757662273,915396728
1757662273,926409880
1757662273,942187896
1757662273,944842184
1757662273,948163752
1757662273,951274216
1757662273,953936360
1757662273,984050952
1757662274,157960
1757662274,6388616
1757662274,50433384
1757662274,53999768
1757662274,73082568
1757662274,82661768
1757662274,90689432
1757662274,100331048
1757662274,101921496
1757662274,103465448
1757662274,105801720
1757662274,111272984
1757662274,114319208
1757662274,156997112
1757662274,223389304
1757662274,247358808
1757662274,249795720
1757662274,277879896
1757662274,292085480
1757662274,324786600
1757662274,330102168
1757662274,351977256
1757662274,388645304
1757662274,391478200
1757662274,398376296
1757662274,403943160
1757662274,409241992
1757662274,410845144
1757662274,443265688
1757662274,447711624
1757662274,458471944
1757662274,476072536
1757662274,501346648
1757662274,518114632
1757662274,561498232
1757662274,570574040
1757662274,594729896
1757662274,623372904
1757662274,638308632
1757662274,640020376
1757662274,641960968
1757662274,658122888
1757662274,701792728
1757662274,723611624
1757662274,730872936
1757662274,752179112
1757662274,769788824
1757662274,835068488
1757662274,860173720
1757662274,865745768
1757662274,872345688
1757662274,873855880
1757662274,909001352
1757662274,911772040
1757662274,927231800
1757662274,934839208
1757662274,944496168
1757662274,988009864
1757662275,20390072
1757662275,62802376
1757662275,85942872
1757662275,111262872
1757662275,142851064
1757662275,150145928
1757662275,182806504
1757662275,184853288
1757662275,187679048
1757662275,200386728
1757662275,206921608
1757662275,288373784
1757662275,319990392
1757662275,378002264
1757662275,407107592
1757662275,419549928
1757662275,447007128
1757662275,475013400
1757662275,476810328
1757662275,487344392
1757662275,568167464
1757662275,581868312
1757662275,600493864
1757662275,608038472
1757662275,612216872
1757662275,633590456
1757662275,654482680
1757662275,659349208
1757662275,663077416
1757662275,687384984
1757662275,698142920
1757662275,701277816
1757662275,746791272
1757662275,749933944
1757662275,812861128
1757662275,815130088
1757662275,822447224
1757662275,827746168
1757662275,853258280
1757662275,860706248
1757662275,868442696
1757662275,893008984
1757662275,894175848
1757662275,908268296
1757662275,919340360
1757662275,929818264
1757662275,939724840
1757662275,954202312
1757662275,957260840
1757662275,963702712
1757662275,972845144
1757662276,328888
1757662276,18306168
1757662276,56384568
1757662276,65390232
1757662276,82397288
1757662276,86814520
1757662276,90754152
1757662276,106161096
1757662276,114471480
1757662276,117164744
1757662276,122969976
1757662276,144280792
1757662276,146246872
1757662276,154089752
1757662276,161105800
1757662276,164952024
1757662276,169766824
1757662276,202362808
1757662276,255812792
1757662276,274093912
1757662276,291728920
1757662276,348870648
1757662276,353142648
1757662276,360032248
1757662276,370208200
1757662276,398538568
1757662276,413571432
1757662276,435500664
1757662276,448683448
1757662276,470871544
1757662276,473116296
1757662276,498146456
1757662276,527223288
1757662276,562595560
1757662276,566836824
1757662276,574240232
1757662276,617828504
1757662276,649670040
1757662276,656073464
1757662276,682879064
1757662276,718372456
1757662276,725678056
1757662276,737050600
1757662276,748979816
1757662276,758723112
1757662276,763380584
1757662276,780674856
1757662276,800319864
1757662276,815517608
1757662276,834731576
1757662276,835986280
1757662276,879426104
1757662276,905042904
1757662276,933940600
1757662276,966603960
1757662277,25123816
1757662277,52257080
1757662277,88336872
1757662277,113677640
1757662277,115321736
1757662277,125252008
1757662277,139482008
1757662277,145394728
1757662277,177355512
1757662277,263710600
1757662277,290596728
1757662277,301942296
1757662277,306692936
1757662277,311624152
1757662277,321365544
1757662277,332127832
1757662277,333316072
1757662277,355148312
1757662277,416630696
1757662277,418530488
1757662277,433952120
1757662277,449668840
1757662277,475019288
1757662277,482146408
1757662277,506110664
1757662277,516128424
1757662277,518982696
1757662277,521596680
1757662277,533319544
1757662277,535261240
1757662277,567327912
1757662277,581266872
1757662277,647066872
1757662277,664783064
1757662277,688994440
1757662277,711005160
1757662277,716276520
1757662277,719494424
1757662277,763581240
1757662277,779672408
1757662277,781851144
1757662277,788723336
1757662277,789926088
1757662277,803876264
1757662277,816623560
1757662277,860487368
1757662277,870433032
1757662277,884193704
1757662277,893914248
1757662277,895419464
1757662277,910894104
1757662277,914975160
1757662277,919101592
1757662277,959925448
1757662277,974884040
1757662277,985733464
1757662277,991138360
1757662278,1206536
1757662278,35559800
1757662278,61028584
1757662278,90301128
1757662278,91748552
1757662278,108500312
1757662278,117628552
1757662278,125208392
1757662278,168208072
1757662278,188166456
1757662278,195239416
1757662278,204426168
1757662278,215963848
1757662278,227581592
1757662278,257517368
1757662278,281364408
1757662278,311321016
1757662278,346601128
1757662278,369719736
1757662278,375630184
1757662278,408169320
1757662278,422789992
1757662278,447476552
1757662278,489213624
1757662278,492511928
1757662278,495977384
1757662278,540337064
1757662278,548805256
1757662278,560113272
1757662278,600437704
1757662278,634699640
1757662278,643672392
1757662278,671327160
1757662278,682672664
1757662278,700012424
1757662278,711840968
1757662278,718356280
1757662278,771134424
1757662278,798763736
1757662278,806059400
1757662278,812580136
1757662278,844637944
1757662278,856095160
1757662278,858842552
1757662278,875681032
1757662278,880542600
1757662278,889859608
1757662278,906145224
1757662278,909039864
1757662278,958599880
1757662278,982528984
1757662278,993479512
1757662279,7217736
1757662279,12256824
1757662279,21555560
1757662279,27312680
1757662279,44456056
1757662279,45864056
1757662279,61702040
1757662279,73983768
1757662279,86982776
1757662279,89076552
1757662279,90329192
1757662279,93771288
1757662279,103441176
1757662279,120275448
1757662279,125279304
1757662279,148874728
1757662279,158464600
1757662279,186705944
1757662279,204448632
1757662279,226809608
1757662279,249563032
1757662279,283368920
1757662279,295661528
1757662279,318606056
1757662279,329140040
1757662279,332660312
1757662279,433894904
1757662279,437438616
1757662279,439634152
1757662279,489271256
1757662279,495194520
1757662279,497084456
1757662279,512415544
1757662279,524234024
1757662279,525524136
1757662279,547779160
1757662279,560649080
1757662279,573764568
1757662279,593520536
1757662279,618364168
1757662279,637343864
1757662279,652914344
1757662279,654178344
1757662279,696443480
1757662279,705182056
1757662279,730320888
1757662279,734457208
1757662279,744051432
1757662279,748501352
1757662279,750609304
1757662279,775254184
1757662279,784328232
1757662279,801184824
1757662279,810157384
1757662279,828716024
1757662279,833575144
1757662279,839930856
1757662279,844082520
1757662279,847010120
1757662279,871133128
1757662279,881312344
1757662279,894937224
1757662279,939738664
1757662279,946220056
1757662279,968936984
1757662279,975357048
1757662279,979832616
1757662279,982048552
1757662279,987216680
1757662279,993123656
1757662280,11844120
1757662280,48441656
1757662280,81651352
1757662280,95155016
1757662280,107635320
1757662280,156917976
1757662280,169963592
1757662280,201577864
1757662280,202759352
1757662280,207237128
1757662280,213356616
1757662280,222244696
1757662280,262901000
1757662280,272870648
1757662280,282403368
1757662280,287042296
1757662280,363885528
1757662280,374376424
1757662280,398497128
1757662280,408372744
1757662280,423972760
1757662280,447608664
1757662280,452214280
1757662280,543658152
1757662280,567449256
1757662280,574401448
1757662280,584525160
1757662280,600888824
1757662280,625304392
1757662280,640398040
1757662280,661553224
1757662280,670176040
1757662280,671746760
1757662280,689024296
1757662280,717851640
1757662280,745387944
1757662280,747690888
1757662280,770990424
1757662280,781414936
1757662280,793136440
1757662280,797357944
1757662280,813508264
1757662280,852668136
1757662280,856155144
1757662280,866986104
1757662280,870172936
1757662280,874201384
1757662280,877226152
1757662280,884430376
1757662280,888718280
1757662280,912210248
1757662280,919093656
1757662280,926899800
1757662280,969425592
1757662280,986520392
1757662281,344056
1757662281,12466936
1757662281,33609288
1757662281,37711880
1757662281,40407256
1757662281,121896552
1757662281,129764744
1757662281,137307464
1757662281,180799928
1757662281,187145560
1757662281,215301864
1757662281,231299560
1757662281,251278008
1757662281,263642376
1757662281,291918744
1757662281,321912824
1757662281,349208136
1757662281,360188504
1757662281,379919080
1757662281,381189048
1757662281,389637720
1757662281,392776120
1757662281,406129464
1757662281,414028024
1757662281,434227752
1757662281,435513096
1757662281,439258008
1757662281,495849000
1757662281,513304856
1757662281,525025272
1757662281,529369464
1757662281,541116040
1757662281,545386184
1757662281,589356328
1757662281,598605992
1757662281,605832696
1757662281,611976056
1757662281,636315880
1757662281,646276952
1757662281,666429656
1757662281,668271816
1757662281,682678344
1757662281,696093720
1757662281,697932680
1757662281,700020056
1757662281,747977384
1757662281,762724536
1757662281,764363176
1757662281,797751160
1757662281,818886312
1757662281,824339656
1757662281,826926728
1757662281,835742440
1757662281,840988168
1757662281,863225464
1757662281,894822520
1757662281,917948264
1757662281,929561720
1757662281,957648648
1757662281,976276552
1757662281,983117128
1757662281,998222072
1757662282,3360904
1757662282,22277656
1757662282,29912264
1757662282,34821832
1757662282,52817192
1757662282,55657192
1757662282,63797800
1757662282,72293656
1757662282,90227528
1757662282,107928808
1757662282,110460696
1757662282,114863256
1757662282,121503960
1757662282,150684424
1757662282,191195112
1757662282,194674760
1757662282,201725880
1757662282,203930824
1757662282,212107368
1757662282,225972904
1757662282,230589640
1757662282,235131608
1757662282,239140264
1757662282,240953352
1757662282,262282872
1757662282,265481432
1757662282,299908200
1757662282,321412728
1757662282,337499832
1757662282,347643064
1757662282,350417384
1757662282,389544472
1757662282,429298744
1757662282,439853496
1757662282,459210920
1757662282,465770888
1757662282,469666104
1757662282,477127416
1757662282,493301048
1757662282,527875544
1757662282,540133000
1757662282,563732392
1757662282,569799400
1757662282,579655352
1757662282,599336936
1757662282,606834312
1757662282,683264760
1757662282,691795448
1757662282,718161704
1757662282,733467176
1757662282,738547576
1757662282,745920872
1757662282,749874248
1757662282,774525528
1757662282,849053416
1757662282,859135800
1757662282,890073544
1757662282,898338456
1757662282,906843144
1757662282,919477192
1757662282,928521992
1757662282,930799144
1757662282,954932936
1757662282,972592792
1757662282,978207768
1757662282,989053384
1757662283,2099544
1757662283,21850424
1757662283,45315816
1757662283,53618648
1757662283,71813080
1757662283,82633800
1757662283,89425128
1757662283,108566296
1757662283,132724872
1757662283,136638472
1757662283,141152072
1757662283,149485016
1757662283,167716728
1757662283,173263544
1757662283,191905800
1757662283,220857416
1757662283,222338872
1757662283,233485240
1757662283,242724024
1757662283,255062264
1757662283,258448504
1757662283,279743880
1757662283,283353784
1757662283,299555864
1757662283,310756136
1757662283,319946312
1757662283,335791896
1757662283,366514360
1757662283,377217160
1757662283,391185640
1757662283,398265656
1757662283,410425656
1757662283,431545512
1757662283,450302808
1757662283,466978856
1757662283,479436408
1757662283,490515032
1757662283,503946296
1757662283,523174984
1757662283,529439128
1757662283,531186856
1757662283,533385032
1757662283,544176968
1757662283,546032568
1757662283,547927560
1757662283,571162968
1757662283,584741848
1757662283,598490632
1757662283,600617560
1757662283,611830408
1757662283,622580136
1757662283,624219064
1757662283,628819880
1757662283,649584520
1757662283,651793832
1757662283,654467912
1757662283,659731896
1757662283,673844200
1757662283,675406968
1757662283,687246040
1757662283,693418824
1757662283,696413240
1757662283,712153512
1757662283,715626776
1757662283,728681432
1757662283,732153320
1757662283,736991096
1757662283,749059368
1757662283,801600072
1757662283,816653400
1757662283,830047464
1757662283,839102248
1757662283,851986248
1757662283,895825864
1757662283,902650648
1757662283,908833624
1757662283,918117928
1757662283,922136376
1757662283,942183000
1757662283,955352664
1757662283,971038088
1757662283,974754440
1757662283,988658984
1757662283,997110728
1757662284,953288
1757662284,10790088
1757662284,15791400
1757662284,18141032
1757662284,33658392
1757662284,40742120
1757662284,42015752
1757662284,68820808
1757662284,101599464
1757662284,124275784
1757662284,125500728
1757662284,161269272
1757662284,175761256
1757662284,182196312
1757662284,197318104
1757662284,213402184
1757662284,249990648
1757662284,256356600
1757662284,258957528
1757662284,286274360
1757662284,303457736
1757662284,315997512
1757662284,325252872
1757662284,335088984
1757662284,338900520
1757662284,371037912
1757662284,395098520
1757662284,403220984
1757662284,407389624
1757662284,424930536
1757662284,486528120
1757662284,496049944
1757662284,502977944
1757662284,505056072
1757662284,511781992
1757662284,546267576
1757662284,557274984
1757662284,560869528
1757662284,576724200
1757662284,595907032
1757662284,609346920
1757662284,612128200
1757662284,629378392
1757662284,748382136
1757662284,771701656
1757662284,790713096
1757662284,815183544
1757662284,836597656
1757662284,863549144
1757662284,865263832
1757662284,915754504
1757662284,920660424
1757662284,935443608
1757662284,957586856
1757662284,961778392
1757662284,973858920
1757662284,979754152
1757662285,1341800
1757662285,66096120
1757662285,69298648
1757662285,108965288
1757662285,141589688
1757662285,149162424
1757662285,161595560
1757662285,167027640
1757662285,171195848
1757662285,181519000
1757662285,187331336
1757662285,189703224
1757662285,191449496
1757662285,210674648
1757662285,224004968
1757662285,239446296
1757662285,283372696
1757662285,295462232
1757662285,298599784
1757662285,353071512
1757662285,357595400
1757662285,409672408
1757662285,421874824
1757662285,432722600
1757662285,446920936
1757662285,475589912
1757662285,491209416
1757662285,507799496
1757662285,509605560
1757662285,536451944
1757662285,570532488
1757662285,655305112
1757662285,673178920
1757662285,693201384
1757662285,713853048
1757662285,719569128
1757662285,742403720
1757662285,747157272
1757662285,770982392
1757662285,773777416
1757662285,783456776
1757662285,802996568
1757662285,806599576
1757662285,813103640
1757662285,827827272
1757662285,845245256
1757662285,852012808
1757662285,874744152
1757662285,906238600
1757662285,920095560
1757662285,922744088
1757662285,941074760
1757662285,972383448
1757662285,983447544
1757662285,991167928
1757662286,7326600
1757662286,14660424
1757662286,23731592
1757662286,26961544
1757662286,37465192
1757662286,40705928
1757662286,84267992
1757662286,111382984
1757662286,128548232
1757662286,142180120
1757662286,148593304
1757662286,155219864
1757662286,184127464
1757662286,193049608
1757662286,200239368
1757662286,204891480
1757662286,208535368
1757662286,241331720
1757662286,246506712
1757662286,259426136
1757662286,266507224
1757662286,269081112
1757662286,287960184
1757662286,299107752
1757662286,308494952
1757662286,321434104
1757662286,333267624
1757662286,351578600
1757662286,371337944
1757662286,419127064
1757662286,422033112
1757662286,425241272
1757662286,431334232
1757662286,458985528
1757662286,461938024
1757662286,463825576
1757662286,481071752
1757662286,490438952
1757662286,495758232
1757662286,504160216
1757662286,529329224
1757662286,548280904
1757662286,564096952
1757662286,566507288
1757662286,570242920
1757662286,571841688
1757662286,589539768
1757662286,593664008
1757662286,611522424
1757662286,617113768
1757662286,618464264
1757662286,624480728
1757662286,637259912
1757662286,662038712
1757662286,684920104
1757662286,698339304
1757662286,718253800
1757662286,726711608
1757662286,728239992
1757662286,736731064
1757662286,754240120
1757662286,759328360
1757662286,786700920
1757662286,792751368
1757662286,817205112
1757662286,825478984
1757662286,833692152
1757662286,838405880
1757662286,839780536
1757662286,847302840
1757662286,849529960
1757662286,857081896
1757662286,870924008
1757662286,872919912
1757662286,885949736
1757662286,912722680
1757662286,966008456
1757662286,995662968
1757662287,28605672
1757662287,31802008
1757662287,65862024
1757662287,71150728
1757662287,74347000
1757662287,78298472
1757662287,82699000
1757662287,85084168
1757662287,108445000
1757662287,128639672
1757662287,135626216
1757662287,149952776
1757662287,154225592
1757662287,164179352
1757662287,168073784
1757662287,193729592
1757662287,206898472
1757662287,211583464
1757662287,226419992
1757662287,232624904
1757662287,293811288
1757662287,313608392
1757662287,364186136
1757662287,365336792
1757662287,375896808
1757662287,391077128
1757662287,396444520
1757662287,430253768
1757662287,432077448
1757662287,445723176
1757662287,510125704
1757662287,527390248
1757662287,547210776
1757662287,553452696
1757662287,563685832
1757662287,566234584
1757662287,576426872
1757662287,586963560
1757662287,590849320
1757662287,640296248
1757662287,642679400
1757662287,655882120
1757662287,661561240
1757662287,677212280
1757662287,701545656
1757662287,741396936
1757662287,755969048
1757662287,760425752
1757662287,762702920
1757662287,765010440
1757662287,776737928
1757662287,781104760
1757662287,824081752
1757662287,845769448
1757662287,853909144
1757662287,869017896
1757662287,876629992
1757662287,884102968
1757662287,891489128
1757662287,916218200
1757662287,920180088
1757662287,923396216
1757662287,958166472
1757662288,13099400
1757662288,21681624
1757662288,25336168
1757662288,53019576
1757662288,58201720
1757662288,73344984
1757662288,78499144
1757662288,80421128
1757662288,95232936
1757662288,97960792
1757662288,134556328
1757662288,156984520
1757662288,187871992
1757662288,190258744
1757662288,192912792
1757662288,195172904
1757662288,209851896
1757662288,213099128
1757662288,215629128
1757662288,228031960
1757662288,240618008
1757662288,261102520
1757662288,279478504
1757662288,289177656
1757662288,298822648
1757662288,315710024
1757662288,325912360
1757662288,341455336
1757662288,375431128
1757662288,410544328
1757662288,442081960
1757662288,444908712
1757662288,453168680
1757662288,472983016
1757662288,495646632
1757662288,499373560
1757662288,572059752
1757662288,590236424
1757662288,609635128
1757662288,647078488
1757662288,649174680
1757662288,652103464
1757662288,665396360
1757662288,667939048
1757662288,687045768
1757662288,702201944
1757662288,733544648
1757662288,751482376
1757662288,813995832
1757662288,821696376
1757662288,823914712
1757662288,853558440
1757662288,883615544
1757662288,914285752
1757662288,920952648
1757662288,929244504
1757662288,939245976
1757662288,946450216
1757662288,957219912
1757662288,967154616
1757662288,973940808
1757662288,990801800
1757662288,994383256
1757662288,997344216
1757662289,46401000
1757662289,52504840
1757662289,63685512
1757662289,81938728
1757662289,93901512
1757662289,109824984
1757662289,112629096
1757662289,156023720
1757662289,160495848
1757662289,186294424
1757662289,195574392
1757662289,213073016
1757662289,244374968
1757662289,251979624
1757662289,274700744
1757662289,286091144
1757662289,353104360
1757662289,356432856
1757662289,365021656
1757662289,383745512
1757662289,424545112
1757662289,428560248
1757662289,432420312
1757662289,438792856
1757662289,444777016
1757662289,470274456
1757662289,478171832
1757662289,480096760
1757662289,495180056
1757662289,499572600
1757662289,529693368
1757662289,543953816
1757662289,554950280
1757662289,556995368
1757662289,561418200
1757662289,569118040
1757662289,573251672
1757662289,606887992
1757662289,611368152
1757662289,614453992
1757662289,622905752
1757662289,625166696
1757662289,632188312
1757662289,638579128
1757662289,670628408
1757662289,677320744
1757662289,690893592
1757662289,696064104
1757662289,698228968
1757662289,726470440
1757662289,753044584
1757662289,787175848
1757662289,792756120
1757662289,795751208
1757662289,803432024
1757662289,812811432
1757662289,855898840
1757662289,857357880
1757662289,873795816
1757662289,881479112
1757662289,940209352
1757662289,957533096
1757662289,959627608
1757662289,973368920
1757662290,5865944
1757662290,65109992
1757662290,71167784
1757662290,89716520
1757662290,119990488
1757662290,143611256
1757662290,148572504
1757662290,162340328
1757662290,164976088
1757662290,175936104
1757662290,194437176
1757662290,228885560
1757662290,236123576
1757662290,245127064
1757662290,256080824
1757662290,274078184
1757662290,299735288
1757662290,303905960
1757662290,333502280
1757662290,344148616
1757662290,360630472
1757662290,375404168
1757662290,390141896
1757662290,403496584
1757662290,466693544
1757662290,480186088
1757662290,489702648
1757662290,514592600
1757662290,520257608
1757662290,525439256
1757662290,541854792
1757662290,553280520
1757662290,556176824
1757662290,566009048
1757662290,567990824
1757662290,578652632
1757662290,580063496
1757662290,620458792
1757662290,625214120
1757662290,628656104
1757662290,661210856
1757662290,690847256
1757662290,704301704
1757662290,718665224
1757662290,737882792
1757662290,755440216
1757662290,762407400
1757662290,781150664
1757662290,798298056
1757662290,816747544
1757662290,819917640
1757662290,825775448
1757662290,842969784
1757662290,845854648
1757662290,879533224
1757662290,884587480
1757662290,918341992
1757662290,925351112
1757662290,938093768
1757662290,940467720
1757662290,947896216
1757662290,958476008
1757662291,4345064
1757662291,10251064
1757662291,17692936
1757662291,33542776
1757662291,44794552
1757662291,47805080
1757662291,48852312
1757662291,53506168
1757662291,56091208
1757662291,78634712
1757662291,118864280
1757662291,151341560
1757662291,166865864
1757662291,203808088
1757662291,226581176
1757662291,228382936
1757662291,235700104
1757662291,239155544
1757662291,243782136
1757662291,268393464
1757662291,297597016
1757662291,316307656
1757662291,333390168
1757662291,339881496
1757662291,351662120
1757662291,384126072
1757662291,426214488
1757662291,463339336
1757662291,464731784
1757662291,470202600
1757662291,487910040
1757662291,521365224
1757662291,528349928
1757662291,532970760
1757662291,556384872
1757662291,559013912
1757662291,567796232
1757662291,571133688
1757662291,601698232
1757662291,620878488
1757662291,634405928
1757662291,636906968
1757662291,683530664
1757662291,685881720
1757662291,692257560
1757662291,694331080
1757662291,696630872
1757662291,708785464
1757662291,747974184
1757662291,749904856
1757662291,754222840
1757662291,757102600
1757662291,761749128
1757662291,763602712
1757662291,777237304
1757662291,802189160
1757662291,804871048
1757662291,819538040
1757662291,847907288
1757662291,860860072
1757662291,862608200
1757662291,878846872
1757662291,901284952
1757662291,903944584
1757662291,916558712
1757662291,925215496
1757662291,926820440
1757662291,942141880
1757662291,945268232
1757662291,948066264
1757662291,949941896
1757662291,973741464
1757662291,982551096
1757662291,998440392
1757662292,10692440
1757662292,13145544
1757662292,21363672
1757662292,54190568
1757662292,91140616
1757662292,133068744
1757662292,142896568
1757662292,147945048
1757662292,163220232
1757662292,205608776
1757662292,208992280
1757662292,212419224
1757662292,220784904
1757662292,255513528
1757662292,292408072
1757662292,336960792
1757662292,346378632
1757662292,350818616
1757662292,352699992
1757662292,397053608
1757662292,398079400
1757662292,441674520
1757662292,448807400
1757662292,456516696
1757662292,463506040
1757662292,474534328
1757662292,534936952
1757662292,542331624
1757662292,559236280
1757662292,584250760
1757662292,608455384
1757662292,612710136
1757662292,633779352
1757662292,641922776
1757662292,650341176
1757662292,670089832
1757662292,677794248
1757662292,685113832
1757662292,764188328
1757662292,768150888
1757662292,790420952
1757662292,838833848
1757662292,840203048
1757662292,842521080
1757662292,859279704
1757662292,878156984
1757662292,923748760
1757662293,2911096
1757662293,10526168
1757662293,17644456
1757662293,23715624
1757662293,27904920
1757662293,36756280
1757662293,42783528
1757662293,66473480
1757662293,69705592
1757662293,73274936
1757662293,79612984
1757662293,94576472
1757662293,104016456
1757662293,114264360
1757662293,124446712
1757662293,128696072
1757662293,147613144
1757662293,172721896
1757662293,175458520
1757662293,187502104
1757662293,201377848
1757662293,205327272
1757662293,215603480
1757662293,225297288
1757662293,273530872
1757662293,278334440
1757662293,283496760
1757662293,300853080
1757662293,308327432
1757662293,309629512
1757662293,343128088
1757662293,372612056
1757662293,381383448
1757662293,407339960
1757662293,411535208
1757662293,433182152
1757662293,435472744
1757662293,453422472
1757662293,468134344
1757662293,480058104
1757662293,503058664
1757662293,518175896
1757662293,542705144
1757662293,545371320
1757662293,552378792
1757662293,573208536
1757662293,577246760
1757662293,605008904
1757662293,606763992
1757662293,624122600
1757662293,626958424
1757662293,628307896
1757662293,636633864
1757662293,663097800
1757662293,691049912
1757662293,694263928
1757662293,708206808
1757662293,723354392
1757662293,739311672
1757662293,754518392
1757662293,766297816
1757662293,772407896
1757662293,777810600
1757662293,795446280
1757662293,798948072
1757662293,814076120
1757662293,846077176
1757662293,850456792
1757662293,904806264
1757662293,922053560
1757662293,928134344
1757662293,934166920
1757662293,949046808
1757662293,956353960
1757662293,968046984
1757662293,969691560
1757662294,1106104
1757662294,8668360
1757662294,88683848
1757662294,94771224
1757662294,105998472
1757662294,110572296
1757662294,123451976
1757662294,162208216
1757662294,189400984
1757662294,228297400
1757662294,252204312
1757662294,255545224
1757662294,294486824
1757662294,302766520
1757662294,305729160
1757662294,324551144
1757662294,328611336
1757662294,337749960
1757662294,354718760
1757662294,360143496
1757662294,361294984
1757662294,373104664
1757662294,393407208
1757662294,400603064
1757662294,427422184
1757662294,457354824
1757662294,492290552
1757662294,505679896
1757662294,530225448
1757662294,531823352
1757662294,534434296
1757662294,538794536
1757662294,558572600
1757662294,572571864
1757662294,578219592
1757662294,630190968
1757662294,643369080
1757662294,662784296
1757662294,667621384
1757662294,669375304
1757662294,681997448
1757662294,690696200
1757662294,692429032
1757662294,695839816
1757662294,713504472
1757662294,723147736
1757662294,726043816
1757662294,737821576
1757662294,766638584
1757662294,782232296
1757662294,790374760
1757662294,792809416
1757662294,823382568
1757662294,826961736
1757662294,847052280
1757662294,867603880
1757662294,885979528
1757662294,915438568
1757662294,922687224
1757662294,953990904
1757662294,956217592
1757662294,964789256
1757662294,966512840
1757662294,974815448
1757662294,985738264
1757662294,989243848
1757662295,2153816
1757662295,7128008
1757662295,29050408
1757662295,30738216
1757662295,63251176
1757662295,97734312
1757662295,118995000
1757662295,152037128
1757662295,154923928
1757662295,158238264
1757662295,185322536
1757662295,189536888
1757662295,228795288
1757662295,254042008
1757662295,272098776
1757662295,305051928
1757662295,306688152
1757662295,314044728
1757662295,316909944
1757662295,321693928
1757662295,324123080
1757662295,328688472
1757662295,333738376
1757662295,361656680
1757662295,375193960
1757662295,391950856
1757662295,413472792
1757662295,425725784
1757662295,429322232
1757662295,459698680
1757662295,469005496
1757662295,484094328
1757662295,486480632
1757662295,503743304
1757662295,511336792
1757662295,519230472
1757662295,530088936
1757662295,533493224
1757662295,568853768
1757662295,572826856
1757662295,577865800
1757662295,585291784
1757662295,604008744
1757662295,606725944
1757662295,609572728
1757662295,621324664
1757662295,625092408
1757662295,650836680
1757662295,666189336
1757662295,683039240
1757662295,692360200
1757662295,758604024
1757662295,771960952
1757662295,775626440
1757662295,804643992
1757662295,859869800
1757662295,881583368
1757662295,901713400
1757662295,904425336
1757662295,911418648
1757662295,916843480
1757662295,918638504
1757662295,962788040
1757662295,970389352
1757662295,991066072
1757662295,995630088
1757662296,29783320
1757662296,36721752
1757662296,42019288
1757662296,52764456
1757662296,60266536
1757662296,119352008
1757662296,126186728
1757662296,162134536
1757662296,175358904
1757662296,184817144
1757662296,192826920
1757662296,200087864
1757662296,214267288
1757662296,224917384
1757662296,226730728
1757662296,238379720
1757662296,255193160
1757662296,283596584
1757662296,300139032
1757662296,317798360
1757662296,322784232
1757662296,335252536
1757662296,343290136
1757662296,349729928
1757662296,351359240
1757662296,355764216
1757662296,398699880
1757662296,412635720
1757662296,415722456
1757662296,457441544
1757662296,466216808
1757662296,477661944
1757662296,518985384
1757662296,520433992
1757662296,530257192
1757662296,556344632
1757662296,571264120
1757662296,575195128
1757662296,579959432
1757662296,581909448
1757662296,584830536
1757662296,604551320
1757662296,607046936
1757662296,696627912
1757662296,713041368
1757662296,720175080
1757662296,733019016
1757662296,737707736
1757662296,818264840
1757662296,849649880
1757662296,867813848
1757662296,872174440
1757662296,901268968
1757662296,904115336
1757662296,925063448
1757662296,944590536
1757662296,954956664
1757662296,999109736
1757662297,5355480
1757662297,11837032
1757662297,17811080
1757662297,41397000
1757662297,50870776
1757662297,93033784
1757662297,98507624
1757662297,113751944
1757662297,130243592
1757662297,138666024
1757662297,145853736
1757662297,174496024
1757662297,180263336
1757662297,187136856
1757662297,189972264
1757662297,206201416
1757662297,232407096
1757662297,242969816
1757662297,264175320
1757662297,266667048
1757662297,271815928
1757662297,284630968
1757662297,294310792
1757662297,298441192
1757662297,302296184
1757662297,304666856
1757662297,317385592
1757662297,319438216
1757662297,321948920
1757662297,339412904
1757662297,363510984
1757662297,367796104
1757662297,373643256
1757662297,414754664
1757662297,431378520
1757662297,433842664
1757662297,493156552
1757662297,501618632
1757662297,505746728
1757662297,520552728
1757662297,522262824
1757662297,535184568
1757662297,541218120
1757662297,571408456
1757662297,575519112
1757662297,582343128
1757662297,620627560
1757662297,639282184
1757662297,642920248
1757662297,666511432
1757662297,681604056
1757662297,688236920
1757662297,695490552
1757662297,705786872
1757662297,732062968
1757662297,734067064
1757662297,745222936
1757662297,751846808
1757662297,766619144
1757662297,791277480
1757662297,799889480
1757662297,806211976
1757662297,811706312
1757662297,825287528
1757662297,826886136
1757662297,832100440
1757662297,896715800
1757662297,898780488
1757662297,916372968
1757662297,933367416
1757662297,953434888
1757662298,1414792
1757662298,8002248
1757662298,10873944
1757662298,43136952
1757662298,63042232
1757662298,75601848
1757662298,100185656
1757662298,134691592
1757662298,135979672
1757662298,138903576
1757662298,141254104
1757662298,145633016
1757662298,200099480
1757662298,215069880
1757662298,216411048
1757662298,221915928
1757662298,237242296
1757662298,243235160
1757662298,260599944
1757662298,286829656
1757662298,305781096
1757662298,309200472
1757662298,314502008
1757662298,322886120
1757662298,368724280
1757662298,384908792
1757662298,406069288
1757662298,414539992
1757662298,417500056
1757662298,431752888
1757662298,447134008
1757662298,469993272
1757662298,492972248
1757662298,512553064
1757662298,527839752
1757662298,530952648
1757662298,532760840
1757662298,582505896
1757662298,602522056
1757662298,607622456
1757662298,611172680
1757662298,616122856
1757662298,633677336
1757662298,640433000
1757662298,648316616
1757662298,670226552
1757662298,727516920
1757662298,760480184
1757662298,770915272
1757662298,776377784
1757662298,781152744
1757662298,784806488
1757662298,830986200
1757662298,841727992
1757662298,866451464
1757662298,868714024
1757662298,887150408
1757662298,922213752
1757662298,926130408
1757662298,932448888
1757662298,956403608
1757662298,973180056
1757662299,21783448
1757662299,34637656
1757662299,76382440
1757662299,80735576
1757662299,105217688
1757662299,109413320
1757662299,137806648
1757662299,148022936
1757662299,149755592
1757662299,160281560
1757662299,189716072
1757662299,209632504
1757662299,214212360
1757662299,225166712
1757662299,228309208
1757662299,243176648
1757662299,281142136
1757662299,292279304
1757662299,306874360
1757662299,317294136
1757662299,342452472
1757662299,380860024
1757662299,387351000
1757662299,394985928
1757662299,407961976
1757662299,454074808
1757662299,507181512
1757662299,510412680
1757662299,511983576
1757662299,538937768
1757662299,566551848
1757662299,569202616
1757662299,596899832
1757662299,605822488
1757662299,609678248
1757662299,623427032
1757662299,625392232
1757662299,652245800
1757662299,668407560
1757662299,669710616
1757662299,676000424
1757662299,711126824
1757662299,725181160
1757662299,735951736
1757662299,737510488
1757662299,753024808
1757662299,770754488
1757662299,774346184
1757662299,777067272
1757662299,778932872
1757662299,786989544
1757662299,818061240
1757662299,819686872
1757662299,869220984
1757662299,882077048
1757662299,932871528
1757662299,943975592
1757662299,954594600
1757662299,965865656
1757662299,987137448
1757662300,9776056
1757662300,23740664
1757662300,84054552
1757662300,102750104
1757662300,111711704
1757662300,119461048
1757662300,150829336
1757662300,176143736
1757662300,233194216
1757662300,277119128
1757662300,285471992
1757662300,301441800
1757662300,303401320
1757662300,309544952
1757662300,339701640
1757662300,351811352
1757662300,380174072
1757662300,385816824
1757662300,393235992
1757662300,411106776
1757662300,486663096
1757662300,509917368
1757662300,546643240
1757662300,558100792
1757662300,580018856
1757662300,617231848
1757662300,619826568
1757662300,647955720
1757662300,652886648
1757662300,668755320
1757662300,682011480
1757662300,686363720
1757662300,707187400
1757662300,733844024
1757662300,750927400
1757662300,754239352
1757662300,764973720
1757662300,768797320
1757662300,773722120
1757662300,791319240
1757662300,810216136
1757662300,826586440
1757662300,862388552
1757662300,865256488
1757662300,868664072
1757662300,883998440
1757662300,895500376
1757662300,909312024
1757662300,927010280
1757662300,930697720
1757662300,933751288
1757662300,935352648
1757662300,940610264
1757662300,966319720
1757662301,20368744
1757662301,76343544
1757662301,80013000
1757662301,86042472
1757662301,87871016
1757662301,93145960
1757662301,95295448
1757662301,96770600
1757662301,112496584
1757662301,141982520
1757662301,151271768
1757662301,182118696
1757662301,189933912
1757662301,212791544
1757662301,236162856
1757662301,244112056
1757662301,263915864
1757662301,310774376
1757662301,321789624
1757662301,326985832
1757662301,334875576
1757662301,350747672
1757662301,381093432
1757662301,384305592
1757662301,405953368
1757662301,416434424
1757662301,418145112
1757662301,443107864
1757662301,496923688
1757662301,501843176
1757662301,554957288
1757662301,583636600
1757662301,605689928
1757662301,618791288
1757662301,627219512
1757662301,657365288
1757662301,666661528
1757662301,696995560
1757662301,722990472
1757662301,760304056
1757662301,772744104
1757662301,777221656
1757662301,823116216
1757662301,825026456
1757662301,834837080
1757662301,836006968
1757662301,907278760
1757662301,910071912
1757662301,919863256
1757662301,926204088
1757662301,955409096
1757662301,982241592
1757662301,985581416
1757662301,994039320
1757662302,1011784
1757662302,3697368
1757662302,29101736
1757662302,37489256
1757662302,48942088
1757662302,57605016
1757662302,95235208
1757662302,106313240
1757662302,126498248
1757662302,169259480
1757662302,171003320
1757662302,172474280
1757662302,179871320
1757662302,194108856
1757662302,212215976
1757662302,237629592
1757662302,315454808
1757662302,327248568
1757662302,344891768
1757662302,349392664
1757662302,363146840
1757662302,390127464
1757662302,399276952
1757662302,420812024
1757662302,455602376
1757662302,459399096
1757662302,468095576
1757662302,481459448
1757662302,489892024
1757662302,503447768
1757662302,546277656
1757662302,553226152
1757662302,558615224
1757662302,564596392
1757662302,577343384
1757662302,582320904
1757662302,616469944
1757662302,630203464
1757662302,631542520
1757662302,640330152
1757662302,647990072
1757662302,649774840
1757662302,651453320
1757662302,672590520
1757662302,700968984
1757662302,736431992
1757662302,739334376
1757662302,766386056
1757662302,778427560
1757662302,837001240
1757662302,851679464
1757662302,865815304
1757662302,867264712
1757662302,903839064
1757662302,922719272
1757662302,944945400
1757662302,949658312
1757662302,959430168
1757662302,970165832
1757662302,985438536
1757662303,6135560
1757662303,9742456
1757662303,15900600
1757662303,21086792
1757662303,41002744
1757662303,58506520
1757662303,59916056
1757662303,62927976
1757662303,71983944
1757662303,79576360
1757662303,117050728
1757662303,137140696
1757662303,148270024
1757662303,151814056
1757662303,195829848
1757662303,212560712
1757662303,218418792
1757662303,230161288
1757662303,246797496
1757662303,274586840
1757662303,281033528
1757662303,288291656
1757662303,305221816
1757662303,314909400
1757662303,337617256
1757662303,341360072
1757662303,389068968
1757662303,416202408
1757662303,446586280
1757662303,449502248
1757662303,460617400
1757662303,472270440
1757662303,476784104
1757662303,478338600
1757662303,491850936
1757662303,508089656
1757662303,512845016
1757662303,514744232
1757662303,559132936
1757662303,570714776
1757662303,573349352
1757662303,602874648
1757662303,617787704
1757662303,635006664
1757662303,702807672
1757662303,721077272
1757662303,748903080
1757662303,790779128
1757662303,795315560
1757662303,806310808
1757662303,813387704
1757662303,834067624
1757662303,859086648
1757662303,869675160
1757662303,877073592
1757662303,889921688
1757662303,896233912
1757662303,929013960
1757662303,943941736
1757662303,947697416
1757662303,956761256
1757662303,985629896
1757662304,9380184
1757662304,12789832
1757662304,46406408
1757662304,103134728
1757662304,110218680
1757662304,114715176
1757662304,124066776
1757662304,129381128
1757662304,141104040
1757662304,149520216
1757662304,153256584
1757662304,154839496
1757662304,164628632
1757662304,216245672
1757662304,221318424
1757662304,225156664
1757662304,276627976
1757662304,340150056
1757662304,365621432
1757662304,368435688
1757662304,384076984
1757662304,387096408
1757662304,393172504
1757662304,418764792
1757662304,475790712
1757662304,545408392
1757662304,547360344
1757662304,549216712
1757662304,587046344
1757662304,606893864
1757662304,625680888
1757662304,663122296
1757662304,691975640
1757662304,701574280
1757662304,705181688
1757662304,709223544
1757662304,768660360
1757662304,796584840
1757662304,809726728
1757662304,821616792
1757662304,849442952
1757662304,866155672
1757662304,895227592
1757662304,940996392
1757662304,964241752
1757662304,971431624
1757662304,974688584
1757662304,979138008
1757662305,1091800
1757662305,6933208
1757662305,14824968
1757662305,40785224
1757662305,49503496
1757662305,61703096
1757662305,87213464
1757662305,88604776
1757662305,101217192
1757662305,108449112
1757662305,120451992
1757662305,139025304
1757662305,143275688
1757662305,153332168
1757662305,175860728
1757662305,182372744
1757662305,191156376
1757662305,194130344
1757662305,195711864
1757662305,203626232
1757662305,240821944
1757662305,248568904
1757662305,274449928
1757662305,275993864
1757662305,342260520
1757662305,377462008
1757662305,382845544
1757662305,442955848
1757662305,448791560
1757662305,450498792
1757662305,492593656
1757662305,509834184
1757662305,520527784
1757662305,526612728
1757662305,534163832
1757662305,593493496
1757662305,604829896
1757662305,614896360
1757662305,620945608
1757662305,638438632
1757662305,671967336
1757662305,695016024
1757662305,735503576
1757662305,736822088
1757662305,761106312
1757662305,796609400
1757662305,801117176
1757662305,855781320
1757662305,876781256
1757662305,892716312
1757662305,901711448
1757662305,909320504
1757662305,919694952
1757662305,922613544
1757662305,931582312
1757662305,973884104
1757662305,978908632
1757662305,993657848
1757662306,21416456
1757662306,34650264
1757662306,55799848
1757662306,68115256
1757662306,81138568
1757662306,108595848
1757662306,119763272
1757662306,146169208
1757662306,163522808
1757662306,176977096
1757662306,178560840
1757662306,187026808
1757662306,192508568
1757662306,204943720
1757662306,239782968
1757662306,280488104
1757662306,282760200
1757662306,303000552
1757662306,311838968
1757662306,315505752
1757662306,328374456
1757662306,337956040
1757662306,371166728
1757662306,373278936
1757662306,408835368
1757662306,426427432
1757662306,446901784
1757662306,477900504
1757662306,487781544
1757662306,501272648
1757662306,510408168
1757662306,540460008
1757662306,542125224
1757662306,544674488
1757662306,570985384
1757662306,573800712
1757662306,581501144
1757662306,605608856
1757662306,633431912
1757662306,648738712
1757662306,652392248
1757662306,662553080
1757662306,732091256
1757662306,743691032
1757662306,787807176
1757662306,792022088
1757662306,817882376
1757662306,821343592
1757662306,830334728
1757662306,853666808
1757662306,878615944
1757662306,900606920
1757662306,902542056
1757662306,908560184
1757662306,916219864
1757662306,918704504
1757662306,959474200
1757662307,30850344
1757662307,39348728
1757662307,41863976
1757662307,77691896
1757662307,86910680
1757662307,140452536
1757662307,144205368
1757662307,170279800
1757662307,197259144
1757662307,233940264
1757662307,258169064
1757662307,270429512
1757662307,272654136
1757662307,280369448
1757662307,282934392
1757662307,296969352
1757662307,319965256
1757662307,333044360
1757662307,335549048
1757662307,346112040
1757662307,379668104
1757662307,399815352
1757662307,416528280
1757662307,486516664
1757662307,491028392
1757662307,492635576
1757662307,511529528
1757662307,520849448
1757662307,535316472
1757662307,549813560
1757662307,559809192
1757662307,562682376
1757662307,566700920
1757662307,573705768
1757662307,575048744
1757662307,588228360
1757662307,631374984
1757662307,654402312
1757662307,668333704
1757662307,679367416
1757662307,693746680
1757662307,715461288
1757662307,724276936
1757662307,735138840
1757662307,751693352
1757662307,790962296
1757662307,797059032
1757662307,821371160
1757662307,839805112
1757662307,845136552
1757662307,848930232
1757662307,864302568
1757662307,866340872
1757662307,873106888
1757662307,874731304
1757662307,886406328
1757662307,905740072
1757662307,916430840
1757662307,920937640
1757662307,929387368
1757662307,944936952
1757662307,988960136
1757662307,994781816
1757662308,12642856
1757662308,26410616
1757662308,50488888
1757662308,91535768
1757662308,112175096
1757662308,113885912
1757662308,123119640
1757662308,137912824
1757662308,139687256
1757662308,146518984
1757662308,159422344
1757662308,160990312
1757662308,164459240
1757662308,183134520
1757662308,213848392
1757662308,221306184
1757662308,253425304
1757662308,273444200
1757662308,276107576
1757662308,289686360
1757662308,311705720
1757662308,318049368
1757662308,324540280
1757662308,331825064
1757662308,346116616
1757662308,367926568
1757662308,403303128
1757662308,408750312
1757662308,431751336
1757662308,481205208
1757662308,483328296
1757662308,497827848
1757662308,505444584
1757662308,515257016
1757662308,518045352
1757662308,527413864
1757662308,557766392
1757662308,559368232
1757662308,580348776
1757662308,596848440
1757662308,602426472
1757662308,625256312
1757662308,634239816
1757662308,671308008
1757662308,677459768
1757662308,700504824
1757662308,703224552
1757662308,712199672
1757662308,713568104
1757662308,717794664
1757662308,748837640
1757662308,799681384
1757662308,801474504
1757662308,802983960
1757662308,814254888
1757662308,833916504
1757662308,836418776
1757662308,838077880
1757662308,857966584
1757662308,865200456
1757662308,897674728
1757662308,921219352
1757662308,967511192
1757662308,969750168
1757662308,981735944
1757662308,998667656
1757662309,48056
1757662309,13241544
1757662309,18036424
1757662309,24262088
1757662309,29503512
1757662309,40068328
1757662309,81706040
1757662309,103234920
1757662309,112489656
1757662309,113743976
1757662309,116887912
1757662309,167448856
1757662309,171927032
1757662309,207802376
1757662309,255040504
1757662309,263522072
1757662309,288262328
1757662309,293737144
1757662309,301140040
1757662309,311244664
1757662309,349553208
1757662309,364253864
1757662309,388022680
1757662309,400819624
1757662309,435735224
1757662309,442407960
1757662309,448114168
1757662309,474208600
1757662309,492720184
1757662309,509566376
1757662309,511684328
1757662309,533055528
1757662309,570303400
1757662309,578989896
1757662309,599417048
1757662309,633332056
1757662309,651720568
1757662309,678833752
1757662309,704870152
1757662309,724053528
1757662309,740757352
1757662309,773523640
1757662309,794683432
1757662309,828349112
1757662309,835636888
1757662309,840701256
1757662309,856391176
1757662309,886225416
1757662309,890578008
1757662309,925559848
1757662309,951801944
1757662309,958497304
1757662309,980752760
1757662310,1385096
1757662310,14784312
1757662310,15876568
1757662310,43640984
1757662310,48894824
1757662310,57184696
1757662310,86563320
1757662310,103679464
1757662310,142477624
1757662310,144582344
1757662310,149238840
1757662310,180044472
1757662310,185283848
1757662310,209693000
1757662310,216598328
1757662310,226660216
1757662310,228538600
1757662310,235670856
1757662310,241482376
1757662310,252822328
1757662310,274175368
1757662310,299336088
1757662310,316724088
1757662310,322702168
1757662310,328414296
1757662310,334037112
1757662310,353338440
1757662310,420925256
1757662310,426102744
1757662310,464568760
1757662310,473149656
1757662310,502362040
1757662310,505465752
1757662310,507125896
1757662310,508639064
1757662310,526457160
1757662310,536169736
1757662310,576901144
1757662310,581930424
1757662310,594590888
1757662310,596372888
1757662310,598191928
1757662310,611854712
1757662310,633007000
1757662310,645149816
1757662310,649628216
1757662310,686429896
1757662310,698335384
1757662310,746137192
1757662310,748447096
1757662310,755920664
1757662310,780334408
1757662310,795573512
1757662310,796811896
1757662310,805042520
1757662310,818989560
1757662310,823536040
1757662310,827743000
1757662310,856246872
1757662310,860892344
1757662310,864268536
1757662310,893093688
1757662310,944803288
1757662310,961309032
1757662310,965041512
1757662310,976265944
1757662310,988725528
1757662311,4093864
1757662311,32392024
1757662311,41629960
1757662311,50723288
1757662311,82082328
1757662311,104403144
1757662311,120179112
1757662311,128734056
1757662311,160918632
1757662311,164897656
1757662311,170261624
1757662311,234726040
1757662311,238529112
1757662311,249792840
1757662311,267381880
1757662311,293563000
1757662311,301325720
1757662311,322747944
1757662311,327305032
1757662311,328802424
1757662311,347705032
1757662311,350190920
1757662311,359650536
1757662311,363881928
1757662311,374943400
1757662311,395711432
1757662311,400179256
1757662311,429704680
1757662311,462552856
1757662311,471849592
1757662311,478711960
1757662311,486494408
1757662311,513403912
1757662311,628705704
1757662311,650474712
1757662311,674408792
1757662311,685985976
1757662311,699055016
1757662311,702575288
1757662311,714690920
1757662311,734259688
1757662311,735368760
1757662311,743347176
1757662311,750202584
1757662311,752621112
1757662311,759828136
1757662311,760987928
1757662311,783745864
1757662311,792393416
1757662311,804161592
1757662311,817384872
1757662311,832587624
1757662311,855217032
1757662311,889688968
1757662311,910699624
1757662311,926527416
1757662311,928577224
1757662311,936928680
1757662311,950637784
1757662311,963967336
1757662311,985105256
1757662312,4652776
1757662312,31493688
1757662312,44605032
1757662312,57104520
1757662312,67803160
1757662312,82718968
1757662312,93153816
1757662312,96727128
1757662312,129421512
1757662312,157977592
1757662312,184180040
1757662312,189382792
1757662312,238666744
1757662312,245894920
1757662312,251870600
1757662312,297449016
1757662312,309156456
1757662312,339889720
1757662312,341444184
1757662312,351703448
1757662312,377773880
1757662312,387813208
1757662312,392307032
1757662312,427387016
1757662312,429928744
1757662312,434006776
1757662312,441538168
1757662312,482348216
1757662312,492964936
1757662312,559722536
1757662312,576247720
1757662312,585747832
1757662312,596412152
1757662312,603956200
1757662312,610785896
1757662312,612567512
1757662312,613845112
1757662312,618377112
1757662312,660606952
1757662312,683355816
1757662312,692052264
1757662312,694176600
1757662312,711569816
1757662312,717349000
1757662312,727107672
1757662312,737024568
1757662312,739396456
1757662312,767130248
1757662312,856167560
1757662312,868249224
1757662312,872013608
1757662312,881261400
1757662312,913185208
1757662312,946514744
1757662312,988000728
1757662313,70520
1757662313,2691000
1757662313,4183496
1757662313,11739416
1757662313,40120680
1757662313,43662184
1757662313,44841832
1757662313,60677928
1757662313,72457944
1757662313,80119448
1757662313,110412712
1757662313,130983432
1757662313,163804808
1757662313,178537512
1757662313,187515512
1757662313,199223960
1757662313,221865304
1757662313,224408696
1757662313,239393768
1757662313,240795160
1757662313,242755432
1757662313,279349432
1757662313,286765560
1757662313,296834184
1757662313,302760456
1757662313,306408984
1757662313,309449048
1757662313,324129528
1757662313,339561096
1757662313,341744872
1757662313,343814168
1757662313,361805656
1757662313,366958152
1757662313,381409912
1757662313,393679144
1757662313,394953336
1757662313,448517112
1757662313,466876808
1757662313,471841432
1757662313,496141848
1757662313,533460552
1757662313,538718120
1757662313,541279048
1757662313,544008984
1757662313,571116824
1757662313,574570312
1757662313,601211592
1757662313,611104728
1757662313,627169416
1757662313,682664920
1757662313,709707368
1757662313,714006056
1757662313,715558648
1757662313,722576584
1757662313,724241208
1757662313,733557896
1757662313,734839784
1757662313,737709160
1757662313,739511976
1757662313,741904520
1757662313,753305400
1757662313,763148776
1757662313,765747512
1757662313,770779752
1757662313,772727960
1757662313,819345768
1757662313,822914744
1757662313,874852712
1757662313,884708232
1757662313,889771432
1757662313,953253176
1757662313,984177112
1757662314,150408
1757662314,28006152
1757662314,29642152
1757662314,35360792
1757662314,65572344
1757662314,94209848
1757662314,156036008
1757662314,164804888
1757662314,174112648
1757662314,184014760
1757662314,197646984
1757662314,207878040
1757662314,224987704
1757662314,233184056
1757662314,239579720
1757662314,245983464
1757662314,253536232
1757662314,290564744
1757662314,317917912
1757662314,325092760
1757662314,371571096
1757662314,375939272
1757662314,377831560
1757662314,380700776
1757662314,395636056
1757662314,404800104
1757662314,413326536
1757662314,437056824
1757662314,448967704
1757662314,454523368
1757662314,491885368
1757662314,504806536
1757662314,525010600
1757662314,528209000
1757662314,531902216
1757662314,549287368
1757662314,554149784
1757662314,562769144
1757662314,575177368
1757662314,591274072
1757662314,596058312
1757662314,611894088
1757662314,623820488
1757662314,642095224
1757662314,659462840
1757662314,661460536
1757662314,677557800
1757662314,686488024
1757662314,692983656
1757662314,724437304
1757662314,731989336
1757662314,741904168
1757662314,747983464
1757662314,750797896
1757662314,802425432
1757662314,814593928
1757662314,828908568
1757662314,874547368
1757662314,893267576
1757662314,902382312
1757662314,926206888
1757662314,933494440
1757662314,943338920
1757662314,958167592
1757662314,981149544
1757662314,983373288
1757662314,989451704
1757662315,622424
1757662315,12083800
1757662315,25319816
1757662315,29742216
1757662315,61109384
1757662315,109331992
1757662315,117120840
1757662315,133022952
1757662315,172396120
1757662315,202626904
1757662315,211267144
1757662315,218748920
1757662315,229031992
1757662315,230678088
1757662315,233007432
1757662315,247604344
1757662315,260031992
1757662315,267490216
1757662315,285438712
1757662315,288540264
1757662315,341088344
1757662315,352619240
1757662315,354181016
1757662315,374950872
1757662315,377865560
1757662315,414882744
1757662315,423629032
1757662315,429961784
1757662315,477413064
1757662315,491215688
1757662315,492795800
1757662315,495165912
1757662315,504346200
1757662315,509078776
1757662315,524134872
1757662315,525685688
1757662315,532687032
1757662315,549681464
1757662315,555151768
1757662315,558646232
1757662315,587296856
1757662315,611870952
1757662315,614496600
1757662315,629421688
1757662315,637421368
1757662315,662716824
1757662315,666273448
1757662315,675276344
1757662315,695216424
1757662315,702006456
1757662315,720680008
1757662315,737542184
1757662315,742805576
1757662315,750352280
1757662315,768158312
1757662315,775013064
1757662315,798745464
1757662315,818228792
1757662315,846402968
1757662315,860621176
1757662315,865281128
1757662315,868511832
1757662315,893328280
1757662315,899929592
1757662315,906876600
1757662315,932243416
1757662315,943667400
1757662315,945368712
1757662315,947527304
1757662315,968350952
1757662315,981335864
1757662316,9104648
1757662316,12714872
1757662316,15934472
1757662316,36871128
1757662316,48256312
1757662316,51583064
1757662316,64479576
1757662316,94392648
1757662316,101513448
1757662316,115580840
1757662316,122944264
1757662316,130365976
1757662316,136264568
1757662316,143041496
1757662316,149362520
1757662316,161974376
1757662316,164763464
1757662316,185532648
1757662316,191534600
1757662316,201128840
1757662316,233934392
1757662316,252140872
1757662316,269351688
1757662316,275358536
1757662316,279465896
1757662316,284493496
1757662316,286153176
1757662316,290415992
1757662316,334652088
1757662316,355784808
1757662316,358142840
1757662316,359755352
1757662316,368046072
1757662316,373788040
1757662316,395242488
1757662316,398153880
1757662316,403416328
1757662316,451112488
1757662316,511696568
1757662316,545393208
1757662316,548514088
1757662316,557155864
1757662316,571035320
1757662316,589999064
1757662316,600383224
1757662316,657166936
1757662316,686690344
1757662316,696539416
1757662316,714487016
1757662316,731134152
1757662316,765923112
1757662316,779739736
1757662316,803444728
1757662316,809310600
1757662316,813921080
1757662316,816838504
1757662316,831943512
1757662316,838101400
1757662316,843832968
1757662316,859597192
1757662316,872558664
1757662316,881806520
1757662316,892512648
1757662316,930516888
1757662316,933210360
1757662316,940928200
1757662316,983974184
1757662316,987607576
1757662316,988811320
1757662316,993518696
1757662317,13933416
1757662317,36302376
1757662317,39331016
1757662317,64519160
1757662317,93457880
1757662317,112257672
1757662317,145617560
1757662317,222464952
1757662317,244697160
1757662317,278756696
1757662317,302923880
1757662317,337952584
1757662317,386276504
1757662317,389466728
1757662317,393067832
1757662317,395324168
1757662317,399381480
1757662317,401138696
1757662317,439388104
1757662317,442722024
1757662317,455317720
1757662317,461431448
1757662317,471271208
1757662317,480071400
1757662317,489854728
1757662317,494009288
1757662317,523039688
1757662317,587449512
1757662317,593654376
1757662317,596544632
1757662317,608025704
1757662317,623641512
1757662317,626874392
1757662317,631616712
1757662317,637176152
1757662317,663940184
1757662317,681868008
1757662317,689521864
1757662317,703403464
1757662317,769793400
1757662317,780981528
1757662317,791182312
1757662317,819880984
1757662317,828335144
1757662317,834811128
1757662317,853811032
1757662317,863853416
1757662317,902647096
1757662317,909846632
1757662317,913181464
1757662317,949221240
1757662317,955563384
1757662317,957453560
1757662318,26305192
1757662318,38281624
1757662318,41608040
1757662318,51114184
1757662318,84370072
1757662318,100745560
1757662318,108991256
1757662318,116649640
1757662318,118879688
1757662318,220347128
1757662318,227317784
1757662318,259356488
1757662318,260992168
1757662318,265973944
1757662318,343355208
1757662318,345491464
1757662318,357638056
1757662318,374473000
1757662318,414652552
1757662318,447833976
1757662318,470213032
1757662318,482991448
1757662318,497522088
1757662318,503253784
1757662318,513242952
1757662318,537066744
1757662318,538750504
1757662318,541793464
1757662318,561271560
1757662318,586542856
1757662318,599032536
1757662318,605592632
1757662318,619872424
1757662318,660032040
1757662318,671898904
1757662318,720724104
1757662318,722420536
1757662318,730432136
1757662318,751347208
1757662318,758208920
1757662318,770515736
1757662318,771616472
1757662318,797560392
1757662318,820666648
1757662318,824175320
1757662318,843665064
1757662318,847666072
1757662318,852594744
1757662318,882127160
1757662318,898141464
1757662318,907246808
1757662318,919852808
1757662318,923140184
1757662318,924709800
1757662318,942321736
1757662318,950287128
1757662318,957851944
1757662318,960675688
1757662318,967588232
1757662318,979450776
1757662318,999287224
1757662319,19151736
1757662319,26796952
1757662319,29842232
1757662319,67902792
1757662319,74024744
1757662319,104104392
1757662319,126383928
1757662319,128381416
1757662319,133219912
1757662319,173323064
1757662319,175177080
1757662319,226472568
1757662319,237314088
1757662319,245956616
1757662319,249855240
1757662319,264328488
1757662319,288377448
1757662319,309161224
1757662319,324142680
1757662319,331882104
1757662319,354474760
1757662319,359419096
1757662319,364818312
1757662319,367542968
1757662319,370806952
1757662319,372918264
1757662319,377638424
1757662319,381297768
1757662319,383507592
1757662319,409681352
1757662319,412127512
1757662319,414718296
1757662319,422185080
1757662319,435580456
1757662319,442901512
1757662319,457591592
1757662319,482809000
1757662319,491560552
1757662319,503728072
1757662319,508009144
1757662319,527155752
1757662319,532765512
1757662319,543475448
1757662319,563770872
1757662319,571860904
1757662319,584764952
1757662319,629948216
1757662319,638096296
1757662319,644190952
1757662319,651048552
1757662319,658996360
1757662319,705841784
1757662319,713420248
1757662319,717667864
1757662319,727035000
1757662319,728528152
1757662319,748741384
1757662319,774742904
1757662319,777505912
1757662319,789145624
1757662319,797299320
1757662319,803498632
1757662319,809157864
1757662319,817432472
1757662319,843262024
1757662319,871828280
1757662319,885936840
1757662319,891435160
1757662319,896218728
1757662319,925522344
1757662319,952908888
1757662319,957350968
1757662319,962180600
1757662319,970410168
1757662319,973409096
1757662319,976470872
1757662319,998794632
1757662320,34044056
1757662320,68087000
1757662320,76069944
1757662320,96772024
1757662320,107916680
1757662320,138114664
1757662320,142863704
1757662320,146207736
1757662320,158099960
1757662320,167631000
1757662320,192957736
1757662320,198816328
1757662320,226023016
1757662320,271213608
1757662320,288118152
1757662320,294715976
1757662320,314325720
1757662320,323708424
1757662320,327930056
1757662320,344077192
1757662320,352029464
1757662320,374153576
1757662320,386272472
1757662320,406608520
1757662320,448683864
1757662320,451357016
1757662320,454426952
1757662320,456688248
1757662320,462665800
1757662320,486447240
1757662320,519452728
1757662320,521641656
1757662320,573636552
1757662320,598161752
1757662320,601747112
1757662320,651613336
1757662320,669479944
1757662320,705433576
1757662320,711450248
1757662320,712797064
1757662320,741020424
1757662320,770399528
1757662320,778011464
1757662320,817945624
1757662320,820971432
1757662320,832637128
1757662320,840570984
1757662320,865487416
1757662320,884205576
1757662320,896090328
1757662320,904074152
1757662320,930507048
1757662320,936503832
1757662320,941404152
1757662320,958588616
1757662320,972872104
1757662320,998589048
1757662321,4797416
1757662321,8734296
1757662321,17323000
1757662321,40631928
1757662321,44519224
1757662321,54964152
1757662321,57932200
1757662321,60583480
1757662321,106782488
1757662321,115440664
1757662321,152996616
1757662321,166804440
1757662321,177940376
1757662321,190806968
1757662321,204384600
1757662321,206721512
1757662321,211336440
1757662321,217321288
1757662321,220354632
1757662321,229216744
1757662321,239241672
1757662321,291187672
1757662321,293175032
1757662321,297616632
1757662321,303109480
1757662321,304620072
1757662321,315972376
1757662321,331927640
1757662321,346682936
1757662321,380771448
1757662321,391724424
1757662321,401607576
1757662321,407378632
1757662321,424394312
1757662321,429609704
1757662321,431264440
1757662321,434662856
1757662321,441109048
1757662321,469765304
1757662321,482460392
1757662321,509741080
1757662321,529931288
1757662321,551146232
1757662321,553553304
1757662321,631458600
1757662321,633985160
1757662321,645364456
1757662321,664286344
1757662321,676498792
1757662321,691429000
1757662321,704101832
1757662321,717310136
1757662321,743924504
1757662321,756328856
1757662321,799660984
1757662321,824353960
1757662321,836916856
1757662321,849506968
1757662321,878038936
1757662321,887969192
1757662321,890261912
1757662321,894576536
1757662321,896058712
1757662321,901716296
1757662321,911989800
1757662321,914259000
1757662321,921788536
1757662321,926395224
1757662321,932735768
1757662321,936776520
1757662321,948561976
1757662321,981707736
1757662321,983006792
1757662321,999881896
1757662322,3566552
1757662322,20911288
1757662322,23040872
1757662322,69389016
1757662322,74438552
1757662322,105544264
1757662322,108095576
1757662322,142126616
1757662322,147464184
1757662322,185510376
1757662322,194497496
1757662322,201707176
1757662322,222861640
1757662322,251255704
1757662322,257892440
1757662322,284530568
1757662322,304358680
1757662322,326862216
1757662322,328675768
1757662322,334592296
1757662322,347816728
1757662322,355969080
1757662322,377097288
1757662322,388875192
1757662322,393078504
1757662322,413663384
1757662322,415094696
1757662322,418409896
1757662322,447970056
1757662322,454285160
1757662322,458882312
1757662322,475890792
1757662322,492478840
1757662322,502472424
1757662322,510574552
1757662322,516234680
1757662322,529465640
1757662322,540134792
1757662322,596232232
1757662322,609280488
1757662322,618288680
1757662322,641935256
1757662322,644308712
1757662322,675134120
1757662322,678408312
1757662322,741896456
1757662322,753443768
1757662322,771540136
1757662322,809096376
1757662322,846507160
1757662322,861627768
1757662322,871322376
1757662322,931313160
1757662322,952993000
1757662322,981743608
1757662322,990342504
1757662322,994004552
1757662322,996999976
1757662323,4074024
1757662323,40955496
1757662323,153092712
1757662323,170656296
1757662323,202669192
1757662323,218916056
1757662323,262022632
1757662323,268044712
1757662323,274338840
1757662323,276486344
1757662323,311598920
1757662323,323107704
1757662323,326529784
1757662323,329729016
1757662323,335604856
1757662323,421977304
1757662323,431263976
1757662323,434729096
1757662323,438493960
1757662323,454002200
1757662323,494183752
1757662323,496199272
1757662323,522032024
1757662323,523649368
1757662323,543133864
1757662323,578838488
1757662323,606417992
1757662323,615445896
1757662323,624905800
1757662323,628151816
1757662323,629734904
1757662323,657900296
1757662323,674559224
1757662323,676209688
1757662323,685068216
1757662323,701277112
1757662323,706325448
1757662323,751661416
1757662323,754417032
1757662323,778639208
1757662323,786658728
1757662323,794819672
1757662323,854977400
1757662323,862581688
1757662323,867329144
1757662323,886601752
1757662323,902599976
1757662323,904023448
1757662323,907173704
1757662323,909489064
1757662323,913217576
1757662323,922063880
1757662323,957779432
1757662323,985663432
1757662324,25199416
1757662324,28825240
1757662324,39080824
1757662324,51640552
1757662324,68671000
1757662324,85643640
1757662324,123100056
1757662324,130621640
1757662324,201022824
1757662324,217796264
1757662324,232041192
1757662324,239192008
1757662324,243160424
1757662324,245117352
1757662324,247369016
1757662324,323069448
1757662324,342564504
1757662324,356812440
1757662324,364047560
1757662324,387854824
1757662324,441158264
1757662324,464496584
1757662324,474239432
1757662324,477449528
1757662324,509223336
1757662324,511345224
1757662324,520763384
1757662324,554940680
1757662324,560565944
1757662324,570105816
1757662324,605112712
1757662324,606271064
1757662324,615784536
1757662324,631919944
1757662324,652411640
1757662324,673144952
1757662324,680904360
1757662324,684554872
1757662324,703285048
1757662324,728350136
1757662324,744550952
1757662324,755925864
1757662324,760247080
1757662324,762569976
1757662324,769384296
1757662324,819529256
1757662324,825605416
1757662324,894674728
1757662324,911705208
1757662324,916536280
1757662324,939834232
1757662324,982106248
1757662324,987158392
1757662324,995736648
1757662325,818632
1757662325,10499480
1757662325,14345992
1757662325,36265208
1757662325,41517400
1757662325,64612552
1757662325,84491128
1757662325,90384248
1757662325,94175656
1757662325,104896680
1757662325,130349880
1757662325,141572456
1757662325,161209432
1757662325,201601704
1757662325,254928968
1757662325,286264136
1757662325,329829432
1757662325,334541240
1757662325,339606120
1757662325,342736392
1757662325,350242824
1757662325,398248344
1757662325,404261672
1757662325,412044120
1757662325,421389720
1757662325,444000024
1757662325,453722232
1757662325,459816760
1757662325,463402152
1757662325,466866712
1757662325,474859768
1757662325,498323592
1757662325,505057176
1757662325,527503336
1757662325,534808920
1757662325,553750168
1757662325,556636648
1757662325,563668808
1757662325,597566792
1757662325,601322488
1757662325,606115736
1757662325,615841640
1757662325,622759384
1757662325,637223272
1757662325,644082584
1757662325,645510216
1757662325,647313544
1757662325,658983704
1757662325,669386664
1757662325,688000360
1757662325,696455624
1757662325,699119256
1757662325,700819400
1757662325,702205880
1757662325,712458200
1757662325,730266696
1757662325,758844136
1757662325,760393592
1757662325,778574392
1757662325,788405400
1757662325,843236856
1757662325,847322840
1757662325,858899544
1757662325,864296968
1757662325,866676360
1757662325,868307496
1757662325,874746232
1757662325,878916648
1757662325,895019448
1757662325,898193592
1757662325,916159224
1757662325,927748680
1757662325,930957208
1757662325,958339992
1757662325,963475320
1757662325,971833832
1757662325,982743032
1757662325,996196072
1757662326,19448232
1757662326,29585320
1757662326,41123144
1757662326,53248024
1757662326,73726328
1757662326,99168728
1757662326,135509336
1757662326,138892520
1757662326,154001112
1757662326,159358488
1757662326,164129064
1757662326,198819752
1757662326,215141448
1757662326,227193512
1757662326,229811512
1757662326,248084024
1757662326,265970536
1757662326,267054200
1757662326,280904104
1757662326,294357352
1757662326,337852872
1757662326,339975176
1757662326,360156968
1757662326,419039192
1757662326,422480584
1757662326,432031064
1757662326,463125576
1757662326,475370680
1757662326,476682712
1757662326,491603400
1757662326,499460440
1757662326,504721224
1757662326,507398968
1757662326,514780440
1757662326,532861848
1757662326,535663688
1757662326,536953000
1757662326,538319624
1757662326,541123928
1757662326,545321288
1757662326,617593800
1757662326,624979896
1757662326,651131080
1757662326,706584184
1757662326,708277912
1757662326,713430552
1757662326,722805304
1757662326,725265832
1757662326,750324216
1757662326,828196584
1757662326,831621272
1757662326,840645896
1757662326,845077800
1757662326,910537352
1757662326,913447976
1757662326,915925080
1757662326,938289832
1757662326,962157272
1757662326,974142792
1757662326,993004200
1757662327,5953336
1757662327,17755976
1757662327,50957880
1757662327,92261368
1757662327,97922328
1757662327,116432184
1757662327,120077832
1757662327,138257096
1757662327,171278072
1757662327,184113240
1757662327,191064088
1757662327,202353032
1757662327,206279576
1757662327,213328472
1757662327,216317928
1757662327,220215800
1757662327,223617192
1757662327,241770648
1757662327,250881640
1757662327,258647672
1757662327,264329656
1757662327,272288600
1757662327,283514024
1757662327,310009560
1757662327,333657656
1757662327,348394392
1757662327,355976024
1757662327,366231448
1757662327,377965544
1757662327,421493320
1757662327,424773512
1757662327,436215112
1757662327,458710008
1757662327,539339416
1757662327,543033608
1757662327,564236760
1757662327,570762824
1757662327,577579608
1757662327,581504456
1757662327,587717992
1757662327,590325896
1757662327,630051736
1757662327,635201208
1757662327,742922056
1757662327,759925432
1757662327,841670696
1757662327,846781992
1757662327,871611112
1757662327,881636360
1757662327,895685384
1757662327,897107384
1757662327,904964600
1757662327,921893144
1757662327,922903592
1757662327,983560264
1757662327,994210904
1757662327,997810120
1757662328,28298968
1757662328,34194120
1757662328,49827256
1757662328,55730456
1757662328,69495176
1757662328,88025704
1757662328,90870744
1757662328,94777960
1757662328,108907448
1757662328,117250344
1757662328,129724840
1757662328,140520248
1757662328,143091256
1757662328,155315864
1757662328,189854232
1757662328,213613032
1757662328,261005528
1757662328,314197752
1757662328,320748840
1757662328,361281784
1757662328,372296472
1757662328,378354168
1757662328,388754552
1757662328,398469928
1757662328,402621064
1757662328,406025496
1757662328,411598648
1757662328,412756200
1757662328,423956152
1757662328,426204920
1757662328,430347208
1757662328,437235048
1757662328,444441080
1757662328,446261192
1757662328,448316424
1757662328,458339864
1757662328,475856536
1757662328,490709304
1757662328,499972184
1757662328,502982088
1757662328,528233608
1757662328,549622568
1757662328,558513512
1757662328,570298584
1757662328,594001192
1757662328,614318968
1757662328,635793896
1757662328,639909560
1757662328,657782936
1757662328,670472120
1757662328,688765960
1757662328,695762552
1757662328,699829992
1757662328,737186680
1757662328,755009656
1757662328,765512040
1757662328,819456120
1757662328,830746360
1757662328,849959896
1757662328,871162552
1757662328,898267640
1757662328,903757000
1757662328,919203512
1757662328,923586712
1757662328,934153880
1757662328,948255352
1757662328,966421592
1757662328,976831480
1757662328,981563992
1757662328,996345960
1757662329,1716120
1757662329,12765384
1757662329,35503176
1757662329,44245896
1757662329,56251208
1757662329,65501416
1757662329,67790312
1757662329,76834696
1757662329,81336376
1757662329,100814184
1757662329,110553256
1757662329,128568776
1757662329,129764792
1757662329,144816792
1757662329,146442648
1757662329,153412488
1757662329,163063400
1757662329,171947784
1757662329,192422424
1757662329,234065640
1757662329,245121048
1757662329,247291912
1757662329,250478776
1757662329,260147544
1757662329,263703848
1757662329,273667528
1757662329,293083416
1757662329,300071208
1757662329,302799064
1757662329,324394536
1757662329,325871864
1757662329,337567976
1757662329,348836984
1757662329,365061736
1757662329,367331400
1757662329,408229688
1757662329,419128744
1757662329,421659944
1757662329,438389512
1757662329,447726088
1757662329,461796984
1757662329,483502648
1757662329,533717864
1757662329,538578920
1757662329,553153192
1757662329,555166456
1757662329,557471912
1757662329,571065912
1757662329,672778504
1757662329,718341960
1757662329,725593160
1757662329,740376056
1757662329,750381720
1757662329,759204072
1757662329,766084552
1757662329,778643240
1757662329,793585496
1757662329,807603416
1757662329,811486648
1757662329,855130232
1757662329,857806904
1757662329,861906920
1757662329,863771000
1757662329,871052200
1757662329,888829240
1757662329,914062696
1757662329,916541688
1757662329,933942360
1757662329,940490552
1757662329,943415752
1757662329,971439192
1757662329,980343608
1757662329,984040600
1757662329,999299016
1757662330,44472712
1757662330,51873640
1757662330,54402584
1757662330,57999624
1757662330,63867448
1757662330,68989512
1757662330,97803304
1757662330,120419224
1757662330,132784888
1757662330,140303272
1757662330,143126600
1757662330,152543784
1757662330,164759960
1757662330,203035912
1757662330,205290200
1757662330,207248248
1757662330,224905800
1757662330,229564776
1757662330,258337560
1757662330,263126904
1757662330,281251288
1757662330,296374344
1757662330,316675432
1757662330,342821288
1757662330,344813656
1757662330,354755016
1757662330,369107608
1757662330,384075576
1757662330,417791896
1757662330,448934328
1757662330,461567032
1757662330,475254552
1757662330,490911112
1757662330,509656616
1757662330,529551352
1757662330,564229096
1757662330,571234856
1757662330,591528968
1757662330,597141768
1757662330,600995288
1757662330,614751560
1757662330,618442744
1757662330,620815448
1757662330,627336632
1757662330,661549208
1757662330,665899528
1757662330,670105704
1757662330,692015896
1757662330,726934360
1757662330,741107640
1757662330,763804376
1757662330,771641784
1757662330,772775608
1757662330,776649928
1757662330,788628344
1757662330,796998392
1757662330,799175896
1757662330,812433400
1757662330,827890168
1757662330,837192248
1757662330,838585048
1757662330,847391240
1757662330,854871896
1757662330,872785080
1757662330,874243688
1757662330,892628008
1757662330,910233608
1757662330,915544056
1757662330,922817192
1757662330,933120440
1757662330,937598152
1757662330,942216024
1757662330,954607976
1757662330,977995576
1757662331,68904
1757662331,22128984
1757662331,28748856
1757662331,36198456
1757662331,68143544
1757662331,70074232
1757662331,79361032
1757662331,83571352
1757662331,84847400
1757662331,90639768
1757662331,107365448
1757662331,126950472
1757662331,136607272
1757662331,152344680
1757662331,163453304
1757662331,186154568
1757662331,193604360
1757662331,215984872
1757662331,223643256
1757662331,231857048
1757662331,253226536
1757662331,275796152
1757662331,279369320
1757662331,280491960
1757662331,284170360
1757662331,293978088
1757662331,309249144
1757662331,314079432
1757662331,385527560
1757662331,387541432
1757662331,392461720
1757662331,393917832
1757662331,429605912
1757662331,435938040
1757662331,457952392
1757662331,469841496
1757662331,504639896
1757662331,524450232
1757662331,550584792
1757662331,560276584
1757662331,564940456
1757662331,571109992
1757662331,589465352
1757662331,591166632
1757662331,601462760
1757662331,603410184
1757662331,607136424
1757662331,616705160
1757662331,635900888
1757662331,658336072
1757662331,666738680
1757662331,676553304
1757662331,690480840
1757662331,700792680
1757662331,723074152
1757662331,725087000
1757662331,738425432
1757662331,767478968
1757662331,780415720
1757662331,801601640
1757662331,806093224
1757662331,824514280
1757662331,870264280
1757662331,884087816
1757662331,890521640
1757662331,897925608
1757662331,900382648
1757662331,937157304
1757662331,953439336
1757662331,974187144
1757662331,990213336
1757662331,995915544
1757662332,12573560
1757662332,27713192
1757662332,28898360
1757662332,44209144
1757662332,54386760
1757662332,56093688
1757662332,86864344
1757662332,96175064
1757662332,125895608
1757662332,129184600
1757662332,136313320
1757662332,158680280
1757662332,164846520
1757662332,170930856
1757662332,182630056
1757662332,191739768
1757662332,194240696
1757662332,199760472
1757662332,201624568
1757662332,280511112
1757662332,314328056
1757662332,316234472
1757662332,325476632
1757662332,380259032
1757662332,394549688
1757662332,414592280
1757662332,417730264
1757662332,421218952
1757662332,436953016
1757662332,470608616
1757662332,487875112
1757662332,493185304
1757662332,504391080
1757662332,529707128
1757662332,532782408
1757662332,542306392
1757662332,572092808
1757662332,575592536
1757662332,590974632
1757662332,603982760
1757662332,619717704
1757662332,634148504
1757662332,642320072
1757662332,659951224
1757662332,687973576
1757662332,702154728
1757662332,720099032
1757662332,723518152
1757662332,734185704
1757662332,740862232
1757662332,745796776
1757662332,758472984
1757662332,778678744
1757662332,779815752
1757662332,783694552
1757662332,793378488
1757662332,798431848
1757662332,799848440
1757662332,804830488
1757662332,811593000
1757662332,816887944
1757662332,843652968
1757662332,850375208
1757662332,854512040
1757662332,860051208
1757662332,866771800
1757662332,879770152
1757662332,881714168
1757662332,892863720
1757662332,910264312
1757662332,936610232
1757662332,950533000
1757662332,964628616
1757662332,974593192
1757662332,979756792
1757662332,981893128
1757662332,986611864
1757662333,21884040
1757662333,46711192
1757662333,61193752
1757662333,69642296
1757662333,74512104
1757662333,128502648
1757662333,130810632
1757662333,146135000
1757662333,149299960
1757662333,155328840
1757662333,163981928
1757662333,173800840
1757662333,221304648
1757662333,223559944
1757662333,256890968
1757662333,318164312
1757662333,324569352
1757662333,328720808
1757662333,331859368
1757662333,343380616
1757662333,431983640
1757662333,442767560
1757662333,444166152
1757662333,464765208
1757662333,487567016
1757662333,491318024
1757662333,498795432
1757662333,518912264
1757662333,531396888
1757662333,535531400
1757662333,537403384
1757662333,547959848
1757662333,561237416
1757662333,601138024
1757662333,605380584
1757662333,608093624
1757662333,645272536
1757662333,662631672
1757662333,673295960
1757662333,717731512
1757662333,721800904
1757662333,723312472
1757662333,728791576
1757662333,744122776
1757662333,745438936
1757662333,772838488
1757662333,782218952
1757662333,799155784
1757662333,833504168
1757662333,876038008
1757662333,894579288
1757662333,914398072
1757662333,923201208
1757662333,939799832
1757662333,941060488
1757662333,943390536
1757662333,958358088
1757662333,962782824
1757662333,968857112
1757662333,974571192
1757662333,980610520
1757662334,3594248
1757662334,4851288
1757662334,6547640
1757662334,15447064
1757662334,19883160
1757662334,48324040
1757662334,51337496
1757662334,61602232
1757662334,68805304
1757662334,87418296
1757662334,103298616
1757662334,173085976
1757662334,181041400
1757662334,193963016
1757662334,238302936
1757662334,282825048
1757662334,290643032
1757662334,301100152
1757662334,307855752
1757662334,334392232
1757662334,343875624
1757662334,347924536
1757662334,349382872
1757662334,351456968
1757662334,376282936
1757662334,394341144
1757662334,401454824
1757662334,421501384
1757662334,459733560
1757662334,486237752
1757662334,511083960
1757662334,522179976
1757662334,524847288
1757662334,544597544
1757662334,555582088
1757662334,568509944
1757662334,603320968
1757662334,608371032
1757662334,622883880
1757662334,675847384
1757662334,678754472
1757662334,704967272
1757662334,709570856
1757662334,715749672
1757662334,730967720
1757662334,736524984
1757662334,744787720
1757662334,754433144
1757662334,793679032
1757662334,795046520
1757662334,805993176
1757662334,811698584
1757662334,825142968
1757662334,835694632
1757662334,880881720
1757662334,887501064
1757662334,903825512
1757662334,911360600
1757662334,933876472
1757662334,948357656
1757662334,954066696
1757662334,997467976
1757662335,38697800
1757662335,42968232
1757662335,64459992
1757662335,89919048
1757662335,97024472
1757662335,125166200
1757662335,161970600
1757662335,167232840
1757662335,219171784
1757662335,228798056
1757662335,238970232
1757662335,242281832
1757662335,265209160
1757662335,268147752
1757662335,276552728
1757662335,282597144
1757662335,312470184
1757662335,324206200
1757662335,331413080
1757662335,342579096
1757662335,378236424
1757662335,403486696
1757662335,465801224
1757662335,467523192
1757662335,483672984
1757662335,521240456
1757662335,522579896
1757662335,541646312
1757662335,558649400
1757662335,586128488
1757662335,594105800
1757662335,597534056
1757662335,612777096
1757662335,623361224
1757662335,633602744
1757662335,654172088
1757662335,663223976
1757662335,700565192
1757662335,702382440
1757662335,726355624
1757662335,732358712
1757662335,737256184
1757662335,761122712
1757662335,771469336
1757662335,772890360
1757662335,774083448
1757662335,792705704
1757662335,797669608
1757662335,800839592
1757662335,806029352
1757662335,810285368
1757662335,845758408
1757662335,859409512
1757662335,862627976
1757662335,942138920
1757662335,996393208
1757662336,20617688
1757662336,29028808
1757662336,30656104
1757662336,53126072
1757662336,71021496
1757662336,94603016
1757662336,107124584
1757662336,109926952
1757662336,118110696
1757662336,122572104
1757662336,131278392
1757662336,159278952
1757662336,161534472
1757662336,186012408
1757662336,196208376
1757662336,220358424
1757662336,240109048
1757662336,241773176
1757662336,255828152
1757662336,351436648
1757662336,361979032
1757662336,379256920
1757662336,418895176
1757662336,431423192
1757662336,462337928
1757662336,464922872
1757662336,467404344
1757662336,468730168
1757662336,482107800
1757662336,502143624
1757662336,510887256
1757662336,517303416
1757662336,526848632
1757662336,535547528
1757662336,542564536
1757662336,550442440
1757662336,554902056
1757662336,563736408
1757662336,594935576
1757662336,602678584
1757662336,622726280
1757662336,629986728
1757662336,636285816
1757662336,638885832
1757662336,645543480
1757662336,666816472
1757662336,679927608
1757662336,691840664
1757662336,698038824
1757662336,707315752
1757662336,721591560
1757662336,736539400
1757662336,764164808
1757662336,770631976
1757662336,779593848
1757662336,781056968
1757662336,782530024
1757662336,834454072
1757662336,838342904
1757662336,842397864
1757662336,858585832
1757662336,878260424
1757662336,938537640
1757662336,949481128
1757662336,976963160
1757662336,990388440
1757662336,993482808
1757662336,997646648
1757662337,591368
1757662337,2282968
1757662337,5575256
1757662337,14834216
1757662337,18185496
1757662337,83035144
1757662337,84252760
1757662337,111170552
1757662337,149676200
1757662337,160321240
1757662337,180247288
1757662337,186976664
1757662337,196463096
1757662337,225465832
1757662337,240141096
1757662337,253317976
1757662337,260897256
1757662337,274914568
1757662337,276603304
1757662337,301285224
1757662337,310829416
1757662337,314590120
1757662337,358940728
1757662337,362088504
1757662337,363407288
1757662337,376600808
1757662337,379049928
1757662337,406409176
1757662337,415739496
1757662337,420787960
1757662337,433957560
1757662337,452709816
1757662337,476976840
1757662337,524719112
1757662337,530313400
1757662337,539628200
1757662337,569265896
1757662337,598097400
1757662337,619690008
1757662337,621661288
1757662337,625452104
1757662337,628855288
1757662337,641538488
1757662337,646678584
1757662337,692799000
1757662337,697040552
1757662337,701009448
1757662337,711395784
1757662337,738373736
1757662337,748036152
1757662337,753891544
1757662337,757698008
1757662337,761502840
1757662337,777366472
1757662337,805228744
1757662337,808266008
1757662337,832421480
1757662337,912633768
1757662337,924485160
1757662337,939497192
1757662337,955868568
1757662337,965485480
1757662337,982697528
1757662338,17367912
1757662338,35297368
1757662338,37419016
1757662338,38818184
1757662338,44538792
1757662338,62015752
1757662338,64549848
1757662338,80714376
1757662338,84357960
1757662338,86671608
1757662338,120363368
1757662338,150075416
1757662338,151314072
1757662338,160909672
1757662338,171713144
1757662338,187753496
1757662338,194180184
1757662338,212649864
1757662338,233583160
1757662338,251018392
1757662338,297735160
1757662338,351980216
1757662338,414421064
1757662338,417005336
1757662338,421199144
1757662338,423650648
1757662338,449632232
1757662338,489438296
1757662338,491714392
1757662338,493173640
1757662338,499322344
1757662338,505322216
1757662338,528045240
1757662338,581616296
1757662338,583851080
1757662338,596599112
1757662338,611865176
1757662338,649381192
1757662338,652478136
1757662338,717779528
1757662338,721467272
1757662338,724971240
1757662338,757847512
1757662338,765198776
1757662338,815124232
1757662338,819423592
1757662338,829394760
1757662338,830891688
1757662338,839832232
1757662338,885306216
1757662338,895894072
1757662338,909041256
1757662338,919347608
1757662338,921529384
1757662338,948179336
1757662338,967153064
1757662338,978909656
1757662338,980740088
1757662338,988630088
1757662338,990106616
1757662338,998592904
1757662339,3635112
1757662339,38868968
1757662339,59950856
1757662339,82911160
1757662339,88734584
1757662339,125141800
1757662339,141774408
1757662339,145347480
1757662339,164283800
1757662339,176703528
1757662339,198079480
1757662339,204185256
1757662339,222869352
1757662339,282263976
1757662339,287187128
1757662339,306906360
1757662339,323499944
1757662339,346215448
1757662339,348428216
1757662339,351500392
1757662339,357890728
1757662339,385750760
1757662339,388926424
1757662339,391323640
1757662339,392868728
1757662339,409077672
1757662339,414270040
1757662339,420371928
1757662339,446432424
1757662339,466400328
1757662339,482210184
1757662339,484351544
1757662339,491128296
1757662339,512647208
1757662339,532212600
1757662339,533884472
1757662339,583634536
1757662339,602547400
1757662339,637847576
1757662339,648765448
1757662339,654034808
1757662339,655894856
1757662339,658220488
1757662339,669431512
1757662339,674647304
1757662339,728957720
1757662339,739663288
1757662339,744880072
1757662339,761922344
1757662339,764141144
1757662339,772636648
1757662339,774469656
1757662339,792248168
1757662339,799976376
1757662339,803271432
1757662339,805772456
1757662339,815673688
1757662339,985494536
1757662339,993759192
1757662339,995600008
1757662339,999625640
1757662340,11329352
1757662340,21942584
1757662340,42401224
1757662340,63690600
1757662340,82769512
1757662340,141423528
1757662340,165259048
1757662340,203192136
1757662340,209557176
1757662340,220593592
1757662340,245679320
1757662340,247910072
1757662340,267809064
1757662340,273307496
1757662340,306553608
1757662340,336697624
1757662340,345029688
1757662340,377005848
1757662340,414418280
1757662340,430387064
1757662340,513600872
1757662340,537575992
1757662340,554269160
1757662340,556604888
1757662340,576657688
1757662340,588414584
1757662340,629243768
1757662340,655279928
1757662340,662349752
1757662340,690432824
1757662340,712319400
1757662340,740869544
1757662340,744857112
1757662340,756171320
1757662340,758192152
1757662340,765335432
1757662340,797450440
1757662340,801583672
1757662340,879067688
1757662340,895466648
1757662340,908077528
1757662340,926010376
1757662340,930771352
1757662340,948407016
1757662340,972127256
1757662340,998764184
1757662341,6055528
1757662341,17332600
1757662341,21482664
1757662341,27682104
1757662341,44300008
1757662341,47998488
1757662341,54166056
1757662341,84742280
1757662341,127774392
1757662341,178718568
1757662341,186149432
1757662341,219232904
1757662341,221193064
1757662341,229096744
1757662341,235893688
1757662341,283829224
1757662341,322849400
1757662341,330010152
1757662341,378896264
1757662341,380664184
1757662341,391428104
1757662341,410258136
1757662341,430472376
1757662341,446023944
1757662341,450596504
1757662341,467286056
1757662341,480009240
1757662341,519928168
1757662341,527532504
1757662341,551091608
1757662341,563457096
1757662341,584934104
1757662341,601933624
1757662341,614204632
1757662341,638107592
1757662341,641167208
1757662341,653958024
1757662341,662665672
1757662341,671774008
1757662341,673650296
1757662341,676387144
1757662341,685023768
1757662341,715209624
1757662341,721232680
1757662341,762867112
1757662341,773586808
1757662341,813702648
1757662341,818563928
1757662341,848798984
1757662341,863903944
1757662341,876691880
1757662341,883057864
1757662341,896307416
1757662341,907369800
1757662341,933286344
1757662341,936844264
1757662341,945786072
1757662341,995649576
1757662342,21466616
1757662342,61338360
1757662342,67627256
1757662342,74229544
1757662342,77735992
1757662342,79474712
1757662342,84556968
1757662342,103538328
1757662342,105572104
1757662342,115172264
1757662342,128214408
1757662342,131751752
1757662342,154215144
1757662342,157627160
1757662342,184259032
1757662342,201507192
1757662342,220055448
1757662342,238417672
1757662342,240543624
1757662342,247331128
1757662342,251182088
1757662342,258784904
1757662342,303085160
1757662342,336993464
1757662342,340285224
1757662342,349288104
1757662342,360940472
1757662342,363983288
1757662342,388067832
1757662342,393553256
1757662342,401944040
1757662342,445252632
1757662342,492933176
1757662342,507112760
1757662342,526642472
1757662342,530622808
1757662342,532755544
1757662342,537247464
1757662342,547801896
1757662342,571694360
1757662342,578830952
1757662342,592334504
1757662342,598777688
1757662342,624614568
1757662342,666197688
1757662342,682197016
1757662342,685020520
1757662342,695726152
1757662342,703158056
1757662342,706232280
1757662342,800338968
1757662342,802585528
1757662342,839037176
1757662342,844359672
1757662342,846331464
1757662342,871408728
1757662342,898322168
1757662342,932674952
1757662342,959507560
1757662342,966875336
1757662342,972528152
1757662342,979024200
1757662342,984348920
1757662342,994010376
1757662343,13862088
1757662343,37477816
1757662343,40531992
1757662343,50660392
1757662343,53717320
1757662343,55056872
1757662343,96484168
1757662343,98629368
1757662343,111437080
1757662343,113126712
1757662343,152852152
1757662343,155102984
1757662343,156334104
1757662343,163441192
1757662343,175052664
1757662343,179558280
1757662343,221459400
1757662343,247351336
1757662343,261301944
1757662343,289404440
1757662343,333916296
1757662343,363480280
1757662343,431565624
1757662343,434914632
1757662343,440556072
1757662343,445271528
1757662343,454647960
1757662343,476432792
1757662343,482939560
1757662343,501579032
1757662343,521950776
1757662343,542452584
1757662343,589558072
1757662343,611061320
1757662343,617534424
1757662343,632394488
1757662343,634135144
1757662343,640477400
1757662343,658209528
1757662343,691999496
1757662343,730864488
1757662343,753592312
1757662343,767594936
1757662343,770527656
1757662343,774724056
1757662343,786350280
1757662343,802913112
1757662343,811899448
1757662343,860732040
1757662343,868537736
1757662343,883331592
1757662343,886414120
1757662343,889801096
1757662343,930046952
1757662343,951954968
1757662343,962720152
1757662343,971991704
1757662344,74792
1757662344,23380408
1757662344,37784376
1757662344,58289576
1757662344,61216136
1757662344,71733096
1757662344,75710872
1757662344,79942440
1757662344,106126088
1757662344,116704072
1757662344,124703640
1757662344,127503064
1757662344,144104760
1757662344,154188504
1757662344,169459928
1757662344,186037656
1757662344,230121640
1757662344,237015320
1757662344,251714248
1757662344,256479464
1757662344,268802216
1757662344,270405592
1757662344,289184232
1757662344,313973368
1757662344,330462904
1757662344,336618664
1757662344,342651064
1757662344,356711912
1757662344,364134568
1757662344,371452856
1757662344,377542936
1757662344,380250744
1757662344,446050552
1757662344,456925000
1757662344,464358232
1757662344,494483976
1757662344,503310840
1757662344,511323304
1757662344,537346072
1757662344,539247048
1757662344,554010696
1757662344,573885096
1757662344,577574024
1757662344,582141848
1757662344,591082728
1757662344,600725112
1757662344,604269480
1757662344,618403528
1757662344,621387544
1757662344,624297208
1757662344,633239416
1757662344,658108296
1757662344,661160728
1757662344,681240200
1757662344,686734072
1757662344,688444792
1757662344,707474840
1757662344,753288120
1757662344,772975480
1757662344,806382728
1757662344,824584040
1757662344,849528360
1757662344,856112792
1757662344,868221240
1757662344,872712504
1757662344,887934680
1757662344,896885992
1757662344,910549608
1757662344,920396568
1757662344,930359720
1757662344,965125416
1757662344,970298376
1757662344,972695096
1757662344,978583576
1757662344,990158168
1757662345,26497896
1757662345,49555768
1757662345,55754184
1757662345,86485144
1757662345,158812248
1757662345,175829352
1757662345,204868312
1757662345,239469368
1757662345,245936968
1757662345,266185032
1757662345,269489416
1757662345,271322456
1757662345,274675912
1757662345,281606184
1757662345,293599256
1757662345,300175304
1757662345,302000424
1757662345,303932616
1757662345,313126744
1757662345,342495624
1757662345,345199976
1757662345,347686200
1757662345,369479016
1757662345,377826280
1757662345,436754232
1757662345,440774200
1757662345,469486600
1757662345,484429608
1757662345,511712664
1757662345,527180648
1757662345,555837464
1757662345,562132056
1757662345,567570952
1757662345,571082984
1757662345,584669656
1757662345,617174264
1757662345,621896136
1757662345,669290632
1757662345,675886136
1757662345,695681208
1757662345,703625416
1757662345,717695368
1757662345,724030664
1757662345,738543320
1757662345,758444328
1757662345,763412632
1757662345,774705128
1757662345,799269240
1757662345,802280760
1757662345,826107528
1757662345,837052760
1757662345,842977240
1757662345,852852264
1757662345,882023448
1757662345,896415400
1757662345,915824712
1757662345,921736616
1757662345,937164968
1757662345,960864632
1757662345,968583192
1757662345,983176040
1757662345,985050104
1757662346,28352424
1757662346,36176648
1757662346,50580936
1757662346,54889032
1757662346,60508552
1757662346,80210856
1757662346,124981352
1757662346,128102152
1757662346,132115000
1757662346,151524664
1757662346,170379912
1757662346,177051928
1757662346,208525144
1757662346,210378040
1757662346,216921160
1757662346,253068392
1757662346,254208168
1757662346,261918648
1757662346,263716504
1757662346,292953768
1757662346,303033016
1757662346,312196984
1757662346,326338168
1757662346,348781464
1757662346,358745768
1757662346,370800792
1757662346,426783864
1757662346,440681496
1757662346,457508408
1757662346,525857864
1757662346,557975224
1757662346,581995960
1757662346,592229528
1757662346,594117224
1757662346,604025512
1757662346,609726472
1757662346,617243176
1757662346,637669128
1757662346,654459656
1757662346,679933720
1757662346,696338808
1757662346,708666072
1757662346,714048856
1757662346,726626824
1757662346,735045256
1757662346,740859320
1757662346,744687704
1757662346,759503272
1757662346,764158360
1757662346,779023640
1757662346,788274680
1757662346,838367576
1757662346,851250392
1757662346,863547096
1757662346,875622712
1757662346,904642264
1757662346,914839176
1757662346,956478040
1757662346,958561016
1757662346,963078168
1757662346,969315816
1757662346,986872408
1757662346,991302760
1757662346,998354264
1757662347,3456712
1757662347,25760024
1757662347,27170536
1757662347,39768008
1757662347,50781960
1757662347,86466088
1757662347,134017000
1757662347,136177928
1757662347,148872728
1757662347,161716888
1757662347,170404872
1757662347,179717352
1757662347,191205912
1757662347,199156856
1757662347,201281368
1757662347,217425064
1757662347,220730328
1757662347,230416616
1757662347,234969832
1757662347,240662072
1757662347,252520040
1757662347,272108984
1757662347,273950520
1757662347,282084328
1757662347,288283304
1757662347,293179224
1757662347,296478952
1757662347,325188520
1757662347,344266776
1757662347,358042040
1757662347,368025272
1757662347,382219848
1757662347,449733176
1757662347,474569048
1757662347,488168152
1757662347,496338936
1757662347,514963544
1757662347,525911496
1757662347,549296280
1757662347,564876232
1757662347,580052776
1757662347,589843688
1757662347,600434184
1757662347,604078568
1757662347,620580344
1757662347,622047368
1757662347,633577320
1757662347,648655240
1757662347,670472136
1757662347,674722840
1757662347,680365992
1757662347,697793128
1757662347,698968984
1757662347,715379352
1757662347,722484776
1757662347,725708152
1757662347,733979272
1757662347,737997112
1757662347,739785640
1757662347,757528744
1757662347,827386024
1757662347,860353608
1757662347,867348264
1757662347,871624376
1757662347,875157096
1757662347,911786408
1757662347,924349448
1757662347,966490008
1757662347,980060168
1757662347,985504376
1757662348,2135176
1757662348,6918376
1757662348,8713704
1757662348,9967752
1757662348,18435144
1757662348,28835912
1757662348,41048584
1757662348,54823464
1757662348,56337736
1757662348,61666376
1757662348,129179400
1757662348,134860264
1757662348,179038664
1757662348,184509608
1757662348,210999400
1757662348,226608104
1757662348,229834056
1757662348,258186648
1757662348,267494920
1757662348,283672504
1757662348,287782520
1757662348,299628088
1757662348,321808744
1757662348,332729176
1757662348,364066456
1757662348,375267768
1757662348,390466696
1757662348,405918184
1757662348,423543704
1757662348,443455080
1757662348,445874136
1757662348,486506136
1757662348,507146104
1757662348,515746088
1757662348,523349816
1757662348,534657112
1757662348,557290408
1757662348,561103144
1757662348,573184152
1757662348,576640008
1757662348,624540808
1757662348,632663448
1757662348,672286024
1757662348,673645224
1757662348,678362712
1757662348,718420376
1757662348,741826504
1757662348,759100568
1757662348,760707304
1757662348,796857656
1757662348,803121576
1757662348,805967528
1757662348,809399832
1757662348,813434968
1757662348,821378856
1757662348,827792328
1757662348,833878824
1757662348,836501880
1757662348,861948744
1757662348,871964696
1757662348,888356392
1757662348,912612760
1757662348,914295064
1757662348,919126968
1757662348,927187272
1757662348,943896440
1757662349,15926808
1757662349,36707272
1757662349,50631768
1757662349,63582504
1757662349,92746808
1757662349,106851720
1757662349,109603976
1757662349,114477224
1757662349,121841400
1757662349,148359272
1757662349,171511384
1757662349,220231656
1757662349,256795976
1757662349,267260568
1757662349,270702904
1757662349,287488136
1757662349,296343784
1757662349,306129224
1757662349,332685208
1757662349,336514520
1757662349,348298232
1757662349,350411224
1757662349,364319416
1757662349,378256392
1757662349,381225528
1757662349,392959880
1757662349,445014216
1757662349,449635432
1757662349,453983384
1757662349,457869592
1757662349,466979048
1757662349,469075704
1757662349,481677736
1757662349,498117624
1757662349,532643272
1757662349,558625128
1757662349,579886952
1757662349,598849560
1757662349,605596520
1757662349,615668232
1757662349,619873624
1757662349,633244760
1757662349,636493160
1757662349,665194632
1757662349,667633784
1757662349,691299800
1757662349,695111208
1757662349,697976312
1757662349,719928504
1757662349,742900136
1757662349,808642264
1757662349,813094872
1757662349,833535352
1757662349,867941816
1757662349,880233752
1757662349,887596440
1757662349,911845544
1757662349,914022232
1757662349,945573976
1757662349,951476776
1757662349,974394008
1757662349,991392808
1757662349,998540936
1757662350,3748392
1757662350,12861464
1757662350,26559304
1757662350,33841272
1757662350,40273640
1757662350,49085032
1757662350,54756824
1757662350,56929080
1757662350,61392712
1757662350,68318152
1757662350,82919848
1757662350,84967160
1757662350,86731704
1757662350,113494936
1757662350,116160632
1757662350,118222728
1757662350,162524088
1757662350,176020856
1757662350,198321112
1757662350,201259512
1757662350,219252952
1757662350,232775448
1757662350,234016888
1757662350,239119256
1757662350,252847304
1757662350,255861832
1757662350,276267304
1757662350,290482792
1757662350,295403864
1757662350,297542568
1757662350,308123544
1757662350,316879400
1757662350,326615624
1757662350,336966024
1757662350,344754344
1757662350,351766408
1757662350,360778552
1757662350,365365624
1757662350,371698728
1757662350,379968088
1757662350,384391784
1757662350,388081112
1757662350,403006968
1757662350,416185464
1757662350,434409576
1757662350,466055096
1757662350,473295736
1757662350,493007528
1757662350,528754840
1757662350,538117112
1757662350,542454936
1757662350,550615112
1757662350,557697544
1757662350,558867368
1757662350,578898760
1757662350,582921000
1757662350,593905032
1757662350,602517272
1757662350,624006408
1757662350,652307880
1757662350,676975336
1757662350,709496344
1757662350,711734488
1757662350,723819560
1757662350,742675448
1757662350,747613416
1757662350,753171592
1757662350,760264040
1757662350,778357464
1757662350,785179464
1757662350,822541864
1757662350,838355272
1757662350,843238104
1757662350,869090552
1757662350,875421560
1757662350,880767672
1757662350,889305800
1757662350,894864840
1757662350,946649416
1757662350,952407592
1757662351,28295672
1757662351,29705576
1757662351,48031176
1757662351,52742232
1757662351,54703976
1757662351,70918984
1757662351,92731416
1757662351,136071160
1757662351,141951064
1757662351,170449176
1757662351,172689576
1757662351,173850936
1757662351,193017304
1757662351,229304312
1757662351,245340264
1757662351,265536664
1757662351,269003112
1757662351,278518792
1757662351,289506904
1757662351,293160072
1757662351,303567640
1757662351,324876568
1757662351,353039800
1757662351,357008280
1757662351,370635272
1757662351,390921608
1757662351,409923608
1757662351,413098136
1757662351,416181208
1757662351,472976840
1757662351,506233928
1757662351,513660504
1757662351,514792200
1757662351,542939400
1757662351,550457320
1757662351,563394360
1757662351,577888168
1757662351,585794904
1757662351,590467416
1757662351,677375880
1757662351,739091208
1757662351,744628808
1757662351,749146808
1757662351,770193432
1757662351,774231176
1757662351,786288296
1757662351,831270776
1757662351,840098344
1757662351,852750760
1757662351,867354296
1757662351,872237032
1757662351,877448104
1757662351,888187528
1757662351,890280296
1757662351,894038008
1757662351,902380568
1757662351,916445800
1757662351,932627400
1757662351,949213240
1757662351,958698792
1757662351,984609848
1757662351,998869752
1757662352,45532680
1757662352,50364136
1757662352,52519576
1757662352,54029576
1757662352,55488120
1757662352,70147976
1757662352,81417624
1757662352,89678760
1757662352,113668200
1757662352,121555992
1757662352,127804936
1757662352,137961544
1757662352,140960200
1757662352,149149288
1757662352,172506840
1757662352,189177784
1757662352,196406712
1757662352,204068808
1757662352,213942616
1757662352,235222040
1757662352,241661336
1757662352,245244296
1757662352,247908680
1757662352,261878056
1757662352,264087768
1757662352,265595256
1757662352,270122648
1757662352,284746392
1757662352,288966072
1757662352,304056984
1757662352,308367016
1757662352,337401544
1757662352,347588040
1757662352,364541784
1757662352,382440808
1757662352,391905544
1757662352,409473048
1757662352,411356232
1757662352,421800744
1757662352,426141736
1757662352,444987896
1757662352,454426024
1757662352,457361496
1757662352,468570600
1757662352,520751384
1757662352,529052888
1757662352,537722408
1757662352,560409208
1757662352,562069320
1757662352,609535960
1757662352,617815688
1757662352,620151272
1757662352,628272856
1757662352,633661896
1757662352,636762632
1757662352,642258200
1757662352,688308808
1757662352,701979144
1757662352,705754840
1757662352,707049192
1757662352,708668568
1757662352,713210456
1757662352,745605560
1757662352,764388488
1757662352,778679624
1757662352,786627208
1757662352,814493672
1757662352,829115368
1757662352,851892536
1757662352,859625992
1757662352,885949480
1757662352,893506456
1757662352,900810520
1757662352,911505192
1757662352,952975592
1757662353,12921880
1757662353,29245256
1757662353,34831704
1757662353,51675784
1757662353,75925944
1757662353,113054152
1757662353,116555128
1757662353,125146936
1757662353,128977096
1757662353,131923640
1757662353,202643672
1757662353,210301240
1757662353,242860584
1757662353,261425096
1757662353,289892152
1757662353,335103784
1757662353,345360376
1757662353,355812392
1757662353,368484088
1757662353,370786952
1757662353,374665320
1757662353,382098952
1757662353,385104680
1757662353,429161192
1757662353,447697656
1757662353,453893784
1757662353,482019816
1757662353,504391736
1757662353,507384264
1757662353,522357960
1757662353,529249480
1757662353,535711864
1757662353,542850008
1757662353,548361304
1757662353,555892776
1757662353,585978536
1757662353,639389672
1757662353,652472232
1757662353,654206456
1757662353,663991528
1757662353,674338584
1757662353,686576424
1757662353,688677720
1757662353,694968840
1757662353,813564712
1757662353,850771272
1757662353,854072312
1757662353,888875560
1757662353,898684104
1757662353,905173960
1757662353,929124072
1757662353,989391224
1757662354,50027592
1757662354,54641400
1757662354,68373384
1757662354,91897160
1757662354,101642760
1757662354,103139960
1757662354,109453464
1757662354,121203096
1757662354,140078424
1757662354,172916984
1757662354,177678664
1757662354,210320936
1757662354,231543048
1757662354,237632024
1757662354,255000696
1757662354,273474216
1757662354,329070920
1757662354,332128664
1757662354,339442792
1757662354,341050808
1757662354,343075368
1757662354,345691160
1757662354,348941784
1757662354,363154840
1757662354,385780104
1757662354,412247704
1757662354,429315432
1757662354,444711416
1757662354,447198904
1757662354,452011192
1757662354,457522216
1757662354,462113064
1757662354,498472408
1757662354,503177272
1757662354,522998168
1757662354,548410392
1757662354,590309976
1757662354,594117800
1757662354,604329928
1757662354,609773928
1757662354,615410872
1757662354,643670728
1757662354,701724184
1757662354,707113016
1757662354,730564696
1757662354,741477608
1757662354,761311976
1757662354,768666504
1757662354,800378968
1757662354,817009848
1757662354,832184488
1757662354,844933288
1757662354,865878728
1757662354,868118792
1757662354,874820904
1757662354,877961288
1757662354,931663256
1757662354,934824872
1757662354,958429432
1757662354,983035464
1757662355,4870968
1757662355,10765752
1757662355,12275208
1757662355,21572248
1757662355,47293480
1757662355,56670216
1757662355,77147768
1757662355,82028120
1757662355,87172184
1757662355,98112392
1757662355,120768888
1757662355,125195048
1757662355,134021928
1757662355,141240120
1757662355,157602776
1757662355,195332584
1757662355,244437592
1757662355,251982200
1757662355,283668392
1757662355,305875304
1757662355,307901608
1757662355,309450248
1757662355,313352200
1757662355,344148312
1757662355,350631512
1757662355,359358632
1757662355,372199608
1757662355,375078584
1757662355,393569400
1757662355,418139560
1757662355,445725416
1757662355,448899432
1757662355,479116888
1757662355,495576856
1757662355,509858776
1757662355,531763960
1757662355,549136264
1757662355,601202920
1757662355,638070952
1757662355,640293640
1757662355,642321832
1757662355,647100472
1757662355,659723816
1757662355,662826248
1757662355,664604616
1757662355,681930504
1757662355,728538472
1757662355,743550216
1757662355,771515048
1757662355,796194968
1757662355,805575992
1757662355,812625272
1757662355,818496936
1757662355,824502312
1757662355,853585288
1757662355,863339880
1757662355,866672040
1757662355,874821816
1757662355,877240168
1757662355,910851144
1757662355,926950872
1757662355,949324536
1757662355,957020648
1757662356,4761352
1757662356,24661320
1757662356,37953976
1757662356,55186616
1757662356,93765208
1757662356,108939720
1757662356,119971864
1757662356,149095944
1757662356,157561000
1757662356,166913448
1757662356,194376920
1757662356,220965336
1757662356,268581368
1757662356,291003512
1757662356,292297032
1757662356,297018008
1757662356,313470984
1757662356,320332360
1757662356,343860696
1757662356,350724744
1757662356,359254008
1757662356,367009656
1757662356,381134696
1757662356,389657640
1757662356,395169208
1757662356,400018344
1757662356,403556408
1757662356,407805256
1757662356,418647800
1757662356,425749992
1757662356,426997320
1757662356,430606328
1757662356,444004376
1757662356,448147144
1757662356,450118968
1757662356,486271400
1757662356,494819224
1757662356,502085384
1757662356,517011032
1757662356,528267912
1757662356,533536200
1757662356,544803848
1757662356,561492200
1757662356,569661688
1757662356,571252056
1757662356,582563176
1757662356,606734792
1757662356,611796952
1757662356,633352056
1757662356,647526728
1757662356,650116088
1757662356,654332968
1757662356,657640280
1757662356,661997912
1757662356,670759304
1757662356,679713192
1757662356,711529192
1757662356,728900296
1757662356,743056376
1757662356,745039032
1757662356,765473160
1757662356,792985416
1757662356,799512488
1757662356,820384008
1757662356,827130456
1757662356,829536888
1757662356,832344840
1757662356,835212120
1757662356,849504168
1757662356,853253672
1757662356,860706664
1757662356,877403656
1757662356,879255736
1757662356,885924152
1757662356,895057304
1757662356,943541272
1757662356,955317640
1757662356,959675320
1757662356,965349208
1757662356,988927448
1757662357,29659752
1757662357,34129736
1757662357,58750664
1757662357,75760440
1757662357,79869752
1757662357,102224072
1757662357,115041896
1757662357,118079496
1757662357,127099000
1757662357,139794392
1757662357,144213928
1757662357,160449704
1757662357,180594872
1757662357,191967928
1757662357,195832744
1757662357,197786488
1757662357,228675464
1757662357,244212472
1757662357,291727560
1757662357,300857096
1757662357,311836568
1757662357,323267992
1757662357,334239320
1757662357,350895720
1757662357,366037576
1757662357,371418920
1757662357,394924184
1757662357,397794552
1757662357,440589096
1757662357,453692360
1757662357,476805784
1757662357,503884904
1757662357,511858552
1757662357,527541688
1757662357,553938648
1757662357,568609896
1757662357,594222248
1757662357,608682760
1757662357,635091576
1757662357,662301976
1757662357,665872840
1757662357,671749784
1757662357,675532264
1757662357,716603800
1757662357,761508456
1757662357,764620488
1757662357,772685672
1757662357,810493448
1757662357,822751560
1757662357,829472392
1757662357,837778568
1757662357,845844280
1757662357,860131416
1757662357,872215416
1757662357,878650184
1757662357,881295064
1757662357,898477880
1757662357,901778136
1757662357,902985144
1757662357,921530360
1757662357,960957352
1757662357,984942824
1757662358,18467560
1757662358,22526312
1757662358,36257672
1757662358,39316808
1757662358,54849864
1757662358,59220120
1757662358,82071128
1757662358,96220760
1757662358,102708920
1757662358,109707608
1757662358,112433368
1757662358,147479992
1757662358,151585320
1757662358,168815848
1757662358,174849032
1757662358,221542728
1757662358,272172696
1757662358,282505352
1757662358,305856808
1757662358,333964184
1757662358,337519848
1757662358,359806584
1757662358,364824120
1757662358,384590712
1757662358,399713048
1757662358,421600552
1757662358,427282344
1757662358,436527912
1757662358,447901592
1757662358,449318120
1757662358,452268072
1757662358,481085704
1757662358,492914712
1757662358,522515544
1757662358,525839256
1757662358,529938568
1757662358,542321960
1757662358,566130728
1757662358,574336280
1757662358,582004952
1757662358,590871272
1757662358,594416680
1757662358,628673928
1757662358,638879624
1757662358,650101624
1757662358,658515240
1757662358,686386824
1757662358,741655224
1757662358,746265752
1757662358,748708904
1757662358,773716120
1757662358,778985720
1757662358,783770488
1757662358,795406888
1757662358,811093464
1757662358,844821768
1757662358,852697080
1757662358,855840792
1757662358,861185672
1757662358,893148136
1757662358,911748616
1757662358,935172264
1757662358,955767912
1757662359,2457944
1757662359,9597624
1757662359,23820104
1757662359,30639736
1757662359,43513944
1757662359,64174056
1757662359,70873800
1757662359,74628056
1757662359,80173912
1757662359,101794616
1757662359,104749448
1757662359,112084552
1757662359,116238760
1757662359,120009032
1757662359,135583640
1757662359,156685320
1757662359,161268488
1757662359,167564408
1757662359,193475080
1757662359,208046568
1757662359,228771256
1757662359,236225880
1757662359,239616712
1757662359,259720008
1757662359,264374568
1757662359,271760248
1757662359,281249560
1757662359,305241608
1757662359,308476968
1757662359,316720568
1757662359,331505048
1757662359,342867944
1757662359,372430824
1757662359,389838632
1757662359,422259304
1757662359,522286856
1757662359,525289832
1757662359,528308136
1757662359,557337528
1757662359,558759400
1757662359,567853048
1757662359,570787576
1757662359,599005400
1757662359,622096760
1757662359,626409224
1757662359,708021240
1757662359,714943416
1757662359,716649208
1757662359,719154024
1757662359,728870120
1757662359,752503016
1757662359,778636344
1757662359,816601416
1757662359,833959112
1757662359,846314600
1757662359,855235384
1757662359,860734536
1757662359,864101272
1757662359,873158840
1757662359,881429208
1757662359,905338008
1757662359,915475016
1757662359,938151576
1757662359,949071592
1757662359,955123928
1757662359,973193752
1757662359,977344696
1757662359,982585848
1757662359,992508024
1757662360,8476040
1757662360,24797688
1757662360,27450360
1757662360,39329576
1757662360,42930568
1757662360,44578536
1757662360,52917576
1757662360,66947592
1757662360,123889640
1757662360,127714200
1757662360,134579448
1757662360,155871432
1757662360,159935144
1757662360,161735224
1757662360,178718536
1757662360,191382680
1757662360,214260840
1757662360,218207144
1757662360,222318552
1757662360,226988568
1757662360,234196024
1757662360,241999256
1757662360,248486952
1757662360,285641400
1757662360,296404888
1757662360,300569240
1757662360,335802584
1757662360,350806440
1757662360,392647864
1757662360,398612056
1757662360,424619912
1757662360,431933816
1757662360,464002824
1757662360,468904216
1757662360,470849352
1757662360,483172536
1757662360,498032360
1757662360,503370792
1757662360,504916472
1757662360,509451944
1757662360,567533368
1757662360,573278600
1757662360,575775640
1757662360,583127144
1757662360,590651048
1757662360,596873608
1757662360,640931944
1757662360,662655928
1757662360,665631736
1757662360,692094184
1757662360,696736280
1757662360,756411512
1757662360,765007736
1757662360,769230568
1757662360,803056008
1757662360,807611128
1757662360,824770184
1757662360,829177064
1757662360,863943944
1757662360,875022392
1757662360,878270664
1757662360,890940088
1757662360,893233448
1757662360,942113016
1757662360,960200936
1757662360,980653208
1757662360,986316488
1757662361,18300072
1757662361,24498600
1757662361,32901624
1757662361,48718088
1757662361,74434008
1757662361,77513112
1757662361,84421240
1757662361,100737400
1757662361,103678104
1757662361,113321752
1757662361,116302088
1757662361,153211304
1757662361,190081928
1757662361,212023176
1757662361,213137480
1757662361,225781720
1757662361,235741288
1757662361,287614376
1757662361,295323240
1757662361,299461800
1757662361,305149000
1757662361,328659080
1757662361,330174856
1757662361,369314856
1757662361,391997128
1757662361,430123784
1757662361,452526120
1757662361,472892728
1757662361,481813336
1757662361,496183128
1757662361,499986568
1757662361,501326600
1757662361,519951992
1757662361,566901304
1757662361,584328616
1757662361,597217496
1757662361,649175608
1757662361,666756168
1757662361,693791608
1757662361,739375112
1757662361,760685624
1757662361,773956200
1757662361,784370280
1757662361,820760600
1757662361,883689144
1757662361,892735640
1757662361,903724824
1757662361,908349592
1757662361,952356600
1757662361,956398968
1757662361,977208072
1757662362,27018408
1757662362,31747096
1757662362,33952888
1757662362,47856376
1757662362,49080152
1757662362,59224552
1757662362,66835352
1757662362,73646680
1757662362,85445688
1757662362,87412488
1757662362,91122792
1757662362,122419704
1757662362,136295016
1757662362,149270648
1757662362,164041080
1757662362,167418824
1757662362,178210376
1757662362,215495736
1757662362,218066136
1757662362,219979272
1757662362,236704392
1757662362,243610440
1757662362,250459560
1757662362,266443928
1757662362,284161336
1757662362,285288824
1757662362,294044440
1757662362,321220120
1757662362,323140744
1757662362,324974392
1757662362,334321864
1757662362,412677208
1757662362,451105048
1757662362,458686632
1757662362,467061016
1757662362,470289592
1757662362,473326280
1757662362,497530728
1757662362,500922344
1757662362,502836440
1757662362,513340648
1757662362,524499912
1757662362,542196328
1757662362,569622440
1757662362,575272936
1757662362,580989912
1757662362,593173656
1757662362,606264184
1757662362,618815976
1757662362,642710840
1757662362,664183816
1757662362,683760488
1757662362,686065416
1757662362,697929384
1757662362,739270232
1757662362,757053880
1757662362,758655032
1757662362,792326920
1757662362,796937416
1757662362,825842296
1757662362,846887528
1757662362,855711752
1757662362,858497192
1757662362,914622216
1757662362,916434904
1757662362,950872728
1757662362,962786840
1757662362,966957288
1757662362,969952488
1757662362,978028040
1757662362,993282328
1757662363,28552840
1757662363,35632632
1757662363,49661656
1757662363,51901368
1757662363,56583192
1757662363,92437816
1757662363,95214136
1757662363,96857288
1757662363,106146424
1757662363,117065528
1757662363,133126808
1757662363,146341240
1757662363,150844632
1757662363,157236568
1757662363,163107320
1757662363,172581880
1757662363,181785048
1757662363,190704152
1757662363,193309288
1757662363,199501656
1757662363,215439816
1757662363,223998840
1757662363,232925592
1757662363,239263448
1757662363,245603480
1757662363,275994632
1757662363,284841256
1757662363,292723192
1757662363,297272312
1757662363,304732216
1757662363,336333224
1757662363,344959976
1757662363,361545464
1757662363,363574424
1757662363,366102264
1757662363,372978232
1757662363,392047816
1757662363,406714824
1757662363,427695496
1757662363,429335672
1757662363,434809912
1757662363,438334520
1757662363,453055768
1757662363,476925704
1757662363,498221224
1757662363,516998904
1757662363,535915304
1757662363,571896024
1757662363,573992008
1757662363,595397528
1757662363,604428472
1757662363,607880904
1757662363,617966376
1757662363,634380616
1757662363,645603240
1757662363,647098296
1757662363,654695848
1757662363,662261352
1757662363,671175736
1757662363,679899240
1757662363,702929880
1757662363,722329688
1757662363,760109352
1757662363,812167656
1757662363,815364584
1757662363,817161048
1757662363,824062376
1757662363,826401528
1757662363,836636520
1757662363,850302024
1757662363,885250504
1757662363,893738632
1757662363,899584360
1757662363,916697864
1757662363,937509640
1757662363,967057832
1757662363,983853944
1757662364,11226536
1757662364,15142440
1757662364,23271688
1757662364,35995144
1757662364,56135608
1757662364,74319640
1757662364,87605192
1757662364,108794200
1757662364,173595384
1757662364,179703848
1757662364,183393432
1757662364,205178408
1757662364,214151064
1757662364,221122184
1757662364,223221016
1757662364,230449688
1757662364,253844632
1757662364,304519768
1757662364,324510920
1757662364,337346456
1757662364,344636408
1757662364,347546936
1757662364,360858888
1757662364,398708728
1757662364,448424648
1757662364,474993672
1757662364,492048392
1757662364,493856216
1757662364,496791208
1757662364,515573192
1757662364,551914968
1757662364,634183112
1757662364,637943720
1757662364,665258280
1757662364,696122056
1757662364,704485752
1757662364,707945736
1757662364,715155736
1757662364,720684344
1757662364,746339432
1757662364,750015880
1757662364,757689128
1757662364,809918456
1757662364,853722360
1757662364,882956152
1757662364,892232840
1757662364,914595720
1757662364,916344216
1757662364,934237464
1757662364,953968248
1757662364,977446392
1757662364,984592264
1757662365,28467704
1757662365,35574936
1757662365,42144456
1757662365,65072472
1757662365,66902696
1757662365,73233416
1757662365,82882008
1757662365,97651720
1757662365,110862328
1757662365,133908776
1757662365,172043416
1757662365,181061096
1757662365,224504984
1757662365,239432072
1757662365,256825496
1757662365,268892712
1757662365,282970920
1757662365,292466152
1757662365,346621160
1757662365,347885016
1757662365,357433992
1757662365,374413208
1757662365,377795352
1757662365,382397944
1757662365,400867416
1757662365,412424536
1757662365,432980328
1757662365,440390376
1757662365,444704248
1757662365,453463976
1757662365,457878248
1757662365,461472808
1757662365,479128440
1757662365,480999864
1757662365,496368648
1757662365,504180088
1757662365,515979720
1757662365,529300120
1757662365,549731080
1757662365,554072376
1757662365,555430536
1757662365,582155528
1757662365,594004040
1757662365,600083896
1757662365,601231336
1757662365,607809432
1757662365,613590584
1757662365,618099640
1757662365,644892600
1757662365,651051448
1757662365,682191912
1757662365,718760344
1757662365,727010536
1757662365,737505272
1757662365,771386728
1757662365,775334856
1757662365,792485928
1757662365,794895736
1757662365,842117736
1757662365,848470136
1757662365,851545832
1757662365,866740280
1757662365,869673464
1757662365,886976280
1757662365,894070728
1757662365,910993048
1757662365,919252600
1757662365,927688536
1757662365,935300232
1757662365,940376216
1757662365,960028040
1757662365,968146952
1757662365,985695656
1757662365,994301976
1757662365,999813208
1757662366,30595816
1757662366,39555128
1757662366,55778968
1757662366,58625128
1757662366,70460888
1757662366,73224392
1757662366,84347448
1757662366,86211288
1757662366,107600840
1757662366,140271432
1757662366,155478744
1757662366,181644376
1757662366,184129000
1757662366,191026424
1757662366,219023016
1757662366,238450584
1757662366,263374136
1757662366,266466520
1757662366,328733736
1757662366,339729864
1757662366,359087368
1757662366,361109064
1757662366,406141704
1757662366,413541256
1757662366,442317656
1757662366,452089720
1757662366,460414600
1757662366,465178264
1757662366,484393096
1757662366,519491960
1757662366,542101416
1757662366,566429224
1757662366,586016184
1757662366,606291896
1757662366,634805048
1757662366,670886440
1757662366,692214264
1757662366,693705096
1757662366,716596120
1757662366,747420552
1757662366,780008216
1757662366,806917224
1757662366,815392024
1757662366,827051416
1757662366,851123176
1757662366,854435336
1757662366,856054024
1757662366,859541416
1757662366,862977560
1757662366,864535544
1757662366,884421688
1757662366,915162792
1757662366,983743912
1757662367,3257752
1757662367,16089352
1757662367,20840584
1757662367,22018808
1757662367,42416888
1757662367,60603208
1757662367,78137640
1757662367,81564552
1757662367,86671368
1757662367,93755000
1757662367,95498120
1757662367,113060776
1757662367,119550408
1757662367,122010792
1757662367,190061672
1757662367,191876312
1757662367,211459336
1757662367,226327768
1757662367,241015832
1757662367,296681688
1757662367,309256056
1757662367,341823992
1757662367,355950344
1757662367,375154392
1757662367,377181080
1757662367,385831992
1757662367,395860744
1757662367,401640872
1757662367,405688328
1757662367,415743240
1757662367,439355816
1757662367,450285256
1757662367,454059912
1757662367,470838664
1757662367,482607864
1757662367,517845960
1757662367,542564040
1757662367,582973016
1757662367,589917784
1757662367,595412824
1757662367,598275256
1757662367,617009400
1757662367,633644824
1757662367,636314232
1757662367,651855112
1757662367,676666232
1757662367,678534008
1757662367,690211896
1757662367,705224056
1757662367,712245768
1757662367,749079912
1757662367,750883784
1757662367,754431320
1757662367,759020472
1757662367,775558376
1757662367,781889832
1757662367,849135000
1757662367,853274808
1757662367,878121832
1757662367,881873192
1757662367,889550408
1757662367,892816760
1757662367,900559608
1757662367,953125896
1757662367,982762776
1757662367,992989928
1757662368,1649880
1757662368,13734936
1757662368,47201880
1757662368,51207352
1757662368,79183256
1757662368,80272824
1757662368,85850136
1757662368,97217032
1757662368,120843064
1757662368,123734632
1757662368,125159720
1757662368,129749432
1757662368,154529352
1757662368,159461384
1757662368,197988024
1757662368,200245320
1757662368,207116072
1757662368,208996760
1757662368,215258536
1757662368,225515016
1757662368,261310472
1757662368,280180376
1757662368,300513528
1757662368,355126744
1757662368,377650072
1757662368,383738376
1757662368,391069928
1757662368,400962744
1757662368,411080440
1757662368,418281400
1757662368,435577064
1757662368,454801320
1757662368,460135944
1757662368,491361400
1757662368,511640632
1757662368,516517576
1757662368,540822632
1757662368,551265048
1757662368,585664984
1757662368,618361928
1757662368,619947320
1757662368,624488920
1757662368,630238040
1757662368,636936296
1757662368,639045304
1757662368,659141608
1757662368,694746712
1757662368,701705368
1757662368,713452328
1757662368,725402216
1757662368,727961160
1757662368,733239784
1757662368,793098936
1757662368,803499848
1757662368,809127960
1757662368,810923704
1757662368,814534888
1757662368,818307752
1757662368,830649176
1757662368,847196648
1757662368,851639816
1757662368,858289016
1757662368,864245752
1757662368,904065208
1757662368,908987896
1757662368,910643160
1757662368,921695704
1757662368,925300040
1757662368,937176120
1757662368,950261448
1757662368,959049224
1757662368,998588216
1757662369,3141352
1757662369,22167192
1757662369,58766344
1757662369,61711368
1757662369,78769192
1757662369,108100424
1757662369,112127192
1757662369,115384488
1757662369,117803000
1757662369,130511464
1757662369,143330280
1757662369,146214792
1757662369,155353064
1757662369,201093096
1757662369,206464520
1757662369,217699336
1757662369,281706568
1757662369,289551992
1757662369,299327512
1757662369,308345032
1757662369,313142488
1757662369,337522120
1757662369,339249800
1757662369,342140712
1757662369,358587592
1757662369,366551320
1757662369,375069960
1757662369,378273544
1757662369,406343240
1757662369,431373048
1757662369,447169592
1757662369,599106472
1757662369,656826648
1757662369,664239896
1757662369,701226328
1757662369,705813208
1757662369,739043160
1757662369,772568888
1757662369,776587688
1757662369,793024232
1757662369,821054760
1757662369,823271896
1757662369,831586744
1757662369,846643880
1757662369,862509704
1757662369,872952872
1757662369,906810824
1757662369,911724104
1757662369,939946008
1757662369,943740824
1757662369,970369608
1757662369,971975624
1757662369,987296632
1757662369,994807128
1757662369,996639576
1757662370,46520360
1757662370,56356264
1757662370,121250632
1757662370,123211576
1757662370,169209496
1757662370,182415672
1757662370,243739272
1757662370,274620328
1757662370,275860552
1757662370,285337176
1757662370,313898568
1757662370,320050056
1757662370,342706584
1757662370,357519656
1757662370,370687560
1757662370,392505400
1757662370,401750888
1757662370,403471432
1757662370,458162888
1757662370,480967160
1757662370,513028200
1757662370,524296392
1757662370,537622936
1757662370,600254936
1757662370,616729576
1757662370,627083480
1757662370,672387528
1757662370,680583272
1757662370,683246088
1757662370,704292632
1757662370,714696264
1757662370,754176104
1757662370,794438936
1757662370,805201384
1757662370,863826344
1757662370,914508520
1757662370,932010328
1757662370,952454600
1757662370,958927112
1757662370,970498440
1757662370,975002168
1757662370,978189752
1757662370,979368264
1757662370,987980024
1757662370,992054600
1757662371,124920
1757662371,2359672
1757662371,11080456
1757662371,13527672
1757662371,23359560
1757662371,27228616
1757662371,40492920
1757662371,56945592
1757662371,59008600
1757662371,86310216
1757662371,94334984
1757662371,97563560
1757662371,103285768
1757662371,131070744
1757662371,170458744
1757662371,173708520
1757662371,175899144
1757662371,179443400
1757662371,184431400
1757662371,209797736
1757662371,213391432
1757662371,240268968
1757662371,276215272
1757662371,302840504
1757662371,305492248
1757662371,321274408
1757662371,352855128
1757662371,398786600
1757662371,409648760
1757662371,410833000
1757662371,425054536
1757662371,430327032
1757662371,447723416
1757662371,455972296
1757662371,473559976
1757662371,475385816
1757662371,483891544
1757662371,505676040
1757662371,520157656
1757662371,526538856
1757662371,532132088
1757662371,559221480
1757662371,610188872
1757662371,615230168
1757662371,645264520
1757662371,682756104
1757662371,711772264
1757662371,728876248
1757662371,732112760
1757662371,776695448
1757662371,804754984
1757662371,816305048
1757662371,836916664
1757662371,854954648
1757662371,886375896
1757662371,888359640
1757662371,898527384
1757662371,940435144
1757662371,947258296
1757662371,948797448
1757662371,951649768
1757662371,974758824
1757662372,1815544
1757662372,19574872
1757662372,33380200
1757662372,45880648
1757662372,103263640
1757662372,179333368
1757662372,208807352
1757662372,223109896
1757662372,237604968
1757662372,244755640
1757662372,252478728
1757662372,278319320
1757662372,282383160
1757662372,306364968
1757662372,366132328
1757662372,418989272
1757662372,464953448
1757662372,471378776
1757662372,473993784
1757662372,509977080
1757662372,512510696
1757662372,530966424
1757662372,556122376
1757662372,605886792
1757662372,632174456
1757662372,634352408
1757662372,664583112
1757662372,672321304
1757662372,676150584
1757662372,679391176
1757662372,692563592
1757662372,704467848
1757662372,717683864
1757662372,727612072
1757662372,781216504
1757662372,787163304
1757662372,794848264
1757662372,798671912
1757662372,803096888
1757662372,825854088
1757662372,838424360
1757662372,841852744
1757662372,844021400
1757662372,845279896
1757662372,858521544
1757662372,864009432
1757662372,885812120
1757662372,894400040
1757662372,934419192
1757662372,965112840
1757662372,975175768
1757662372,977526456
1757662372,981924296
1757662372,988735496
1757662373,1760040
1757662373,23755192
1757662373,94999544
1757662373,96833400
1757662373,116473880
1757662373,127516056
1757662373,149901864
1757662373,153584968
1757662373,170046312
1757662373,216382072
1757662373,239989976
1757662373,292427848
1757662373,305598472
1757662373,322184376
1757662373,324770088
1757662373,328431272
1757662373,330116408
1757662373,345261768
1757662373,348013816
1757662373,352447128
1757662373,359577064
1757662373,377425400
1757662373,379504744
1757662373,399729464
1757662373,405267608
1757662373,408166056
1757662373,410909336
1757662373,415863960
1757662373,440034168
1757662373,447761192
1757662373,450086936
1757662373,464657544
1757662373,483066744
1757662373,485231784
1757662373,496917032
1757662373,505388760
1757662373,506905880
1757662373,566173288
1757662373,627539512
1757662373,665871864
1757662373,668850248
1757662373,679938376
1757662373,693177960
1757662373,697145000
1757662373,710210376
1757662373,715114600
1757662373,718698104
1757662373,745514872
1757662373,758900056
1757662373,782934456
1757662373,821517768
1757662373,825633112
1757662373,833634712
1757662373,836104792
1757662373,847629784
1757662373,855628600
1757662373,869012120
1757662373,897394232
1757662373,915432328
1757662373,934815976
1757662373,938956392
1757662373,949449432
1757662373,971820920
1757662373,984821480
1757662373,996120040
1757662374,18635832
1757662374,55545736
1757662374,70544520
1757662374,86302760
1757662374,89573224
1757662374,91233624
1757662374,99858680
1757662374,110184360
1757662374,125708664
1757662374,145421480
1757662374,147027352
1757662374,163239176
1757662374,165356904
1757662374,181665864
1757662374,203247720
1757662374,212255784
1757662374,226205400
1757662374,245477128
1757662374,251742392
1757662374,253527704
1757662374,267885800
1757662374,315379624
1757662374,335966488
1757662374,348653080
1757662374,350762984
1757662374,397562184
1757662374,406251880
1757662374,408130728
1757662374,429079704
1757662374,490113544
1757662374,501051080
1757662374,532207880
1757662374,534685768
1757662374,553339976
1757662374,561106104
1757662374,563765640
1757662374,568644904
1757662374,586925912
1757662374,590819832
1757662374,593282904
1757662374,596726472
1757662374,644925096
1757662374,649863432
1757662374,662380728
1757662374,678918152
1757662374,683485896
1757662374,690219528
1757662374,753551720
1757662374,775188232
1757662374,792592904
1757662374,849559160
1757662374,869259272
1757662374,877799768
1757662374,884023240
1757662374,890764104
1757662374,901334472
1757662374,937200520
1757662374,946419880
1757662374,952548376
1757662374,976317800
1757662374,979962584
1757662374,984533000
1757662374,996745336
1757662375,6400952
1757662375,30607896
1757662375,31948344
1757662375,57315352
1757662375,73806408
1757662375,79360536
1757662375,88436632
1757662375,105159048
1757662375,107707784
1757662375,147518600
1757662375,191121752
1757662375,225620520
1757662375,232440344
1757662375,247570792
1757662375,252674040
1757662375,254760312
1757662375,265182056
1757662375,294049752
1757662375,308662856
1757662375,336046072
1757662375,350503384
1757662375,389337704
1757662375,407247288
1757662375,414882296
1757662375,434365272
1757662375,454898824
1757662375,467943160
1757662375,474071160
1757662375,481931080
1757662375,543540488
1757662375,546455352
1757662375,584479480
1757662375,617029640
1757662375,632885176
1757662375,658281016
1757662375,697646104
1757662375,708832616
1757662375,715146136
1757662375,760190888
1757662375,770186520
1757662375,772495000
1757662375,798873384
1757662375,838472120
1757662375,958330936
1757662375,972886120
1757662375,999821368
1757662376,2680408
1757662376,4262712
1757662376,5996808
1757662376,22231384
1757662376,27181912
1757662376,39258120
1757662376,82798040
1757662376,90111688
1757662376,96481336
1757662376,132092568
1757662376,133469080
1757662376,150428712
1757662376,162980600
1757662376,172570216
1757662376,201011032
1757662376,205494904
1757662376,211376696
1757662376,222614024
1757662376,231010056
1757662376,235718360
1757662376,245878040
1757662376,254714680
1757662376,262231784
1757662376,272439992
1757662376,280914072
1757662376,297499560
1757662376,324521656
1757662376,351754920
1757662376,353602344
1757662376,361575176
1757662376,381967576
1757662376,385763384
1757662376,392250184
1757662376,419216136
1757662376,444620840
1757662376,452777256
1757662376,468311944
1757662376,470953096
1757662376,473372840
1757662376,483013880
1757662376,491350552
1757662376,502294440
1757662376,506055192
1757662376,523743304
1757662376,526996264
1757662376,534780376
1757662376,539358248
1757662376,543209992
1757662376,563514712
1757662376,572063752
1757662376,581914040
1757662376,592279464
1757662376,599947464
1757662376,610639784
1757662376,620129048
1757662376,641665592
1757662376,669039928
1757662376,673904360
1757662376,683137144
1757662376,687566600
1757662376,690252776
1757662376,709125928
1757662376,713297720
1757662376,717226296
1757662376,718434072
1757662376,726690072
1757662376,747336088
1757662376,765915960
1757662376,779561496
1757662376,790225000
1757662376,821097416
1757662376,828145848
1757662376,834874312
1757662376,869018888
1757662376,880317016
1757662376,882055688
1757662376,890618648
1757662376,919009320
1757662376,942921736
1757662376,948649368
1757662376,957136568
1757662376,968667128
1757662376,976337688
1757662376,995270104
1757662377,3328120
1757662377,18174072
1757662377,27218472
1757662377,36667048
1757662377,40235624
1757662377,42333992
1757662377,52827112
1757662377,90480312
1757662377,98457800
1757662377,120754664
1757662377,134471320
1757662377,136732024
1757662377,178274440
1757662377,190284616
1757662377,193914152
1757662377,196964456
1757662377,219124232
1757662377,228598328
1757662377,237030808
1757662377,289464328
1757662377,305061944
1757662377,307823352
1757662377,320588840
1757662377,326588424
1757662377,328569416
1757662377,366982152
1757662377,384941112
1757662377,398770200
1757662377,405996520
1757662377,438045320
1757662377,445025080
1757662377,448055704
1757662377,458196648
1757662377,463047704
1757662377,475325864
1757662377,489895176
1757662377,539430872
1757662377,542078984
1757662377,546614968
1757662377,563789912
1757662377,567432920
1757662377,585903752
1757662377,589584888
1757662377,593644456
1757662377,606117816
1757662377,609146440
1757662377,616565784
1757662377,641799976
1757662377,651977320
1757662377,691644600
1757662377,695117960
1757662377,736003368
1757662377,747421176
1757662377,754670728
1757662377,757799016
1757662377,765190568
1757662377,791831960
1757662377,799831624
1757662377,801065000
1757662377,841275688
1757662377,886475608
1757662377,905158184
1757662377,920412152
1757662377,922098808
1757662377,926684840
1757662377,934151112
1757662377,942239096
1757662377,956068456
1757662377,968664408
1757662378,4387128
1757662378,10734904
1757662378,24606056
1757662378,50574728
1757662378,77131816
1757662378,87769032
1757662378,107563352
1757662378,117460488
1757662378,136506488
1757662378,158787288
1757662378,162867848
1757662378,175917896
1757662378,178014136
1757662378,186970600
1757662378,194011784
1757662378,196893752
1757662378,211031944
1757662378,215237000
1757662378,222982344
1757662378,236743336
1757662378,239599672
1757662378,251098232
1757662378,255675416
1757662378,257604584
1757662378,266839304
1757662378,313165480
1757662378,318131544
1757662378,339948072
1757662378,344835320
1757662378,387417608
1757662378,396658952
1757662378,429745512
1757662378,442574808
1757662378,468078184
1757662378,489606984
1757662378,502248488
1757662378,519161928
1757662378,536722840
1757662378,540916872
1757662378,541950024
1757662378,613580392
1757662378,617868056
1757662378,658555496
1757662378,667144728
1757662378,676623288
1757662378,690016520
1757662378,711850168
1757662378,717397224
1757662378,721823976
1757662378,739145800
1757662378,742656648
1757662378,764941000
1757662378,778220264
1757662378,784788792
1757662378,803486520
1757662378,805078408
1757662378,806801272
1757662378,809100056
1757662378,825350296
1757662378,844055768
1757662378,848272328
1757662378,856772600
1757662378,859789352
1757662378,870556520
1757662378,887176712
1757662378,890225016
1757662378,906976968
1757662378,912639592
1757662378,942160056
1757662378,948293480
1757662378,949782712
1757662378,972088392
1757662378,999699032
1757662379,3620216
1757662379,5170552
1757662379,24950104
1757662379,30856440
1757662379,37460072
1757662379,73952280
1757662379,75776744
1757662379,80809208
1757662379,88833432
1757662379,95340840
1757662379,106140824
1757662379,147916152
1757662379,172968488
1757662379,177907096
1757662379,180343112
1757662379,182514056
1757662379,188570104
1757662379,213446952
1757662379,240775720
1757662379,246853416
1757662379,248143224
1757662379,254161480
1757662379,261273720
1757662379,267736776
1757662379,274325992
1757662379,284391992
1757662379,299143336
1757662379,347489208
1757662379,363300696
1757662379,390383512
1757662379,399935016
1757662379,416716504
1757662379,456690648
1757662379,462434184
1757662379,489540648
1757662379,496221736
1757662379,531672248
1757662379,564802504
1757662379,569942280
1757662379,575331944
1757662379,595349960
1757662379,607297016
1757662379,610114056
1757662379,612464024
1757662379,618134280
1757662379,632392888
1757662379,637163448
1757662379,641727880
1757662379,643600584
1757662379,660228776
1757662379,677424776
1757662379,680504520
1757662379,686157848
1757662379,748337688
1757662379,754172184
1757662379,758431144
1757662379,776347992
1757662379,779395304
1757662379,807007464
1757662379,809729928
1757662379,832629400
1757662379,834300024
1757662379,877799784
1757662379,885268936
1757662379,895829624
1757662379,912128024
1757662379,933622824
1757662379,949772024
1757662379,973265240
1757662380,5704008
1757662380,10819896
1757662380,16595160
1757662380,31301160
1757662380,55780136
1757662380,60242136
1757662380,101710728
1757662380,111073864
1757662380,116690456
1757662380,147900344
1757662380,168603640
1757662380,199183544
1757662380,206069960
1757662380,234051288
1757662380,237105720
1757662380,243317416
1757662380,268085784
1757662380,269548152
1757662380,298644216
1757662380,333503880
1757662380,345171144
1757662380,352856328
1757662380,367374312
1757662380,411640168
1757662380,432465528
1757662380,435235416
1757662380,460222568
1757662380,467798936
1757662380,490280408
1757662380,505880472
1757662380,511183240
1757662380,517071976
1757662380,520196808
1757662380,527042136
1757662380,536628520
1757662380,543989816
1757662380,551135464
1757662380,568345368
1757662380,587104104
1757662380,628125064
1757662380,677803112
1757662380,685449176
1757662380,704496984
1757662380,723658568
1757662380,725198184
1757662380,787644600
1757662380,832176920
1757662380,889492936
1757662380,892777176
1757662380,909491192
1757662380,925178632
1757662380,926577912
1757662380,929900472
1757662380,939175208
1757662380,959798952
1757662380,961980632
1757662380,979823864
1757662381,1823976
1757662381,18971912
1757662381,20751592
1757662381,22588728
1757662381,36114520
1757662381,46346232
1757662381,55557256
1757662381,64365288
1757662381,83070648
1757662381,91929768
1757662381,106800440
1757662381,155628968
1757662381,177224248
1757662381,205959800
1757662381,210995992
1757662381,224382088
1757662381,249801272
1757662381,254208632
1757662381,263476408
1757662381,271592312
1757662381,312942760
1757662381,314703208
1757662381,319690536
1757662381,330196712
1757662381,331426632
1757662381,355972920
1757662381,358018776
1757662381,359366200
1757662381,366263880
1757662381,375751800
1757662381,386296136
1757662381,428210616
1757662381,443945672
1757662381,449495480
1757662381,461319160
1757662381,465218408
1757662381,473296152
1757662381,476424776
1757662381,481205096
1757662381,484033432
1757662381,493060312
1757662381,527410248
1757662381,540158648
1757662381,546454712
1757662381,550064088
1757662381,557500632
1757662381,602482696
1757662381,609380552
1757662381,636952184
1757662381,646684616
1757662381,683047080
1757662381,712725720
1757662381,719056024
1757662381,724534312
1757662381,727174728
1757662381,773756328
1757662381,782201544
1757662381,806546136
1757662381,820909464
1757662381,827827272
1757662381,847834056
1757662381,859004184
1757662381,864831608
1757662381,892592104
1757662381,905127896
1757662381,924373240
1757662381,929003720
1757662381,955345864
1757662381,957924456
1757662381,980897640
1757662381,986466840
1757662382,14652712
1757662382,54356824
1757662382,65032296
1757662382,70246792
1757662382,139452408
1757662382,149110984
1757662382,155937000
1757662382,163015640
1757662382,173152856
1757662382,175219304
1757662382,192852648
1757662382,207770008
1757662382,213910120
1757662382,218520008
1757662382,223899240
1757662382,227652152
1757662382,260693352
1757662382,266707896
1757662382,269064632
1757662382,272333336
1757662382,277409576
1757662382,283366296
1757662382,317875256
1757662382,324031528
1757662382,336062920
1757662382,344093928
1757662382,373468712
1757662382,377421592
1757662382,382847128
1757662382,395829912
1757662382,406776472
1757662382,444797224
1757662382,450657992
1757662382,463200024
1757662382,468689016
1757662382,489547176
1757662382,562603240
1757662382,574816120
1757662382,583433480
1757662382,589851496
1757662382,605025160
1757662382,606413464
1757662382,621103608
1757662382,631414280
1757662382,641002936
1757662382,669754600
1757662382,676013112
1757662382,694046440
1757662382,709046680
1757662382,722937512
1757662382,736248568
1757662382,741904056
1757662382,751504488
1757662382,779450904
1757662382,787575608
1757662382,793520584
1757662382,868775176
1757662382,916461304
1757662382,943523352
1757662382,958955272
1757662382,976449512
1757662382,989649096
1757662383,14378072
1757662383,55506856
1757662383,60894856
1757662383,64051656
1757662383,67595192
1757662383,74306232
1757662383,81007096
1757662383,94794008
1757662383,98346376
1757662383,146914632
1757662383,148804664
1757662383,167137592
1757662383,198795704
1757662383,208802680
1757662383,253037224
1757662383,263773768
1757662383,267917224
1757662383,276929448
1757662383,331816456
1757662383,333434792
1757662383,340106376
1757662383,359884040
1757662383,413916136
1757662383,420600984
1757662383,430143160
1757662383,432916824
1757662383,440339192
1757662383,474388440
1757662383,483902744
1757662383,511517496
1757662383,549781576
1757662383,574153208
1757662383,581985416
1757662383,594124488
1757662383,597727624
1757662383,599305832
1757662383,605725256
1757662383,624351112
1757662383,626794008
1757662383,628002536
1757662383,635131384
1757662383,642318584
1757662383,648109560
1757662383,654552296
1757662383,675457384
1757662383,686676280
1757662383,704444488
1757662383,706613000
1757662383,713053144
1757662383,730097560
1757662383,754942456
1757662383,778618744
1757662383,780704344
1757662383,805376296
1757662383,832421880
1757662383,842993624
1757662383,850516520
1757662383,852051768
1757662383,862550760
1757662383,864835096
1757662383,874638120
1757662383,878615912
1757662383,893478552
1757662383,898896472
1757662383,942302408
1757662383,952713688
1757662383,956373848
1757662383,967534024
1757662383,984651464
1757662383,993431256
1757662384,2810200
1757662384,22984232
1757662384,50482200
1757662384,56610136
1757662384,64817880
1757662384,75151160
1757662384,122946696
1757662384,167556808
1757662384,176320936
1757662384,177610296
1757662384,201109048
1757662384,217275816
1757662384,227260232
1757662384,304635144
1757662384,325204008
1757662384,332149880
1757662384,371320696
1757662384,376039896
1757662384,379710648
1757662384,385615928
1757662384,406205224
1757662384,413849112
1757662384,439960440
1757662384,449195928
1757662384,464689720
1757662384,485880712
1757662384,491574776
1757662384,511074168
1757662384,513066952
1757662384,520349992
1757662384,524542408
1757662384,534116408
1757662384,541424392
1757662384,543493144
1757662384,570613016
1757662384,604477464
1757662384,612946200
1757662384,619417928
1757662384,624572056
1757662384,628340024
1757662384,643650648
1757662384,662311672
1757662384,663649400
1757662384,665890952
1757662384,666951192
1757662384,698922008
1757662384,712764088
1757662384,731915816
1757662384,737075368
1757662384,777564024
1757662384,813158424
1757662384,818169256
1757662384,838744520
1757662384,849345400
1757662384,859206808
1757662384,876151560
1757662384,879778680
1757662384,891426088
1757662384,903073656
1757662384,906657928
1757662384,909931624
1757662384,918537720
1757662384,928258472
1757662384,940165784
1757662384,947428424
1757662384,965907000
1757662384,967835464
1757662384,970749320
1757662384,984317096
1757662384,996123656
1757662384,998848600
1757662385,14810056
1757662385,41601336
1757662385,67552296
1757662385,70339384
1757662385,72186888
1757662385,77429512
1757662385,90905528
1757662385,99946648
1757662385,114915656
1757662385,119176984
1757662385,133888472
1757662385,135201224
1757662385,195227192
1757662385,203715160
1757662385,219142200
1757662385,224864760
1757662385,228297176
1757662385,259342056
1757662385,261839544
1757662385,293321000
1757662385,297964392
1757662385,315595976
1757662385,321749080
1757662385,346034920
1757662385,354909720
1757662385,358324648
1757662385,403568232
1757662385,404829640
1757662385,423188040
1757662385,436668440
1757662385,441257912
1757662385,445323016
1757662385,467913960
1757662385,484755368
1757662385,516502680
1757662385,543125512
1757662385,548788136
1757662385,572895960
1757662385,582160488
1757662385,588972760
1757662385,590954040
1757662385,594847816
1757662385,609254456
1757662385,639075896
1757662385,644378888
1757662385,655840872
1757662385,676666056
1757662385,685754472
1757662385,700622936
1757662385,720287848
1757662385,730289352
1757662385,754080472
1757662385,755974680
1757662385,776791992
1757662385,781922824
1757662385,783238520
1757662385,802035288
1757662385,805933640
1757662385,856969672
1757662385,869070296
1757662385,893954696
1757662385,919633864
1757662385,936247240
1757662385,939410728
1757662385,969319288
1757662385,988506840
1757662386,6262008
1757662386,73305016
1757662386,101763528
1757662386,134467352
1757662386,162216504
1757662386,165223880
1757662386,185769992
1757662386,207878904
1757662386,255845000
1757662386,257489912
1757662386,263796728
1757662386,280907576
1757662386,287143976
1757662386,314834584
1757662386,318966120
1757662386,345401240
1757662386,374369176
1757662386,381592872
1757662386,387423944
1757662386,391877928
1757662386,393387224
1757662386,413621512
1757662386,420488728
1757662386,422975944
1757662386,453981480
1757662386,459027160
1757662386,468114488
1757662386,479096584
1757662386,481131688
1757662386,512400312
1757662386,514501112
1757662386,521071528
1757662386,525791720
1757662386,536565272
1757662386,537785640
1757662386,541962840
1757662386,554919384
1757662386,571666424
1757662386,574479032
1757662386,591906840
1757662386,603631256
1757662386,606279976
1757662386,607386056
1757662386,646226712
1757662386,696226792
1757662386,697908936
1757662386,722615864
1757662386,725278280
1757662386,733509624
1757662386,735633320
1757662386,794636712
1757662386,843610104
1757662386,844799320
1757662386,857399976
1757662386,859979672
1757662386,881039576
1757662386,891020552
1757662386,901289192
1757662386,912455432
1757662386,917253960
1757662386,929853880
1757662386,933986360
1757662386,939999720
1757662386,949467992
1757662386,998099688
1757662387,3315944
1757662387,6449384
1757662387,8128664
1757662387,28394600
1757662387,29704216
1757662387,76966216
1757662387,93160584
1757662387,145011512
1757662387,158446024
1757662387,161034344
1757662387,230230264
1757662387,258133144
1757662387,262335624
1757662387,271526936
1757662387,283154184
1757662387,285917880
1757662387,293252520
1757662387,306454760
1757662387,321635112
1757662387,341880872
1757662387,350215000
1757662387,368539096
1757662387,418930072
1757662387,447176712
1757662387,449193336
1757662387,475207864
1757662387,483062984
1757662387,515923576
1757662387,535486328
1757662387,570243528
1757662387,614759560
1757662387,620268776
1757662387,666947400
1757662387,681236360
1757662387,689841624
1757662387,723849272
1757662387,745672152
1757662387,752849960
1757662387,772051000
1757662387,815528104
1757662387,825699784
1757662387,833426712
1757662387,838594376
1757662387,845610600
1757662387,886887336
1757662387,896503656
1757662387,923018632
1757662387,933421768
1757662387,944853304
1757662387,945911496
1757662387,960614616
1757662388,48100712
1757662388,52996648
1757662388,60738712
1757662388,65470936
1757662388,68421592
1757662388,70052216
1757662388,81494104
1757662388,85762760
1757662388,98732200
1757662388,104245320
1757662388,109076504
1757662388,147740200
1757662388,153436328
1757662388,163063960
1757662388,180189128
1757662388,190764616
1757662388,193964600
1757662388,255787000
1757662388,265824648
1757662388,269582568
1757662388,276219624
1757662388,300763848
1757662388,310649800
1757662388,313225640
1757662388,315701640
1757662388,317738968
1757662388,352825688
1757662388,376394088
1757662388,378210808
1757662388,411675544
1757662388,421461304
1757662388,425843352
1757662388,447631608
1757662388,463834008
1757662388,472432360
1757662388,515467848
1757662388,525258856
1757662388,536386840
1757662388,555637720
1757662388,595389336
1757662388,597526504
1757662388,613138968
1757662388,629656392
1757662388,719373848
1757662388,723193640
1757662388,740948952
1757662388,755219688
1757662388,762767176
1757662388,840885144
1757662388,854997432
1757662388,864779416
1757662388,879634056
1757662388,881605976
1757662388,897983896
1757662388,902029688
1757662388,933327704
1757662388,982601272
1757662389,3420568
1757662389,9727096
1757662389,15469736
1757662389,21426728
1757662389,42404488
1757662389,44386248
1757662389,52645512
1757662389,57470408
1757662389,60501752
1757662389,65649272
1757662389,67782440
1757662389,79355464
1757662389,100834872
1757662389,115826952
1757662389,129869128
1757662389,145332552
1757662389,151439880
1757662389,166375240
1757662389,183916376
1757662389,203988248
1757662389,209005464
1757662389,218049720
1757662389,258432200
1757662389,263908840
1757662389,275267400
1757662389,314522936
1757662389,325132392
1757662389,346581112
1757662389,377880168
1757662389,391711624
1757662389,398583880
1757662389,413847912
1757662389,419861992
1757662389,421245704
1757662389,433544264
1757662389,453672152
1757662389,462969224
1757662389,535157224
1757662389,549649480
1757662389,565822632
1757662389,591916152
1757662389,596279720
1757662389,601094632
1757662389,622955064
1757662389,637956840
1757662389,666485960
1757662389,683232728
1757662389,711419624
1757662389,729495096
1757662389,740490280
1757662389,745838520
1757662389,753714296
1757662389,767898904
1757662389,792009448
1757662389,798041864
1757662389,821792872
1757662389,842394904
1757662389,850540728
1757662389,852203784
1757662389,854608312
1757662389,888577800
1757662389,922106184
1757662389,933730072
1757662389,945334248
1757662389,958806936
1757662389,964786120
1757662389,978158072
1757662389,994746856
1757662389,998296120
1757662390,12830520
1757662390,22025464
1757662390,23314232
1757662390,36243432
1757662390,38864152
1757662390,41966632
1757662390,46447400
1757662390,67143768
1757662390,83297768
1757662390,88158056
1757662390,99942776
1757662390,107364648
1757662390,117677672
1757662390,120516072
1757662390,162872616
1757662390,166939096
1757662390,178069096
1757662390,181782888
1757662390,186356136
1757662390,190380952
1757662390,218465016
1757662390,236585608
1757662390,248616600
1757662390,279283912
1757662390,283576200
1757662390,300925624
1757662390,304733160
1757662390,333117592
1757662390,355790712
1757662390,374644248
1757662390,375658280
1757662390,381060584
1757662390,392897544
1757662390,409591032
1757662390,438208984
1757662390,453432392
1757662390,520717928
1757662390,526633832
1757662390,528079432
1757662390,529673176
1757662390,601509464
1757662390,612827272
1757662390,622886584
1757662390,667275432
1757662390,674743176
1757662390,713885032
1757662390,776140200
1757662390,779274488
1757662390,791438968
1757662390,821515912
1757662390,857335432
1757662390,883364808
1757662390,900650904
1757662390,902434984
1757662390,914323336
1757662390,920000040
1757662390,944570136
1757662390,948469144
1757662390,961163880
1757662390,968899016
1757662390,976689688
1757662391,6561192
1757662391,31533192
1757662391,45413672
1757662391,46982664
1757662391,48659400
1757662391,60289880
1757662391,100181592
1757662391,107219560
1757662391,115665352
1757662391,145883016
1757662391,152564936
1757662391,176445144
1757662391,191889560
1757662391,205714104
1757662391,223501592
1757662391,236545352
1757662391,242746904
1757662391,266076392
1757662391,268420168
1757662391,284311720
1757662391,379492568
1757662391,388027992
1757662391,419210392
1757662391,429914392
1757662391,436364872
1757662391,491815400
1757662391,504544120
1757662391,516147672
1757662391,518282200
1757662391,535405560
1757662391,551563832
1757662391,555043144
1757662391,571725720
1757662391,579906472
1757662391,603138024
1757662391,623198776
1757662391,625649080
1757662391,631369448
1757662391,649274456
1757662391,653928056
1757662391,665830536
1757662391,687155240
1757662391,713619560
1757662391,721127576
1757662391,723076392
1757662391,726691992
1757662391,733351336
1757662391,742297832
1757662391,782405672
1757662391,788199880
1757662391,793455672
1757662391,805487848
1757662391,838280104
1757662391,849330328
1757662391,867910632
1757662391,876937848
1757662391,897212600
1757662391,906584936
1757662391,911525960
1757662391,920016328
1757662391,948071704
1757662392,5510120
1757662392,12899848
1757662392,32603192
1757662392,41761528
1757662392,73144920
1757662392,91939400
1757662392,95998728
1757662392,106453608
1757662392,114098360
1757662392,118154888
1757662392,134208456
1757662392,149605416
1757662392,151181912
1757662392,154755528
1757662392,189267752
1757662392,196242232
1757662392,207307192
1757662392,230330584
1757662392,232136920
1757662392,238149752
1757662392,258684632
1757662392,287029976
1757662392,293329512
1757662392,311340040
1757662392,313793000
1757662392,328382872
1757662392,334639256
1757662392,341554904
1757662392,361969960
1757662392,414630952
1757662392,435810312
1757662392,442453720
1757662392,446626776
1757662392,455071400
1757662392,460330680
1757662392,462169592
1757662392,469024776
1757662392,499632968
1757662392,501990376
1757662392,518036856
1757662392,527854840
1757662392,554220344
1757662392,556108632
1757662392,562084536
1757662392,570459992
1757662392,577244536
1757662392,585166392
1757662392,592129256
1757662392,616464440
1757662392,649041656
1757662392,662399000
1757662392,682039864
1757662392,712124760
1757662392,721790856
1757662392,730306488
1757662392,736092232
1757662392,745037768
1757662392,762154760
1757662392,779562680
1757662392,793657176
1757662392,824811080
1757662392,837969160
1757662392,842617240
1757662392,857218456
1757662392,867818280
1757662392,869920840
1757662392,893384104
1757662392,895716552
1757662392,898586920
1757662392,922168536
1757662392,935110760
1757662392,939825064
1757662392,955683736
1757662392,956795016
1757662393,1407096
1757662393,31320920
1757662393,35589800
1757662393,40962632
1757662393,42503544
1757662393,61302600
1757662393,73082392
1757662393,92978824
1757662393,104816440
1757662393,113715864
1757662393,116364552
1757662393,119854888
1757662393,125896120
1757662393,162175912
1757662393,179009544
1757662393,192520232
1757662393,211731176
1757662393,214660520
1757662393,228103960
1757662393,240984728
1757662393,272454648
1757662393,283736536
1757662393,294924984
1757662393,325984728
1757662393,366527224
1757662393,377985432
1757662393,385222088
1757662393,401372120
1757662393,437494680
1757662393,465242328
1757662393,474857144
1757662393,485444600
1757662393,494373320
1757662393,497141576
1757662393,505027080
1757662393,576361480
1757662393,599642360
1757662393,659046632
1757662393,669763080
1757662393,691929368
1757662393,694515736
1757662393,707124632
1757662393,719775960
1757662393,727776168
1757662393,736833320
1757662393,744661208
1757662393,767134328
1757662393,825940392
1757662393,827309192
1757662393,832430456
1757662393,856830296
1757662393,867838168
1757662393,921474024
1757662393,945421064
1757662393,955542600
1757662393,962393704
1757662393,964530248
1757662394,78719720
1757662394,80170360
1757662394,91426872
1757662394,119869784
1757662394,131102392
1757662394,145750616
1757662394,153584088
1757662394,178477992
1757662394,191781816
1757662394,283889032
1757662394,293607896
1757662394,307123912
1757662394,311352696
1757662394,324047176
1757662394,338973048
1757662394,357289160
1757662394,358926584
1757662394,360648296
1757662394,408095784
1757662394,437988776
1757662394,462053128
1757662394,500379928
1757662394,508992696
1757662394,514853560
1757662394,517303736
1757662394,544145800
1757662394,548585656
1757662394,558480264
1757662394,569029256
1757662394,602304408
1757662394,605319736
1757662394,606661192
1757662394,636823992
1757662394,668266472
1757662394,681395752
1757662394,721931768
1757662394,730858856
1757662394,735187464
1757662394,736719736
1757662394,757268952
1757662394,774506920
1757662394,784120728
1757662394,790069608
1757662394,793197448
1757662394,794806344
1757662394,842324616
1757662394,846661416
1757662394,848411320
1757662394,853198536
1757662394,867705640
1757662394,876372584
1757662394,880936024
1757662394,900743944
1757662394,938044280
1757662394,967578504
1757662395,13104376
1757662395,15083112
1757662395,50862328
1757662395,81958360
1757662395,83082120
1757662395,97873016
1757662395,112631368
1757662395,122842136
1757662395,132815112
1757662395,134061032
1757662395,137000296
1757662395,157595208
1757662395,170583336
1757662395,185539848
1757662395,199157656
1757662395,217368936
1757662395,230660984
1757662395,256377704
1757662395,257525176
1757662395,264616872
1757662395,271746712
1757662395,288517384
1757662395,298258120
1757662395,312460632
1757662395,328182648
1757662395,335582072
1757662395,343681320
1757662395,357789880
1757662395,359899848
1757662395,366973256
1757662395,381366344
1757662395,382766152
1757662395,385568424
1757662395,402857576
1757662395,404002696
1757662395,408457672
1757662395,461021752
1757662395,474968728
1757662395,491147192
1757662395,518230616
1757662395,565586120
1757662395,571979224
1757662395,596166008
1757662395,598638664
1757662395,605836824
1757662395,623151848
1757662395,637611928
1757662395,657911016
1757662395,664314888
1757662395,666096408
1757662395,675789048
1757662395,680654696
1757662395,704945752
1757662395,706882184
1757662395,726506152
1757662395,743241272
1757662395,788458840
1757662395,816658040
1757662395,823514872
1757662395,836859272
1757662395,840429272
1757662395,857601032
1757662395,859037368
1757662395,862712440
1757662395,864056712
1757662395,875854280
1757662395,884168040
1757662395,902899816
1757662395,918282152
1757662395,924053288
1757662395,928362264
1757662395,930578360
1757662395,943898040
1757662395,945981960
1757662395,948604936
1757662395,951044936
1757662395,952895352
1757662395,961436504
1757662395,965335976
1757662395,984276440
1757662395,993591000
1757662395,997006424
1757662396,26774280
1757662396,31880424
1757662396,41858648
1757662396,53385544
1757662396,65079736
1757662396,88724600
1757662396,90650712
1757662396,184018872
1757662396,198327176
1757662396,202432408
1757662396,204631832
1757662396,210933096
1757662396,215473304
1757662396,216945848
1757662396,233397272
1757662396,249376616
1757662396,266737128
1757662396,298630104
1757662396,313356904
1757662396,352044168
1757662396,378871688
1757662396,398294728
1757662396,399397816
1757662396,451849272
1757662396,454748056
1757662396,471416152
1757662396,519696088
1757662396,529123288
1757662396,546018664
1757662396,547317416
1757662396,555034824
1757662396,581242664
1757662396,598887080
1757662396,603364952
1757662396,637486136
1757662396,651101016
1757662396,661295944
1757662396,669159304
1757662396,670957656
1757662396,686264824
1757662396,693714728
1757662396,697765464
1757662396,711101928
1757662396,718110440
1757662396,721621224
1757662396,723421592
1757662396,726177688
1757662396,736602360
1757662396,751213880
1757662396,764361416
1757662396,770718440
1757662396,797490840
1757662396,819256840
1757662396,828306104
1757662396,832367448
1757662396,841250152
1757662396,865002808
1757662396,872090168
1757662396,921853704
1757662396,929005320
1757662396,930551240
1757662396,932731880
1757662396,940105608
1757662396,962315704
1757662396,970466904
1757662396,973811624
1757662396,979974280
1757662396,994938120
1757662397,14176824
1757662397,26795928
1757662397,28053544
1757662397,34585864
1757662397,52589272
1757662397,60753512
1757662397,69237832
1757662397,92004152
1757662397,93541864
1757662397,100253608
1757662397,114419480
1757662397,116648168
1757662397,145206920
1757662397,148987464
1757662397,152969704
1757662397,159094968
1757662397,163296184
1757662397,171692968
1757662397,184619592
1757662397,230020664
1757662397,243407688
1757662397,251407208
1757662397,286684008
1757662397,325191288
1757662397,326817512
1757662397,369067288
1757662397,400557416
1757662397,444990360
1757662397,455241784
1757662397,461413368
1757662397,477666856
1757662397,489692696
1757662397,500634216
1757662397,502115048
1757662397,533466152
1757662397,539384440
1757662397,580158632
1757662397,606640792
1757662397,636966392
1757662397,676337672
1757662397,677632680
1757662397,682150472
1757662397,683804856
1757662397,696583064
1757662397,729356872
1757662397,740910456
1757662397,747467800
1757662397,751077096
1757662397,765902216
1757662397,781965896
1757662397,823034984
1757662397,850534696
1757662397,864772344
1757662397,881154792
1757662397,886931256
1757662397,904607720
1757662397,911812296
1757662397,921092072
1757662397,939260936
1757662397,943919256
1757662397,956870808
1757662398,10639656
1757662398,20947528
1757662398,23728568
1757662398,29945736
1757662398,37427256
1757662398,42902696
1757662398,75341624
1757662398,86033256
1757662398,118897448
1757662398,120253032
1757662398,121414664
1757662398,130727848
1757662398,142950728
1757662398,181971656
1757662398,189352376
1757662398,212043368
1757662398,241517624
1757662398,246461992
1757662398,253442904
1757662398,257455176
1757662398,264603880
1757662398,267526280
1757662398,281740152
1757662398,287944472
1757662398,291781160
1757662398,334141464
1757662398,335387896
1757662398,340241032
1757662398,366699736
1757662398,381979560
1757662398,389272568
1757662398,391667256
1757662398,444909800
1757662398,448962456
1757662398,452249432
1757662398,457897208
1757662398,484313688
1757662398,512778408
1757662398,516876520
1757662398,518156616
1757662398,519385464
1757662398,537136968
1757662398,544830824
1757662398,572370776
1757662398,589905480
1757662398,599948696
1757662398,620484072
1757662398,635885576
1757662398,658220472
1757662398,668202152
1757662398,688806648
1757662398,689954296
1757662398,696290216
1757662398,700078744
1757662398,709928984
1757662398,716314104
1757662398,723136632
1757662398,742153416
1757662398,759462392
1757662398,771296056
1757662398,797940632
1757662398,799519976
1757662398,835037912
1757662398,851906072
1757662398,861006792
1757662398,883295000
1757662398,903320120
1757662398,919322184
1757662398,938352600
1757662398,956731224
1757662398,960442040
1757662398,967476072
1757662398,984605496
1757662398,996420968
1757662399,23006504
1757662399,37346152
1757662399,89343656
1757662399,91425096
1757662399,93279400
1757662399,94433448
1757662399,95709720
1757662399,114114856
1757662399,118609112
1757662399,135171432
1757662399,140450328
1757662399,153513928
1757662399,221489880
1757662399,225166152
1757662399,250084712
1757662399,252045544
1757662399,263306552
1757662399,274372712
1757662399,281188840
1757662399,294304424
1757662399,300547368
1757662399,321760568
1757662399,368431848
1757662399,371256040
1757662399,385610856
1757662399,390969128
1757662399,392214744
1757662399,412493688
1757662399,414949736
1757662399,416963448
1757662399,477339704
1757662399,486029880
1757662399,489604904
1757662399,498419480
1757662399,518018168
1757662399,533115512
1757662399,534978152
1757662399,541173688
1757662399,544345624
1757662399,651136360
1757662399,661762280
1757662399,664868568
1757662399,675941208
1757662399,704201832
1757662399,710250728
1757662399,715723320
1757662399,720108552
1757662399,734816840
1757662399,741262264
1757662399,743500504
1757662399,780190248
1757662399,790595848
1757662399,796412584
1757662399,808447480
1757662399,815556344
1757662399,817412152
1757662399,819185768
1757662399,827349064
1757662399,834458376
1757662399,848841576
1757662399,876357752
1757662399,878033000
1757662399,879703448
1757662399,915072568
1757662399,936798488
1757662399,952451800
1757662399,954563432
1757662399,972330840
1757662400,11760360
1757662400,18671400
1757662400,22765800
1757662400,31234216
1757662400,37610232
1757662400,48469624
1757662400,55926520
1757662400,59967624
1757662400,63415576
1757662400,76905544
1757662400,79595720
1757662400,96680456
1757662400,103837928
1757662400,113359864
1757662400,121251240
1757662400,129984392
1757662400,138672184
1757662400,141837960
1757662400,148264152
1757662400,150726216
1757662400,153713992
1757662400,192257112
1757662400,210915656
1757662400,239878920
1757662400,248122312
1757662400,270119720
1757662400,278974680
1757662400,281703784
1757662400,283143256
1757662400,306559336
1757662400,312288872
1757662400,334098472
1757662400,340164840
1757662400,351416296
1757662400,355625352
1757662400,367314792
1757662400,375888504
1757662400,387445256
1757662400,394474216
1757662400,422908152
1757662400,431744696
1757662400,440349944
1757662400,454093976
1757662400,460376376
1757662400,473623992
1757662400,483353864
1757662400,500339800
1757662400,528162136
1757662400,541235208
1757662400,573365800
1757662400,596299608
1757662400,626072920
1757662400,628313192
1757662400,631611192
1757662400,642774104
1757662400,693337864
1757662400,694928248
1757662400,698764552
1757662400,699882584
1757662400,728316712
1757662400,737045640
1757662400,750231880
1757662400,777698792
1757662400,789580536
1757662400,808362680
1757662400,823193368
1757662400,831740040
1757662400,833053800
1757662400,850547208
1757662400,863100248
1757662400,866992984
1757662400,871127512
1757662400,878061384
1757662400,902049256
1757662400,917759320
1757662400,919913544
1757662400,925383880
1757662400,933267240
1757662400,975501096
1757662400,984140632
1757662401,27199816
1757662401,61112600
1757662401,64916504
1757662401,71425656
1757662401,86831880
1757662401,89470360
1757662401,92140312
1757662401,110147784
1757662401,128484792
1757662401,135883208
1757662401,159117352
1757662401,163253400
1757662401,166738632
1757662401,200289448
1757662401,205527944
1757662401,209180760
1757662401,224829560
1757662401,247583544
1757662401,259363656
1757662401,263750344
1757662401,267510824
1757662401,275272280
1757662401,280226600
1757662401,283056696
1757662401,302884568
1757662401,305290632
1757662401,307107400
1757662401,330963416
1757662401,340157624
1757662401,350386248
1757662401,352043256
1757662401,373928232
1757662401,386469992
1757662401,400679784
1757662401,404429560
1757662401,407183736
1757662401,437391752
1757662401,469359752
1757662401,475053752
1757662401,485486776
1757662401,528905960
1757662401,533640808
1757662401,539717592
1757662401,545752744
1757662401,566321896
1757662401,579600504
1757662401,588845240
1757662401,596319304
1757662401,603757464
1757662401,606237896
1757662401,609186008
1757662401,622753816
1757662401,625040504
1757662401,630969256
1757662401,637716808
1757662401,643256312
1757662401,648072680
1757662401,653369048
1757662401,666171288
1757662401,683192488
1757662401,687106824
1757662401,691892408
1757662401,698159448
1757662401,702064504
1757662401,714395704
1757662401,724690584
1757662401,757124856
1757662401,760212232
1757662401,765812040
1757662401,768533208
1757662401,787415208
1757662401,807091672
1757662401,815109352
1757662401,817976136
1757662401,848974712
1757662401,859742040
1757662401,891393032
1757662401,898534424
1757662401,925829368
1757662401,928773688
1757662401,934104920
1757662401,946880376
1757662401,972939464
1757662401,982403304
1757662402,21751976
1757662402,54944680
1757662402,60769544
1757662402,63953336
1757662402,69037688
1757662402,86375688
1757662402,92573336
1757662402,100253192
1757662402,105111368
1757662402,151261352
1757662402,166009656
1757662402,172822664
1757662402,184643064
1757662402,187694632
1757662402,239709320
1757662402,245157624
1757662402,268864792
1757662402,290822664
1757662402,321401928
1757662402,325632088
1757662402,364748248
1757662402,382423080
1757662402,411667304
1757662402,414486008
1757662402,435698040
1757662402,437623128
1757662402,439085400
1757662402,446613752
1757662402,507049992
1757662402,546551544
1757662402,557502664
1757662402,571325000
1757662402,586272376
1757662402,592435672
1757662402,608222824
1757662402,611066136
1757662402,620989880
1757662402,631454408
1757662402,659616600
1757662402,664799224
1757662402,675885784
1757662402,685521896
1757662402,706716184
1757662402,752711400
1757662402,830116648
1757662402,832022136
1757662402,850484488
1757662402,863857576
1757662402,866095912
1757662402,906097096
1757662402,934223432
1757662402,942474424
1757662402,943921080
1757662402,956944200
1757662402,963214616
1757662402,982160792
1757662402,985806664
1757662402,989082456
1757662402,994726392
1757662403,5443672
1757662403,42314376
1757662403,90067320
1757662403,109044904
1757662403,114635272
1757662403,115875192
1757662403,122153592
1757662403,125544424
1757662403,140458728
1757662403,150252856
1757662403,171576728
1757662403,187302872
1757662403,204263144
1757662403,210044424
1757662403,218597464
1757662403,219830024
1757662403,266903704
1757662403,277128296
1757662403,280400856
1757662403,284757256
1757662403,327073400
1757662403,343184952
1757662403,354748216
1757662403,356434712
1757662403,368079160
1757662403,382385480
1757662403,453946600
1757662403,469927064
1757662403,478042456
1757662403,508244472
1757662403,539144648
1757662403,567571720
1757662403,576893560
1757662403,584004984
1757662403,601632600
1757662403,612132584
1757662403,614328104
1757662403,644459176
1757662403,673455064
1757662403,685441224
1757662403,691434344
1757662403,731790648
1757662403,740666712
1757662403,741752360
1757662403,765600408
1757662403,766971752
1757662403,773418168
1757662403,792283352
1757662403,805910952
1757662403,854258776
1757662403,866606408
1757662403,901602824
1757662403,914376760
1757662403,932526920
1757662403,953519480
1757662403,958862680
1757662403,994162232
1757662404,17602152
1757662404,19028296
1757662404,40648952
1757662404,46322232
1757662404,76478472
1757662404,117917784
1757662404,133823736
1757662404,137024696
1757662404,144579576
1757662404,163832424
1757662404,169903736
1757662404,176399032
1757662404,193791352
1757662404,207251096
1757662404,213029784
1757662404,226019736
1757662404,232607512
1757662404,239846504
1757662404,257735592
1757662404,283348392
1757662404,284734760
1757662404,323202680
1757662404,375263912
1757662404,389228840
1757662404,410057416
1757662404,492915240
1757662404,519954136
1757662404,527876904
1757662404,533228456
1757662404,547196696
1757662404,574403304
1757662404,586908040
1757662404,589727944
1757662404,601783720
1757662404,604256376
1757662404,617753528
1757662404,619534808
1757662404,634336760
1757662404,635477656
1757662404,639117896
1757662404,654574696
1757662404,660950360
1757662404,675871192
1757662404,690502520
1757662404,700580552
1757662404,703816328
1757662404,720539256
1757662404,730763832
1757662404,750058136
1757662404,780405656
1757662404,781908504
1757662404,788974680
1757662404,792569832
1757662404,819189752
1757662404,871690888
1757662404,910099176
1757662404,927038792
1757662404,933324872
1757662404,961018824
1757662404,975561416
1757662404,987518312
1757662405,26958808
1757662405,38852024
1757662405,40846616
1757662405,43781048
1757662405,50390392
1757662405,67391928
1757662405,86693208
1757662405,96917256
1757662405,131761400
1757662405,135847064
1757662405,139392376
1757662405,168752136
1757662405,171038536
1757662405,172606984
1757662405,175864968
1757662405,195409736
1757662405,198680104
1757662405,217284200
1757662405,244632776
1757662405,303732440
1757662405,318693336
1757662405,321005720
1757662405,343755368
1757662405,359544312
1757662405,371904520
1757662405,374124312
1757662405,380622920
1757662405,388631704
1757662405,391407432
1757662405,400756616
1757662405,409261576
1757662405,415819080
1757662405,423943944
1757662405,442165080
1757662405,452187864
1757662405,482730984
1757662405,498210472
1757662405,527127288
1757662405,538802248
1757662405,542089944
1757662405,581010664
1757662405,586728920
1757662405,590485576
1757662405,605031944
1757662405,612565560
1757662405,634902648
1757662405,640027816
1757662405,656385080
1757662405,693729256
1757662405,703546184
1757662405,731228424
1757662405,733090104
1757662405,745055704
1757662405,752791288
1757662405,754609768
1757662405,805607016
1757662405,813471672
1757662405,840956488
1757662405,856759608
1757662405,872793544
1757662405,876388280
1757662405,919861608
1757662405,925214296
1757662405,947852888
1757662405,950933192
1757662405,953030760
1757662405,967786840
1757662405,969580936
1757662405,993760632
1757662406,5808376
1757662406,55750568
1757662406,77633480
1757662406,100759352
1757662406,159099048
1757662406,165584056
1757662406,180564664
1757662406,190093768
1757662406,194456824
1757662406,210005048
1757662406,212209160
1757662406,223757400
1757662406,226615048
1757662406,234549832
1757662406,268830696
1757662406,276679384
1757662406,296885496
1757662406,314572696
1757662406,345173656
1757662406,378560584
1757662406,381900616
1757662406,400996840
1757662406,409204216
1757662406,430200344
1757662406,443938984
1757662406,451515352
1757662406,476752408
1757662406,483648312
1757662406,488216088
1757662406,493092920
1757662406,507837704
1757662406,509147528
1757662406,510894824
1757662406,514425880
1757662406,522880808
1757662406,525499144
1757662406,545057336
1757662406,546586280
1757662406,554728024
1757662406,556558328
1757662406,561297160
1757662406,565251992
1757662406,569156872
1757662406,573944248
1757662406,580766664
1757662406,604880984
1757662406,644282024
1757662406,648601048
1757662406,681106344
1757662406,699484648
1757662406,706352024
1757662406,711406280
1757662406,713952232
1757662406,716515112
1757662406,728206840
1757662406,773822920
1757662406,784919000
1757662406,789717912
1757662406,820564952
1757662406,845820952
1757662406,872287944
1757662406,895929032
1757662406,898385256
1757662406,921550024
1757662406,929188168
1757662406,936117000
1757662406,960149800
1757662406,985646760
1757662406,993430856
1757662407,89068024
1757662407,101732344
1757662407,113695880
1757662407,118181096
1757662407,143506232
1757662407,170574632
1757662407,175144936
1757662407,188387400
1757662407,194421416
1757662407,207812072
1757662407,218742712
1757662407,255151400
1757662407,309646360
1757662407,315654088
1757662407,318245896
1757662407,322440776
1757662407,375612440
1757662407,381565064
1757662407,385178968
1757662407,394254936
1757662407,409838184
1757662407,416068088
1757662407,419108792
1757662407,442484072
1757662407,453718536
1757662407,474763848
1757662407,530491928
1757662407,541101080
1757662407,558124648
1757662407,576688760
1757662407,587290328
1757662407,628626312
1757662407,649238072
1757662407,653583032
1757662407,682212120
1757662407,691141064
1757662407,706099224
1757662407,756428984
1757662407,761341448
1757662407,776012392
1757662407,780508040
1757662407,796655624
1757662407,806667560
1757662407,812450568
1757662407,814122600
1757662407,819564968
1757662407,824055992
1757662407,828030952
1757662407,850048632
1757662407,890585192
1757662407,932672856
1757662407,947438824
1757662407,966558392
1757662407,987744808
1757662407,991886888
1757662407,997808408
1757662408,8883928
1757662408,13692328
1757662408,30289160
1757662408,33777496
1757662408,35853960
1757662408,40047080
1757662408,57967928
1757662408,74724808
1757662408,83244328
1757662408,117390440
1757662408,119836936
1757662408,123909848
1757662408,130159832
1757662408,138150600
1757662408,157683096
1757662408,201573672
1757662408,209189272
1757662408,248266712
1757662408,268544920
1757662408,274161912
1757662408,300759560
1757662408,305229928
1757662408,309044328
1757662408,314604952
1757662408,317750024
1757662408,330555800
1757662408,339020856
1757662408,389940200
1757662408,401450248
1757662408,431147000
1757662408,435607432
1757662408,439606696
1757662408,456848248
1757662408,470896328
1757662408,481732728
1757662408,500169160
1757662408,509901672
1757662408,520518216
1757662408,548866712
1757662408,555642712
1757662408,576720984
1757662408,601717448
1757662408,609273640
1757662408,626573432
1757662408,714325688
1757662408,716074744
1757662408,724232664
1757662408,728276280
1757662408,740652440
1757662408,742603176
1757662408,751417672
1757662408,754310200
1757662408,777229320
1757662408,791956504
1757662408,812479896
1757662408,832844776
1757662408,859028360
1757662408,870579592
1757662408,875782264
1757662408,906099224
1757662408,920121000
1757662408,939232904
1757662408,991929288
1757662409,37712648
1757662409,40459352
1757662409,58115704
1757662409,72442024
1757662409,82913528
1757662409,95902568
1757662409,106697912
1757662409,127583000
1757662409,158910200
1757662409,181215016
1757662409,209132600
1757662409,237458328
1757662409,288255880
1757662409,316972232
1757662409,327485336
1757662409,347400776
1757662409,355134872
1757662409,385639800
1757662409,392627512
1757662409,404012056
1757662409,427509000
1757662409,431258104
1757662409,471091016
1757662409,479825240
1757662409,484090904
1757662409,489800600
1757662409,498491544
1757662409,502365896
1757662409,523539432
1757662409,544542424
1757662409,547574904
1757662409,552414584
1757662409,559085272
1757662409,560564520
1757662409,578668280
1757662409,584005832
1757662409,588837176
1757662409,614205400
1757662409,623479992
1757662409,656854328
1757662409,667412888
1757662409,683650584
1757662409,698536648
1757662409,699750824
1757662409,705816152
1757662409,709419928
1757662409,732742424
1757662409,752000056
1757662409,805943064
1757662409,810777336
1757662409,845337720
1757662409,898569512
1757662409,905341768
1757662409,930692344
1757662409,956495784
1757662410,5493736
1757662410,44537224
1757662410,49416776
1757662410,50878584
1757662410,67988856
1757662410,72434376
1757662410,83207624
1757662410,170554648
1757662410,172709864
1757662410,173938584
1757662410,184491544
1757662410,193923784
1757662410,198567864
1757662410,225084632
1757662410,267744744
1757662410,286741208
1757662410,296086648
1757662410,301651448
1757662410,340292760
1757662410,343148552
1757662410,346055864
1757662410,391655928
1757662410,401048200
1757662410,404724936
1757662410,406506552
1757662410,411529512
1757662410,449050184
1757662410,510456232
1757662410,564665208
1757662410,572801512
1757662410,575243688
1757662410,586918216
1757662410,588141640
1757662410,600883784
1757662410,620432456
1757662410,627552024
1757662410,632729288
1757662410,644015720
1757662410,649409384
1757662410,652354200
1757662410,758281016
1757662410,761042072
1757662410,817331800
1757662410,842811784
1757662410,845653144
1757662410,919764936
1757662410,927718504
1757662410,952866280
1757662410,977812888
1757662410,996800504
1757662411,30697176
1757662411,61962344
1757662411,63589304
1757662411,71662408
1757662411,104767672
1757662411,109733320
1757662411,128380280
1757662411,130985560
1757662411,155613464
1757662411,162632744
1757662411,187917064
1757662411,192000504
1757662411,198842808
1757662411,210352488
1757662411,231661208
1757662411,234634568
1757662411,246503688
1757662411,251911608
1757662411,271703256
1757662411,315135128
1757662411,334967736
1757662411,340020568
1757662411,341705736
1757662411,359417208
1757662411,386907432
1757662411,399944008
1757662411,406460296
1757662411,409259672
1757662411,418399112
1757662411,422456376
1757662411,444632024
1757662411,457175960
1757662411,463475560
1757662411,483236088
1757662411,497104792
1757662411,575606600
1757662411,595831896
1757662411,597964232
1757662411,627533448
1757662411,634770296
1757662411,666194760
1757662411,668298568
1757662411,690288168
1757662411,715844280
1757662411,725583048
1757662411,742923000
1757662411,754956552
1757662411,799901672
1757662411,812091096
1757662411,832216648
1757662411,850129944
1757662411,866325096
1757662411,877742840
1757662411,894386328
1757662411,940793144
1757662411,945561304
1757662411,957815240
1757662411,962182008
1757662411,989719752
1757662411,993372200
1757662412,2386808
1757662412,6042360
1757662412,7377128
1757662412,11877048
1757662412,24905960
1757662412,29688472
1757662412,49032376
1757662412,56100904
1757662412,57870936
1757662412,63652808
1757662412,100842936
1757662412,102439496
1757662412,111574168
1757662412,127729496
1757662412,136835080
1757662412,187135096
1757662412,193251736
1757662412,196639768
1757662412,200658264
1757662412,212119112
1757662412,222220584
1757662412,266214232
1757662412,275041880
1757662412,301256152
1757662412,313635736
1757662412,362023352
1757662412,372950984
1757662412,382757496
1757662412,395513848
1757662412,406979560
1757662412,424908408
1757662412,431967432
1757662412,441489272
1757662412,490617704
1757662412,493070104
1757662412,508729880
1757662412,515829912
1757662412,519951224
1757662412,526093160
1757662412,549609752
1757662412,553468232
1757662412,560386872
1757662412,572988488
1757662412,574499992
1757662412,591299784
1757662412,648565240
1757662412,665636888
1757662412,757274440
1757662412,803808856
1757662412,817306824
1757662412,829601928
1757662412,839187032
1757662412,845166360
1757662412,858075176
1757662412,860010968
1757662412,862114056
1757662412,879972904
1757662412,893312168
1757662412,936926648
1757662412,953297384
1757662412,956413160
1757662412,995356792
1757662413,10495608
1757662413,43916776
1757662413,59037464
1757662413,81487816
1757662413,93675192
1757662413,95553336
1757662413,134915576
1757662413,150689272
1757662413,160209384
1757662413,167536760
1757662413,193960216
1757662413,223526424
1757662413,231929928
1757662413,241553752
1757662413,247477192
1757662413,256826232
1757662413,258945048
1757662413,271551720
1757662413,277195192
1757662413,281841096
1757662413,284588184
1757662413,288975752
1757662413,301819528
1757662413,316545176
1757662413,325039096
1757662413,339124008
1757662413,352501560
1757662413,368423032
1757662413,374526360
1757662413,386029672
1757662413,400070056
1757662413,414469240
1757662413,423521800
1757662413,451059912
1757662413,484612216
1757662413,508935016
1757662413,517577896
1757662413,531374008
1757662413,543031400
1757662413,558729016
1757662413,581415160
1757662413,585861512
1757662413,601733032
1757662413,607593496
1757662413,629256360
1757662413,634315288
1757662413,638543448
1757662413,690099128
1757662413,721681704
1757662413,749212600
1757662413,781015736
1757662413,797402072
1757662413,830106648
1757662413,835164712
1757662413,837585800
1757662413,852621768
1757662413,865787496
1757662413,897626296
1757662413,900841928
1757662413,911757048
1757662413,927651080
1757662413,946512152
1757662414,14264616
1757662414,29384536
1757662414,41370392
1757662414,102477176
1757662414,113902728
1757662414,126026696
1757662414,130403640
1757662414,138904616
1757662414,146188888
1757662414,148162456
1757662414,165785704
1757662414,179290264
1757662414,233863400
1757662414,258785256
1757662414,266217496
1757662414,267556856
1757662414,287805528
1757662414,300196136
1757662414,333742216
1757662414,335931640
1757662414,379152264
1757662414,381066760
1757662414,385323048
1757662414,391670200
1757662414,401427944
1757662414,410008296
1757662414,439108712
1757662414,457133496
1757662414,495079768
1757662414,512121832
1757662414,530693208
1757662414,542272408
1757662414,552150392
1757662414,559839944
1757662414,562429800
1757662414,577960392
1757662414,587238424
1757662414,614313048
1757662414,638608808
1757662414,653325928
1757662414,658856280
1757662414,682800344
1757662414,690035928
1757662414,716409080
1757662414,775569528
1757662414,811132792
1757662414,826371160
1757662414,830034312
1757662414,832640424
1757662414,854279544
1757662414,859604552
1757662414,864603112
1757662414,866073656
1757662414,876076056
1757662414,939679560
1757662414,951074248
1757662414,960592584
1757662414,967822552
1757662415,4335096
1757662415,13066792
1757662415,21644520
1757662415,86128024
1757662415,88096152
1757662415,92517224
1757662415,99366792
1757662415,115398168
1757662415,121920536
1757662415,125346120
1757662415,129578584
1757662415,171516328
1757662415,196121368
1757662415,238580616
1757662415,272169816
1757662415,276342632
1757662415,278734888
1757662415,290088728
1757662415,332211576
1757662415,337153992
1757662415,351785288
1757662415,387198232
1757662415,393912824
1757662415,410337736
1757662415,432555688
1757662415,440458792
1757662415,445883768
1757662415,465548376
1757662415,467537080
1757662415,473239544
1757662415,476221576
1757662415,493448712
1757662415,498934472
1757662415,517653016
1757662415,523437672
1757662415,530271304
1757662415,534180152
1757662415,541923448
1757662415,547715064
1757662415,576922024
1757662415,625362024
1757662415,639749944
1757662415,656277704
1757662415,658455544
1757662415,691753336
1757662415,693363560
1757662415,701715352
1757662415,721589816
1757662415,728677928
1757662415,730221128
1757662415,740041176
1757662415,748899656
1757662415,790865288
1757662415,794031528
1757662415,797932664
1757662415,805853768
1757662415,835331288
1757662415,840784392
1757662415,885149896
1757662415,955291384
1757662415,957487000
1757662415,968626808
1757662415,972822104
1757662416,6434008
1757662416,13064040
1757662416,25311176
1757662416,33875288
1757662416,44207992
1757662416,67814040
1757662416,75761448
1757662416,82158568
1757662416,97921192
1757662416,116914680
1757662416,153669416
1757662416,179503640
1757662416,183818664
1757662416,188956888
1757662416,225277400
1757662416,227469912
1757662416,240064328
1757662416,277997080
1757662416,301538712
1757662416,307806776
1757662416,327736008
1757662416,337207576
1757662416,362913784
1757662416,382213992
1757662416,432859512
1757662416,454806088
1757662416,456738152
1757662416,459033816
1757662416,518862264
1757662416,526538760
1757662416,587085816
1757662416,595262088
1757662416,598470712
1757662416,604818504
1757662416,634488696
1757662416,650048520
1757662416,661066920
1757662416,670576440
1757662416,684231576
1757662416,690332984
1757662416,692834392
1757662416,714250792
1757662416,719644024
1757662416,744196504
1757662416,759442136
1757662416,763099256
1757662416,804555848
1757662416,883973720
1757662416,887425096
1757662416,897178344
1757662416,899823640
1757662416,917591544
1757662416,928680088
1757662416,931123176
1757662416,949199208
1757662416,977252168
1757662416,986202456
1757662417,35657128
1757662417,38156392
1757662417,44604952
1757662417,67525160
1757662417,85714696
1757662417,99608056
1757662417,133537368
1757662417,135571464
1757662417,138524344
1757662417,139716184
1757662417,142776216
1757662417,155624712
1757662417,158208600
1757662417,184524248
1757662417,189471576
1757662417,205105880
1757662417,227117032
1757662417,231092648
1757662417,236601464
1757662417,238714216
1757662417,240930552
1757662417,286327816
1757662417,289929496
1757662417,304694056
1757662417,307362904
1757662417,343907912
1757662417,346943352
1757662417,357549896
1757662417,368783320
1757662417,382188360
1757662417,406507176
1757662417,420611304
1757662417,446137016
1757662417,449193864
1757662417,454488936
1757662417,463766312
1757662417,515177352
1757662417,526899640
1757662417,530438024
1757662417,547886776
1757662417,565251960
1757662417,566510600
1757662417,597502408
1757662417,598604184
1757662417,633489288
1757662417,646106152
1757662417,660232344
1757662417,691926488
1757662417,698412712
1757662417,700371768
1757662417,715524504
1757662417,717206328
1757662417,728308792
1757662417,732877512
1757662417,814822200
1757662417,821872872
1757662417,840506424
1757662417,846290008
1757662417,852918600
1757662417,868362376
1757662417,893557864
1757662417,895023864
1757662417,902247064
1757662417,908898952
1757662417,918434920
1757662417,938908264
1757662417,943867912
1757662417,950182248
1757662417,974102248
1757662417,988574360
1757662417,990311304
1757662417,993609496
1757662418,13307272
1757662418,45661496
1757662418,49929016
1757662418,60846888
1757662418,72302872
1757662418,90093816
1757662418,128391752
1757662418,143193864
1757662418,175467672
1757662418,184617096
1757662418,190876520
1757662418,193624600
1757662418,218332376
1757662418,237664840
1757662418,242877288
1757662418,245923912
1757662418,254427880
1757662418,259333992
1757662418,277439000
1757662418,300691832
1757662418,310561368
1757662418,318124296
1757662418,356592696
1757662418,364245016
1757662418,372312232
1757662418,379248472
1757662418,391562360
1757662418,393652184
1757662418,397587032
1757662418,413244024
1757662418,449059368
1757662418,452912920
1757662418,463586856
1757662418,468986584
1757662418,470968280
1757662418,486949816
1757662418,493878584
1757662418,529194344
1757662418,532065896
1757662418,537500296
1757662418,579777480
1757662418,629626104
1757662418,636788200
1757662418,645613688
1757662418,658025880
1757662418,683491496
1757662418,722760024
1757662418,783626888
1757662418,787118392
1757662418,816503992
1757662418,819328680
1757662418,852437944
1757662418,881039832
1757662418,892054360
1757662418,928589720
1757662418,934550808
1757662418,939944392
1757662418,949784584
1757662418,954951880
1757662418,959721320
1757662418,989291384
1757662419,23693288
1757662419,36483288
1757662419,38798216
1757662419,50833272
1757662419,59135672
1757662419,66227608
1757662419,68344296
1757662419,76923864
1757662419,78697464
1757662419,92711816
1757662419,96404296
1757662419,102116664
1757662419,134221528
1757662419,151168280
1757662419,156095448
1757662419,174415928
1757662419,182936264
1757662419,209288632
1757662419,260106552
1757662419,295695688
1757662419,356225176
1757662419,366483688
1757662419,382203496
1757662419,384062024
1757662419,403765464
1757662419,408025624
1757662419,412535640
1757662419,428558216
1757662419,446784696
1757662419,456912136
1757662419,468235192
1757662419,471986424
1757662419,483389048
1757662419,495705208
1757662419,498619624
1757662419,511472264
1757662419,537218840
1757662419,544654184
1757662419,590511032
1757662419,603148936
1757662419,640384264
1757662419,680848296
1757662419,711384520
1757662419,713264760
1757662419,723161432
1757662419,751979688
1757662419,761623128
1757662419,773436744
1757662419,803362856
1757662419,849178856
1757662419,862532040
1757662419,875958120
1757662419,880779768
1757662419,903032232
1757662419,905055624
1757662419,919812808
1757662419,937997352
1757662419,955235688
1757662419,964928440
1757662420,4460824
1757662420,25044872
1757662420,26366024
1757662420,35450456
1757662420,62909848
1757662420,64518136
1757662420,70430728
1757662420,91719736
1757662420,98797960
1757662420,129390136
1757662420,139886296
1757662420,153332760
1757662420,160069608
1757662420,180506296
1757662420,183337336
1757662420,204190088
1757662420,211744728
1757662420,216817944
1757662420,221412408
1757662420,238195048
1757662420,239952360
1757662420,251441592
1757662420,258671752
1757662420,269124872
1757662420,271869848
1757662420,273459480
1757662420,292148328
1757662420,312229128
1757662420,321998200
1757662420,341648104
1757662420,376694936
1757662420,392982696
1757662420,402856440
1757662420,411131400
1757662420,412678072
1757662420,418700392
1757662420,427448360
1757662420,437958808
1757662420,463061272
1757662420,471549208
1757662420,482695112
1757662420,494428744
1757662420,499929176
1757662420,506988008
1757662420,522372568
1757662420,528456568
1757662420,549966936
1757662420,576738136
1757662420,595655336
1757662420,599120280
1757662420,606659496
1757662420,616059192
1757662420,633112120
1757662420,639489592
1757662420,646468280
1757662420,653912632
1757662420,655568056
1757662420,679158904
1757662420,698956088
1757662420,710112552
1757662420,769010568
1757662420,794895640
1757662420,824174552
1757662420,860897800
1757662420,888726872
1757662420,909563256
1757662420,934305896
1757662420,954235912
1757662420,966818456
1757662420,968996808
1757662420,983988632
1757662420,999789224
1757662421,43189032
1757662421,47600520
1757662421,54715080
1757662421,60657272
1757662421,92161832
1757662421,105046616
1757662421,107064168
1757662421,118473832
1757662421,133909432
1757662421,137325080
1757662421,146088024
1757662421,149821592
1757662421,172918632
1757662421,175877720
1757662421,184402536
1757662421,203489960
1757662421,208093992
1757662421,209566968
1757662421,222764536
1757662421,238854424
1757662421,278732840
1757662421,280485656
1757662421,310985112
1757662421,340417896
1757662421,346244840
1757662421,359700104
1757662421,374639576
1757662421,407057912
1757662421,438335160
1757662421,512800136
1757662421,541340760
1757662421,545903496
1757662421,549205064
1757662421,553924104
1757662421,556168408
1757662421,561129800
1757662421,566586248
1757662421,584600568
1757662421,604189624
1757662421,617407432
1757662421,628117096
1757662421,652479416
1757662421,658129656
1757662421,674624328
1757662421,684026776
1757662421,690146920
1757662421,705712584
1757662421,722453304
1757662421,723632792
1757662421,734728600
1757662421,743999928
1757662421,751730840
1757662421,774001464
1757662421,781840696
1757662421,807413384
1757662421,823188536
1757662421,887429768
1757662421,924377848
1757662421,925717720
1757662421,929501384
1757662421,934831320
1757662421,942063272
1757662421,948122184
1757662421,950714600
1757662421,971430328
1757662421,973944584
1757662422,18027432
1757662422,21041784
1757662422,56789512
1757662422,80406792
1757662422,107209416
1757662422,113632952
1757662422,128999656
1757662422,155147080
1757662422,173669608
1757662422,175002728
1757662422,187073656
1757662422,206090360
1757662422,209596952
1757662422,212597896
1757662422,225035000
1757662422,281192680
1757662422,313087816
1757662422,342164008
1757662422,366818904
1757662422,378338040
1757662422,386155368
1757662422,394920088
1757662422,400126504
1757662422,406852184
1757662422,413700264
1757662422,417956808
1757662422,429993688
1757662422,432516360
1757662422,460533368
1757662422,463036840
1757662422,487592408
1757662422,492230040
1757662422,494088568
1757662422,509796536
1757662422,527003272
1757662422,555628392
1757662422,586298264
1757662422,609106808
1757662422,618053656
1757662422,631750024
1757662422,635295272
1757662422,646727240
1757662422,658135272
1757662422,664178952
1757662422,674706264
1757662422,683168200
1757662422,730436616
1757662422,760758760
1757662422,768262456
1757662422,769629288
1757662422,776789352
1757662422,803147352
1757662422,815274088
1757662422,832000680
1757662422,839286648
1757662422,841127384
1757662422,846111192
1757662422,851692360
1757662422,861500424
1757662422,868318008
1757662422,871240808
1757662422,879004824
1757662422,885984824
1757662422,887148392
1757662422,909471320
1757662422,915944600
1757662422,940952088
1757662422,943879336
1757662422,945318264
1757662422,948377736
1757662422,980977192
1757662422,987253624
1757662422,995157224
1757662423,4128760
1757662423,15338520
1757662423,29679880
1757662423,33226104
1757662423,40697048
1757662423,61304136
1757662423,72346104
1757662423,75062440
1757662423,88509880
1757662423,98791336
1757662423,104086232
1757662423,135641960
1757662423,158127768
1757662423,162641432
1757662423,164212024
1757662423,168786408
1757662423,173105384
1757662423,188268904
1757662423,235709736
1757662423,261237288
1757662423,274205288
1757662423,289710760
1757662423,297189976
1757662423,315700888
1757662423,318129816
1757662423,328560872
1757662423,330189240
1757662423,333579576
1757662423,342878696
1757662423,364533976
1757662423,387821912
1757662423,391445992
1757662423,393819128
1757662423,397207688
1757662423,407696696
1757662423,413102056
1757662423,422960328
1757662423,429774088
1757662423,435647528
1757662423,449973864
1757662423,463043272
1757662423,488717608
1757662423,567518040
1757662423,624438392
1757662423,642561672
1757662423,643963160
1757662423,658851320
1757662423,676011176
1757662423,679282136
1757662423,730050648
1757662423,743124696
1757662423,760407432
1757662423,762728568
1757662423,779738648
1757662423,795286216
1757662423,813383672
1757662423,822837400
1757662423,849260200
1757662423,864723544
1757662423,867349608
1757662423,872979960
1757662423,881448424
1757662423,901071224
1757662423,943272776
1757662423,947773688
1757662423,953339848
1757662423,974218360
1757662423,981053448
1757662423,990041704
1757662424,4285960
1757662424,7244552
1757662424,9815128
1757662424,13445096
1757662424,25945336
1757662424,29475512
1757662424,56249288
1757662424,79461080
1757662424,81676616
1757662424,100331880
1757662424,114386904
1757662424,123185272
1757662424,127835000
1757662424,166734776
1757662424,175096712
1757662424,193972120
1757662424,200724776
1757662424,230796632
1757662424,239058776
1757662424,243821336
1757662424,272637400
1757662424,279736808
1757662424,281283432
1757662424,282922616
1757662424,285392616
1757662424,286649064
1757662424,325077816
1757662424,327254312
1757662424,331330296
1757662424,343475464
1757662424,375256712
1757662424,391191880
1757662424,400611768
1757662424,408965480
1757662424,412531688
1757662424,472008984
1757662424,480836504
1757662424,484089128
1757662424,511459576
1757662424,524475784
1757662424,536679080
1757662424,559088168
1757662424,576396920
1757662424,590443800
1757662424,605912920
1757662424,624329752
1757662424,647853816
1757662424,659177016
1757662424,696723304
1757662424,730844184
1757662424,805140920
1757662424,811728088
1757662424,830777960
1757662424,844037480
1757662424,860013816
1757662424,875102536
1757662424,881059768
1757662424,882269400
1757662424,894326152
1757662424,903311416
1757662424,920076232
1757662424,923832024
1757662424,928217512
1757662424,935598712
1757662424,939629496
1757662424,945616008
1757662424,947047816
1757662424,953327736
1757662424,957522968
1757662424,964894152
1757662425,8917144
1757662425,12970776
1757662425,40356056
1757662425,41898264
1757662425,67186456
1757662425,74985912
1757662425,112961432
1757662425,114941416
1757662425,118134616
1757662425,124944616
1757662425,132661704
1757662425,158624600
1757662425,160199272
1757662425,168010344
1757662425,210141800
1757662425,230444680
1757662425,243245928
1757662425,250144488
1757662425,251789144
1757662425,278692744
1757662425,293514312
1757662425,296416968
1757662425,306142696
1757662425,326343976
1757662425,334537800
1757662425,346849864
1757662425,348594744
1757662425,406104392
1757662425,412954008
1757662425,430652408
1757662425,434497496
1757662425,448355928
1757662425,462843416
1757662425,473839592
1757662425,476327336
1757662425,490736808
1757662425,525878744
1757662425,564677432
1757662425,574904248
1757662425,578038808
1757662425,589162936
1757662425,591576184
1757662425,609915224
1757662425,618954824
1757662425,621239512
1757662425,639757096
1757662425,643104776
1757662425,664306344
1757662425,674030056
1757662425,688305672
1757662425,695036520
1757662425,709710264
1757662425,743030168
1757662425,757725400
1757662425,786271464
1757662425,798951096
1757662425,808104968
1757662425,810515240
1757662425,815236232
1757662425,824591048
1757662425,845095000
1757662425,863496536
1757662425,872918776
1757662425,928194536
1757662425,942689144
1757662425,950012152
1757662425,956435512
1757662425,978685912
1757662426,14271624
1757662426,19993576
1757662426,42292456
1757662426,63427128
1757662426,74517032
1757662426,94247384
1757662426,124191704
1757662426,126292024
1757662426,143596136
1757662426,157485048
1757662426,169444600
1757662426,175136152
1757662426,192170760
1757662426,197908856
1757662426,215547464
1757662426,220869480
1757662426,278822840
1757662426,289191432
1757662426,302483992
1757662426,336686472
1757662426,344498488
1757662426,355987800
1757662426,358062984
1757662426,361801960
1757662426,364636872
1757662426,366968088
1757662426,408177944
1757662426,412275000
1757662426,414715880
1757662426,416040760
1757662426,428514376
1757662426,458805752
1757662426,522153384
1757662426,524373016
1757662426,531838824
1757662426,536483864
1757662426,565024216
1757662426,573960936
1757662426,576445768
1757662426,599609464
1757662426,628135592
1757662426,632005784
1757662426,633134824
1757662426,660297768
1757662426,680453624
1757662426,681786984
1757662426,690064568
1757662426,703587416
1757662426,710567976
1757662426,732281608
1757662426,734218504
1757662426,736053672
1757662426,753411160
1757662426,783014216
1757662426,799336200
1757662426,816984200
1757662426,836696968
1757662426,857572456
1757662426,900736984
1757662426,906921672
1757662426,912564072
1757662426,921620184
1757662426,947650520
1757662426,956463320
1757662426,960315048
1757662426,969805864
1757662426,972893928
1757662427,2312168
1757662427,3931000
1757662427,8266424
1757662427,11803192
1757662427,12998408
1757662427,18378744
1757662427,49122600
1757662427,96904504
1757662427,121423896
1757662427,128830248
1757662427,147368344
1757662427,163817848
1757662427,165516984
1757662427,166899944
1757662427,176897576
1757662427,185482600
1757662427,189649640
1757662427,218014024
1757662427,219758136
1757662427,221371336
1757662427,231419656
1757662427,238511512
1757662427,243143128
1757662427,262127064
1757662427,272800072
1757662427,292436248
1757662427,303824280
1757662427,320509368
1757662427,338573784
1757662427,341658856
1757662427,358542952
1757662427,372134552
1757662427,386069816
1757662427,390860488
1757662427,429290328
1757662427,444507832
1757662427,481845064
1757662427,484131176
1757662427,512200568
1757662427,519459896
1757662427,539427496
1757662427,543060104
1757662427,565701672
1757662427,571894648
1757662427,609548632
1757662427,647611944
1757662427,684531928
1757662427,705467112
1757662427,710547608
1757662427,716473128
1757662427,717746424
1757662427,730214536
1757662427,733574632
1757662427,746006600
1757662427,751680936
1757662427,754711560
1757662427,765270792
1757662427,770308600
1757662427,793724120
1757662427,841675528
1757662427,872118376
1757662427,898030088
1757662427,901084888
1757662427,903590568
1757662427,907223032
1757662427,908535384
1757662427,911073880
1757662427,933539384
1757662427,941895592
1757662427,970457064
1757662427,975528136
1757662427,981644552
1757662427,984185384
1757662428,2566936
1757662428,43758760
1757662428,68082840
1757662428,69629592
1757662428,72747752
1757662428,81281960
1757662428,91579736
1757662428,97442632
1757662428,141481800
1757662428,157391096
1757662428,159811688
1757662428,170052280
1757662428,171964168
1757662428,180196504
1757662428,185573656
1757662428,194738792
1757662428,196148520
1757662428,200370632
1757662428,234810872
1757662428,244147016
1757662428,252462760
1757662428,255368776
1757662428,269515240
1757662428,302617560
1757662428,304974536
1757662428,309699880
1757662428,312098392
1757662428,328018552
1757662428,361754968
1757662428,390981960
1757662428,436809896
1757662428,452642040
1757662428,498646408
1757662428,504311560
1757662428,511156776
1757662428,531937048
1757662428,610183960
1757662428,613872968
1757662428,625262216
1757662428,671957992
1757662428,690592440
1757662428,695020552
1757662428,705177144
1757662428,744454232
1757662428,754600264
1757662428,757448952
1757662428,778337512
1757662428,794676984
1757662428,812052248
1757662428,815534520
1757662428,821048936
1757662428,824615144
1757662428,827951848
1757662428,831276872
1757662428,841301272
1757662428,846474808
1757662428,852238776
1757662428,873722408
1757662428,878839272
1757662428,901152984
1757662428,926512408
1757662428,928906472
1757662428,942113512
1757662428,968039976
1757662428,984602904
1757662428,996434696
1757662429,18107560
1757662429,38655592
1757662429,48033944
1757662429,62075960
1757662429,88860424
1757662429,107770472
1757662429,114608568
1757662429,136375944
1757662429,140392200
1757662429,150296776
1757662429,161795672
1757662429,163847928
1757662429,168380328
1757662429,171769336
1757662429,177221656
1757662429,181752952
1757662429,186052296
1757662429,188210168
1757662429,203992648
1757662429,205795864
1757662429,251204600
1757662429,257153928
1757662429,259412680
1757662429,270487672
1757662429,290173624
1757662429,293669656
1757662429,302743672
1757662429,308703896
1757662429,318676968
1757662429,331623064
1757662429,344713384
1757662429,368268728
1757662429,370821800
1757662429,375705512
1757662429,386029080
1757662429,389567368
1757662429,413512568
1757662429,448325160
1757662429,456669512
1757662429,460189800
1757662429,465540936
1757662429,481150200
1757662429,506304984
1757662429,530975048
1757662429,565117304
1757662429,573568392
1757662429,586087592
1757662429,592103064
1757662429,607647832
1757662429,621479272
1757662429,627402696
1757662429,636312296
1757662429,640195640
1757662429,649535320
1757662429,653455992
1757662429,657585976
1757662429,675502104
1757662429,683311160
1757662429,690065592
1757662429,703819368
1757662429,716207400
1757662429,765578824
1757662429,775171080
1757662429,780484200
1757662429,808189720
1757662429,829838856
1757662429,833753944
1757662429,838641400
1757662429,875695016
1757662429,923912360
1757662429,931651096
1757662429,943599064
1757662429,991989752
1757662430,15826056
1757662430,21784424
1757662430,36170216
1757662430,44535304
1757662430,83902552
1757662430,86990728
1757662430,101436232
1757662430,127074328
1757662430,141163256
1757662430,155998280
1757662430,187254600
1757662430,188759768
1757662430,194522296
1757662430,204962808
1757662430,208100376
1757662430,211515128
1757662430,215408872
1757662430,230689304
1757662430,247215256
1757662430,266521288
1757662430,289602648
1757662430,309839032
1757662430,311672408
1757662430,319497880
1757662430,324070632
1757662430,345873064
1757662430,378720024
1757662430,381773800
1757662430,416531736
1757662430,424899288
1757662430,434220504
1757662430,441234808
1757662430,452991704
1757662430,456823224
1757662430,469172696
1757662430,483175704
1757662430,485118008
1757662430,489579064
1757662430,505928104
1757662430,517831672
1757662430,526856776
1757662430,530031704
1757662430,535190984
1757662430,544005400
1757662430,551673832
1757662430,560172488
1757662430,588922552
1757662430,592948808
1757662430,630657560
1757662430,637024328
1757662430,645685864
1757662430,661700632
1757662430,664781176
1757662430,666134984
1757662430,686318440
1757662430,692748792
1757662430,726833128
1757662430,743311304
1757662430,760393640
1757662430,780112120
1757662430,790966120
1757662430,816913320
1757662430,822996904
1757662430,830283832
1757662430,859683400
1757662430,872249480
1757662430,876641560
1757662430,903813256
1757662430,922440888
1757662430,924379048
1757662430,933534216
1757662430,942735816
1757662430,945265656
1757662430,951302280
1757662430,968573832
1757662430,982525816
1757662430,987522072
1757662431,6379208
1757662431,10472856
1757662431,61537160
1757662431,73141768
1757662431,101211144
1757662431,147511640
1757662431,158036472
1757662431,182199496
1757662431,220255224
1757662431,238105752
1757662431,240493032
1757662431,243349032
1757662431,259330248
1757662431,263584680
1757662431,302590072
1757662431,310095944
1757662431,328102936
1757662431,402055976
1757662431,417287528
1757662431,421888744
1757662431,446538664
1757662431,447881528
1757662431,451042456
1757662431,453798008
1757662431,475751832
1757662431,490090920
1757662431,518144200
1757662431,519862792
1757662431,542698328
1757662431,546268360
1757662431,563339032
1757662431,565757176
1757662431,568858600
1757662431,576386328
1757662431,588273224
1757662431,589566840
1757662431,613983560
1757662431,631252456
1757662431,644408168
1757662431,656942680
1757662431,672527528
1757662431,684429112
1757662431,690576328
1757662431,695253448
1757662431,701157784
1757662431,702539624
1757662431,715407800
1757662431,727283320
1757662431,745077848
1757662431,752597992
1757662431,764397656
1757662431,765628168
1757662431,769808840
1757662431,771893528
1757662431,773264168
1757662431,777596600
1757662431,783667640
1757662431,788562648
1757662431,821040920
1757662431,837533864
1757662431,858327576
1757662431,860556360
1757662431,865413176
1757662431,876969576
1757662431,885289288
1757662431,898241736
1757662431,919664872
1757662431,947913976
1757662431,977599544
1757662432,2524392
1757662432,15677352
1757662432,31015720
1757662432,39639144
1757662432,91871208
1757662432,138930744
1757662432,141103336
1757662432,157268104
1757662432,167836968
1757662432,172071352
1757662432,192165416
1757662432,208534856
1757662432,213819656
1757662432,228668824
1757662432,232309912
1757662432,238746952
1757662432,269442776
1757662432,288763752
1757662432,297438168
1757662432,301321704
1757662432,307118136
1757662432,338594232
1757662432,355988872
1757662432,405857688
1757662432,411211624
1757662432,419358152
1757662432,423012104
1757662432,424753688
1757662432,432276728
1757662432,433558040
1757662432,457199800
1757662432,469888984
1757662432,509332824
1757662432,510833576
1757662432,523513288
1757662432,538598184
1757662432,563184136
1757662432,566553352
1757662432,568709048
1757662432,589690312
1757662432,593441624
1757662432,594621096
1757662432,598663400
1757662432,648819432
1757662432,660759544
1757662432,680309896
1757662432,699739016
1757662432,704060968
1757662432,715689256
1757662432,770120024
1757662432,781788872
1757662432,796501272
1757662432,804324968
1757662432,838131432
1757662432,840199112
1757662432,848879352
1757662432,862093544
1757662432,866082808
1757662432,879273640
1757662432,890608072
1757662432,892497784
1757662432,910548360
1757662432,915893432
1757662432,920879416
1757662432,926085992
1757662432,932134936
1757662432,948899560
1757662432,955712952
1757662432,996066120
1757662433,3384168
1757662433,19713544
1757662433,35136024
1757662433,39111880
1757662433,57015512
1757662433,65762120
1757662433,96553592
1757662433,116930008
1757662433,131923368
1757662433,159261560
1757662433,194337256
1757662433,210773800
1757662433,218456936
1757662433,221174008
1757662433,229235464
1757662433,232692456
1757662433,257531992
1757662433,260944520
1757662433,288971576
1757662433,310874136
1757662433,323182328
1757662433,349390888
1757662433,385898520
1757662433,389674056
1757662433,407341176
1757662433,431811272
1757662433,440359000
1757662433,441830856
1757662433,447836408
1757662433,454865976
1757662433,472482408
1757662433,477829848
1757662433,479056168
1757662433,480578584
1757662433,484330584
1757662433,485820888
1757662433,520156808
1757662433,524611144
1757662433,537466296
1757662433,571719048
1757662433,580892760
1757662433,607406328
1757662433,618541352
1757662433,628887624
1757662433,641842552
1757662433,650845448
1757662433,654677016
1757662433,708276968
1757662433,709772504
1757662433,718346536
1757662433,721282728
1757662433,784784632
1757662433,824118424
1757662433,850587848
1757662433,852619464
1757662433,859337800
1757662433,867221480
1757662433,878070920
1757662433,881460056
1757662433,889606408
1757662433,891360984
1757662433,910285160
1757662433,913981464
1757662433,919119512
1757662433,930205048
1757662433,935492872
1757662433,942688104
1757662433,944317768
1757662433,949902424
1757662433,952504040
1757662433,978372232
1757662434,27471048
1757662434,47048024
1757662434,93816392
1757662434,100306232
1757662434,114316424
1757662434,115871528
1757662434,120942120
1757662434,143920440
1757662434,173284872
1757662434,183567416
1757662434,195849512
1757662434,199680232
1757662434,217094376
1757662434,230387288
1757662434,249251624
1757662434,255234504
1757662434,259632904
1757662434,263696872
1757662434,265229352
1757662434,272712104
1757662434,302833064
1757662434,313559112
1757662434,326042536
1757662434,332339208
1757662434,335446312
1757662434,346513944
1757662434,347821624
1757662434,390938088
1757662434,417945704
1757662434,419490168
1757662434,432027400
1757662434,506444472
1757662434,515138280
1757662434,529282424
1757662434,543760744
1757662434,567440472
1757662434,578942936
1757662434,581867800
1757662434,583107480
1757662434,585867928
1757662434,600570344
1757662434,601678600
1757662434,672998184
1757662434,702412040
1757662434,717880328
1757662434,773398360
1757662434,789738792
1757662434,802802744
1757662434,816879384
1757662434,822045208
1757662434,826443048
1757662434,833876104
1757662434,841731896
1757662434,843008392
1757662434,860958600
1757662434,900972344
1757662434,904415624
1757662434,912125656
1757662434,915764888
1757662434,927079560
1757662434,956630136
1757662434,969443032
1757662434,971916616
1757662434,976188664
1757662435,1421592
1757662435,3366360
1757662435,34609336
1757662435,36295144
1757662435,48812248
1757662435,71713016
1757662435,77059656
1757662435,84288840
1757662435,102975336
1757662435,108223128
1757662435,166647976
1757662435,177104488
1757662435,178987576
1757662435,186007032
1757662435,191294792
1757662435,239799144
1757662435,261947224
1757662435,263851432
1757662435,271781176
1757662435,278929048
1757662435,289780872
1757662435,300658968
1757662435,318330072
1757662435,332134248
1757662435,334515272
1757662435,339453656
1757662435,342236664
1757662435,356767176
1757662435,372740504
1757662435,376232696
1757662435,383876536
1757662435,390246840
1757662435,405557112
1757662435,409966120
1757662435,440040776
1757662435,442358120
1757662435,444077720
1757662435,484036184
1757662435,492346248
1757662435,504510136
1757662435,566850104
1757662435,568482952
1757662435,606696808
1757662435,612081800
1757662435,617000488
1757662435,624997240
1757662435,642370728
1757662435,650083704
1757662435,660587528
1757662435,670699528
1757662435,682165112
1757662435,738439896
1757662435,759618984
1757662435,762057064
1757662435,772094872
1757662435,801265896
1757662435,804074008
1757662435,823499464
1757662435,853267032
1757662435,862756456
1757662435,894733304
1757662435,898748824
1757662435,904378600
1757662435,910274488
1757662435,911623352
1757662435,917772952
1757662435,924703160
1757662435,947293128
1757662435,967701656
1757662436,14146632
1757662436,18773656
1757662436,47211336
1757662436,62961000
1757662436,76276008
1757662436,88423832
1757662436,115426952
1757662436,135932488
1757662436,142376616
1757662436,149837176
1757662436,156172536
1757662436,167686920
1757662436,182070360
1757662436,225342792
1757662436,255828152
1757662436,282575768
1757662436,308688504
1757662436,325602136
1757662436,351798760
1757662436,362167768
1757662436,386367816
1757662436,438050216
1757662436,453184808
1757662436,471202312
1757662436,483992184
1757662436,485130168
1757662436,489632296
1757662436,491261288
1757662436,507006824
1757662436,528455560
1757662436,560709208
1757662436,577125752
1757662436,591937560
1757662436,598197000
1757662436,626669848
1757662436,648688792
1757662436,656975496
1757662436,680387512
1757662436,688784536
1757662436,692183480
1757662436,719907912
1757662436,737060712
1757662436,743246296
1757662436,755693752
1757662436,774276120
1757662436,777787880
1757662436,795079976
1757662436,802366008
1757662436,832944584
1757662436,848779768
1757662436,861356264
1757662436,901252072
1757662436,912046008
1757662436,919944728
1757662436,925492760
1757662436,942084488
1757662436,988581048
1757662436,997336184
1757662436,999968216
1757662437,5970216
1757662437,9122584
1757662437,14366920
1757662437,30767256
1757662437,37260168
1757662437,76967928
1757662437,113880888
1757662437,121535896
1757662437,136778776
1757662437,139547704
1757662437,164429080
1757662437,201473832
1757662437,220446680
1757662437,233689864
1757662437,244750104
1757662437,255078872
1757662437,266613032
1757662437,269069960
1757662437,295104936
1757662437,322471608
1757662437,330333960
1757662437,344849752
1757662437,348633384
1757662437,357425768
1757662437,366067816
1757662437,368012088
1757662437,375353384
1757662437,378390488
1757662437,382861752
1757662437,406078296
1757662437,433997512
1757662437,516607240
1757662437,518638680
1757662437,529133224
1757662437,541106280
1757662437,549178344
1757662437,565675944
1757662437,571974392
1757662437,580174776
1757662437,593240440
1757662437,608551368
1757662437,611083576
1757662437,612847176
1757662437,616610120
1757662437,683687976
1757662437,701221848
1757662437,769617272
1757662437,794805896
1757662437,798219000
1757662437,814498536
1757662437,870053192
1757662437,873953304
1757662437,883778760
1757662437,937787000
1757662437,955448520
1757662437,967277704
1757662437,972965464
1757662437,978117240
1757662437,992737832
1757662438,10646504
1757662438,41315960
1757662438,42989992
1757662438,44642920
1757662438,61209848
1757662438,88267656
1757662438,95879336
1757662438,117352264
1757662438,136314600
1757662438,140191912
1757662438,148442872
1757662438,151823064
1757662438,157592520
1757662438,182664552
1757662438,191112072
1757662438,203823128
1757662438,215237704
1757662438,220146488
1757662438,228235144
1757662438,255253096
1757662438,270538536
1757662438,283880728
1757662438,295976664
1757662438,306180744
1757662438,319703672
1757662438,325229512
1757662438,404206248
1757662438,453701304
1757662438,458858312
1757662438,480195800
1757662438,481655528
1757662438,544483208
1757662438,548446504
1757662438,551937400
1757662438,556188824
1757662438,575088520
1757662438,646140056
1757662438,660586344
1757662438,675407272
1757662438,677053640
1757662438,720754520
1757662438,745593784
1757662438,756302120
1757662438,790689240
1757662438,797514680
1757662438,809256296
1757662438,827049208
1757662438,835235832
1757662438,839248616
1757662438,846395848
1757662438,850420024
1757662438,863065352
1757662438,864958248
1757662438,893024072
1757662438,900969688
1757662438,911866808
1757662438,919587848
1757662438,924503528
1757662438,951664552
1757662438,966314344
1757662438,980155528
1757662438,999106328
1757662439,1996808
1757662439,17708328
1757662439,42294568
1757662439,48771688
1757662439,51271928
1757662439,52805032
1757662439,60342872
1757662439,66596952
1757662439,135879928
1757662439,146819592
1757662439,149323960
1757662439,157426056
1757662439,185958056
1757662439,192324760
1757662439,200439432
1757662439,204555976
1757662439,229178296
1757662439,276664776
1757662439,300942408
1757662439,310944840
1757662439,343210648
1757662439,352903784
1757662439,361759544
1757662439,375167048
1757662439,383677624
1757662439,397584056
1757662439,408027768
1757662439,418901288
1757662439,431364280
1757662439,439461560
1757662439,441842024
1757662439,449940632
1757662439,500945000
1757662439,541027400
1757662439,553768216
1757662439,559553128
1757662439,564609768
1757662439,587257048
1757662439,618193144
1757662439,623851800
1757662439,627271928
1757662439,636663304
1757662439,639365992
1757662439,645057528
1757662439,654003912
1757662439,663726936
1757662439,675261432
1757662439,696430824
1757662439,699914616
1757662439,713639272
1757662439,735140856
1757662439,745941304
1757662439,750709528
1757662439,772241144
1757662439,777402376
1757662439,806856216
1757662439,810207480
1757662439,832298600
1757662439,855581016
1757662439,875282040
1757662439,878423208
1757662439,889514936
1757662439,910230776
1757662439,933820392
1757662439,937471016
1757662439,939298456
1757662439,944813720
1757662439,956838760
1757662439,967474760
1757662439,977565432
1757662439,981862792
1757662440,3691464
1757662440,25664584
1757662440,27945112
1757662440,35568744
1757662440,66199000
1757662440,72905336
1757662440,75060344
1757662440,77318504
1757662440,78529368
1757662440,88230312
1757662440,94210248
1757662440,97136520
1757662440,109540872
1757662440,112919672
1757662440,118141640
1757662440,121333480
1757662440,123964152
1757662440,126488232
1757662440,168906952
1757662440,196900776
1757662440,209154344
1757662440,250134104
1757662440,258326696
1757662440,266203432
1757662440,275178632
1757662440,303608456
1757662440,329338712
1757662440,331085928
1757662440,338904232
1757662440,340461784
1757662440,359509048
1757662440,361420568
1757662440,388778232
1757662440,391581368
1757662440,409414888
1757662440,430968968
1757662440,463426840
1757662440,485548504
1757662440,524871128
1757662440,530607240
1757662440,539378840
1757662440,560630984
1757662440,575139928
1757662440,584321192
1757662440,592598744
1757662440,594795864
1757662440,599782856
1757662440,602145576
1757662440,634040040
1757662440,638360792
1757662440,646415256
1757662440,659242216
1757662440,688136424
1757662440,696095160
1757662440,702296680
1757662440,704598360
1757662440,715296888
1757662440,725936840
1757662440,746402232
1757662440,767022008
1757662440,787319976
1757662440,789044888
1757662440,791911768
1757662440,821907016
1757662440,835090088
1757662440,844622104
1757662440,857970616
1757662440,870025208
1757662440,884429496
1757662440,892029720
1757662440,903659288
1757662440,916276152
1757662440,921630776
1757662440,934970040
1757662440,951698760
1757662440,955851512
1757662440,965592568
1757662440,970774168
1757662440,983811448
1757662440,986139816
1757662440,994454920
1757662440,997419320
1757662441,3932648
1757662441,20467496
1757662441,22993032
1757662441,56001368
1757662441,65416280
1757662441,120027032
1757662441,150117592
1757662441,156633000
1757662441,183438152
1757662441,216971480
1757662441,228400168
1757662441,231760904
1757662441,245210760
1757662441,296423944
1757662441,334281880
1757662441,386910696
1757662441,402573736
1757662441,405283992
1757662441,409517192
1757662441,414993800
1757662441,417404536
1757662441,429819528
1757662441,435695656
1757662441,444788504
1757662441,448756584
1757662441,486148856
1757662441,488448264
1757662441,517838856
1757662441,533635064
1757662441,549144728
1757662441,550321368
1757662441,579343224
1757662441,606662760
1757662441,614169736
1757662441,620553352
1757662441,643940376
1757662441,649525592
1757662441,672258872
1757662441,682859816
1757662441,696410760
1757662441,732296136
1757662441,736481704
1757662441,740640104
1757662441,746779080
1757662441,774490232
1757662441,800261784
1757662441,819139224
1757662441,828911544
1757662441,844892456
1757662441,846548856
1757662441,876517048
1757662441,885172040
1757662441,904549368
1757662441,926580264
1757662441,932454744
1757662441,951898328
1757662441,960887032
1757662441,965331576
1757662442,1407432
1757662442,19722264
1757662442,58856872
1757662442,62877624
1757662442,65208120
1757662442,68254680
1757662442,70149032
1757662442,81236008
1757662442,86087560
1757662442,117395176
1757662442,119781512
1757662442,134955960
1757662442,186445752
1757662442,197783832
1757662442,203654824
1757662442,227885160
1757662442,240904152
1757662442,329519128
1757662442,350080392
1757662442,355913688
1757662442,358826536
1757662442,392892216
1757662442,398629768
1757662442,411088664
1757662442,427530536
1757662442,445139112
1757662442,470938424
1757662442,477166584
1757662442,491180872
1757662442,506335064
1757662442,537367896
1757662442,542703576
1757662442,558487240
1757662442,569747496
1757662442,571238024
1757662442,586817752
1757662442,588564232
1757662442,599461640
1757662442,622711000
1757662442,661107752
1757662442,669920680
1757662442,714687480
1757662442,725230312
1757662442,728703528
1757662442,730506216
1757662442,766886296
1757662442,769085832
1757662442,772436328
1757662442,773785976
1757662442,808922024
1757662442,820524728
1757662442,836988424
1757662442,839977944
1757662442,866243416
1757662442,868194120
1757662442,870737016
1757662442,875434056
1757662442,963556248
1757662443,9032360
1757662443,14633000
1757662443,53889080
1757662443,57382568
1757662443,67342856
1757662443,73900008
1757662443,75465256
1757662443,82477832
1757662443,92407656
1757662443,115864728
1757662443,117922216
1757662443,134661624
1757662443,135843240
1757662443,150427880
1757662443,168197160
1757662443,173566920
1757662443,196423928
1757662443,203036520
1757662443,205139592
1757662443,214684456
1757662443,216702216
1757662443,225781672
1757662443,229296008
1757662443,240214984
1757662443,259173736
1757662443,260447256
1757662443,263819352
1757662443,282036344
1757662443,291706264
1757662443,298106744
1757662443,302756728
1757662443,343464216
1757662443,345869000
1757662443,348194632
1757662443,365301576
1757662443,389001192
1757662443,403758424
1757662443,411618360
1757662443,413907464
1757662443,436786840
1757662443,450002040
1757662443,460424008
1757662443,467900360
1757662443,490214184
1757662443,497133320
1757662443,509951400
1757662443,511430600
1757662443,522220760
1757662443,530358456
1757662443,537436760
1757662443,546846808
1757662443,557404376
1757662443,565987224
1757662443,567506600
1757662443,572740904
1757662443,579143496
1757662443,599729096
1757662443,602170248
1757662443,604602200
1757662443,615440440
1757662443,622456952
1757662443,629191640
1757662443,633073992
1757662443,661739928
1757662443,722366728
1757662443,765548072
1757662443,790064536
1757662443,794537336
1757662443,803184248
1757662443,808847736
1757662443,819656856
1757662443,822926296
1757662443,829683720
1757662443,853148792
1757662443,859480584
1757662443,874005384
1757662443,885183832
1757662443,893919896
1757662443,910200728
1757662443,915267688
1757662443,985770920
1757662444,13663448
1757662444,15058904
1757662444,30521912
1757662444,31613320
1757662444,53120536
1757662444,57379960
1757662444,64697208
1757662444,69800040
1757662444,106023384
1757662444,108959416
1757662444,118705432
1757662444,140807864
1757662444,150280840
1757662444,201775272
1757662444,211230376
1757662444,225187688
1757662444,232139384
1757662444,253395864
1757662444,259507176
1757662444,268143304
1757662444,277607960
1757662444,284565624
1757662444,293250296
1757662444,312164152
1757662444,323659848
1757662444,338839800
1757662444,347524872
1757662444,376730456
1757662444,379734392
1757662444,413189560
1757662444,439098680
1757662444,441068072
1757662444,442487912
1757662444,486764280
1757662444,502272968
1757662444,533935784
1757662444,548936968
1757662444,550098232
1757662444,551537064
1757662444,559976168
1757662444,619052552
1757662444,621050696
1757662444,632893704
1757662444,732498904
1757662444,754000904
1757662444,762923480
1757662444,771509576
1757662444,784584776
1757662444,797641080
1757662444,811406904
1757662444,815036520
1757662444,820524952
1757662444,832162584
1757662444,843436408
1757662444,849436312
1757662444,853807480
1757662444,864874584
1757662444,871713896
1757662444,886449576
1757662444,892435432
1757662444,906956616
1757662444,922927528
1757662444,927141576
1757662444,968076536
1757662444,972970920
1757662445,21726952
1757662445,32414696
1757662445,61297192
1757662445,76163752
1757662445,90636552
1757662445,139313432
1757662445,220023896
1757662445,229805272
1757662445,233254296
1757662445,237711096
1757662445,283361832
1757662445,286429800
1757662445,291110728
1757662445,293461656
1757662445,295622280
1757662445,304603656
1757662445,336887384
1757662445,367779016
1757662445,383095000
1757662445,393226344
1757662445,398932680
1757662445,415778664
1757662445,449660072
1757662445,466880648
1757662445,472414600
1757662445,478946024
1757662445,499241528
1757662445,504419208
1757662445,509481416
1757662445,532786008
1757662445,539455816
1757662445,547473368
1757662445,594612216
1757662445,616245944
1757662445,620836872
1757662445,624512008
1757662445,632693464
1757662445,640343064
1757662445,675589128
1757662445,718174296
1757662445,734317368
1757662445,769687336
1757662445,771385416
1757662445,788697512
1757662445,813605064
1757662445,819776776
1757662445,833603896
1757662445,877192184
1757662445,911995528
1757662445,936572584
1757662445,959996232
1757662446,25092104
1757662446,28439704
1757662446,64704008
1757662446,75535432
1757662446,85340888
1757662446,104950008
1757662446,120764968
1757662446,164557704
1757662446,168420056
1757662446,174809960
1757662446,184278120
1757662446,231914008
1757662446,250444712
1757662446,260426200
1757662446,309033592
1757662446,316355384
1757662446,322394632
1757662446,324630616
1757662446,329498792
1757662446,370880376
1757662446,384566072
1757662446,388334984
1757662446,393294920
1757662446,400546424
1757662446,416231960
1757662446,428552296
1757662446,492278760
1757662446,495207496
1757662446,501335592
1757662446,516920968
1757662446,520567896
1757662446,549272312
1757662446,597412488
1757662446,601309240
1757662446,617093256
1757662446,639589896
1757662446,655610008
1757662446,674959816
1757662446,684980120
1757662446,686262552
1757662446,699139720
1757662446,705004408
1757662446,728347080
1757662446,751500344
1757662446,752925080
1757662446,758914808
1757662446,796467528
1757662446,807219832
1757662446,817658360
1757662446,839194520
1757662446,844329144
1757662446,856842392
1757662446,896962504
1757662446,906306248
1757662446,922389288
1757662446,933546872
1757662446,966088776
1757662446,970872328
1757662446,976853112
1757662446,990467400
1757662447,28881000
1757662447,54650344
1757662447,60513176
1757662447,70292168
1757662447,91024120
1757662447,98325592
1757662447,103681432
1757662447,109472072
1757662447,124417304
1757662447,134531880
1757662447,143686152
1757662447,150050152
1757662447,151723800
1757662447,157876296
1757662447,161091624
1757662447,194625816
1757662447,235719768
1757662447,264828920
1757662447,269423464
1757662447,279315032
1757662447,303764760
1757662447,317530472
1757662447,327347336
1757662447,349705320
1757662447,352486408
1757662447,358914184
1757662447,413906168
1757662447,418126184
1757662447,419696824
1757662447,430795688
1757662447,436502376
1757662447,446825624
1757662447,449920744
1757662447,453176824
1757662447,455235944
1757662447,468087192
1757662447,479564392
1757662447,499350920
1757662447,542332152
1757662447,557100184
1757662447,558477800
1757662447,593987368
1757662447,602878040
1757662447,609639720
1757662447,640324792
1757662447,650700200
1757662447,652554472
1757662447,655112328
1757662447,658607864
1757662447,691373896
1757662447,697614264
1757662447,699410072
1757662447,703263256
1757662447,705205496
1757662447,759644232
1757662447,766609272
1757662447,770607976
1757662447,781944712
1757662447,802249560
1757662447,818488456
1757662447,819938152
1757662447,824345160
1757662447,864989960
1757662447,867850440
1757662447,923747176
1757662447,934119240
1757662447,943982680
1757662447,951265784
1757662447,959467720
1757662447,970641944
1757662447,997987688
1757662448,2546616
1757662448,43162280
1757662448,44494248
1757662448,45896408
1757662448,108445528
1757662448,110171672
1757662448,120933160
1757662448,154554152
1757662448,157218440
1757662448,180926680
1757662448,185596792
1757662448,190545048
1757662448,197701224
1757662448,215809560
1757662448,219219864
1757662448,240577224
1757662448,242194504
1757662448,258500920
1757662448,276326952
1757662448,291763032
1757662448,295144824
1757662448,339585768
1757662448,344487432
1757662448,353050360
1757662448,367950664
1757662448,375435976
1757662448,377539768
1757662448,383283304
1757662448,385210712
1757662448,386971992
1757662448,414957256
1757662448,430706328
1757662448,433008040
1757662448,468287608
1757662448,479326776
1757662448,483957016
1757662448,486004168
1757662448,522127944
1757662448,550424184
1757662448,552098104
1757662448,575137304
1757662448,576820120
1757662448,586395608
1757662448,589139848
1757662448,595800744
1757662448,607256520
1757662448,623099016
1757662448,626838168
1757662448,640206776
1757662448,645027768
1757662448,664939720
1757662448,697886648
1757662448,721413688
1757662448,727193336
1757662448,729343848
1757662448,731930024
1757662448,752471672
1757662448,789190344
1757662448,804359576
1757662448,811240184
1757662448,864776504
1757662448,888866504
1757662448,919653608
1757662448,927676680
1757662448,946692616
1757662448,952662312
1757662448,954390776
1757662448,979361976
1757662448,981249032
1757662449,10417048
1757662449,29806456
1757662449,35181224
1757662449,38632680
1757662449,61146360
1757662449,98962392
1757662449,101977448
1757662449,135177048
1757662449,176895128
1757662449,191931000
1757662449,207840920
1757662449,209114120
1757662449,232168392
1757662449,257273576
1757662449,280047288
1757662449,290828504
1757662449,332193576
1757662449,335026120
1757662449,340999752
1757662449,355308072
1757662449,373217560
1757662449,378436936
1757662449,393189736
1757662449,400595912
1757662449,410571416
1757662449,412544200
1757662449,425033208
1757662449,432200856
1757662449,450007352
1757662449,451605496
1757662449,459445864
1757662449,461049384
1757662449,494369560
1757662449,508192872
1757662449,515019624
1757662449,518132568
1757662449,571126840
1757662449,598924104
1757662449,614790600
1757662449,623342760
1757662449,624520968
1757662449,633956952
1757662449,675207000
1757662449,695038696
1757662449,701510792
1757662449,703245256
1757662449,710102392
1757662449,726877864
1757662449,743994888
1757662449,754890760
1757662449,792258280
1757662449,822687976
1757662449,848434248
1757662449,880640520
1757662449,891805576
1757662449,898707112
1757662449,947831928
1757662449,953502024
1757662449,955540408
1757662449,969738888
1757662449,974034488
1757662449,989027688
1757662450,2016968
1757662450,4894888
1757662450,8507896
1757662450,9837608
1757662450,25935144
1757662450,37828168
1757662450,42706968
1757662450,54982632
1757662450,67968616
1757662450,87389576
1757662450,98216024
1757662450,102598216
1757662450,110396776
1757662450,121157256
1757662450,133966840
1757662450,176440168
1757662450,179922760
1757662450,192042104
1757662450,220606568
1757662450,233843048
1757662450,239594248
1757662450,241166088
1757662450,251473992
1757662450,289463608
1757662450,298722024
1757662450,306248328
1757662450,321186152
1757662450,332847832
1757662450,335274888
1757662450,364300888
1757662450,408502952
1757662450,409912472
1757662450,423517096
1757662450,427878056
1757662450,447907912
1757662450,462178120
1757662450,465755848
1757662450,475849080
1757662450,489169464
1757662450,506354968
1757662450,519772728
1757662450,540625736
1757662450,556444616
1757662450,560864696
1757662450,562973848
1757662450,577654424
1757662450,588583160
1757662450,597701016
1757662450,621099560
1757662450,655176248
1757662450,685092392
1757662450,689887368
1757662450,698324920
1757662450,705315704
1757662450,725620056
1757662450,791936632
1757662450,796290280
1757662450,820869288
1757662450,835479160
1757662450,840251224
1757662450,851218744
1757662450,879186776
1757662450,887159624
1757662450,891889352
1757662450,928743960
1757662450,935286584
1757662450,944218328
1757662450,947000696
1757662450,990075320
1757662450,991485432
1757662451,3452904
1757662451,17755400
1757662451,25490760
1757662451,45856328
1757662451,59560648
1757662451,66701704
1757662451,79857672
1757662451,86684792
1757662451,92115896
1757662451,95940088
1757662451,104888440
1757662451,107285512
1757662451,142924600
1757662451,144395752
1757662451,166617720
1757662451,167768392
1757662451,185872904
1757662451,190350792
1757662451,208509016
1757662451,217334424
1757662451,226027304
1757662451,268096472
1757662451,272136504
1757662451,308854760
1757662451,309977576
1757662451,316191048
1757662451,319168248
1757662451,328472712
1757662451,348135496
1757662451,349564904
1757662451,364711080
1757662451,393489848
1757662451,408692904
1757662451,422751768
1757662451,424787768
1757662451,441920552
1757662451,447808008
1757662451,476525800
1757662451,494093144
1757662451,507257864
1757662451,511378792
1757662451,527780600
1757662451,538649640
1757662451,565507912
1757662451,600248888
1757662451,604682984
1757662451,612665768
1757662451,627892744
1757662451,665479160
1757662451,666673656
1757662451,671822200
1757662451,677128840
1757662451,688872792
1757662451,697151160
1757662451,707786888
1757662451,721593672
1757662451,734506728
1757662451,745525432
1757662451,753979688
1757662451,763135128
1757662451,768288200
1757662451,771866552
1757662451,812194536
1757662451,829438936
1757662451,837516072
1757662451,871496664
1757662451,887054072
1757662451,896564024
1757662451,903154136
1757662451,908859400
1757662451,911273880
1757662451,951941128
1757662452,27076392
1757662452,34004648
1757662452,38588504
1757662452,60177560
1757662452,63004168
1757662452,88266968
1757662452,116363208
1757662452,135627176
1757662452,143310632
1757662452,146528520
1757662452,148695048
1757662452,158691736
1757662452,164725640
1757662452,216614472
1757662452,227221576
1757662452,258359560
1757662452,275908328
1757662452,277233976
1757662452,282028232
1757662452,292745560
1757662452,341009368
1757662452,345725976
1757662452,354135688
1757662452,358302168
1757662452,368450616
1757662452,374793432
1757662452,415619768
1757662452,435142392
1757662452,443049848
1757662452,454613928
1757662452,457285688
1757662452,465459624
1757662452,487372136
1757662452,490849800
1757662452,491951144
1757662452,506953416
1757662452,531098872
1757662452,543709768
1757662452,579430440
1757662452,591381800
1757662452,598444296
1757662452,602603800
1757662452,631518888
1757662452,644682552
1757662452,647753880
1757662452,685599352
1757662452,716828184
1757662452,730409496
1757662452,740658424
1757662452,764416616
1757662452,770027416
1757662452,772367096
1757662452,787771464
1757662452,795556696
1757662452,802992712
1757662452,813320968
1757662452,814559496
1757662452,822149144
1757662452,853941320
1757662452,865287496
1757662452,866981976
1757662452,869140280
1757662452,879665640
1757662452,883444584
1757662452,893235640
1757662452,905749352
1757662452,921153080
1757662452,929959032
1757662452,939878904
1757662452,950235880
1757662453,4079112
1757662453,6334296
1757662453,46619528
1757662453,48980136
1757662453,71534824
1757662453,104842312
1757662453,109369032
1757662453,111065432
1757662453,127780152
1757662453,157143672
1757662453,253981672
1757662453,271533880
1757662453,280638152
1757662453,287828280
1757662453,290094728
1757662453,310505016
1757662453,317156504
1757662453,327597320
1757662453,329017240
1757662453,336271912
1757662453,361429752
1757662453,370126392
1757662453,385040296
1757662453,426166520
1757662453,431409160
1757662453,439804632
1757662453,441581400
1757662453,482983128
1757662453,495082728
1757662453,496873784
1757662453,506322792
1757662453,513538728
1757662453,518984040
1757662453,522646904
1757662453,531597672
1757662453,541624760
1757662453,564708808
1757662453,570022136
1757662453,587541432
1757662453,627299640
1757662453,654884808
1757662453,670134456
1757662453,671338584
1757662453,673451832
1757662453,682906056
1757662453,701488216
1757662453,715822120
1757662453,755988584
1757662453,763049304
1757662453,778471256
1757662453,784187400
1757662453,786154536
1757662453,791387176
1757662453,816314056
1757662453,821359576
1757662453,848934056
1757662453,852450968
1757662453,875648888
1757662453,891406696
1757662453,895916824
1757662453,917873000
1757662453,921763944
1757662453,936178040
1757662453,942552328
1757662453,956836600
1757662453,968958760
1757662453,988036616
1757662454,4036296
1757662454,11463320
1757662454,24095384
1757662454,35737512
1757662454,37954184
1757662454,46493000
1757662454,47692360
1757662454,56047368
1757662454,90416744
1757662454,93583704
1757662454,103119096
1757662454,106239384
1757662454,109995880
1757662454,113896424
1757662454,123764792
1757662454,135493976
1757662454,143821064
1757662454,150953848
1757662454,158178568
1757662454,177539016
1757662454,188252408
1757662454,209789480
1757662454,212807752
1757662454,246378824
1757662454,249221400
1757662454,256369016
1757662454,284201096
1757662454,301459224
1757662454,304026600
1757662454,310871480
1757662454,335476792
1757662454,344450216
1757662454,357772408
1757662454,369712936
1757662454,380393960
1757662454,420560664
1757662454,424875544
1757662454,460569992
1757662454,464269864
1757662454,474774376
1757662454,478658552
1757662454,487225048
1757662454,495725976
1757662454,506230936
1757662454,512382632
1757662454,529003464
1757662454,534322952
1757662454,535910824
1757662454,605311400
1757662454,607442376
1757662454,620916408
1757662454,627249880
1757662454,648413768
1757662454,677929368
1757662454,693642984
1757662454,695881912
1757662454,719191800
1757662454,722520616
1757662454,744056856
1757662454,776473512
1757662454,827990952
1757662454,829486920
1757662454,838601960
1757662454,847235848
1757662454,853738024
1757662454,877612760
1757662454,883916728
1757662454,887020424
1757662454,908084280
1757662454,920519320
1757662454,951691096
1757662454,965622120
1757662454,979482376
1757662454,995076904
1757662454,997219816
1757662455,21633528
1757662455,47009816
1757662455,51617352
1757662455,61241640
1757662455,82577016
1757662455,89017112
1757662455,91270040
1757662455,92898680
1757662455,125920984
1757662455,145761832
1757662455,190425384
1757662455,211572904
1757662455,229171992
1757662455,274175224
1757662455,283422584
1757662455,287365416
1757662455,329782184
1757662455,339981032
1757662455,353706840
1757662455,355527416
1757662455,363906008
1757662455,375636504
1757662455,401480136
1757662455,425712888
1757662455,451330568
1757662455,524219624
1757662455,531427416
1757662455,541420456
1757662455,545310104
1757662455,553126712
1757662455,567795448
1757662455,572699624
1757662455,580117480
1757662455,585830376
1757662455,591888792
1757662455,597623512
1757662455,599187848
1757662455,648418728
1757662455,649793432
1757662455,652781064
1757662455,655654872
1757662455,657353496
1757662455,667893288
1757662455,677581128
1757662455,703126520
1757662455,712035832
1757662455,722613720
1757662455,731205112
1757662455,753827960
1757662455,759911784
1757662455,778020120
1757662455,793045512
1757662455,796978600
1757662455,804928616
1757662455,817983736
1757662455,822600696
1757662455,854219208
1757662455,888070360
1757662455,894196520
1757662455,912950488
1757662455,914642792
1757662455,946557848
1757662455,966241736
1757662455,974705368
1757662455,985831432
1757662455,987962072
1757662455,995523272
1757662456,10161528
1757662456,33398328
1757662456,60484712
1757662456,66126744
1757662456,107662904
1757662456,117376600
1757662456,144909544
1757662456,163794104
1757662456,173273976
1757662456,185435688
1757662456,240902888
1757662456,243539128
1757662456,246937320
1757662456,282610888
1757662456,298477992
1757662456,302660040
1757662456,315383560
1757662456,317175752
1757662456,337988408
1757662456,348203896
1757662456,386616152
1757662456,408083128
1757662456,411623608
1757662456,415730568
1757662456,425631368
1757662456,437983464
1757662456,444761416
1757662456,513146856
1757662456,518829432
1757662456,521921560
1757662456,539708600
1757662456,576934488
1757662456,586012440
1757662456,596893624
1757662456,604351032
1757662456,613221032
1757662456,633114840
1757662456,635406056
1757662456,647926472
1757662456,664999240
1757662456,709766776
1757662456,719166216
1757662456,741296056
1757662456,747620056
1757662456,768992152
1757662456,770886760
1757662456,784126264
1757662456,813646232
1757662456,841783768
1757662456,845247672
1757662456,860371656
1757662456,867077176
1757662456,870479208
1757662456,881441016
1757662456,885557048
1757662456,896871080
1757662456,901000504
1757662456,911783368
1757662456,913806952
1757662456,937009272
1757662456,973431784
1757662457,7688808
1757662457,13268232
1757662457,34144008
1757662457,60374648
1757662457,65755560
1757662457,79792072
1757662457,86173272
1757662457,91265080
1757662457,98081208
1757662457,110277160
1757662457,122427912
1757662457,126657944
1757662457,134904200
1757662457,138046312
1757662457,148908120
1757662457,155788520
1757662457,162714312
1757662457,175231144
1757662457,183638648
1757662457,191082472
1757662457,206274552
1757662457,214071096
1757662457,237509160
1757662457,275894584
1757662457,290596008
1757662457,311338824
1757662457,324760824
1757662457,330988616
1757662457,341215608
1757662457,350853016
1757662457,385169176
1757662457,412913848
1757662457,417972856
1757662457,421791512
1757662457,437664200
1757662457,438801048
1757662457,440371912
1757662457,471025624
1757662457,483917624
1757662457,506492632
1757662457,513971112
1757662457,516545192
1757662457,529174344
1757662457,542637912
1757662457,570328744
1757662457,592068968
1757662457,595247784
1757662457,596956936
1757662457,610226968
1757662457,614800776
1757662457,625192808
1757662457,627565656
1757662457,648962024
1757662457,652014552
1757662457,668576088
1757662457,675954808
1757662457,680304056
1757662457,683156024
1757662457,696882024
1757662457,721974504
1757662457,733075048
1757662457,737546088
1757662457,773380568
1757662457,782788072
1757662457,801377864
1757662457,815704360
1757662457,840938728
1757662457,854369352
1757662457,864872936
1757662457,887715384
1757662457,888784632
1757662457,891086840
1757662457,893680360
1757662457,913973432
1757662457,926563976
1757662457,931101144
1757662457,942948984
1757662457,947146296
1757662457,957182440
1757662457,958508392
1757662457,967997720
1757662457,976993992
1757662457,984261912
1757662458,268872
1757662458,10822648
1757662458,15666648
1757662458,23284536
1757662458,33890968
1757662458,44897576
1757662458,71472104
1757662458,74132152
1757662458,95238504
1757662458,102673352
1757662458,115094424
1757662458,129328728
1757662458,130966280
1757662458,153450024
1757662458,179143240
1757662458,215730408
1757662458,219416488
1757662458,220618440
1757662458,222558680
1757662458,271748424
1757662458,299019544
1757662458,312139112
1757662458,352139336
1757662458,355586232
1757662458,367966792
1757662458,382324648
1757662458,399322696
1757662458,400951384
1757662458,410899160
1757662458,444416856
1757662458,474432056
1757662458,481390984
1757662458,514928680
1757662458,539030808
1757662458,544068392
1757662458,556648392
1757662458,564184440
1757662458,566432328
1757662458,568115608
1757662458,585454824
1757662458,593944488
1757662458,595809048
1757662458,614897240
1757662458,645462904
1757662458,659474712
1757662458,692500104
1757662458,710139176
1757662458,711530584
1757662458,714245368
1757662458,742199240
1757662458,747660696
1757662458,752834152
1757662458,775489672
1757662458,784262808
1757662458,796635016
1757662458,826928664
1757662458,843829624
1757662458,849487016
1757662458,855330264
1757662458,858394760
1757662458,862517128
1757662458,864347816
1757662458,869360808
1757662458,876501512
1757662458,877893496
1757662458,882436584
1757662458,916856136
1757662458,933625960
1757662458,936092936
1757662458,938391784
1757662458,948905896
1757662458,987374936
1757662458,995074808
1757662459,9622328
1757662459,14824200
1757662459,29990504
1757662459,32782296
1757662459,53400968
1757662459,97412168
1757662459,102370312
1757662459,110020184
1757662459,122580760
1757662459,145311240
1757662459,152283416
1757662459,175871880
1757662459,218465096
1757662459,237434920
1757662459,243673016
1757662459,268357112
1757662459,270617656
1757662459,294642968
1757662459,319461928
1757662459,323549736
1757662459,347465784
1757662459,352558200
1757662459,358081752
1757662459,395056520
1757662459,396191416
1757662459,400330632
1757662459,408354536
1757662459,492746248
1757662459,493877432
1757662459,512247592
1757662459,513960472
1757662459,516412904
1757662459,533484600
1757662459,548083656
1757662459,549795000
1757662459,561351000
1757662459,564904408
1757662459,570468600
1757662459,577032440
1757662459,581019272
1757662459,588059816
1757662459,600665256
1757662459,602507912
1757662459,611557096
1757662459,616072440
1757662459,618048136
1757662459,626915704
1757662459,650688648
1757662459,678397480
1757662459,686609112
1757662459,747842424
1757662459,759939960
1757662459,771736712
1757662459,781721384
1757662459,792864728
1757662459,812560392
1757662459,815533816
1757662459,828221128
1757662459,841700808
1757662459,859910936
1757662459,861121608
1757662459,865066584
1757662459,875662968
1757662459,942871144
1757662459,950333528
1757662459,957052712
1757662459,960551752
1757662459,995502488
1757662460,8751560
1757662460,16572856
1757662460,42783640
1757662460,58569160
1757662460,62586296
1757662460,64751208
1757662460,68233768
1757662460,81416232
1757662460,113317560
1757662460,115543560
1757662460,117264904
1757662460,134302632
1757662460,176799544
1757662460,236193560
1757662460,243255368
1757662460,284358312
1757662460,286482072
1757662460,303407592
1757662460,317472824
1757662460,323650360
1757662460,342254488
1757662460,369537704
1757662460,389916360
1757662460,433521960
1757662460,456981576
1757662460,488837896
1757662460,490756200
1757662460,501300136
1757662460,504062984
1757662460,513525144
1757662460,523922616
1757662460,527196840
1757662460,590356120
1757662460,612347384
1757662460,623573736
1757662460,625400776
1757662460,627179240
1757662460,638115096
1757662460,644640472
1757662460,653461000
1757662460,663694824
1757662460,666074920
1757662460,677677272
1757662460,682767896
1757662460,684055384
1757662460,693116632
1757662460,700099080
1757662460,702473320
1757662460,708349816
1757662460,715251096
1757662460,726650744
1757662460,731632328
1757662460,749161272
1757662460,772669624
1757662460,778529176
1757662460,808899912
1757662460,828424792
1757662460,832681336
1757662460,834619400
1757662460,860620808
1757662460,874709016
1757662460,881729304
1757662460,896232056
1757662460,899613480
1757662460,908677352
1757662460,936077096
1757662460,950683576
1757662460,955233624
1757662460,976215560
1757662460,983762200
1757662460,991888632
1757662461,28656344
1757662461,30184584
1757662461,39289256
1757662461,43715592
1757662461,59027384
1757662461,60635336
1757662461,65648376
1757662461,68498232
1757662461,70656104
1757662461,74664472
1757662461,96456552
1757662461,112453880
1757662461,122557080
1757662461,128540024
1757662461,131606136
1757662461,158064152
1757662461,168828648
1757662461,206734408
1757662461,263996600
1757662461,274192680
1757662461,362362888
1757662461,395338520
1757662461,397568600
1757662461,402435480
1757662461,412138808
1757662461,421434312
1757662461,430611080
1757662461,434633048
1757662461,437806104
1757662461,443755640
1757662461,446794376
1757662461,448723144
1757662461,454122296
1757662461,459016664
1757662461,465286536
1757662461,467105272
1757662461,475761304
1757662461,479340920
1757662461,488989576
1757662461,491529064
1757662461,504977544
1757662461,512178152
1757662461,530166648
1757662461,541500872
1757662461,571372680
1757662461,587167032
1757662461,588453656
1757662461,591966616
1757662461,607166408
1757662461,651205832
1757662461,657425336
1757662461,672156872
1757662461,675142120
1757662461,684010664
1757662461,686573480
1757662461,704965736
1757662461,734646920
1757662461,737255400
1757662461,746812392
1757662461,752213848
1757662461,768993768
1757662461,833839080
1757662461,842524200
1757662461,845631928
1757662461,892722488
1757662461,927370184
1757662461,951082680
1757662461,980143128
1757662461,995491656
1757662462,1982952
1757662462,26144056
1757662462,30991368
1757662462,44324904
1757662462,58042168
1757662462,68360328
1757662462,75578056
1757662462,88287752
1757662462,95903320
1757662462,116538424
1757662462,120896488
1757662462,135009224
1757662462,169298968
1757662462,180744168
1757662462,192168616
1757662462,216585272
1757662462,226038264
1757662462,238383512
1757662462,257812888
1757662462,260124712
1757662462,275957896
1757662462,282241864
1757662462,289376120
1757662462,298321752
1757662462,301577320
1757662462,312189704
1757662462,315142456
1757662462,317574280
1757662462,325038840
1757662462,331120184
1757662462,370551336
1757662462,373235256
1757662462,380916104
1757662462,389035480
1757662462,400342840
1757662462,404397816
1757662462,416506808
1757662462,417894552
1757662462,490059384
1757662462,526708520
1757662462,539058104
1757662462,578503464
1757662462,611092664
1757662462,632665464
1757662462,645606712
1757662462,660927576
1757662462,682585496
1757662462,684915656
1757662462,694047656
1757662462,698272024
1757662462,701974520
1757662462,721770392
1757662462,735899528
1757662462,754141800
1757662462,758148824
1757662462,768492872
1757662462,783655224
1757662462,786461912
1757662462,793254920
1757662462,794656424
1757662462,808955880
1757662462,818790008
1757662462,831094664
1757662462,835028616
1757662462,837192520
1757662462,855673048
1757662462,864091656
1757662462,870761272
1757662462,876575112
1757662462,887998728
1757662462,917820952
1757662462,928336232
1757662462,946340744
1757662462,957539560
1757662462,977692184
1757662462,983879896
1757662463,428104
1757662463,2033832
1757662463,19441576
1757662463,26099560
1757662463,28024360
1757662463,31556872
1757662463,74596904
1757662463,77245944
1757662463,82647528
1757662463,90358296
1757662463,96218792
1757662463,110304168
1757662463,111645208
1757662463,114712984
1757662463,117853160
1757662463,142599912
1757662463,146848232
1757662463,157038808
1757662463,160583480
1757662463,176222728
1757662463,179209192
1757662463,194350696
1757662463,207790616
1757662463,225287400
1757662463,246586808
1757662463,262065416
1757662463,266387240
1757662463,283388168
1757662463,309052120
1757662463,313987416
1757662463,317044248
1757662463,319871944
1757662463,356333224
1757662463,365370120
1757662463,374902392
1757662463,423562136
1757662463,425592104
1757662463,490828680
1757662463,492055192
1757662463,494255592
1757662463,518659928
1757662463,553436936
1757662463,560279560
1757662463,570320568
1757662463,603827080
1757662463,641227432
1757662463,662617304
1757662463,675865912
1757662463,686565144
1757662463,691839320
1757662463,696632392
1757662463,702004328
1757662463,703907032
1757662463,714873032
1757662463,727710200
1757662463,729931752
1757662463,736857784
1757662463,741719000
1757662463,744153768
1757662463,749659448
1757662463,759240376
1757662463,767068504
1757662463,779680264
1757662463,789253000
1757662463,796621720
1757662463,837610984
1757662463,840051464
1757662463,853893672
1757662463,858453768
1757662463,875731544
1757662463,902530808
1757662463,932993480
1757662463,945954168
1757662463,981614936
1757662463,994048296
1757662464,1817480
1757662464,10264024
1757662464,29211272
1757662464,30516456
1757662464,34398712
1757662464,45631176
1757662464,50401928
1757662464,62129336
1757662464,72106024
1757662464,81194728
1757662464,91719640
1757662464,93779720
1757662464,99865368
1757662464,123688088
1757662464,130393112
1757662464,138720264
1757662464,150427032
1757662464,208612488
1757662464,210341432
1757662464,213969160
1757662464,220654328
1757662464,224212424
1757662464,246226328
1757662464,250165464
1757662464,269150776
1757662464,279003656
1757662464,283162728
1757662464,296391736
1757662464,318432632
1757662464,359280568
1757662464,403211208
1757662464,412796872
1757662464,422652200
1757662464,438415112
1757662464,478528840
1757662464,491494328
1757662464,505255864
1757662464,515967448
1757662464,528018344
1757662464,574761016
1757662464,577307912
1757662464,588729608
1757662464,590324296
1757662464,591734904
1757662464,599039112
1757662464,672813256
1757662464,679788472
1757662464,709555896
1757662464,710703544
1757662464,733006584
1757662464,748819368
1757662464,764153688
1757662464,768455800
1757662464,789882200
1757662464,805341880
1757662464,820625336
1757662464,849405672
1757662464,853976488
1757662464,863226632
1757662464,868454264
1757662464,900539752
1757662464,910119752
1757662464,920023240
1757662464,935443864
1757662464,946286488
1757662464,974039048
1757662464,980070392
1757662464,983426200
1757662464,992737768
1757662465,690696
1757662465,14550552
1757662465,47470008
1757662465,50726568
1757662465,52643272
1757662465,70247400
1757662465,83130328
1757662465,84503656
1757662465,113848184
1757662465,146446360
1757662465,155604792
1757662465,157192376
1757662465,192990104
1757662465,207784344
1757662465,211327816
1757662465,217041560
1757662465,221751304
1757662465,244535256
1757662465,246624824
1757662465,257630280
1757662465,259791240
1757662465,273250040
1757662465,280400328
1757662465,284425336
1757662465,286675384
1757662465,323959480
1757662465,332256360
1757662465,335672376
1757662465,353545592
1757662465,372350056
1757662465,380639976
1757662465,383674184
1757662465,407252664
1757662465,410652008
1757662465,435203592
1757662465,471760056
1757662465,481386552
1757662465,486415480
1757662465,491143032
1757662465,493187928
1757662465,498092808
1757662465,503532328
1757662465,504752136
1757662465,506003656
1757662465,521326392
1757662465,523216392
1757662465,524871672
1757662465,527224552
1757662465,529378024
1757662465,531259160
1757662465,551394632
1757662465,560151816
1757662465,570722600
1757662465,587063176
1757662465,602759752
1757662465,619713368
1757662465,621086616
1757662465,632432904
1757662465,638057688
1757662465,642504664
1757662465,651243928
1757662465,652477448
1757662465,653837096
1757662465,669629704
1757662465,690787480
1757662465,694674120
1757662465,701561480
1757662465,799866808
1757662465,825738504
1757662465,843612696
1757662465,855846552
1757662465,862750312
1757662465,866311368
1757662465,886037032
1757662465,887954200
1757662465,907169848
1757662465,912470088
1757662465,917562632
1757662465,938955496
1757662465,952207640
1757662465,978046120
1757662465,987316376
1757662465,997909112
1757662466,2487368
1757662466,22137400
1757662466,25218216
1757662466,43822664
1757662466,98335000
1757662466,119692664
1757662466,135978728
1757662466,164180872
1757662466,170367368
1757662466,179438424
1757662466,185870856
1757662466,187834584
1757662466,212005384
1757662466,228373624
1757662466,245726728
1757662466,248419176
1757662466,260478264
1757662466,264614312
1757662466,282761944
1757662466,303311160
1757662466,305016808
1757662466,317621992
1757662466,320062936
1757662466,341426968
1757662466,352015208
1757662466,372323368
1757662466,378195816
1757662466,388342216
1757662466,390564984
1757662466,393722680
1757662466,399890552
1757662466,419824536
1757662466,444498008
1757662466,489330088
1757662466,493840024
1757662466,500333896
1757662466,501881768
1757662466,505833048
1757662466,526559208
1757662466,535626952
1757662466,556967368
1757662466,564550728
1757662466,598125064
1757662466,599365384
1757662466,610206312
1757662466,624124520
1757662466,705274808
1757662466,717662920
1757662466,732382632
1757662466,750828200
1757662466,762633288
1757662466,804243640
1757662466,816323992
1757662466,819715128
1757662466,838377000
1757662466,861297912
1757662466,884163976
1757662466,911632824
1757662466,913301160
1757662466,915709512
1757662466,942592744
1757662466,948269784
1757662466,958641704
1757662466,998685560
1757662467,70622200
1757662467,90032856
1757662467,128100536
1757662467,162360600
1757662467,169915704
1757662467,190380680
1757662467,207699352
1757662467,209888376
1757662467,223719432
1757662467,255931000
1757662467,278308136
1757662467,305879944
1757662467,335677720
1757662467,350924248
1757662467,353655720
1757662467,356301528
1757662467,372265464
1757662467,391952904
1757662467,403995976
1757662467,426588888
1757662467,437372744
1757662467,456326424
1757662467,458574968
1757662467,460437784
1757662467,462818824
1757662467,464279896
1757662467,509589784
1757662467,525410552
1757662467,537560696
1757662467,544881544
1757662467,560003032
1757662467,581647720
1757662467,586484424
1757662467,639786328
1757662467,649372840
1757662467,675053480
1757662467,680237592
1757662467,681827784
1757662467,723072904
1757662467,736453736
1757662467,737842760
1757662467,742016184
1757662467,749998536
1757662467,759094488
1757662467,778332648
1757662467,795681576
1757662467,811128072
1757662467,823246856
1757662467,848723000
1757662467,906309352
1757662467,913561768
1757662467,938070792
1757662467,945633640
1757662467,952082552
1757662467,986373864
1757662468,32345304
1757662468,46989640
1757662468,71536952
1757662468,93237096
1757662468,104942312
1757662468,110028664
1757662468,152205848
1757662468,163425512
1757662468,175947912
1757662468,185001720
1757662468,186854968
1757662468,207599848
1757662468,223277560
1757662468,242688984
1757662468,246311944
1757662468,259008856
1757662468,275097944
1757662468,320919912
1757662468,323851432
1757662468,342194824
1757662468,357653240
1757662468,428017048
1757662468,452681400
1757662468,462387192
1757662468,482968840
1757662468,507692360
1757662468,518067544
1757662468,579532968
1757662468,593307240
1757662468,604988936
1757662468,606856920
1757662468,643733576
1757662468,674605064
1757662468,687378712
1757662468,703510344
1757662468,715331992
1757662468,718660648
1757662468,772157672
1757662468,781063752
1757662468,782577096
1757662468,799614712
1757662468,803883816
1757662468,825024360
1757662468,842275768
1757662468,855350056
1757662468,857313960
1757662468,884397176
1757662468,903041928
1757662468,938620856
1757662468,958309896
1757662468,990544680
1757662469,1862504
1757662469,9337976
1757662469,14108312
1757662469,20958408
1757662469,61625688
1757662469,75268872
1757662469,79538696
1757662469,81268200
1757662469,217924488
1757662469,222537192
1757662469,230416248
1757662469,238414120
1757662469,251898024
1757662469,259167224
1757662469,263326264
1757662469,267588264
1757662469,321645832
1757662469,334808424
1757662469,345173176
1757662469,363106456
1757662469,383073864
1757662469,387089688
1757662469,427686392
1757662469,434728888
1757662469,439503144
1757662469,443070664
1757662469,475151160
1757662469,492392216
1757662469,505151112
1757662469,542897528
1757662469,554643816
1757662469,591472168
1757662469,607525320
1757662469,618019016
1757662469,646682728
1757662469,651928856
1757662469,653592296
1757662469,662032392
1757662469,671341064
1757662469,673968728
1757662469,675496744
1757662469,710589400
1757662469,712246136
1757662469,724517048
1757662469,762467848
1757662469,786336104
1757662469,799094584
1757662469,806469192
1757662469,810318680
1757662469,826007384
1757662469,832441400
1757662469,846954584
1757662469,895724728
1757662469,935836248
1757662469,953061144
1757662469,962310008
1757662469,968902472
1757662469,997774696
1757662470,33127256
1757662470,50893432
1757662470,73485320
1757662470,102251336
1757662470,120160792
1757662470,131548376
1757662470,159954920
1757662470,164125288
1757662470,170087208
1757662470,197826456
1757662470,229337816
1757662470,237128168
1757662470,239418968
1757662470,259074712
1757662470,303375272
1757662470,334958792
1757662470,342462648
1757662470,349349496
1757662470,352638376
1757662470,408791176
1757662470,414526728
1757662470,417631448
1757662470,435697928
1757662470,445292808
1757662470,451522248
1757662470,463557016
1757662470,473568120
1757662470,496534056
1757662470,507187256
1757662470,511522712
1757662470,519320360
1757662470,548201912
1757662470,579783192
1757662470,590931032
1757662470,598191224
1757662470,658249928
1757662470,663096216
1757662470,687567240
1757662470,689282888
1757662470,696531832
1757662470,717513640
1757662470,732112760
1757662470,755514216
1757662470,761844296
1757662470,779678184
1757662470,788181544
1757662470,812526696
1757662470,830893912
1757662470,839810200
1757662470,841669688
1757662470,845673096
1757662470,860084824
1757662470,876340376
1757662470,907958440
1757662470,950661720
1757662470,963431432
1757662470,965650424
1757662470,980749464
1757662471,39509656
1757662471,44609608
1757662471,60906360
1757662471,68295592
1757662471,72513896
1757662471,84627560
1757662471,102213912
1757662471,104725336
1757662471,109357416
1757662471,111828648
1757662471,115720344
1757662471,127280744
1757662471,130960728
1757662471,146897576
1757662471,157575576
1757662471,164160200
1757662471,165874088
1757662471,175196760
1757662471,194923640
1757662471,197572568
1757662471,209694856
1757662471,212801720
1757662471,217547608
1757662471,221683928
1757662471,227141640
1757662471,261311336
1757662471,286815416
1757662471,292165608
1757662471,296364328
1757662471,298027768
1757662471,309687560
1757662471,311475400
1757662471,316378168
1757662471,341307240
1757662471,350593352
1757662471,358784840
1757662471,372434376
1757662471,386540984
1757662471,407212280
1757662471,412519224
1757662471,432130136
1757662471,462481816
1757662471,497061368
1757662471,525247240
1757662471,546461592
1757662471,583499464
1757662471,590120376
1757662471,599607912
1757662471,604659272
1757662471,626507224
1757662471,637030056
1757662471,644163960
1757662471,657742536
1757662471,672365592
1757662471,703984824
1757662471,753936376
1757662471,759318056
1757662471,772208936
1757662471,782181800
1757662471,791147896
1757662471,793822392
1757662471,799786072
1757662471,816959704
1757662471,820303736
1757662471,826050824
1757662471,864301560
1757662471,888425272
1757662471,914615496
1757662471,953590392
1757662471,963038840
1757662471,979740296
1757662471,996211720
1757662471,999995576
1757662472,31180136
1757662472,40275416
1757662472,49506040
1757662472,59966472
1757662472,67618360
1757662472,76685592
1757662472,92319592
1757662472,122899256
1757662472,145611544
1757662472,150476728
1757662472,190035160
1757662472,208575128
1757662472,216766088
1757662472,228766968
1757662472,251016984
1757662472,254999192
1757662472,258363720
1757662472,301003768
1757662472,304071016
1757662472,319672280
1757662472,329977000
1757662472,352936504
1757662472,374548856
1757662472,380240488
1757662472,410543432
1757662472,429199128
1757662472,431291192
1757662472,455266984
1757662472,459691032
1757662472,461477000
1757662472,474670840
1757662472,485567576
1757662472,512845320
1757662472,516286872
1757662472,536696280
1757662472,548144040
1757662472,557047464
1757662472,563732408
1757662472,575041352
1757662472,594656152
1757662472,596248168
1757662472,608294248
1757662472,614232136
1757662472,618014296
1757662472,619639912
1757662472,623301432
1757662472,662170120
1757662472,667503160
1757662472,669336328
1757662472,679519672
1757662472,684036712
1757662472,693133032
1757662472,699099000
1757662472,703829704
1757662472,713884936
1757662472,721428776
1757662472,724006152
1757662472,742774728
1757662472,753019784
1757662472,772150232
1757662472,773375688
1757662472,833450568
1757662472,840466184
1757662472,841825704
1757662472,869072600
1757662472,872836152
1757662472,880024664
1757662472,884670952
1757662472,893857000
1757662472,927191832
1757662472,943671080
1757662472,944953928
1757662472,946411800
1757662472,963956440
1757662472,982237272
1757662472,983831688
1757662472,988787688
1757662473,17143688
1757662473,27662184
1757662473,30105048
1757662473,37715976
1757662473,42703464
1757662473,49493560
1757662473,53109864
1757662473,62548200
1757662473,72057608
1757662473,78979720
1757662473,86948184
1757662473,110147608
1757662473,126112616
1757662473,130149608
1757662473,151930312
1757662473,166214680
1757662473,191092856
1757662473,204221912
1757662473,216682808
1757662473,221737080
1757662473,223179992
1757662473,224351384
1757662473,239252568
1757662473,283039544
1757662473,285830008
1757662473,289915944
1757662473,320089928
1757662473,335299704
1757662473,338333976
1757662473,357244840
1757662473,367398600
1757662473,368516296
1757662473,376603224
1757662473,398091592
1757662473,403830264
1757662473,417712712
1757662473,429500120
1757662473,457475448
1757662473,468595512
1757662473,490174152
1757662473,505535608
1757662473,507775192
1757662473,508841896
1757662473,518275384
1757662473,557649080
1757662473,559785256
1757662473,587113448
1757662473,591974488
1757662473,604323016
1757662473,608205448
1757662473,610934728
1757662473,625221208
1757662473,626717016
1757662473,636104760
1757662473,652715320
1757662473,667610616
1757662473,668834968
1757662473,699003704
1757662473,724843384
1757662473,731694424
1757662473,739763288
1757662473,742690072
1757662473,746122968
1757662473,751216184
1757662473,756109464
1757662473,767301048
1757662473,770113832
1757662473,777290056
1757662473,789861016
1757662473,807141928
1757662473,846724632
1757662473,853692712
1757662473,892923960
1757662473,907045128
1757662473,911064776
1757662473,913060104
1757662473,946421528
1757662473,963117736
1757662473,969696584
1757662473,974899784
1757662473,993003016
1757662474,2995848
1757662474,19217992
1757662474,62456440
1757662474,194690392
1757662474,264357256
1757662474,272547128
1757662474,297268968
1757662474,309256632
1757662474,338011560
1757662474,344765848
1757662474,369998008
1757662474,371585928
1757662474,373996200
1757662474,375747080
1757662474,395478584
1757662474,396918648
1757662474,409032616
1757662474,411117928
1757662474,426256792
1757662474,435155496
1757662474,444832168
1757662474,445914088
1757662474,452824648
1757662474,494831640
1757662474,502052328
1757662474,527067288
1757662474,528620408
1757662474,535761784
1757662474,541742632
1757662474,574536520
1757662474,593488408
1757662474,601613672
1757662474,633506776
1757662474,650679528
1757662474,654086472
1757662474,671626552
1757662474,685630232
1757662474,693668808
1757662474,698336216
1757662474,699924264
1757662474,728193912
1757662474,757737928
1757662474,790152664
1757662474,819495992
1757662474,845677944
1757662474,852220696
1757662474,855294008
1757662474,884916760
1757662474,895580264
1757662474,902164792
1757662474,926672552
1757662474,928472968
1757662474,932548264
1757662474,941160968
1757662474,967412808
1757662474,987136920
1757662474,998337016
1757662475,12355320
1757662475,25290264
1757662475,64580712
1757662475,79717640
1757662475,86747848
1757662475,89324904
1757662475,91367240
1757662475,119236264
1757662475,129523768
1757662475,154425976
1757662475,179402872
1757662475,198491480
1757662475,296778712
1757662475,318981000
1757662475,331694936
1757662475,381628232
1757662475,389503496
1757662475,393588840
1757662475,395825064
1757662475,410014360
1757662475,412179384
1757662475,423210456
1757662475,476108216
1757662475,482831992
1757662475,494429048
1757662475,516405160
1757662475,556881960
1757662475,585526936
1757662475,590044104
1757662475,595088488
1757662475,601249288
1757662475,610407080
1757662475,612611304
1757662475,622734648
1757662475,637942472
1757662475,648567624
1757662475,651618104
1757662475,655264360
1757662475,667133768
1757662475,670036120
1757662475,672359640
1757662475,687046840
1757662475,689994792
1757662475,696870856
1757662475,702688536
1757662475,709564024
1757662475,718128856
1757662475,728581256
1757662475,731345032
1757662475,753858584
1757662475,770734584
1757662475,776474968
1757662475,788060392
1757662475,824741304
1757662475,850055432
1757662475,864965304
1757662475,866921576
1757662475,872727144
1757662475,883665832
1757662475,897350424
1757662475,903814584
1757662475,905930024
1757662475,909215480
1757662475,921249320
1757662475,926672040
1757662475,928099752
1757662475,930990488
1757662475,939153832
1757662475,971638888
1757662476,57900088
1757662476,74236968
1757662476,98869064
1757662476,100544888
1757662476,113023704
1757662476,169155704
1757662476,178916984
1757662476,193284872
1757662476,216143912
1757662476,220580744
1757662476,244590776
1757662476,250339784
1757662476,298333928
1757662476,308618920
1757662476,324428712
1757662476,341349944
1757662476,353672552
1757662476,366460232
1757662476,378773624
1757662476,394736136
1757662476,414153512
1757662476,435954808
1757662476,445914024
1757662476,467581384
1757662476,517118008
1757662476,532088760
1757662476,543251000
1757662476,547960648
1757662476,553988920
1757662476,583177784
1757662476,591948472
1757662476,593562312
1757662476,624524952
1757662476,650704584
1757662476,656028824
1757662476,681401624
1757662476,684093272
1757662476,696232168
1757662476,704094952
1757662476,724665992
1757662476,727881944
1757662476,733630712
1757662476,772317544
1757662476,797189416
1757662476,861773128
1757662476,888987720
1757662476,914888072
1757662476,926672136
1757662476,945447256
1757662476,952319480
1757662476,963797224
1757662476,982702008
1757662476,986928024
1757662476,989279176
1757662477,8882888
1757662477,20586296
1757662477,26722888
1757662477,32924536
1757662477,35067080
1757662477,47216552
1757662477,92318856
1757662477,94097544
1757662477,169992696
1757662477,200103800
1757662477,226409080
1757662477,240589304
1757662477,249984520
1757662477,251243128
1757662477,306718376
1757662477,341162936
1757662477,359474088
1757662477,366978312
1757662477,372179192
1757662477,374754840
1757662477,391476200
1757662477,398860792
1757662477,401023544
1757662477,411232728
1757662477,419381208
1757662477,482924168
1757662477,521805016
1757662477,526071528
1757662477,539294712
1757662477,552398552
1757662477,559345560
1757662477,562896264
1757662477,575108776
1757662477,614511768
1757662477,619752120
1757662477,643309672
1757662477,669377032
1757662477,676826392
1757662477,695344312
1757662477,708213288
1757662477,727726840
1757662477,757628088
1757662477,781018520
1757662477,827369592
1757662477,835151192
1757662477,842710200
1757662477,844342856
1757662477,852440712
1757662477,855278104
1757662477,876469272
1757662477,893448632
1757662477,974033640
1757662477,980117256
1757662478,13242776
1757662478,16515784
1757662478,41557832
1757662478,48463000
1757662478,56855960
1757662478,61236344
1757662478,110661656
1757662478,114195656
1757662478,124752808
1757662478,149115928
1757662478,165471000
1757662478,212198680
1757662478,219279992
1757662478,233557544
1757662478,261605208
1757662478,275991304
1757662478,285182136
1757662478,303723192
1757662478,323975208
1757662478,327086056
1757662478,343641272
1757662478,356395240
1757662478,373163320
1757662478,376468696
1757662478,378956344
1757662478,391619912
1757662478,394600984
1757662478,398549352
1757662478,402249000
1757662478,438052968
1757662478,447143208
1757662478,455964104
1757662478,510185848
1757662478,513763736
1757662478,533493272
1757662478,534923512
1757662478,544997112
1757662478,550925064
1757662478,578518152
1757662478,581870136
1757662478,604976712
1757662478,618468216
1757662478,625915944
1757662478,632175208
1757662478,674228824
1757662478,681318936
1757662478,713265848
1757662478,721325352
1757662478,725940888
1757662478,734964696
1757662478,736404328
1757662478,769849544
1757662478,778519592
1757662478,848081288
1757662478,863244808
1757662478,872607624
1757662478,881130792
1757662478,892397544
1757662478,895118696
1757662478,897787144
1757662478,899022408
1757662478,920882648
1757662478,952885112
1757662478,955657240
1757662478,991403528
1757662479,6222504
1757662479,13944520
1757662479,26747640
1757662479,29461368
1757662479,34039768
1757662479,72755176
1757662479,79534088
1757662479,102345864
1757662479,179812024
1757662479,181301528
1757662479,201723000
1757662479,202985256
1757662479,220206440
1757662479,223290008
1757662479,256480184
1757662479,259568328
1757662479,273397000
1757662479,283802600
1757662479,313401784
1757662479,323882840
1757662479,331673032
1757662479,336236056
1757662479,351547784
1757662479,388330008
1757662479,396824056
1757662479,398693640
1757662479,411108808
1757662479,418486248
1757662479,461875816
1757662479,475857256
1757662479,482264376
1757662479,503513656
1757662479,508868536
1757662479,512635464
1757662479,518854744
1757662479,530580248
1757662479,564718312
1757662479,619736760
1757662479,641232888
1757662479,645244728
1757662479,697424088
1757662479,713533400
1757662479,724855528
1757662479,727507560
1757662479,734625160
1757662479,771210664
1757662479,775283016
1757662479,864733832
1757662479,878958408
1757662479,882841032
1757662479,886292616
1757662479,908991416
1757662479,933062488
1757662479,948694248
1757662479,961854600
1757662479,964264536
1757662479,976759352
1757662479,979838104
1757662479,986347672
1757662479,996831864
1757662480,22411032
1757662480,24631816
1757662480,46261896
1757662480,63953608
1757662480,72186712
1757662480,92678056
1757662480,150299608
1757662480,156775256
1757662480,167186216
1757662480,168935384
1757662480,177148712
1757662480,209201240
1757662480,272136888
1757662480,307206952
1757662480,334032232
1757662480,344361080
1757662480,402043928
1757662480,437852216
1757662480,440052712
1757662480,454232936
1757662480,456497976
1757662480,467855448
1757662480,488576776
1757662480,491915480
1757662480,501006472
1757662480,521583624
1757662480,554413656
1757662480,562991176
1757662480,585701176
1757662480,591770440
1757662480,631150376
1757662480,632811608
1757662480,635592088
1757662480,638371448
1757662480,640350760
1757662480,645677944
1757662480,647753240
1757662480,672081416
1757662480,675701240
1757662480,684155656
1757662480,705585016
1757662480,725427656
1757662480,747384200
1757662480,752757912
1757662480,787725016
1757662480,790246920
1757662480,800791176
1757662480,809056216
1757662480,814186344
1757662480,839563272
1757662480,851984616
1757662480,875665192
1757662480,882907448
1757662480,896574840
1757662480,921408504
1757662480,926185240
1757662480,959138184
1757662480,964908152
1757662480,976405400
1757662480,984888952
1757662480,997222184
1757662481,16220008
1757662481,40862920
1757662481,74063752
1757662481,81694232
1757662481,109328200
1757662481,111104296
1757662481,124033992
1757662481,159294984
1757662481,172734488
1757662481,182840072
1757662481,229718232
1757662481,232807448
1757662481,252715208
1757662481,255717800
1757662481,261538216
1757662481,264074904
1757662481,269369400
1757662481,274839656
1757662481,298731960
1757662481,323677160
1757662481,329515880
1757662481,335227816
1757662481,339896568
1757662481,358426472
1757662481,360454408
1757662481,365756952
1757662481,370614696
1757662481,429196168
1757662481,431439576
1757662481,438231144
1757662481,439470456
1757662481,457686744
1757662481,493218184
1757662481,506472696
1757662481,536833352
1757662481,540922648
1757662481,574650456
1757662481,596873736
1757662481,599996536
1757662481,608819384
1757662481,609976888
1757662481,647027672
1757662481,665953960
1757662481,671018360
1757662481,674078472
1757662481,681011640
1757662481,685720376
1757662481,702810808
1757662481,710728696
1757662481,730436808
1757662481,737849736
1757662481,760012728
1757662481,766201432
1757662481,770195240
1757662481,798600424
1757662481,800360808
1757662481,823718600
1757662481,826493496
1757662481,838935384
1757662481,857626328
1757662481,875071576
1757662481,885634504
1757662481,897571176
1757662481,910219352
1757662481,923506648
1757662481,943231640
1757662481,953689048
1757662481,956754008
1757662481,961518248
1757662481,968151752
1757662481,982150248
1757662481,984156344
1757662482,17222456
1757662482,29071688
1757662482,35627272
1757662482,51685608
1757662482,55949992
1757662482,84251128
1757662482,116059064
1757662482,121798280
1757662482,129789048
1757662482,143023672
1757662482,240102072
1757662482,246423256
1757662482,253485064
1757662482,260401528
1757662482,266159160
1757662482,268317208
1757662482,277659736
1757662482,283660216
1757662482,297345944
1757662482,300742200
1757662482,308314472
1757662482,312729240
1757662482,335438056
1757662482,343189480
1757662482,365926376
1757662482,370693416
1757662482,390764488
1757662482,394468536
1757662482,406628920
1757662482,416724616
1757662482,434994984
1757662482,439588520
1757662482,451313400
1757662482,469362312
1757662482,485401496
1757662482,494833832
1757662482,497658968
1757662482,507894920
1757662482,530955304
1757662482,546727272
1757662482,568055304
1757662482,580031848
1757662482,591011624
1757662482,608220760
1757662482,619818808
1757662482,625066712
1757662482,628024760
1757662482,644906472
1757662482,651928120
1757662482,679100536
1757662482,705398504
1757662482,721016936
1757662482,729157448
1757662482,764268632
1757662482,788462520
1757662482,790682968
1757662482,799669576
1757662482,829566216
1757662482,875767256
1757662482,894095944
1757662482,909976184
1757662482,912422696
1757662482,915101640
1757662482,924082104
1757662482,954742808
1757662482,958187656
1757662482,970429416
1757662482,984935336
1757662482,995883192
1757662483,21946920
1757662483,24339992
1757662483,37129368
1757662483,42443400
1757662483,73195240
1757662483,77594184
1757662483,87800200
1757662483,104331208
1757662483,112442040
1757662483,115116504
1757662483,131918312
1757662483,157650984
1757662483,165351464
1757662483,182324824
1757662483,192346200
1757662483,195705496
1757662483,197311064
1757662483,200057752
1757662483,204851144
1757662483,208713816
1757662483,213328216
1757662483,232091272
1757662483,241867528
1757662483,247844984
1757662483,303169384
1757662483,337436440
1757662483,339885736
1757662483,364128136
1757662483,387812712
1757662483,401732216
1757662483,422261432
1757662483,425747992
1757662483,479393832
1757662483,504371832
1757662483,514596520
1757662483,535829128
1757662483,548491608
1757662483,560423288
1757662483,564080072
1757662483,577677496
1757662483,595302568
1757662483,630948776
1757662483,633667848
1757662483,637754744
1757662483,683597416
1757662483,709049000
1757662483,716644456
1757662483,718359720
1757662483,722392568
1757662483,727212104
1757662483,729717864
1757662483,766334296
1757662483,767940600
1757662483,818198872
1757662483,832629352
1757662483,837783368
1757662483,853376552
1757662483,858111944
1757662483,929870440
1757662483,931638104
1757662483,968389976
1757662483,988968824
1757662483,993465432
1757662484,51206440
1757662484,66961416
1757662484,93059832
1757662484,129214168
1757662484,149766760
1757662484,168851528
1757662484,193155384
1757662484,200918280
1757662484,251162168
1757662484,312627080
1757662484,356230264
1757662484,368737704
1757662484,374052856
1757662484,377764440
1757662484,408043896
1757662484,435667304
1757662484,449704952
1757662484,457459880
1757662484,458932088
1757662484,487375336
1757662484,491649160
1757662484,539579752
1757662484,542550552
1757662484,552692424
1757662484,564657544
1757662484,568974792
1757662484,574153368
1757662484,593078728
1757662484,618399752
1757662484,624986040
1757662484,645583784
1757662484,650200280
1757662484,653541320
1757662484,655431416
1757662484,668769544
1757662484,679474536
1757662484,693896008
1757662484,712024200
1757662484,734581784
1757662484,747545848
1757662484,787709496
1757662484,790191608
1757662484,822853464
1757662484,838031240
1757662484,840516216
1757662484,853633688
1757662484,890296872
1757662484,902216376
1757662484,921045800
1757662484,949278184
1757662484,952009192
1757662484,965377096
1757662484,981176392
1757662485,44815976
1757662485,55501160
1757662485,69694472
1757662485,75752264
1757662485,81857032
1757662485,147748792
1757662485,149608344
1757662485,152295944
1757662485,182242472
1757662485,185556184
1757662485,188829384
1757662485,212985144
1757662485,224500680
1757662485,229651144
1757662485,237791064
1757662485,253999448
1757662485,278465784
1757662485,280130056
1757662485,282492232
1757662485,292237080
1757662485,303102808
1757662485,341282936
1757662485,355690056
1757662485,402945464
1757662485,406434920
1757662485,437682936
1757662485,440855944
1757662485,459835816
1757662485,489192088
1757662485,492081384
1757662485,504820280
1757662485,509953464
1757662485,512960824
1757662485,515745512
1757662485,544277400
1757662485,545618936
1757662485,567723000
1757662485,621030872
1757662485,625826840
1757662485,641263704
1757662485,645280712
1757662485,657336856
1757662485,668047224
1757662485,692997496
1757662485,714990440
1757662485,724811400
1757662485,727012120
1757662485,735831960
1757662485,740039864
1757662485,755781736
1757662485,772170136
1757662485,779185736
1757662485,802353128
1757662485,805778056
1757662485,811837192
1757662485,840611160
1757662485,849917960
1757662485,867913016
1757662485,886079416
1757662485,905704024
1757662485,939616680
1757662485,981273112
1757662486,43335592
1757662486,82861704
1757662486,112312552
1757662486,142824360
1757662486,150354968
1757662486,159407816
1757662486,179779896
1757662486,213373048
1757662486,260943000
1757662486,300377576
1757662486,305577624
1757662486,320568136
1757662486,323911688
1757662486,330562936
1757662486,341334584
1757662486,349206408
1757662486,353722216
1757662486,385900504
1757662486,411234808
1757662486,416035640
1757662486,453826296
1757662486,469233688
1757662486,500722504
1757662486,504282792
1757662486,507925896
1757662486,552673336
1757662486,580923368
1757662486,601349496
1757662486,618722520
1757662486,636094696
1757662486,646273944
1757662486,650270056
1757662486,653349656
1757662486,692027416
1757662486,705528952
1757662486,709238488
1757662486,714955384
1757662486,723078280
1757662486,738661528
1757662486,740108072
1757662486,770947464
1757662486,805579416
1757662486,809928504
1757662486,814290104
1757662486,824803944
1757662486,831381464
1757662486,834907528
1757662486,852639176
1757662486,883716072
1757662486,888106536
1757662486,892572456
1757662486,916917160
1757662486,921885944
1757662486,924819672
1757662486,937918632
1757662486,983182920
1757662487,9061160
1757662487,26447848
1757662487,36616504
1757662487,43015272
1757662487,49020712
1757662487,89224792
1757662487,103806744
1757662487,109756792
1757662487,119711544
1757662487,123459896
1757662487,128572888
1757662487,156326792
1757662487,181527976
1757662487,190069880
1757662487,196977928
1757662487,205154952
1757662487,207078312
1757662487,216582936
1757662487,221294888
1757662487,254289656
1757662487,270335528
1757662487,304260104
1757662487,306906696
1757662487,313646904
1757662487,323966696
1757662487,346176760
1757662487,354655288
1757662487,377876104
1757662487,381928648
1757662487,394594760
1757662487,405473208
1757662487,408022984
1757662487,425608760
1757662487,430442904
1757662487,437413704
1757662487,452572488
1757662487,469311464
1757662487,471683752
1757662487,474248120
1757662487,476431736
1757662487,479059960
1757662487,504394600
1757662487,579872264
1757662487,582148872
1757662487,589873688
1757662487,604792168
1757662487,610811704
1757662487,616545800
1757662487,630866104
1757662487,644449896
1757662487,656931992
1757662487,659108936
1757662487,670525832
1757662487,671829048
1757662487,680401368
1757662487,697064616
1757662487,721102328
1757662487,758990072
1757662487,816471688
1757662487,833768504
1757662487,862761992
1757662487,865815992
1757662487,906684936
1757662487,934984216
1757662487,962925480
1757662487,974669000
1757662487,985283864
1757662487,993019928
1757662487,994070632
1757662488,3398856
1757662488,5335464
1757662488,31382568
1757662488,57140472
1757662488,67191032
1757662488,90184120
1757662488,97973624
1757662488,126609448
1757662488,129527816
1757662488,137457256
1757662488,161835672
1757662488,183374120
1757662488,202402104
1757662488,239902328
1757662488,280114536
1757662488,330430248
1757662488,348959592
1757662488,379270024
1757662488,391233576
1757662488,392834616
1757662488,401795272
1757662488,443208440
1757662488,452398824
1757662488,471467016
1757662488,474406440
1757662488,481101368
1757662488,505300680
1757662488,523094552
1757662488,541899640
1757662488,578256936
1757662488,582967640
1757662488,585769560
1757662488,610777912
1757662488,623181272
1757662488,628047336
1757662488,633504504
1757662488,646084888
1757662488,648581272
1757662488,649996408
1757662488,660934584
1757662488,703876856
1757662488,709730664
1757662488,731505528
1757662488,734302408
1757662488,757032888
1757662488,762162152
1757662488,793825544
1757662488,797522040
1757662488,803789496
1757662488,841952328
1757662488,848403688
1757662488,856987016
1757662488,862505688
1757662488,870512840
1757662488,875527656
1757662488,911779768
1757662488,917166936
1757662488,920433480
1757662488,924860568
1757662488,938506264
1757662488,980165832
1757662489,22307112
1757662489,28306296
1757662489,60022728
1757662489,88451832
1757662489,89982584
1757662489,96968712
1757662489,103892088
1757662489,114952152
1757662489,122351432
1757662489,139595384
1757662489,150230680
1757662489,166424552
1757662489,184103720
1757662489,207562104
1757662489,210032984
1757662489,215436440
1757662489,230116760
1757662489,234396136
1757662489,237491864
1757662489,241075464
1757662489,249642856
1757662489,255424792
1757662489,271568936
1757662489,280214408
1757662489,284991208
1757662489,290577096
1757662489,304468760
1757662489,312852696
1757662489,325041288
1757662489,326538856
1757662489,332994792
1757662489,361599912
1757662489,385107288
1757662489,387900856
1757662489,414613336
1757662489,416463384
1757662489,433766072
1757662489,458673880
1757662489,465591016
1757662489,466862968
1757662489,475345384
1757662489,485258632
1757662489,513658088
1757662489,523564024
1757662489,526102360
1757662489,534135144
1757662489,540568872
1757662489,542097208
1757662489,545350472
1757662489,549259592
1757662489,556926856
1757662489,578411768
1757662489,607891864
1757662489,610753976
1757662489,612069960
1757662489,627302808
1757662489,644252408
1757662489,681174824
1757662489,687498520
1757662489,703789544
1757662489,705749608
1757662489,713723064
1757662489,714982136
1757662489,741134312
1757662489,742266280
1757662489,748318568
1757662489,752641288
1757662489,758600312
1757662489,775207784
1757662489,789366504
1757662489,843002584
1757662489,848036728
1757662489,867078696
1757662489,881981688
1757662489,893698952
1757662489,901040360
1757662489,954831992
1757662489,961374504
1757662489,996374440
1757662490,689272
1757662490,20225672
1757662490,46233896
1757662490,75325192
1757662490,115501448
1757662490,130275928
1757662490,156562632
1757662490,192250248
1757662490,211201528
1757662490,215910296
1757662490,235926984
1757662490,249148136
1757662490,250800104
1757662490,269557256
1757662490,283913032
1757662490,307126376
1757662490,321192648
1757662490,325249288
1757662490,336006424
1757662490,350084712
1757662490,360084952
1757662490,393040584
1757662490,398302888
1757662490,410938344
1757662490,419082504
1757662490,425147800
1757662490,436741544
1757662490,439089048
1757662490,445944040
1757662490,453482184
1757662490,462598136
1757662490,481318552
1757662490,523453480
1757662490,549969192
1757662490,552829032
1757662490,586144952
1757662490,597412728
1757662490,612169400
1757662490,614697624
1757662490,639987960
1757662490,644478344
1757662490,649265256
1757662490,653510840
1757662490,670794536
1757662490,674439144
1757662490,688981432
1757662490,691843624
1757662490,707521864
1757662490,718547576
1757662490,721815480
1757662490,738051944
1757662490,746449896
1757662490,814881400
1757662490,825927736
1757662490,849351272
1757662490,858567112
1757662490,862395304
1757662490,887144776
1757662490,890776376
1757662490,907327432
1757662490,912195544
1757662490,917359624
1757662490,919989272
1757662490,932619688
1757662490,945978776
1757662490,947727688
1757662490,954835480
1757662490,959868632
1757662490,981402616
1757662491,7315320
1757662491,27328536
1757662491,62413384
1757662491,96038488
1757662491,120224072
1757662491,134608504
1757662491,191452088
1757662491,201633480
1757662491,230090040
1757662491,325290920
1757662491,328663400
1757662491,332474024
1757662491,350481576
1757662491,361728792
1757662491,385467656
1757662491,391025640
1757662491,410209128
1757662491,414923992
1757662491,422738760
1757662491,444266152
1757662491,474203176
1757662491,488065544
1757662491,489862488
1757662491,504059688
1757662491,532813976
1757662491,541727176
1757662491,551228280
1757662491,571081032
1757662491,580257576
1757662491,583900920
1757662491,588260776
1757662491,603713288
1757662491,607863592
1757662491,629453480
1757662491,701787848
1757662491,726353480
1757662491,730562648
1757662491,732883384
1757662491,758803016
1757662491,762949752
1757662491,764647048
1757662491,768634152
1757662491,785677944
1757662491,813465000
1757662491,829003752
1757662491,831974712
1757662491,834028280
1757662491,844291960
1757662491,856322136
1757662491,865594536
1757662491,870375992
1757662491,873859048
1757662491,876049368
1757662491,896942408
1757662491,920915304
1757662491,933666952
1757662491,962272520
1757662491,976559080
1757662491,983643848
1757662492,19195064
1757662492,56515896
1757662492,73277448
1757662492,75204696
1757662492,78171272
1757662492,85167448
1757662492,114911576
1757662492,121265784
1757662492,145767656
1757662492,160169144
1757662492,178779720
1757662492,201484696
1757662492,215592216
1757662492,226823080
1757662492,233072184
1757662492,250427496
1757662492,304508632
1757662492,312413720
1757662492,354815128
1757662492,367324808
1757662492,370246376
1757662492,375636936
1757662492,381351272
1757662492,387479336
1757662492,389941272
1757662492,403083416
1757662492,411023400
1757662492,436727672
1757662492,486838120
1757662492,526118984
1757662492,559069432
1757662492,569974008
1757662492,599643640
1757662492,622808136
1757662492,630536264
1757662492,644499112
1757662492,659284776
1757662492,699768088
1757662492,722840600
1757662492,730458104
1757662492,741344776
1757662492,746899736
1757662492,758691464
1757662492,795187512
1757662492,808611736
1757662492,839263912
1757662492,845139944
1757662492,870375560
1757662492,897802616
1757662492,912105256
1757662492,932648248
1757662492,948629144
1757662492,963163336
1757662492,992590232
1757662493,20544488
1757662493,39278712
1757662493,42590360
1757662493,78845544
1757662493,89585176
1757662493,100049976
1757662493,119482584
1757662493,132806392
1757662493,139038344
1757662493,152129480
1757662493,174058776
1757662493,191988008
1757662493,206259224
1757662493,229401624
1757662493,235118248
1757662493,240985128
1757662493,268852680
1757662493,316423928
1757662493,324766280
1757662493,326855256
1757662493,332154984
1757662493,336399864
1757662493,337618312
1757662493,356951720
1757662493,371024104
1757662493,377501688
1757662493,390276872
1757662493,392215096
1757662493,447405800
1757662493,458521880
1757662493,462927896
1757662493,470845016
1757662493,488632392
1757662493,492830888
1757662493,501700584
1757662493,523467832
1757662493,544324024
1757662493,559241096
1757662493,589585400
1757662493,601511592
1757662493,608674360
1757662493,614580744
1757662493,617722120
1757662493,620485560
1757662493,638997384
1757662493,641076328
1757662493,700466424
1757662493,709874888
1757662493,754037592
1757662493,757937480
1757662493,767741224
1757662493,790693160
1757662493,798711720
1757662493,810656968
1757662493,847389736
1757662493,849167016
1757662493,876651160
1757662493,906776760
1757662493,947049816
1757662493,955637048
1757662493,965911544
1757662493,972835736
1757662493,998970568
1757662494,21304136
1757662494,23616904
1757662494,33087320
1757662494,58025592
1757662494,70781672
1757662494,95406504
1757662494,105448600
1757662494,108407416
1757662494,114505976
1757662494,136533432
1757662494,185999112
1757662494,229618728
1757662494,235694472
1757662494,267682136
1757662494,270238792
1757662494,304733192
1757662494,315027256
1757662494,336401592
1757662494,368329080
1757662494,374679000
1757662494,396665368
1757662494,398536248
1757662494,400402184
1757662494,401684392
1757662494,409562456
1757662494,411522344
1757662494,439873768
1757662494,451602520
1757662494,501720792
1757662494,528496168
1757662494,562343144
1757662494,576663928
1757662494,586563576
1757662494,620987448
1757662494,636154520
1757662494,641962520
1757662494,649740408
1757662494,663190552
1757662494,697947800
1757662494,700498616
1757662494,708894200
1757662494,721492424
1757662494,735635160
1757662494,749025160
1757662494,763108344
1757662494,789095880
1757662494,790952312
1757662494,794074968
1757662494,814479960
1757662494,850998536
1757662494,873106392
1757662494,885094280
1757662494,888901496
1757662494,912847592
1757662494,993530488
1757662494,995251368
1757662494,999538552
1757662495,8295816
1757662495,17581432
1757662495,40942648
1757662495,43708168
1757662495,75150840
1757662495,86869320
1757662495,107764456
1757662495,129787880
1757662495,139690872
1757662495,170965784
1757662495,188012056
1757662495,219713736
1757662495,237324568
1757662495,249571832
1757662495,301163560
1757662495,307858680
1757662495,326707208
1757662495,330701528
1757662495,338323624
1757662495,352233656
1757662495,360951048
1757662495,398870728
1757662495,401156632
1757662495,411263432
1757662495,436814664
1757662495,450462648
1757662495,453427176
1757662495,464087592
1757662495,484483064
1757662495,501324920
1757662495,502951096
1757662495,507093096
1757662495,514190280
1757662495,526636712
1757662495,528059560
1757662495,534561640
1757662495,536726456
1757662495,546991400
1757662495,570354904
1757662495,625087048
1757662495,708151208
1757662495,732892792
1757662495,735733816
1757662495,739449176
1757662495,749403832
1757662495,761093224
1757662495,762177288
1757662495,768951768
1757662495,788580344
1757662495,803043720
1757662495,817847080
1757662495,833107768
1757662495,854321096
1757662495,867971160
1757662495,872518136
1757662495,918742600
1757662495,939430456
1757662495,949374552
1757662495,967410600
1757662495,978578456
1757662495,982165032
1757662495,990967240
1757662495,999161400
1757662496,1038296
1757662496,2345896
1757662496,24204296
1757662496,26761864
1757662496,43497000
1757662496,69240664
1757662496,71908968
1757662496,87445288
1757662496,90005944
1757662496,97816616
1757662496,140277688
1757662496,163063656
1757662496,169614840
1757662496,182489896
1757662496,195076408
1757662496,221787688
1757662496,233602040
1757662496,244710728
1757662496,246225928
1757662496,250431112
1757662496,260172664
1757662496,293616904
1757662496,302255704
1757662496,311866712
1757662496,314925496
1757662496,347961272
1757662496,357388712
1757662496,359578936
1757662496,365202600
1757662496,374179256
1757662496,387545336
1757662496,401175656
1757662496,423395544
1757662496,484537272
1757662496,487785832
1757662496,495361528
1757662496,508577288
1757662496,515862680
1757662496,550144616
1757662496,559597112
1757662496,566853176
1757662496,584019304
1757662496,616230456
1757662496,620025576
1757662496,627924376
1757662496,648051816
1757662496,691033384
1757662496,693095240
1757662496,732849240
1757662496,737222744
1757662496,760888632
1757662496,766153224
1757662496,772372296
1757662496,781540552
1757662496,844636008
1757662496,851449672
1757662496,874083128
1757662496,881676792
1757662496,885266936
1757662496,910990120
1757662496,936410872
1757662496,947373256
1757662496,999959528
1757662497,4810600
1757662497,17455768
1757662497,22523992
1757662497,24827080
1757662497,34283416
1757662497,41220456
1757662497,49367592
1757662497,88673032
1757662497,118307432
1757662497,142204616
1757662497,150657624
1757662497,152037368
1757662497,156262120
1757662497,189489208
1757662497,201025960
1757662497,223875896
1757662497,227316760
1757662497,236100248
1757662497,239368104
1757662497,257059560
1757662497,263859128
1757662497,278151928
1757662497,304996280
1757662497,312968712
1757662497,314177032
1757662497,332783480
1757662497,355900424
1757662497,364286184
1757662497,365921896
1757662497,373537032
1757662497,380384104
1757662497,388413064
1757662497,411632872
1757662497,433702296
1757662497,454630216
1757662497,492418584
1757662497,497094936
1757662497,501874248
1757662497,519612488
1757662497,534831704
1757662497,558607528
1757662497,573628216
1757662497,589839800
1757662497,634645944
1757662497,666153096
1757662497,672537176
1757662497,676553256
1757662497,686456536
1757662497,708486984
1757662497,712265864
1757662497,734268728
1757662497,750057288
1757662497,771493688
1757662497,789912568
1757662497,791124040
1757662497,796160344
1757662497,843439384
1757662497,905540872
1757662497,914158696
1757662497,977505704
1757662497,983946808
1757662497,987110584
1757662498,5234616
1757662498,11649496
1757662498,19768840
1757662498,49385896
1757662498,75284072
1757662498,95182280
1757662498,138252776
1757662498,139580120
1757662498,146416536
1757662498,154555768
1757662498,158091352
1757662498,163970264
1757662498,172118200
1757662498,173701624
1757662498,183817592
1757662498,195816760
1757662498,258780984
1757662498,290892680
1757662498,298021240
1757662498,299854280
1757662498,301469512
1757662498,324472760
1757662498,329249816
1757662498,350001032
1757662498,366731224
1757662498,369382776
1757662498,393837704
1757662498,399894072
1757662498,420994216
1757662498,432690888
1757662498,433719192
1757662498,435454424
1757662498,438523400
1757662498,439960664
1757662498,459723032
1757662498,465319320
1757662498,473163224
1757662498,481156616
1757662498,510757960
1757662498,513329528
1757662498,533926616
1757662498,538818696
1757662498,583026120
1757662498,586280824
1757662498,588348696
1757662498,608772088
1757662498,622656536
1757662498,628374536
1757662498,637202264
1757662498,638383288
1757662498,646702552
1757662498,649648744
1757662498,661785736
1757662498,663195896
1757662498,680863480
1757662498,683954424
1757662498,701923016
1757662498,748320072
1757662498,760434072
1757662498,779029976
1757662498,801095496
1757662498,834165704
1757662498,894239320
1757662498,906232472
1757662498,908376040
1757662498,914770488
1757662498,938807400
1757662498,983808904
1757662498,985410088
1757662498,994855368
1757662499,15152472
1757662499,40737784
1757662499,76008024
1757662499,138712616
1757662499,148299656
1757662499,151816312
1757662499,170848552
1757662499,174565448
1757662499,190886424
1757662499,253608472
1757662499,257427944
1757662499,270210440
1757662499,323624264
1757662499,340067144
1757662499,354234952
1757662499,377004504
1757662499,405073640
1757662499,440945496
1757662499,483925048
1757662499,489911096
1757662499,521826392
1757662499,527495048
1757662499,538423064
1757662499,541081416
1757662499,555679224
1757662499,561972968
1757662499,565382104
1757662499,578513448
1757662499,582075784
1757662499,591959208
1757662499,607700840
1757662499,616641864
1757662499,630210536
1757662499,665724568
1757662499,679467480
1757662499,680745720
1757662499,685983320
1757662499,710405480
1757662499,731903448
1757662499,744687000
1757662499,749752600
1757662499,774162168
1757662499,805080056
1757662499,859165368
1757662499,872426664
1757662499,898237512
1757662499,899586904
1757662499,918793720
1757662499,921747528
1757662499,925347464
1757662499,927512824
1757662499,935478616
1757662499,947651704
1757662499,963319880
1757662499,979502840
1757662499,982944552
1757662500,23558760
1757662500,29841192
1757662500,42929688
1757662500,46298360
1757662500,57692888
1757662500,91831784
1757662500,101020856
1757662500,117004760
1757662500,124442136
1757662500,143734376
1757662500,154040680
1757662500,202384760
1757662500,211690120
1757662500,214823288
1757662500,220145912
1757662500,225816456
1757662500,250069944
1757662500,256251832
1757662500,280111656
1757662500,288021560
1757662500,295178664
1757662500,299623240
1757662500,309777912
1757662500,315975464
1757662500,347361016
1757662500,351695592
1757662500,355492104
1757662500,366791032
1757662500,372836264
1757662500,375372648
1757662500,431267192
1757662500,454231592
1757662500,468805400
1757662500,473316344
1757662500,485152184
1757662500,487444152
1757662500,509125416
1757662500,519804728
1757662500,543724472
1757662500,553069112
1757662500,554521176
1757662500,562580376
1757662500,577754360
1757662500,591365736
1757662500,596550440
1757662500,598615112
1757662500,603203240
1757662500,608169928
1757662500,611528216
1757662500,661093192
1757662500,684454744
1757662500,686525032
1757662500,731408200
1757662500,823000600
1757662500,833805096
1757662500,852984184
1757662500,854094680
1757662500,855797976
1757662500,908574168
1757662500,914009896
1757662500,915475224
1757662500,935873256
1757662500,971511480
1757662500,972840424
1757662500,983940792
1757662501,620136
1757662501,4500504
1757662501,35288936
1757662501,52955096
1757662501,67131528
1757662501,73667144
1757662501,75590360
1757662501,87185544
1757662501,97473528
1757662501,102443144
1757662501,138502728
1757662501,144097736
1757662501,163544888
1757662501,179759528
1757662501,208550696
1757662501,232938536
1757662501,245863352
1757662501,287060312
1757662501,311561336
1757662501,313490200
1757662501,315035352
1757662501,321683192
1757662501,323368520
1757662501,332142616
1757662501,362078088
1757662501,369608472
1757662501,371143512
1757662501,373121384
1757662501,377088360
1757662501,398569640
1757662501,455224360
1757662501,460019560
1757662501,471614344
1757662501,475173544
1757662501,484392840
1757662501,530087560
1757662501,550580616
1757662501,564214248
1757662501,566647560
1757662501,572968456
1757662501,579269816
1757662501,589316968
1757662501,596387864
1757662501,621802072
1757662501,627264584
1757662501,632360040
1757662501,649240856
1757662501,682114600
1757662501,694403736
1757662501,699782696
1757662501,701113976
1757662501,713619608
1757662501,733043416
1757662501,753109720
1757662501,780021016
1757662501,791668488
1757662501,800950040
1757662501,812074216
1757662501,825572712
1757662501,826981832
1757662501,860705864
1757662501,878809720
1757662501,880785960
1757662501,943849032
1757662501,953680680
1757662502,6713512
1757662502,64138840
1757662502,65648744
1757662502,73682264
1757662502,96327384
1757662502,102355544
1757662502,106452712
1757662502,128786856
1757662502,136496440
1757662502,141246376
1757662502,152737144
1757662502,176907160
1757662502,178063352
1757662502,197686056
1757662502,219538104
1757662502,228785048
1757662502,234302616
1757662502,248554632
1757662502,261910184
1757662502,276901416
1757662502,289497432
1757662502,295599736
1757662502,347054744
1757662502,359187512
1757662502,365668904
1757662502,368490328
1757662502,388841816
1757662502,390070952
1757662502,396534616
1757662502,416549448
1757662502,441196296
1757662502,446944168
1757662502,457951352
1757662502,486183896
1757662502,536444760
1757662502,539061528
1757662502,546136840
1757662502,547417096
1757662502,604502600
1757662502,606755496
1757662502,614715160
1757662502,626679928
1757662502,631424104
1757662502,677518856
1757662502,682547992
1757662502,685251512
1757662502,690148120
1757662502,694536216
1757662502,710748680
1757662502,718133352
1757662502,775586376
1757662502,787618680
1757662502,790900232
1757662502,817004472
1757662502,829697880
1757662502,843433672
1757662502,887906632
1757662502,890395512
1757662502,892467272
1757662502,899408840
1757662502,906136888
1757662502,915444552
1757662502,940781640
1757662502,944207320
1757662503,3815192
1757662503,57661960
1757662503,71076920
1757662503,77844552
1757662503,79663064
1757662503,89779448
1757662503,109021736
1757662503,127280056
1757662503,144069736
1757662503,169924712
1757662503,213072488
1757662503,294729560
1757662503,296681080
1757662503,298435960
1757662503,310146952
1757662503,338645304
1757662503,342849736
1757662503,365886632
1757662503,378774936
1757662503,380176424
1757662503,390077048
1757662503,393649656
1757662503,401732152
1757662503,411735208
1757662503,421648520
1757662503,472254472
1757662503,486343096
1757662503,487851960
1757662503,491367224
1757662503,498913288
1757662503,518764264
1757662503,568746600
1757662503,612753736
1757662503,626353240
1757662503,692586040
1757662503,703670712
1757662503,710353384
1757662503,717340552
1757662503,719658472
1757662503,721912536
1757662503,737529928
1757662503,740906952
1757662503,742646808
1757662503,761470072
1757662503,823058120
1757662503,831094904
1757662503,839968184
1757662503,858864744
1757662503,874305368
1757662503,896785224
1757662503,912415736
1757662503,939066376
1757662503,967223352
1757662503,973078840
1757662504,31051432
1757662504,32882904
1757662504,36860504
1757662504,42362728
1757662504,61152824
1757662504,62814312
1757662504,76127528
1757662504,91867272
1757662504,95443912
1757662504,100694808
1757662504,142249368
1757662504,199800760
1757662504,208674552
1757662504,214492344
1757662504,222607336
1757662504,227631416
1757662504,232886040
1757662504,268360648
1757662504,286958616
1757662504,301686616
1757662504,326002952
1757662504,330202952
1757662504,332892440
1757662504,349453560
1757662504,353312360
1757662504,383468936
1757662504,406229704
1757662504,417222520
1757662504,440676952
1757662504,451753576
1757662504,453936872
1757662504,457302904
1757662504,471453000
1757662504,500023016
1757662504,506990952
1757662504,517789768
1757662504,533191192
1757662504,555252696
1757662504,557673608
1757662504,561755272
1757662504,599975048
1757662504,629059000
1757662504,630793736
1757662504,637102392
1757662504,645690072
1757662504,647814312
1757662504,668534808
1757662504,678885080
1757662504,701225592
1757662504,716374088
1757662504,727914904
1757662504,734927624
1757662504,743743768
1757662504,795820264
1757662504,797992088
1757662504,812427736
1757662504,818671544
1757662504,838533816
1757662504,842471736
1757662504,876346072
1757662504,880722488
1757662504,887101768
1757662504,900375144
1757662504,940871544
1757662504,951057560
1757662504,968650584
1757662504,999252776
1757662505,18956296
1757662505,22321720
1757662505,33568728
1757662505,40349144
1757662505,50568168
1757662505,57751272
1757662505,85352632
1757662505,96824744
1757662505,112329224
1757662505,122739880
1757662505,164369528
1757662505,173174072
1757662505,174756248
1757662505,184520120
1757662505,188447784
1757662505,218715704
1757662505,228424888
1757662505,251560104
1757662505,259393896
1757662505,260618136
1757662505,282529992
1757662505,339962584
1757662505,342964296
1757662505,346073288
1757662505,350528728
1757662505,354367912
1757662505,377526296
1757662505,388100536
1757662505,436176248
1757662505,439807208
1757662505,442826728
1757662505,454817336
1757662505,464044456
1757662505,473386248
1757662505,478078248
1757662505,483986392
1757662505,500557448
1757662505,522063240
1757662505,528377848
1757662505,532662136
1757662505,535141624
1757662505,555694152
1757662505,581138472
1757662505,593219640
1757662505,602078920
1757662505,625292008
1757662505,627203240
1757662505,632284232
1757662505,635539448
1757662505,645684152
1757662505,648154552
1757662505,650448824
1757662505,656974680
1757662505,683195336
1757662505,690254520
1757662505,699164184
1757662505,705075816
1757662505,768745768
1757662505,794384024
1757662505,797735400
1757662505,805535096
1757662505,826810712
1757662505,829926152
1757662505,836281608
1757662505,838403592
1757662505,860909800
1757662505,893541960
1757662505,899355928
1757662505,919482152
1757662505,925998680
1757662505,947063176
1757662505,959252520
1757662505,962249576
1757662505,991449416
1757662506,1704344
1757662506,26805272
1757662506,49527208
1757662506,71012408
1757662506,85961320
1757662506,116952408
1757662506,141895304
1757662506,178405304
1757662506,189674808
1757662506,201596424
1757662506,261899064
1757662506,271515592
1757662506,283411288
1757662506,323638440
1757662506,332583768
1757662506,345331480
1757662506,352721384
1757662506,373786344
1757662506,377150744
1757662506,384010904
1757662506,397596520
1757662506,400610456
1757662506,407356392
1757662506,447291304
1757662506,453012984
1757662506,463473928
1757662506,488786216
1757662506,491502984
1757662506,502100136
1757662506,521208840
1757662506,557564984
1757662506,568597624
1757662506,579019464
1757662506,585360776
1757662506,587055336
1757662506,595797000
1757662506,598182312
1757662506,609080520
1757662506,618134120
1757662506,632594920
1757662506,651086104
1757662506,678205208
1757662506,682868280
1757662506,693061304
1757662506,694315128
1757662506,700352648
1757662506,715125288
1757662506,727677672
1757662506,743994520
1757662506,748070168
1757662506,749440232
1757662506,751033992
1757662506,782851512
1757662506,825490984
1757662506,838914552
1757662506,844140120
1757662506,847149656
1757662506,849815128
1757662506,878992568
1757662506,890240808
1757662506,892111240
1757662506,923560840
1757662506,933560328
1757662506,957879544
1757662506,961094296
1757662506,962449096
1757662506,966823176
1757662506,976153144
1757662506,989129960
1757662506,996174968
1757662507,3604744
1757662507,5904392
1757662507,14642120
1757662507,36572088
1757662507,53156504
1757662507,64309624
1757662507,71131160
1757662507,80077224
1757662507,109499208
1757662507,122056792
1757662507,134064680
1757662507,151758504
1757662507,176976312
1757662507,186007352
1757662507,192515560
1757662507,227079096
1757662507,229048680
1757662507,233950904
1757662507,258740696
1757662507,301894824
1757662507,312795400
1757662507,324782200
1757662507,337771176
1757662507,346577848
1757662507,348998504
1757662507,352954344
1757662507,369556984
1757662507,398250424
1757662507,416820040
1757662507,446405128
1757662507,450145544
1757662507,463173512
1757662507,474315080
1757662507,511648280
1757662507,517368264
1757662507,518929640
1757662507,551390968
1757662507,555329928
1757662507,562424632
1757662507,563854136
1757662507,590330168
1757662507,628537336
1757662507,637026264
1757662507,646073656
1757662507,656277576
1757662507,658465176
1757662507,665779720
1757662507,706093288
1757662507,709479256
1757662507,715271608
1757662507,729828584
1757662507,733974856
1757662507,744407464
1757662507,775319768
1757662507,792878504
1757662507,800009736
1757662507,813698152
1757662507,855566600
1757662507,856631480
1757662507,870212616
1757662507,884507576
1757662507,904883528
1757662507,916394680
1757662507,922625080
1757662507,929003400
1757662507,931690856
1757662507,938813592
1757662507,992274376
1757662507,995087208
1757662508,7275304
1757662508,23845736
1757662508,27928232
1757662508,37648840
1757662508,42400376
1757662508,51043032
1757662508,58767656
1757662508,64067688
1757662508,66068232
1757662508,68561704
1757662508,104825096
1757662508,114717544
1757662508,121740872
1757662508,135487336
1757662508,138966632
1757662508,143994136
1757662508,158076712
1757662508,159655960
1757662508,163214008
1757662508,170229928
1757662508,173774376
1757662508,178731032
1757662508,185247000
1757662508,218460088
1757662508,255717448
1757662508,267255912
1757662508,269526440
1757662508,283887688
1757662508,285101032
1757662508,294373560
1757662508,301091784
1757662508,310527384
1757662508,322906632
1757662508,350929752
1757662508,361723416
1757662508,370742248
1757662508,387097464
1757662508,392680392
1757662508,404754696
1757662508,413094152
1757662508,416440728
1757662508,439416040
1757662508,445505192
1757662508,449046808
1757662508,453036952
1757662508,478665816
1757662508,497241816
1757662508,506350392
1757662508,518509880
1757662508,519932088
1757662508,558095320
1757662508,576544664
1757662508,592425784
1757662508,656008712
1757662508,719455960
1757662508,725857624
1757662508,731730904
1757662508,744784280
1757662508,746562008
1757662508,771354520
1757662508,773915496
1757662508,776948600
1757662508,789291928
1757662508,801278872
1757662508,811081608
1757662508,816272920
1757662508,844249320
1757662508,857337128
1757662508,877956984
1757662508,879872440
1757662508,882152360
1757662508,895001768
1757662508,896753032
1757662508,905024168
1757662508,934136120
1757662508,983124200
1757662508,993355160
1757662508,997787688
1757662509,21801720
1757662509,24574872
1757662509,46379048
1757662509,102052248
1757662509,104175000
1757662509,107126216
1757662509,120958936
1757662509,161467928
1757662509,171702888
1757662509,208741576
1757662509,218086040
1757662509,225967848
1757662509,242896328
1757662509,265468888
1757662509,279072728
1757662509,295732392
1757662509,296990952
1757662509,302011704
1757662509,305140072
1757662509,332722216
1757662509,340543848
1757662509,357165208
1757662509,362018376
1757662509,377914488
1757662509,381243736
1757662509,390744664
1757662509,419539880
1757662509,438371768
1757662509,451211928
1757662509,454057000
1757662509,458296728
1757662509,466085192
1757662509,467582808
1757662509,510845128
1757662509,524669304
1757662509,546112872
1757662509,591520392
1757662509,594231160
1757662509,607294216
1757662509,612429800
1757662509,644263064
1757662509,680696872
1757662509,682024280
1757662509,704058280
1757662509,721824792
1757662509,729650104
1757662509,731100888
1757662509,746998424
1757662509,749305576
1757662509,763733624
1757662509,777623144
1757662509,779796984
1757662509,793292440
1757662509,802264088
1757662509,809003224
1757662509,814018488
1757662509,821091656
1757662509,829844072
1757662509,837875656
1757662509,848129416
1757662509,885134472
1757662509,889904456
1757662509,933700584
1757662509,937339272
1757662509,942173704
1757662509,968456440
1757662509,981145400
1757662509,993872904
1757662510,27596520
1757662510,41497304
1757662510,46877912
1757662510,68103048
1757662510,74379048
1757662510,89873816
1757662510,91425480
1757662510,125631592
1757662510,135367400
1757662510,137963624
1757662510,150484808
1757662510,174260488
1757662510,201937480
1757662510,206732776
1757662510,210195352
1757662510,221859656
1757662510,236415640
1757662510,248091432
1757662510,251446760
1757662510,279606776
1757662510,295117352
1757662510,310405128
1757662510,335557768
1757662510,349268872
1757662510,370235128
1757662510,388897080
1757662510,395994488
1757662510,398182696
1757662510,418423640
1757662510,454944840
1757662510,456763672
1757662510,459022600
1757662510,500962344
1757662510,506554840
1757662510,511320616
1757662510,521254904
1757662510,543450568
1757662510,549469352
1757662510,554606296
1757662510,564784552
1757662510,570712696
1757662510,575210312
1757662510,591777688
1757662510,594369144
1757662510,601274696
1757662510,623271688
1757662510,634020856
1757662510,641407448
1757662510,680213208
1757662510,693416472
1757662510,717649032
1757662510,735823144
1757662510,763160712
1757662510,771497544
1757662510,776699976
1757662510,781580632
1757662510,791529592
1757662510,803757976
1757662510,841095976
1757662510,857765288
1757662510,900137496
1757662510,923284024
1757662510,959337944
1757662510,966409256
1757662510,995444216
1757662511,1013848
1757662511,23974712
1757662511,60656152
1757662511,68186024
1757662511,114526872
1757662511,122202856
1757662511,130858664
1757662511,135310408
1757662511,147658088
1757662511,172646984
1757662511,178954120
1757662511,182097720
1757662511,200805672
1757662511,216915528
1757662511,233306376
1757662511,238734968
1757662511,255387672
1757662511,257753992
1757662511,273194744
1757662511,294745784
1757662511,312321320
1757662511,317692344
1757662511,335942808
1757662511,339455944
1757662511,354916184
1757662511,396364136
1757662511,419103976
1757662511,439385352
1757662511,457927544
1757662511,496207528
1757662511,503800088
1757662511,516018856
1757662511,536737432
1757662511,540608056
1757662511,552934984
1757662511,561365400
1757662511,575778616
1757662511,588628120
1757662511,634471352
1757662511,680298888
1757662511,705711864
1757662511,713738824
1757662511,720302760
1757662511,734112168
1757662511,744332296
1757662511,746404216
1757662511,750883672
1757662511,770338312
1757662511,824712264
1757662511,829474552
1757662511,831963736
1757662511,840670648
1757662511,845872984
1757662511,888877016
1757662511,889965496
1757662511,961549496
1757662512,19416456
1757662512,26774472
1757662512,34069128
1757662512,55085064
1757662512,67730264
1757662512,95926216
1757662512,167884456
1757662512,174362568
1757662512,185164584
1757662512,212019352
1757662512,217856440
1757662512,227842520
1757662512,238508712
1757662512,243180088
1757662512,253488264
1757662512,256521096
1757662512,268093624
1757662512,296094472
1757662512,300949272
1757662512,320850168
1757662512,335485816
1757662512,347425240
1757662512,366852264
1757662512,379590152
1757662512,390091752
1757662512,398787960
1757662512,402184328
1757662512,407573192
1757662512,409319272
1757662512,418567992
1757662512,424736248
1757662512,426902632
1757662512,435238984
1757662512,447564600
1757662512,466491400
1757662512,473134536
1757662512,488418328
1757662512,501199384
1757662512,528615000
1757662512,536140904
1757662512,554334008
1757662512,568559240
1757662512,571124728
1757662512,590180600
1757662512,593606840
1757662512,601897928
1757662512,612481624
1757662512,619247912
1757662512,623065928
1757662512,657327912
1757662512,677582872
1757662512,689655768
1757662512,721403240
1757662512,722789432
1757662512,744158616
1757662512,758570936
1757662512,762016296
1757662512,792655464
1757662512,798287032
1757662512,821119560
1757662512,827301864
1757662512,840519544
1757662512,847766456
1757662512,862536328
1757662512,868302744
1757662512,879199576
1757662512,907774792
1757662512,920323752
1757662512,949690456
1757662512,950949192
1757662512,956885432
1757662512,987019960
1757662513,8732712
1757662513,21726824
1757662513,23777016
1757662513,29636728
1757662513,32660888
1757662513,35347176
1757662513,43180376
1757662513,45595992
1757662513,58301064
1757662513,64626984
1757662513,88251464
1757662513,116721240
1757662513,139710376
1757662513,161475752
1757662513,169866312
1757662513,271559592
1757662513,279533080
1757662513,297511416
1757662513,318849448
1757662513,326603480
1757662513,328331592
1757662513,336137256
1757662513,337764312
1757662513,344109656
1757662513,360349448
1757662513,367062952
1757662513,371016072
1757662513,383147592
1757662513,384223240
1757662513,387786168
1757662513,407882696
1757662513,417440216
1757662513,483268280
1757662513,493965368
1757662513,497681592
1757662513,522667256
1757662513,525186120
1757662513,531815912
1757662513,546789560
1757662513,564648376
1757662513,590499976
1757662513,605511048
1757662513,609211576
1757662513,618249432
1757662513,619358792
1757662513,629865368
1757662513,632718616
1757662513,682287848
1757662513,699768136
1757662513,722593560
1757662513,728582216
1757662513,732322728
1757662513,733837176
1757662513,739354824
1757662513,741911608
1757662513,752919176
1757662513,772377688
1757662513,805389176
1757662513,807950936
1757662513,814836488
1757662513,857121736
1757662513,866230328
1757662513,871599384
1757662513,901733144
1757662513,940217672
1757662513,947351448
1757662513,955518344
1757662513,958978792
1757662513,966521896
1757662513,992737240
1757662514,4880136
1757662514,29406344
1757662514,51557448
1757662514,62907832
1757662514,66352728
1757662514,74377352
1757662514,81750712
1757662514,89695208
1757662514,95712680
1757662514,99175928
1757662514,102142664
1757662514,106679960
1757662514,111201256
1757662514,112668696
1757662514,142091080
1757662514,152163848
1757662514,158455288
1757662514,163757592
1757662514,191186584
1757662514,200190744
1757662514,209492696
1757662514,219730664
1757662514,222441976
1757662514,228750696
1757662514,270797624
1757662514,272988104
1757662514,277111624
1757662514,278289640
1757662514,285974856
1757662514,287889944
1757662514,331569256
1757662514,359588760
1757662514,389953928
1757662514,447376264
1757662514,493302392
1757662514,516337112
1757662514,521737256
1757662514,523826584
1757662514,540322552
1757662514,547722344
1757662514,553601704
1757662514,555359096
1757662514,556659512
1757662514,558204616
1757662514,573500152
1757662514,594049960
1757662514,604869368
1757662514,609824552
1757662514,612695128
1757662514,624077880
1757662514,647789336
1757662514,688567544
1757662514,707815624
1757662514,714113320
1757662514,718422104
1757662514,728862008
1757662514,732182168
1757662514,740177000
1757662514,745243336
1757662514,763171880
1757662514,841094952
1757662514,845579016
1757662514,865875112
1757662514,875951448
1757662514,889198344
1757662514,891107704
1757662514,893975592
1757662514,934153768
1757662514,944403336
1757662514,984269208
1757662514,999529032
1757662515,104002616
1757662515,131617816
1757662515,135940024
1757662515,141313624
1757662515,167232504
1757662515,175085304
1757662515,184830136
1757662515,211377208
1757662515,225874840
1757662515,234922856
1757662515,248732984
1757662515,255641864
1757662515,268924056
1757662515,286149832
1757662515,298239752
1757662515,378780376
1757662515,393481240
1757662515,394966440
1757662515,404321560
1757662515,414180552
1757662515,437986104
1757662515,448348424
1757662515,460978152
1757662515,482054488
1757662515,484931448
1757662515,488067288
1757662515,499280744
1757662515,501283848
1757662515,514290824
1757662515,520794424
1757662515,525175416
1757662515,589683352
1757662515,603350280
1757662515,616982216
1757662515,689163176
1757662515,692429368
1757662515,702749560
1757662515,715740232
1757662515,743406536
1757662515,759191528
1757662515,771191128
1757662515,791966296
1757662515,795788744
1757662515,835121448
1757662515,842832440
1757662515,865949448
1757662515,870650056
1757662515,880519496
1757662515,882738552
1757662515,890383608
1757662515,894871240
1757662515,942410808
1757662515,959158280
1757662515,964571256
1757662515,975141544
1757662515,976484920
1757662516,12947560
1757662516,31267800
1757662516,49420552
1757662516,58533240
1757662516,61490248
1757662516,67550520
1757662516,95218232
1757662516,140740168
1757662516,162691880
1757662516,233425720
1757662516,236040840
1757662516,250003304
1757662516,271203496
1757662516,281955688
1757662516,288562264
1757662516,293939512
1757662516,313768760
1757662516,329033768
1757662516,350658792
1757662516,353770040
1757662516,372322392
1757662516,405274952
1757662516,415649784
1757662516,421117064
1757662516,436865688
1757662516,442716024
1757662516,444216152
1757662516,529300680
1757662516,532339672
1757662516,608512040
1757662516,609828712
1757662516,703671368
1757662516,723240520
1757662516,730666776
1757662516,732282504
1757662516,735609032
1757662516,760813704
1757662516,772413864
1757662516,814618104
1757662516,816872984
1757662516,828689544
1757662516,841719960
1757662516,843131752
1757662516,845311592
1757662516,860468648
1757662516,878281416
1757662516,887929944
1757662516,931495560
1757662516,944369480
1757662516,963890152
1757662516,990155848
1757662517,9199368
1757662517,32276584
1757662517,37341816
1757662517,47586296
1757662517,90593384
1757662517,109518776
1757662517,111255528
1757662517,147109640
1757662517,148691544
1757662517,166437992
1757662517,174366632
1757662517,191969000
1757662517,208886904
1757662517,217083096
1757662517,220281544
1757662517,223390504
1757662517,228117576
1757662517,230313560
1757662517,237659336
1757662517,248494840
1757662517,279564216
1757662517,281287176
1757662517,294578744
1757662517,305541416
1757662517,312290328
1757662517,321077496
1757662517,323236104
1757662517,328234136
1757662517,353788456
1757662517,357690504
1757662517,359781432
1757662517,389526344
1757662517,402760728
1757662517,406536104
1757662517,408417240
1757662517,425771112
1757662517,432754584
1757662517,436776968
1757662517,439364088
1757662517,450374456
1757662517,454956968
1757662517,471166424
1757662517,525667256
1757662517,543123816
1757662517,554916408
1757662517,558672472
1757662517,563406040
1757662517,581843560
1757662517,608458712
1757662517,616520232
1757662517,621716312
1757662517,646328312
1757662517,652872616
1757662517,695831144
1757662517,703067064
1757662517,783109624
1757662517,793713464
1757662517,806603080
1757662517,844107032
1757662517,877810984
1757662517,898021464
1757662517,900102168
1757662517,922941688
1757662517,947368808
1757662517,959621880
1757662517,979423400
1757662517,994829864
1757662517,997641464
1757662518,20958712
1757662518,49560488
1757662518,60849048
1757662518,67281384
1757662518,114586808
1757662518,160421336
1757662518,186763240
1757662518,187898328
1757662518,200952152
1757662518,220093624
1757662518,224512248
1757662518,241025720
1757662518,266411240
1757662518,283825160
1757662518,296441864
1757662518,334031544
1757662518,342087096
1757662518,346177912
1757662518,354279256
1757662518,355654760
1757662518,366313304
1757662518,370131704
1757662518,462843896
1757662518,487068712
1757662518,489721640
1757662518,496497032
1757662518,505605864
1757662518,521301384
1757662518,551656904
1757662518,553617784
1757662518,572094392
1757662518,581311992
1757662518,624127240
1757662518,630742600
1757662518,639895064
1757662518,643349944
1757662518,649851976
1757662518,652162296
1757662518,655407768
1757662518,662004936
1757662518,667895768
1757662518,675795160
1757662518,679527768
1757662518,704255464
1757662518,761724344
1757662518,814862648
1757662518,834065960
1757662518,857230072
1757662518,871918696
1757662518,874238696
1757662518,938942488
1757662518,948416680
1757662518,953197224
1757662518,966077304
1757662518,980155096
1757662518,981195304
1757662518,984029000
1757662518,988882984
1757662518,990354104
1757662519,51889112
1757662519,58437096
1757662519,66938280
1757662519,85052872
1757662519,88372648
1757662519,91667304
1757662519,94722776
1757662519,114296168
1757662519,121640712
1757662519,129202712
1757662519,153980616
1757662519,163250792
1757662519,205080392
1757662519,219864776
1757662519,273575112
1757662519,336512760
1757662519,341217544
1757662519,348349320
1757662519,353841864
1757662519,358993704
1757662519,377270888
1757662519,390524888
1757662519,402600104
1757662519,415517224
1757662519,448383768
1757662519,459528760
1757662519,501970776
1757662519,510480520
1757662519,511737512
1757662519,526263656
1757662519,527779304
1757662519,554642312
1757662519,556939096
1757662519,565173528
1757662519,586037544
1757662519,594779256
1757662519,596186936
1757662519,598344504
1757662519,692363048
1757662519,694388152
1757662519,706056712
1757662519,728163432
1757662519,730057864
1757662519,733634680
1757662519,738999992
1757662519,746143608
1757662519,758213736
1757662519,761926024
1757662519,764819304
1757662519,869736808
1757662519,894856584
1757662519,976577688
1757662519,981176584
1757662519,994613768
1757662520,30274664
1757662520,42175080
1757662520,70892872
1757662520,77558632
1757662520,81706888
1757662520,84346536
1757662520,90808776
1757662520,92485896
1757662520,113542472
1757662520,119459240
1757662520,134826824
1757662520,149209656
1757662520,160354088
1757662520,182840056
1757662520,185374152
1757662520,187470584
1757662520,201915464
1757662520,220166440
1757662520,273991944
1757662520,291620312
1757662520,307839640
1757662520,322011432
1757662520,350232936
1757662520,358291192
1757662520,368824360
1757662520,370829608
1757662520,374006184
1757662520,386363448
1757662520,413830840
1757662520,415380488
1757662520,463088168
1757662520,476330680
1757662520,486104472
1757662520,489011960
1757662520,602666904
1757662520,605428216
1757662520,616902328
1757662520,629703112
1757662520,639239816
1757662520,642664024
1757662520,645838824
1757662520,659064072
1757662520,662661624
1757662520,663737656
1757662520,667410664
1757662520,689374488
1757662520,701851080
1757662520,711229512
1757662520,782384472
1757662520,815266936
1757662520,818711144
1757662520,825580952
1757662520,828859688
1757662520,886901560
1757662520,912820888
1757662520,919935592
1757662520,936935400
1757662520,959316200
1757662521,2597352
1757662521,21980184
1757662521,31312936
1757662521,89221624
1757662521,92140680
1757662521,134380680
1757662521,142068136
1757662521,155711576
1757662521,172785560
1757662521,174425608
1757662521,190671384
1757662521,205487800
1757662521,243319752
1757662521,275930488
1757662521,278097352
1757662521,286134312
1757662521,289784856
1757662521,298231848
1757662521,315394040
1757662521,334836088
1757662521,351630616
1757662521,379202936
1757662521,479683640
1757662521,530161800
1757662521,534179448
1757662521,553311240
1757662521,566878664
1757662521,571118920
1757662521,577123656
1757662521,591185848
1757662521,618473832
1757662521,637808760
1757662521,641374376
1757662521,663614424
1757662521,670205000
1757662521,673577656
1757662521,677218296
1757662521,680462008
1757662521,729200648
1757662521,731344792
1757662521,738440744
1757662521,744692312
1757662521,781770232
1757662521,835553704
1757662521,849798824
1757662521,864895400
1757662521,876673992
1757662521,883676808
1757662521,893501592
1757662521,909606968
1757662521,911089784
1757662521,916292840
1757662521,923054280
1757662521,932303096
1757662521,946653304
1757662521,948410040
1757662521,950481656
1757662521,955601880
1757662521,958511432
1757662521,981016424
1757662522,115128
1757662522,23303752
1757662522,32013736
1757662522,44374296
1757662522,66942824
1757662522,69378216
1757662522,78398424
1757662522,81220680
1757662522,85696488
1757662522,98877960
1757662522,114592408
1757662522,149544744
1757662522,160609608
1757662522,189264872
1757662522,191472504
1757662522,201888120
1757662522,227912424
1757662522,248248664
1757662522,263003432
1757662522,276342088
1757662522,320680056
1757662522,322342264
1757662522,333710328
1757662522,358246568
1757662522,360434504
1757662522,372647160
1757662522,380319224
1757662522,407526616
1757662522,415871320
1757662522,418758920
1757662522,422315816
1757662522,424301656
1757662522,428382056
1757662522,438119720
1757662522,451722632
1757662522,463954472
1757662522,482987176
1757662522,484973656
1757662522,520337832
1757662522,542169880
1757662522,557005912
1757662522,577718680
1757662522,587970088
1757662522,593148600
1757662522,652957128
1757662522,687083000
1757662522,696853912
1757662522,705180456
1757662522,716929432
1757662522,736421016
1757662522,741715912
1757662522,748766792
1757662522,759727848
1757662522,796314952
1757662522,804842952
1757662522,826954616
1757662522,834425464
1757662522,856721032
1757662522,858295752
1757662522,886864376
1757662522,888495224
1757662522,894055208
1757662522,896653112
1757662522,897734920
1757662522,928105032
1757662522,937437960
1757662522,995944152
1757662523,30633704
1757662523,40258776
1757662523,43946120
1757662523,55428888
1757662523,58775048
1757662523,74835016
1757662523,92112888
1757662523,94208504
1757662523,116064856
1757662523,141918984
1757662523,150084936
1757662523,194394760
1757662523,229256872
1757662523,248782120
1757662523,253060664
1757662523,268148952
1757662523,283988360
1757662523,288748760
1757662523,317473096
1757662523,318697640
1757662523,340992840
1757662523,358229816
1757662523,361705144
1757662523,386931960
1757662523,395723592
1757662523,406833864
1757662523,460029768
1757662523,463824696
1757662523,468380728
1757662523,478267672
1757662523,483594616
1757662523,502327448
1757662523,551331288
1757662523,577459160
1757662523,590823560
1757662523,643497208
1757662523,685373208
1757662523,699155096
1757662523,702455320
1757662523,732793384
1757662523,745646200
1757662523,749030008
1757662523,753947000
1757662523,765220248
1757662523,774085624
1757662523,781767944
1757662523,820011192
1757662523,822043192
1757662523,837907096
1757662523,846005016
1757662523,854044552
1757662523,895004248
1757662523,909833528
1757662523,914632504
1757662523,957382168
1757662523,976505128
1757662523,984941240
1757662523,992957640
1757662524,7752440
1757662524,13291752
1757662524,46146312
1757662524,50152184
1757662524,61428280
1757662524,73189256
1757662524,115722456
1757662524,119358488
1757662524,126742536
1757662524,149760008
1757662524,165055032
1757662524,197011224
1757662524,204422024
1757662524,218154472
1757662524,223989992
1757662524,243430984
1757662524,279954536
1757662524,325468008
1757662524,331886232
1757662524,353711736
1757662524,357827320
1757662524,409774952
1757662524,449056056
1757662524,453240536
1757662524,461016616
1757662524,463124968
1757662524,535115992
1757662524,542580344
1757662524,563261816
1757662524,567678456
1757662524,582237240
1757662524,591755432
1757662524,632197192
1757662524,666124904
1757662524,674642264
1757662524,680627608
1757662524,687142952
1757662524,705870200
1757662524,736352600
1757662524,738424408
1757662524,747944072
1757662524,757792968
1757662524,761476840
1757662524,835710360
1757662524,837258392
1757662524,840292344
1757662524,861284616
1757662524,893936952
1757662524,910489912
1757662524,914201544
1757662524,917730008
1757662524,994180504
1757662525,16691560
1757662525,21219640
1757662525,23852456
1757662525,41986376
1757662525,47222056
1757662525,106242648
1757662525,137086648
1757662525,139183640
1757662525,158782648
1757662525,184619032
1757662525,198341048
1757662525,201636824
1757662525,203839144
1757662525,208415752
1757662525,231403544
1757662525,236875928
1757662525,240429432
1757662525,253772856
1757662525,273576584
1757662525,284147832
1757662525,319046408
1757662525,326630072
1757662525,357938424
1757662525,384075368
1757662525,395479032
1757662525,398460040
1757662525,404319288
1757662525,432738408
1757662525,439630744
1757662525,455430888
1757662525,468497096
1757662525,482148120
1757662525,515661400
1757662525,536702152
1757662525,573406952
1757662525,583679512
1757662525,630185736
1757662525,642335208
1757662525,673381848
1757662525,679111784
1757662525,700550088
1757662525,701926136
1757662525,704899368
1757662525,722947976
1757662525,735755656
1757662525,741091992
1757662525,770393848
1757662525,777456968
1757662525,788326664
1757662525,805997944
1757662525,814890040
1757662525,830623640
1757662525,851747352
1757662525,857287256
1757662525,875942168
1757662525,890129720
1757662525,894587752
1757662525,902936616
1757662525,923531592
1757662525,934831640
1757662525,952968888
1757662525,966077624
1757662525,969856920
1757662525,993934648
1757662526,24645672
1757662526,45638888
1757662526,105658536
1757662526,151396968
1757662526,178379816
1757662526,188735560
1757662526,197427928
1757662526,199606856
1757662526,206030952
1757662526,213570136
1757662526,221589784
1757662526,245782344
1757662526,282211832
1757662526,295029864
1757662526,304348008
1757662526,315521464
1757662526,325792312
1757662526,327106568
1757662526,340815160
1757662526,382372520
1757662526,442652792
1757662526,464520792
1757662526,468514440
1757662526,498238952
1757662526,526813176
1757662526,532573896
1757662526,534428088
1757662526,539373544
1757662526,553301560
1757662526,572158040
1757662526,575403272
1757662526,579090616
1757662526,582569256
1757662526,612929288
1757662526,632709640
1757662526,652719112
1757662526,668705672
1757662526,678947544
1757662526,697237720
1757662526,714382392
1757662526,721898392
1757662526,725389480
1757662526,751053448
1757662526,765482680
1757662526,787739192
1757662526,790577208
1757662526,798512872
1757662526,799882120
1757662526,801960888
1757662526,811376376
1757662526,827631448
1757662526,831046296
1757662526,843001816
1757662526,848453112
1757662526,860318360
1757662526,873389464
1757662526,875569464
1757662526,920181784
1757662526,926958696
1757662526,934467080
1757662526,944831976
1757662526,950523224
1757662526,956124632
1757662526,985583592
1757662526,987836632
1757662527,2977640
1757662527,5634840
1757662527,20146968
1757662527,33934008
1757662527,56024216
1757662527,57823400
1757662527,60405624
1757662527,122208792
1757662527,143310440
1757662527,164421928
1757662527,228729672
1757662527,250823272
1757662527,262883192
1757662527,284336168
1757662527,290992232
1757662527,293208120
1757662527,301497880
1757662527,304650776
1757662527,307630088
1757662527,309224616
1757662527,322373960
1757662527,326056920
1757662527,339115832
1757662527,349159576
1757662527,360566728
1757662527,389264072
1757662527,396299560
1757662527,407243064
1757662527,434143048
1757662527,484331000
1757662527,493180744
1757662527,510569608
1757662527,531528312
1757662527,546859032
1757662527,556172744
1757662527,561181048
1757662527,591849080
1757662527,603790984
1757662527,604901432
1757662527,630296392
1757662527,638686872
1757662527,651740536
1757662527,685226920
1757662527,687129176
1757662527,705816808
1757662527,708704536
1757662527,713420936
1757662527,729511752
1757662527,738493720
1757662527,751806584
1757662527,764667976
1757662527,768979800
1757662527,776032696
1757662527,785964872
1757662527,813453096
1757662527,817791000
1757662527,839728344
1757662527,840998360
1757662527,846994776
1757662527,852877912
1757662527,857413432
1757662527,861977384
1757662527,911814328
1757662527,915563512
1757662527,924726456
1757662527,929462168
1757662527,933912344
1757662527,936234472
1757662527,939756568
1757662527,974685432
1757662528,2431960
1757662528,7198456
1757662528,20074168
1757662528,25938552
1757662528,40912840
1757662528,58589144
1757662528,91162184
1757662528,116470936
1757662528,129480056
1757662528,136961400
1757662528,146791624
1757662528,166498184
1757662528,170967000
1757662528,172617624
1757662528,188279448
1757662528,215037112
1757662528,256658136
1757662528,261718872
1757662528,271131944
1757662528,281188376
1757662528,298562728
1757662528,357424168
1757662528,363857096
1757662528,428189576
1757662528,430229544
1757662528,447319624
1757662528,454952280
1757662528,470146456
1757662528,473632648
1757662528,503089144
1757662528,555059256
1757662528,571676808
1757662528,576595208
1757662528,597132040
1757662528,599878328
1757662528,615828024
1757662528,652169320
1757662528,693587928
1757662528,731683736
1757662528,762107016
1757662528,763895960
1757662528,777300440
1757662528,785045624
1757662528,798305000
1757662528,800352120
1757662528,815031576
1757662528,823000936
1757662528,835640456
1757662528,873386024
1757662528,909209992
1757662528,922365688
1757662528,926146392
1757662528,930250328
1757662528,935920168
1757662528,941977528
1757662528,945106904
1757662528,952787544
1757662528,960330248
1757662528,963480216
1757662529,2536744
1757662529,13124792
1757662529,32963880
1757662529,65673224
1757662529,75699400
1757662529,83509496
1757662529,109999208
1757662529,111216600
1757662529,122661304
1757662529,143126072
1757662529,174271864
1757662529,179865368
1757662529,192708744
1757662529,194798408
1757662529,211685400
1757662529,228746488
1757662529,254460536
1757662529,279336584
1757662529,296702776
1757662529,299392824
1757662529,311412488
1757662529,318161144
1757662529,334396968
1757662529,356286712
1757662529,409687752
1757662529,414537128
1757662529,428955000
1757662529,439956344
1757662529,447755592
1757662529,449661512
1757662529,471847080
1757662529,473699448
1757662529,478840680
1757662529,495881032
1757662529,518401848
1757662529,527174008
1757662529,544826552
1757662529,557994776
1757662529,574051512
1757662529,589995528
1757662529,605884120
1757662529,609880520
1757662529,613824040
1757662529,633073304
1757662529,637426488
1757662529,640710888
1757662529,643876472
1757662529,666129432
1757662529,669189768
1757662529,682048952
1757662529,685373688
1757662529,686812824
1757662529,708267160
1757662529,725750008
1757662529,727529128
1757662529,729662264
1757662529,773498760
1757662529,782481352
1757662529,785974456
1757662529,812479160
1757662529,817618200
1757662529,828283816
1757662529,851594824
1757662529,859632664
1757662529,868961112
1757662529,873485352
1757662529,900742376
1757662529,910436184
1757662529,927194952
1757662529,935548840
1757662529,940429128
1757662529,944670328
1757662529,962374152
1757662530,5974824
1757662530,9227032
1757662530,15645944
1757662530,22065672
1757662530,49371384
1757662530,53390088
1757662530,59649800
1757662530,65169320
1757662530,73712696
1757662530,82507496
1757662530,147730984
1757662530,155286056
1757662530,176983624
1757662530,251438056
1757662530,272921800
1757662530,280133768
1757662530,327077048
1757662530,355417432
1757662530,418514040
1757662530,467760392
1757662530,485380728
1757662530,494046904
1757662530,508993896
1757662530,517117624
1757662530,526510472
1757662530,528820856
1757662530,572171608
1757662530,594985080
1757662530,607129128
1757662530,609247160
1757662530,615327032
1757662530,628141352
1757662530,639445832
1757662530,646782536
1757662530,684808904
1757662530,697076008
1757662530,699908488
1757662530,729040152
1757662530,758303112
1757662530,770556984
1757662530,790564376
1757662530,792896216
1757662530,804365224
1757662530,810402008
1757662530,825838392
1757662530,833047480
1757662530,842902856
1757662530,871159672
1757662530,944641736
1757662530,946783336
1757662530,959960184
1757662530,982002232
1757662530,993631688
1757662531,1862328
1757662531,4429304
1757662531,26772632
1757662531,29339384
1757662531,32904232
1757662531,46667880
1757662531,49756936
1757662531,92871736
1757662531,103659560
1757662531,106564536
1757662531,112999768
1757662531,115196136
1757662531,119118168
1757662531,128819288
1757662531,174388104
1757662531,179845016
1757662531,198193864
1757662531,200732616
1757662531,204977960
1757662531,228230984
1757662531,246535832
1757662531,247710152
1757662531,250899736
1757662531,253402168
1757662531,256160712
1757662531,258945256
1757662531,294308040
1757662531,318543896
1757662531,320146792
1757662531,328413288
1757662531,345046088
1757662531,349449736
1757662531,362826808
1757662531,394145192
1757662531,397726712
1757662531,399424920
1757662531,424797288
1757662531,430087272
1757662531,440705560
1757662531,445411096
1757662531,453614040
1757662531,488827192
1757662531,503604504
1757662531,505253640
1757662531,510636904
1757662531,548697544
1757662531,572118456
1757662531,615598200
1757662531,641398216
1757662531,655925288
1757662531,660378616
1757662531,661812504
1757662531,681230056
1757662531,687752184
1757662531,699459128
1757662531,710220408
1757662531,716664072
1757662531,720218440
1757662531,736957880
1757662531,741661000
1757662531,762135176
1757662531,784939496
1757662531,801660360
1757662531,829062424
1757662531,845726680
1757662531,848062888
1757662531,868697576
1757662531,872521848
1757662531,877077672
1757662531,879775688
1757662531,891162712
1757662531,908353976
1757662531,927911576
1757662531,954418632
1757662531,960701752
1757662531,966884648
1757662532,51940104
1757662532,63125944
1757662532,68311512
1757662532,70839800
1757662532,96424056
1757662532,165618552
1757662532,169666056
1757662532,189683096
1757662532,218254728
1757662532,220654792
1757662532,236488824
1757662532,239317528
1757662532,290933832
1757662532,316165944
1757662532,341108728
1757662532,387678840
1757662532,389035816
1757662532,391578680
1757662532,398075592
1757662532,408203784
1757662532,412643560
1757662532,421407464
1757662532,427601048
1757662532,451563688
1757662532,452659144
1757662532,487551432
1757662532,522116328
1757662532,529431752
1757662532,541378216
1757662532,585041304
1757662532,589328488
1757662532,596137944
1757662532,612442872
1757662532,624233144
1757662532,632097848
1757662532,633592648
1757662532,635056664
1757662532,647331912
1757662532,651759912
1757662532,668451256
1757662532,697126744
1757662532,703333992
1757662532,709724840
1757662532,759568280
1757662532,779324568
1757662532,806666552
1757662532,810152904
1757662532,823395240
1757662532,825055640
1757662532,837474776
1757662532,842678120
1757662532,852412600
1757662532,861990968
1757662532,914213992
1757662532,944938680
1757662532,961447640
1757662532,963829288
1757662532,978615768
1757662532,979871800
1757662533,11518792
1757662533,32663816
1757662533,37416888
1757662533,40629736
1757662533,78858152
1757662533,91245032
1757662533,100728392
1757662533,134798200
1757662533,151483912
1757662533,166873352
1757662533,178004568
1757662533,193834648
1757662533,208426312
1757662533,209890952
1757662533,215636504
1757662533,220528024
1757662533,223665160
1757662533,226050184
1757662533,230448952
1757662533,261591944
1757662533,286157560
1757662533,289076984
1757662533,319432712
1757662533,325366520
1757662533,328462760
1757662533,344806024
1757662533,351203224
1757662533,383253256
1757662533,416951928
1757662533,440455000
1757662533,442576760
1757662533,449156216
1757662533,470536408
1757662533,477722520
1757662533,481874632
1757662533,490126568
1757662533,506095208
1757662533,527438232
1757662533,532276552
1757662533,533757528
1757662533,538953032
1757662533,554776168
1757662533,565657144
1757662533,577283048
1757662533,590075752
1757662533,596889272
1757662533,610259224
1757662533,624167256
1757662533,627758520
1757662533,634653304
1757662533,642137784
1757662533,662603016
1757662533,709082216
1757662533,718922200
1757662533,735093688
1757662533,773146568
1757662533,794877160
1757662533,839310600
1757662533,869257656
1757662533,888637400
1757662533,895189256
1757662533,896725704
1757662533,925609960
1757662533,937907576
1757662533,982102920
1757662533,992141816
1757662533,998102104
1757662534,4893512
1757662534,9176568
1757662534,15722008
1757662534,30293432
1757662534,43616968
1757662534,75117800
1757662534,79161768
1757662534,83696664
1757662534,149412168
1757662534,160458888
1757662534,168290680
1757662534,181580168
1757662534,214333768
1757662534,218874584
1757662534,221441000
1757662534,236609720
1757662534,247750392
1757662534,252725256
1757662534,306150312
1757662534,326455928
1757662534,328957320
1757662534,398065800
1757662534,430382264
1757662534,465623400
1757662534,467115784
1757662534,474127048
1757662534,483353816
1757662534,486646424
1757662534,526156760
1757662534,546188360
1757662534,565416440
1757662534,572209128
1757662534,609326296
1757662534,611563208
1757662534,624275128
1757662534,629916072
1757662534,653794216
1757662534,671167320
1757662534,675884344
1757662534,698436104
1757662534,710794504
1757662534,735741208
1757662534,743136344
1757662534,758482312
1757662534,796300440
1757662534,800206344
1757662534,812741128
1757662534,813844024
1757662534,818527624
1757662534,823888264
1757662534,826176600
1757662534,834932520
1757662534,840479176
1757662534,855173144
1757662534,903277912
1757662534,918237096
1757662534,919991048
1757662534,925971352
1757662534,940465448
1757662534,985482664
1757662534,996850520
1757662535,3822712
1757662535,28186920
1757662535,37764616
1757662535,49140984
1757662535,69072520
1757662535,83977976
1757662535,121675592
1757662535,128088168
1757662535,137812616
1757662535,143516904
1757662535,150575960
1757662535,165901576
1757662535,168773144
1757662535,227915000
1757662535,244250792
1757662535,265193464
1757662535,302517832
1757662535,310805976
1757662535,316777448
1757662535,323588904
1757662535,331317432
1757662535,365163400
1757662535,373805592
1757662535,388691992
1757662535,411906536
1757662535,416006408
1757662535,425025560
1757662535,485381704
1757662535,522226888
1757662535,535915512
1757662535,549967560
1757662535,596052680
1757662535,612028840
1757662535,624422216
1757662535,625604904
1757662535,628414584
1757662535,671684552
1757662535,678594824
1757662535,687030568
1757662535,704545608
1757662535,707084360
1757662535,711221944
1757662535,745921480
1757662535,754810696
1757662535,774172616
1757662535,796712632
1757662535,826991080
1757662535,842777992
1757662535,860886120
1757662535,883068760
1757662535,904192584
1757662535,911148712
1757662535,917653432
1757662535,932070136
1757662535,943704808
1757662535,961171080
1757662535,978816456
1757662535,989996584
1757662536,3522392
1757662536,4959976
1757662536,17098552
1757662536,22918648
1757662536,47760552
1757662536,58677096
1757662536,71808440
1757662536,105164104
1757662536,108020472
1757662536,148731688
1757662536,176312104
1757662536,177532520
1757662536,185452104
1757662536,211407320
1757662536,213025368
1757662536,251428136
1757662536,254505592
1757662536,279402024
1757662536,286716104
1757662536,300154296
1757662536,305534440
1757662536,332902072
1757662536,340049288
1757662536,373723192
1757662536,389141288
1757662536,392840424
1757662536,407974904
1757662536,432408488
1757662536,435373048
1757662536,438917320
1757662536,458320232
1757662536,460815304
1757662536,463858216
1757662536,482516200
1757662536,490774888
1757662536,511751080
1757662536,521972568
1757662536,550465992
1757662536,553458200
1757662536,555723944
1757662536,578750440
1757662536,613815096
1757662536,630256168
1757662536,656027080
1757662536,671542296
1757662536,677912440
1757662536,684843560
1757662536,725612888
1757662536,730052984
1757662536,751798936
1757662536,755284120
1757662536,756513464
1757662536,758019448
1757662536,784906808
1757662536,792826296
1757662536,794556936
1757662536,810512568
1757662536,848879864
1757662536,850240984
1757662536,852921864
1757662536,879171176
1757662536,882543384
1757662536,887481656
1757662536,893881048
1757662536,904925784
1757662536,908601112
1757662536,937867128
1757662536,949514456
1757662536,989541544
1757662537,397240
1757662537,45629464
1757662537,53227256
1757662537,61382824
1757662537,75171976
1757662537,111944760
1757662537,158975992
1757662537,160293400
1757662537,186679064
1757662537,195193288
1757662537,206508728
1757662537,210493640
1757662537,216554616
1757662537,225053432
1757662537,230966696
1757662537,280886120
1757662537,293026568
1757662537,297005768
1757662537,322256920
1757662537,351853720
1757662537,362573576
1757662537,376376360
1757662537,404605752
1757662537,410789768
1757662537,413700872
1757662537,422248776
1757662537,431448136
1757662537,458683368
1757662537,470350440
1757662537,473305672
1757662537,476318808
1757662537,479647624
1757662537,481038712
1757662537,493507560
1757662537,497287960
1757662537,520439672
1757662537,583562824
1757662537,591444472
1757662537,614711912
1757662537,638730248
1757662537,641627912
1757662537,647934328
1757662537,660091464
1757662537,724693864
1757662537,729389896
1757662537,746309128
1757662537,753305544
1757662537,757243912
1757662537,766555608
1757662537,779601848
1757662537,788252232
1757662537,791029160
1757662537,795536424
1757662537,816090552
1757662537,842664504
1757662537,844138392
1757662537,848945768
1757662537,856903368
1757662537,862880536
1757662537,867302632
1757662537,874665368
1757662537,902240008
1757662537,918497928
1757662537,930173912
1757662537,973023400
1757662537,976140216
1757662537,980155912
1757662538,21626536
1757662538,42528296
1757662538,45816568
1757662538,105754392
1757662538,114293032
1757662538,146373576
1757662538,176686632
1757662538,195612856
1757662538,198105960
1757662538,255094472
1757662538,261676536
1757662538,267162328
1757662538,331109896
1757662538,347507352
1757662538,367300840
1757662538,375095352
1757662538,378297928
1757662538,383778104
1757662538,385493000
1757662538,416241096
1757662538,437895544
1757662538,441774856
1757662538,450759368
1757662538,453835080
1757662538,466333944
1757662538,470080024
1757662538,475333128
1757662538,484709480
