1757661937,15477512
1757661937,22484904
1757661937,28385208
1757661937,39188904
1757661937,43035672
1757661937,64551128
1757661937,73274088
1757661937,104126024
1757661937,117441112
1757661937,121888040
1757661937,220394584
1757661937,224416024
1757661937,244489144
1757661937,251667640
1757661937,252859160
1757661937,306130456
1757661937,323612056
1757661937,343421848
1757661937,384784264
1757661937,394368248
1757661937,408432328
1757661937,439179112
1757661937,440739176
1757661937,470599144
1757661937,480022920
1757661937,490915592
1757661937,502960280
1757661937,543324600
1757661937,544414152
1757661937,587863912
1757661937,590774728
1757661937,595388200
1757661937,622607560
1757661937,693432744
1757661937,737798904
1757661937,758750328
1757661937,785202664
1757661937,830251960
1757661937,832315992
1757661937,851400056
1757661937,858402728
1757661937,861775976
1757661937,880595208
1757661937,932965128
1757661937,941864120
1757661937,943792504
1757661937,970956552
1757661937,985987720
1757661938,3376072
1757661938,10274184
1757661938,22103960
1757661938,28428152
1757661938,57578712
1757661938,84306408
1757661938,99707576
1757661938,103771448
1757661938,111233112
1757661938,130990920
1757661938,141602568
1757661938,160417400
1757661938,181065128
1757661938,186947352
1757661938,188985432
1757661938,201112360
1757661938,204018024
1757661938,205682680
1757661938,207524952
1757661938,213796744
1757661938,227216968
1757661938,237865528
1757661938,260618680
1757661938,289649432
1757661938,322718856
1757661938,325412376
1757661938,329723112
1757661938,332815032
1757661938,341773304
1757661938,354745704
1757661938,357770552
1757661938,377069656
1757661938,408905208
1757661938,449619880
1757661938,462145368
1757661938,463663208
1757661938,476698904
1757661938,484542344
1757661938,504432904
1757661938,517032968
1757661938,520986296
1757661938,534287736
1757661938,536405800
1757661938,560678072
1757661938,588154296
1757661938,625992968
1757661938,632942856
1757661938,636058872
1757661938,637587848
1757661938,644099448
1757661938,650676408
1757661938,681629960
1757661938,694580376
1757661938,697762424
1757661938,704283608
1757661938,716373016
1757661938,740716392
1757661938,745546312
1757661938,752821176
1757661938,759968120
1757661938,763066840
1757661938,771312152
1757661938,776427208
1757661938,784840216
1757661938,794186024
1757661938,795517944
1757661938,802615400
1757661938,807468280
1757661938,813249656
1757661938,817732984
1757661938,822800792
1757661938,845437864
1757661938,847915160
1757661938,865633176
1757661938,868197752
1757661938,878300312
1757661938,881378280
1757661938,890354664
1757661938,910649864
1757661938,914094360
1757661938,944074712
1757661938,991447000
1757661939,17620440
1757661939,24741112
1757661939,45845368
1757661939,59157288
1757661939,88341704
1757661939,118954712
1757661939,147718776
1757661939,182730072
1757661939,213669048
1757661939,215616824
1757661939,225390872
1757661939,232586824
1757661939,236376680
1757661939,249220632
1757661939,253454008
1757661939,259411864
1757661939,269283656
1757661939,272259640
1757661939,278282472
1757661939,298805992
1757661939,307683064
1757661939,321754744
1757661939,345850136
1757661939,347037288
1757661939,349781000
1757661939,383606600
1757661939,385273992
1757661939,406323496
1757661939,432297768
1757661939,438134200
1757661939,447697192
1757661939,480847208
1757661939,570033416
1757661939,571680024
1757661939,581873608
1757661939,584847624
1757661939,590183832
1757661939,596321080
1757661939,601160104
1757661939,608801640
1757661939,610228808
1757661939,614379384
1757661939,635833096
1757661939,654229784
1757661939,681772168
1757661939,709786776
1757661939,712419704
1757661939,724527176
1757661939,732740760
1757661939,759517080
1757661939,762739032
1757661939,773968808
1757661939,809521304
1757661939,816199960
1757661939,818067032
1757661939,820262856
1757661939,830956696
1757661939,844663912
1757661939,853774184
1757661939,868141608
1757661939,884379368
1757661939,890011688
1757661939,898047112
1757661939,919548872
1757661939,927886312
1757661939,936501464
1757661939,937664504
1757661939,944647688
1757661939,959000760
1757661939,981943320
1757661939,990325704
1757661939,995958808
1757661940,3662920
1757661940,19357160
1757661940,29940312
1757661940,49981080
1757661940,73396360
1757661940,92728680
1757661940,98450376
1757661940,112670280
1757661940,137317800
1757661940,176703928
1757661940,181051720
1757661940,183144104
1757661940,190093448
1757661940,193511736
1757661940,197945192
1757661940,199670696
1757661940,216923048
1757661940,221296584
1757661940,231844792
1757661940,254799400
1757661940,281259608
1757661940,327778344
1757661940,331542248
1757661940,352597480
1757661940,360930936
1757661940,365811864
1757661940,372009096
1757661940,399530904
1757661940,410555784
1757661940,489157976
1757661940,525112872
1757661940,536886456
1757661940,539126024
1757661940,549093336
1757661940,556434664
1757661940,563052632
1757661940,569799496
1757661940,594735896
1757661940,602541384
1757661940,610764792
1757661940,615074664
1757661940,631207160
1757661940,678958040
1757661940,704886888
1757661940,706437576
1757661940,711138856
1757661940,713285240
1757661940,715712424
1757661940,725232120
1757661940,755992840
1757661940,758078152
1757661940,762463528
1757661940,772320104
1757661940,774701032
1757661940,780753992
1757661940,794852440
1757661940,806941096
1757661940,808674568
1757661940,814480696
1757661940,837699944
1757661940,842626920
1757661940,905790264
1757661940,909838280
1757661940,923056568
1757661940,927331000
1757661940,939461256
1757661940,949728712
1757661940,977089896
1757661940,980584792
1757661941,16251128
1757661941,38143752
1757661941,65133512
1757661941,67184504
1757661941,94921096
1757661941,134300184
1757661941,177606680
1757661941,181409464
1757661941,183100952
1757661941,216303096
1757661941,293247224
1757661941,296234216
1757661941,347597176
1757661941,355968584
1757661941,358115960
1757661941,379632744
1757661941,381460296
1757661941,417241160
1757661941,426261320
1757661941,442691288
1757661941,472290728
1757661941,478217608
1757661941,491480888
1757661941,496968520
1757661941,510380168
1757661941,521311320
1757661941,545114504
1757661941,563137864
1757661941,567174600
1757661941,569770040
1757661941,582670184
1757661941,617041032
1757661941,619160520
1757661941,665186520
1757661941,722998120
1757661941,741704424
1757661941,750216264
1757661941,785533080
1757661941,833321784
1757661941,836418376
1757661941,865042168
1757661941,880467416
1757661941,884173528
1757661941,926704632
1757661941,956717944
1757661941,987314024
1757661941,991995448
1757661942,51082488
1757661942,86598072
1757661942,111360024
1757661942,141238920
1757661942,163756760
1757661942,188785768
1757661942,200241576
1757661942,217326632
1757661942,228721464
1757661942,253253608
1757661942,288814216
1757661942,301387352
1757661942,334605960
1757661942,336825320
1757661942,338892984
1757661942,340336104
1757661942,346335528
1757661942,355586936
1757661942,366537704
1757661942,373022088
1757661942,379944360
1757661942,398022120
1757661942,416985528
1757661942,419641144
1757661942,433055016
1757661942,448936664
1757661942,453167016
1757661942,459900536
1757661942,492924744
1757661942,505151000
1757661942,533532152
1757661942,541626200
1757661942,546397000
1757661942,555132008
1757661942,624336808
1757661942,652129416
1757661942,673728296
1757661942,690233320
1757661942,723454424
1757661942,763046872
1757661942,773855400
1757661942,780091544
1757661942,798317848
1757661942,830625800
1757661942,844199656
1757661942,848302136
1757661942,850332536
1757661942,853368536
1757661942,859885720
1757661942,879262904
1757661942,886179416
1757661942,890194584
1757661942,895509288
1757661942,917562808
1757661942,924369048
1757661942,937055352
1757661942,976330408
1757661942,982242968
1757661942,992609192
1757661943,6274696
1757661943,41346744
1757661943,51332872
1757661943,57067544
1757661943,79489080
1757661943,91669512
1757661943,95321112
1757661943,157661608
1757661943,166950952
1757661943,170813768
1757661943,179880360
1757661943,234445624
1757661943,237968600
1757661943,241694072
1757661943,244252264
1757661943,258270888
1757661943,270875304
1757661943,283303576
1757661943,286533672
1757661943,317769960
1757661943,331296504
1757661943,332781880
1757661943,343565560
1757661943,369754504
1757661943,389195272
1757661943,392002168
1757661943,417490744
1757661943,422307448
1757661943,428792648
1757661943,432546344
1757661943,441792216
1757661943,456413224
1757661943,473382152
1757661943,489056680
1757661943,496886184
1757661943,504468296
1757661943,540633384
1757661943,542367752
1757661943,557267304
1757661943,575441800
1757661943,595799048
1757661943,606101608
1757661943,633930472
1757661943,676375128
1757661943,678382424
1757661943,693001384
1757661943,697394312
1757661943,705996904
1757661943,708350600
1757661943,711800168
1757661943,754676296
1757661943,765663512
1757661943,818062744
1757661943,821944488
1757661943,839662584
1757661943,854399016
1757661943,855813944
1757661943,884531688
1757661943,888481624
1757661943,905142360
1757661943,935227944
1757661943,959257384
1757661943,962379784
1757661943,972701832
1757661943,978000056
1757661943,989278056
1757661944,7206200
1757661944,24651480
1757661944,26631256
1757661944,45356552
1757661944,54083288
1757661944,100376904
1757661944,109737896
1757661944,121885400
1757661944,123621192
1757661944,130140456
1757661944,137850120
1757661944,150114344
1757661944,162333688
1757661944,166089656
1757661944,174927352
1757661944,177818312
1757661944,207526568
1757661944,237148088
1757661944,243080472
1757661944,246535432
1757661944,256359304
1757661944,272969240
1757661944,289545544
1757661944,301645640
1757661944,316554152
1757661944,384425288
1757661944,420458440
1757661944,440828232
1757661944,445057656
1757661944,460063736
1757661944,464757560
1757661944,501795032
1757661944,513812856
1757661944,532056280
1757661944,602579816
1757661944,607485080
1757661944,628457256
1757661944,638004808
1757661944,652300616
1757661944,662935752
1757661944,675321000
1757661944,684484680
1757661944,691336968
1757661944,697547896
1757661944,713280312
1757661944,721321272
1757661944,724191048
1757661944,752705096
1757661944,754113528
1757661944,757236232
1757661944,759161688
1757661944,783179768
1757661944,798398184
1757661944,806624104
1757661944,817632584
1757661944,824611624
1757661944,826006856
1757661944,830582056
1757661944,837045448
1757661944,853108312
1757661944,876976376
1757661944,889534968
1757661944,912623512
1757661944,916371944
1757661944,933720264
1757661944,951591976
1757661944,954607432
1757661944,969154760
1757661945,46687272
1757661945,53798840
1757661945,66411160
1757661945,79045960
1757661945,98214952
1757661945,101288744
1757661945,105157416
1757661945,129084904
1757661945,141574760
1757661945,143682536
1757661945,149319080
1757661945,151959080
1757661945,156988280
1757661945,159122168
1757661945,248381704
1757661945,253341528
1757661945,256863400
1757661945,266555032
1757661945,269559096
1757661945,271073048
1757661945,288140136
1757661945,291458936
1757661945,303560536
1757661945,323756232
1757661945,354045400
1757661945,360569112
1757661945,379860504
1757661945,395352840
1757661945,433161928
1757661945,460187800
1757661945,488112584
1757661945,493993288
1757661945,495178376
1757661945,541110712
1757661945,558618824
1757661945,563195752
1757661945,582863224
1757661945,600764792
1757661945,603963304
1757661945,623420056
1757661945,640348840
1757661945,647681272
1757661945,701020504
1757661945,702300280
1757661945,722191576
1757661945,735668472
1757661945,748294376
1757661945,765783976
1757661945,768877192
1757661945,770043928
1757661945,788557592
1757661945,810087784
1757661945,816834856
1757661945,820632264
1757661945,839563544
1757661945,849711576
1757661945,889747336
1757661945,898560440
1757661945,900977480
1757661945,918835176
1757661945,929388648
1757661945,954296008
1757661945,991821720
1757661945,996878504
1757661946,32847624
1757661946,57740616
1757661946,59154904
1757661946,67473320
1757661946,78837560
1757661946,140738136
1757661946,166074536
1757661946,169943640
1757661946,175096840
1757661946,197302568
1757661946,216210040
1757661946,221105160
1757661946,243698472
1757661946,246295720
1757661946,262214984
1757661946,270954088
1757661946,277808696
1757661946,291600056
1757661946,293661336
1757661946,321782840
1757661946,342121160
1757661946,377989752
1757661946,396785048
1757661946,409743400
1757661946,412756616
1757661946,420313016
1757661946,458560120
1757661946,464733112
1757661946,474278728
1757661946,483816808
1757661946,488885144
1757661946,498813832
1757661946,518840056
1757661946,522268872
1757661946,527512040
1757661946,533669400
1757661946,555771528
1757661946,558756504
1757661946,563777192
1757661946,567427976
1757661946,584658424
1757661946,586560904
1757661946,604421272
1757661946,614364680
1757661946,638587096
1757661946,644845592
1757661946,646171720
1757661946,651688040
1757661946,664133496
1757661946,685720392
1757661946,695529896
1757661946,716917064
1757661946,719819352
1757661946,727720632
1757661946,733285512
1757661946,750479400
1757661946,771545272
1757661946,783150312
1757661946,800605320
1757661946,807237208
1757661946,813891416
1757661946,816314792
1757661946,818659176
1757661946,822225976
1757661946,824429160
1757661946,846413384
1757661946,848246680
1757661946,908102824
1757661946,942191640
1757661946,961987128
1757661946,971504840
1757661946,977531960
1757661946,985308296
1757661947,4673432
1757661947,6474776
1757661947,21270056
1757661947,49365864
1757661947,67044776
1757661947,74366744
1757661947,75852376
1757661947,119801736
1757661947,153264136
1757661947,207676120
1757661947,213622760
1757661947,223881096
1757661947,234152408
1757661947,255368472
1757661947,259339912
1757661947,261520520
1757661947,272640664
1757661947,287540840
1757661947,290520440
1757661947,297606040
1757661947,316784552
1757661947,361681288
1757661947,367512312
1757661947,401179768
1757661947,403295832
1757661947,412867048
1757661947,447331272
1757661947,484181432
1757661947,506011832
1757661947,507610088
1757661947,510011448
1757661947,522786456
1757661947,524648952
1757661947,536789368
1757661947,592426456
1757661947,593750616
1757661947,600620792
1757661947,610208872
1757661947,635007128
1757661947,647061064
1757661947,682252696
1757661947,702494392
1757661947,719856072
1757661947,739362264
1757661947,742733624
1757661947,748678776
1757661947,753338936
1757661947,754445672
1757661947,770468728
1757661947,777537112
1757661947,781247992
1757661947,800112696
1757661947,811576056
1757661947,824898376
1757661947,828703144
1757661947,831453656
1757661947,836789224
1757661947,865497656
1757661947,894554264
1757661947,904104104
1757661947,910675608
1757661947,931410712
1757661947,939796552
1757661947,963149048
1757661947,965623560
1757661947,966888056
1757661947,989563592
1757661947,991872824
1757661948,4279016
1757661948,11456056
1757661948,47069736
1757661948,50887576
1757661948,58406728
1757661948,69883528
1757661948,86153176
1757661948,92908360
1757661948,111605288
1757661948,128388728
1757661948,130273832
1757661948,157595256
1757661948,161994664
1757661948,169175768
1757661948,170475704
1757661948,195302488
1757661948,211291336
1757661948,216822136
1757661948,236299816
1757661948,250282072
1757661948,266329912
1757661948,283777784
1757661948,287414072
1757661948,304651560
1757661948,337459176
1757661948,351523560
1757661948,376600280
1757661948,402383336
1757661948,412992184
1757661948,421448072
1757661948,446574776
1757661948,451918216
1757661948,481183464
1757661948,485726696
1757661948,491958168
1757661948,527481096
1757661948,572837048
1757661948,619730552
1757661948,639030264
1757661948,640138616
1757661948,655393560
1757661948,663221480
1757661948,671364168
1757661948,697462680
1757661948,728722664
1757661948,758186168
1757661948,806360760
1757661948,822056568
1757661948,878598760
1757661948,893132024
1757661948,899962584
1757661948,902709752
1757661948,929162632
1757661948,931028984
1757661948,951512216
1757661948,960499448
1757661948,974105208
1757661948,980003960
1757661949,19477704
1757661949,51581208
1757661949,100324376
1757661949,158314168
1757661949,161945816
1757661949,171052264
1757661949,185219496
1757661949,203705240
1757661949,223032168
1757661949,233743432
1757661949,238037112
1757661949,245510984
1757661949,254007704
1757661949,273956776
1757661949,291540200
1757661949,308297400
1757661949,319353848
1757661949,321376184
1757661949,328295368
1757661949,340031784
1757661949,356700360
1757661949,365757608
1757661949,378869000
1757661949,380628600
1757661949,382706216
1757661949,400058616
1757661949,430535960
1757661949,441911624
1757661949,458329784
1757661949,473882648
1757661949,476356136
1757661949,494881352
1757661949,496550424
1757661949,498142376
1757661949,503261720
1757661949,514392680
1757661949,585660616
1757661949,610637608
1757661949,622609576
1757661949,639274344
1757661949,654789080
1757661949,664580552
1757661949,717748088
1757661949,721632952
1757661949,725542136
1757661949,742246472
1757661949,745921752
1757661949,752425752
1757661949,789534872
1757661949,791102792
1757661949,812833800
1757661949,856636952
1757661949,859320232
1757661949,874511544
1757661949,900654920
1757661949,930953048
1757661949,945462536
1757661949,996538584
1757661950,10063256
1757661950,20075992
1757661950,93281880
1757661950,113433672
1757661950,129655368
1757661950,132044728
1757661950,142743032
1757661950,146620648
1757661950,162692360
1757661950,221407448
1757661950,238094264
1757661950,254211176
1757661950,269405704
1757661950,288181464
1757661950,304663208
1757661950,313539304
1757661950,321085304
1757661950,358119320
1757661950,360861960
1757661950,369328760
1757661950,377389320
1757661950,385889864
1757661950,389908920
1757661950,400198440
1757661950,427171272
1757661950,434544360
1757661950,443477624
1757661950,461772024
1757661950,466505368
1757661950,489018920
1757661950,495492936
1757661950,512273960
1757661950,516509192
1757661950,529140168
1757661950,542829656
1757661950,562711352
1757661950,568947608
1757661950,600156616
1757661950,606163592
1757661950,608251112
1757661950,641962504
1757661950,652116104
1757661950,655407768
1757661950,674111208
1757661950,684086472
1757661950,744097800
1757661950,763764648
1757661950,812076536
1757661950,831509224
1757661950,859382536
1757661950,894487576
1757661950,910089464
1757661950,915841224
1757661950,924575752
1757661950,929005272
1757661950,956860728
1757661950,974199592
1757661950,982969800
1757661950,986439672
1757661950,989591944
1757661950,999490472
1757661951,2763752
1757661951,8271608
1757661951,26173784
1757661951,63007912
1757661951,76159720
1757661951,81983704
1757661951,100363144
1757661951,109399736
1757661951,110896088
1757661951,133080376
1757661951,134447352
1757661951,160136776
1757661951,170180104
1757661951,199389752
1757661951,234942344
1757661951,265336792
1757661951,267003928
1757661951,292638248
1757661951,297331720
1757661951,298674456
1757661951,303148824
1757661951,304872280
1757661951,307762280
1757661951,316022792
1757661951,319476408
1757661951,323346888
1757661951,399756504
1757661951,416101736
1757661951,502652808
1757661951,532019864
1757661951,538656440
1757661951,546153800
1757661951,580099928
1757661951,584458168
1757661951,590416776
1757661951,592918840
1757661951,602885256
1757661951,655311800
1757661951,658595672
1757661951,666124232
1757661951,680908504
1757661951,689484904
1757661951,703026200
1757661951,710946040
1757661951,714087592
1757661951,728815896
1757661951,736199992
1757661951,743167032
1757661951,751281720
1757661951,774115096
1757661951,781656296
1757661951,790217576
1757661951,805063240
1757661951,817260936
1757661951,822699960
1757661951,830604024
1757661951,836833208
1757661951,847980952
1757661951,854155256
1757661951,893327336
1757661951,906812408
1757661951,920542680
1757661951,922256408
1757661951,925737560
1757661951,928356776
1757661951,931936616
1757661951,937266824
1757661951,938802424
1757661951,948570408
1757661951,963242792
1757661951,965043064
1757661951,973856392
1757661951,984072968
1757661952,4640680
1757661952,9582776
1757661952,20417480
1757661952,36943384
1757661952,58249784
1757661952,70810120
1757661952,91806328
1757661952,117199560
1757661952,147488472
1757661952,149264248
1757661952,156218600
1757661952,171678184
1757661952,208599272
1757661952,213925928
1757661952,223655080
1757661952,229956408
1757661952,244825256
1757661952,253515608
1757661952,262214280
1757661952,282774280
1757661952,307138744
1757661952,312807272
1757661952,320306776
1757661952,376847448
1757661952,382435784
1757661952,386385128
1757661952,399509832
1757661952,421630888
1757661952,464198872
1757661952,487387560
1757661952,519357576
1757661952,537789128
1757661952,541798040
1757661952,562590952
1757661952,584693240
1757661952,588131192
1757661952,603802008
1757661952,605720728
1757661952,624674344
1757661952,644430024
1757661952,649765176
1757661952,678829848
1757661952,705928968
1757661952,725936952
1757661952,729104360
1757661952,735146648
1757661952,747674312
1757661952,773041112
1757661952,778044472
1757661952,794989288
1757661952,797051976
1757661952,801105336
1757661952,826350664
1757661952,836649544
1757661952,841570424
1757661952,857894600
1757661952,861292904
1757661952,879978936
1757661952,902453400
1757661952,932947304
1757661952,940914296
1757661952,967627112
1757661952,980138840
1757661953,265752
1757661953,4093064
1757661953,15265080
1757661953,43916392
1757661953,45966696
1757661953,69764680
1757661953,95483176
1757661953,105020360
1757661953,112639720
1757661953,172662776
1757661953,178358616
1757661953,179908680
1757661953,204005704
1757661953,211624024
1757661953,220528536
1757661953,234359224
1757661953,250014040
1757661953,261059352
1757661953,282994984
1757661953,305591672
1757661953,311177096
1757661953,324816376
1757661953,345110984
1757661953,366522056
1757661953,373395368
1757661953,410619784
1757661953,419288312
1757661953,433264456
1757661953,437571320
1757661953,470705880
1757661953,477110840
1757661953,492608600
1757661953,502150104
1757661953,509912568
1757661953,512881896
1757661953,527979128
1757661953,529299656
1757661953,536607160
1757661953,554278840
1757661953,612715496
1757661953,629414184
1757661953,639569240
1757661953,645407896
1757661953,647271128
1757661953,649022360
1757661953,665397672
1757661953,666766840
1757661953,686899208
1757661953,722246136
1757661953,741553896
1757661953,771337000
1757661953,792651192
1757661953,795663624
1757661953,797461096
1757661953,813187016
1757661953,821562680
1757661953,833278600
1757661953,854251672
1757661953,867509464
1757661953,885401320
1757661953,897616392
1757661953,904840968
1757661953,918661944
1757661953,924461976
1757661953,949067816
1757661953,973760456
1757661953,982076264
1757661953,992031032
1757661953,998049256
1757661954,12145688
1757661954,17025176
1757661954,23340760
1757661954,51481512
1757661954,59505320
1757661954,91711736
1757661954,99359688
1757661954,133417512
1757661954,166696536
1757661954,171645880
1757661954,181719240
1757661954,199455944
1757661954,211639416
1757661954,261982504
1757661954,280587496
1757661954,282280440
1757661954,307249320
1757661954,309342152
1757661954,339184664
1757661954,353117928
1757661954,359338488
1757661954,363221176
1757661954,380870168
1757661954,390944120
1757661954,417068616
1757661954,421432136
1757661954,425367416
1757661954,433975720
1757661954,467560072
1757661954,469785608
1757661954,491722760
1757661954,530497480
1757661954,575234328
1757661954,584536216
1757661954,597770648
1757661954,599293048
1757661954,605788056
1757661954,629152088
1757661954,694293768
1757661954,725912904
1757661954,734257992
1757661954,741158680
1757661954,755446776
1757661954,813528280
1757661954,839687624
1757661954,842534568
1757661954,854362392
1757661954,961123512
1757661954,976385512
1757661954,987249352
1757661954,991666472
1757661955,4633304
1757661955,16684408
1757661955,45474520
1757661955,52487480
1757661955,72135544
1757661955,75027272
1757661955,81403368
1757661955,87132168
1757661955,115270104
1757661955,135099064
1757661955,137200264
1757661955,138954216
1757661955,147719912
1757661955,157302328
1757661955,172040024
1757661955,175691800
1757661955,222455640
1757661955,255045480
1757661955,285418008
1757661955,289838904
1757661955,292588840
1757661955,304251768
1757661955,326943496
1757661955,336739112
1757661955,355356104
1757661955,367604872
1757661955,370905784
1757661955,435426120
1757661955,441726648
1757661955,444657320
1757661955,456691896
1757661955,468173912
1757661955,484086328
1757661955,494985208
1757661955,508485064
1757661955,511772152
1757661955,527992680
1757661955,545969896
1757661955,549765752
1757661955,551052776
1757661955,553257768
1757661955,562347176
1757661955,582177352
1757661955,605839928
1757661955,631254968
1757661955,662267272
1757661955,679989512
1757661955,688021736
1757661955,692590920
1757661955,698908888
1757661955,735731832
1757661955,739484760
1757661955,749782936
1757661955,767340024
1757661955,769527784
1757661955,774325880
1757661955,784351912
1757661955,804785112
1757661955,848485080
1757661955,849878392
1757661955,857511128
1757661955,894541400
1757661955,925010504
1757661955,929866440
1757661955,985476088
1757661956,3078424
1757661956,7742040
1757661956,35658792
1757661956,49321896
1757661956,52496264
1757661956,56291624
1757661956,69474808
1757661956,98313240
1757661956,101076328
1757661956,110048072
1757661956,141954408
1757661956,150085560
1757661956,236923288
1757661956,263949512
1757661956,274489336
1757661956,303248984
1757661956,312095064
1757661956,325200728
1757661956,337474008
1757661956,352207432
1757661956,355939736
1757661956,362962696
1757661956,416019128
1757661956,442155128
1757661956,452877672
1757661956,464312648
1757661956,483317080
1757661956,509643512
1757661956,521431448
1757661956,554933544
1757661956,564339912
1757661956,569513368
1757661956,573344776
1757661956,587573976
1757661956,597854264
1757661956,620810568
1757661956,624019352
1757661956,641270280
1757661956,649001816
1757661956,654185736
1757661956,684192552
1757661956,686411480
1757661956,696613720
1757661956,698678376
1757661956,705546936
1757661956,728012696
1757661956,732542888
1757661956,748789512
1757661956,750314632
1757661956,764985784
1757661956,767447720
1757661956,776560360
1757661956,816731656
1757661956,823582664
1757661956,829874776
1757661956,847228056
1757661956,860765704
1757661956,868537832
1757661956,869797352
1757661956,901683704
1757661956,925193736
1757661956,927681992
1757661956,962953096
1757661956,989146328
1757661957,311896
1757661957,11799000
1757661957,55655192
1757661957,72278488
1757661957,74767944
1757661957,107326056
1757661957,155888088
1757661957,185007160
1757661957,188465880
1757661957,195577512
1757661957,202666360
1757661957,211360520
1757661957,220671432
1757661957,226631784
1757661957,235848024
1757661957,246086520
1757661957,253014744
1757661957,267630488
1757661957,281207208
1757661957,284592856
1757661957,297645560
1757661957,305143784
1757661957,306806552
1757661957,312737528
1757661957,327389320
1757661957,379928040
1757661957,388886088
1757661957,403696280
1757661957,416460136
1757661957,429639128
1757661957,431413896
1757661957,439963960
1757661957,447113304
1757661957,458410328
1757661957,479040984
1757661957,485141336
1757661957,508294760
1757661957,509719320
1757661957,513837704
1757661957,550939912
1757661957,559741000
1757661957,562221944
1757661957,578079736
1757661957,585846056
1757661957,592559256
1757661957,641896712
1757661957,670443896
1757661957,680704056
1757661957,695975272
1757661957,719139720
1757661957,747208808
1757661957,755232808
1757661957,758834648
1757661957,782035416
1757661957,811267032
1757661957,831840936
1757661957,869461256
1757661957,878253400
1757661957,879653512
1757661957,900799400
1757661957,902576728
1757661957,905232376
1757661957,918861272
1757661957,947224312
1757661957,978460376
1757661958,4047080
1757661958,31192568
1757661958,35592296
1757661958,39354024
1757661958,46381000
1757661958,78035944
1757661958,92697688
1757661958,115648472
1757661958,126422936
1757661958,150208312
1757661958,152742888
1757661958,159016440
1757661958,163197160
1757661958,188193720
1757661958,196604856
1757661958,217900376
1757661958,224037640
1757661958,258129496
1757661958,271668680
1757661958,276364792
1757661958,280767032
1757661958,285604648
1757661958,289153304
1757661958,301247016
1757661958,307479400
1757661958,324986568
1757661958,336099336
1757661958,367524984
1757661958,371922280
1757661958,383190424
1757661958,385269976
1757661958,449577976
1757661958,454638040
1757661958,456495544
1757661958,486769192
1757661958,492479736
1757661958,494240520
1757661958,504108856
1757661958,507489336
1757661958,542766664
1757661958,546624456
1757661958,566469944
1757661958,574716760
1757661958,580177592
1757661958,604183608
1757661958,605967368
1757661958,612768584
1757661958,630494136
1757661958,663914376
1757661958,695410888
1757661958,714196360
1757661958,720000728
1757661958,740092024
1757661958,767157112
1757661958,785195224
1757661958,801954728
1757661958,808875464
1757661958,811939944
1757661958,835112248
1757661958,867624216
1757661958,873410584
1757661958,879580552
1757661958,892747176
1757661958,936539992
1757661958,955598856
1757661958,963061624
1757661958,964839912
1757661958,974130952
1757661959,11208296
1757661959,108116072
1757661959,135407688
1757661959,138811848
1757661959,189167336
1757661959,210725656
1757661959,212217272
1757661959,289042632
1757661959,299232232
1757661959,311029080
1757661959,322961480
1757661959,364059144
1757661959,375247704
1757661959,376763352
1757661959,380247000
1757661959,383164232
1757661959,384772760
1757661959,397991112
1757661959,411427368
1757661959,425645736
1757661959,430086024
1757661959,438636504
1757661959,451214952
1757661959,463237800
1757661959,495138104
1757661959,496408328
1757661959,511566056
1757661959,516763944
1757661959,528891032
1757661959,571195672
1757661959,641208040
1757661959,656484872
1757661959,671189464
1757661959,696432568
1757661959,720416120
1757661959,721807576
1757661959,736798984
1757661959,746999000
1757661959,785929992
1757661959,788631672
1757661959,831557864
1757661959,843131912
1757661959,848808760
1757661959,852950360
1757661959,862220552
1757661959,871875896
1757661959,882182712
1757661959,967663544
1757661960,25198104
1757661960,41776952
1757661960,67398344
1757661960,81931432
1757661960,86559160
1757661960,99229032
1757661960,109161128
1757661960,111775640
1757661960,117466312
1757661960,123131144
1757661960,142439032
1757661960,154747016
1757661960,162598184
1757661960,172569080
1757661960,181254040
1757661960,232347064
1757661960,244460472
1757661960,248982888
1757661960,260896088
1757661960,273664696
1757661960,292311000
1757661960,303150712
1757661960,307655544
1757661960,309244312
1757661960,356000120
1757661960,375118024
1757661960,381625192
1757661960,391479048
1757661960,397589496
1757661960,404525384
1757661960,415772408
1757661960,424475208
1757661960,459041432
1757661960,469590744
1757661960,478905624
1757661960,493548136
1757661960,508445032
1757661960,528630520
1757661960,550848232
1757661960,564543128
1757661960,587794968
1757661960,591278856
1757661960,592651736
1757661960,601062024
1757661960,614085176
1757661960,619686552
1757661960,640474264
1757661960,673557272
1757661960,682231304
1757661960,714756600
1757661960,724067416
1757661960,727881336
1757661960,760949400
1757661960,766192616
1757661960,784262728
1757661960,785619464
1757661960,796406520
1757661960,826907304
1757661960,835217816
1757661960,838612200
1757661960,843593208
1757661960,848471320
1757661960,860824168
1757661960,863473096
1757661960,868971912
1757661960,887767096
1757661960,928440712
1757661960,943057016
1757661960,955592056
1757661960,957011672
1757661960,972396456
1757661961,7600888
1757661961,17228984
1757661961,20451080
1757661961,27518808
1757661961,29451400
1757661961,44538056
1757661961,51438392
1757661961,59653912
1757661961,147736600
1757661961,169358424
1757661961,205605032
1757661961,219442216
1757661961,224130872
1757661961,226998568
1757661961,237641320
1757661961,290457816
1757661961,328335608
1757661961,330758680
1757661961,342089384
1757661961,344683320
1757661961,360412936
1757661961,374053960
1757661961,386965720
1757661961,397979832
1757661961,410225704
1757661961,417399368
1757661961,428255912
1757661961,467523736
1757661961,478146312
1757661961,535194616
1757661961,544553368
1757661961,549398616
1757661961,557176600
1757661961,560283704
1757661961,575107848
1757661961,588634696
1757661961,624035160
1757661961,626549080
1757661961,637378760
1757661961,669727736
1757661961,673308696
1757661961,676268328
1757661961,678042280
1757661961,691658248
1757661961,706596408
1757661961,766445592
1757661961,771607496
1757661961,784277416
1757661961,809712408
1757661961,834441192
1757661961,836774088
1757661961,842529272
1757661961,866965960
1757661961,889143672
1757661961,909461976
1757661961,928804760
1757661961,932915640
1757661961,940491048
1757661961,965811944
1757661961,977825144
1757661961,985049416
1757661962,7637112
1757661962,9644920
1757661962,14038744
1757661962,50799384
1757661962,64551528
1757661962,73260744
1757661962,75570248
1757661962,82977128
1757661962,107649784
1757661962,125796904
1757661962,127754136
1757661962,130789288
1757661962,135843592
1757661962,137636680
1757661962,141927592
1757661962,144869480
1757661962,209375176
1757661962,211850840
1757661962,214236264
1757661962,223139768
1757661962,232867544
1757661962,260920072
1757661962,262576776
1757661962,268225416
1757661962,272747528
1757661962,297413976
1757661962,300464424
1757661962,302336504
1757661962,315934808
1757661962,333980904
1757661962,348119432
1757661962,355432472
1757661962,371759976
1757661962,373285288
1757661962,390522792
1757661962,431754216
1757661962,440456264
1757661962,445773016
1757661962,453753928
1757661962,476233896
1757661962,481851640
1757661962,486543528
1757661962,514452648
1757661962,536516616
1757661962,563932872
1757661962,578261208
1757661962,593386024
1757661962,627156808
1757661962,657388328
1757661962,666429064
1757661962,680403176
1757661962,683579352
1757661962,692390776
1757661962,717388792
1757661962,718744152
1757661962,757024456
1757661962,772781368
1757661962,787133576
1757661962,801088152
1757661962,803050696
1757661962,818195256
1757661962,821374200
1757661962,850744984
1757661962,858159400
1757661962,865407048
1757661962,882547480
1757661962,897219528
1757661962,939426296
1757661962,955945560
1757661962,966420056
1757661962,992450040
1757661963,1625672
1757661963,3014232
1757661963,13909592
1757661963,36516088
1757661963,39325224
1757661963,42595672
1757661963,47243256
1757661963,50389480
1757661963,87535944
1757661963,96826216
1757661963,103524840
1757661963,105307032
1757661963,109540952
1757661963,120731096
1757661963,155136328
1757661963,173529880
1757661963,186355112
1757661963,200715288
1757661963,239214744
1757661963,240386152
1757661963,263606872
1757661963,266849208
1757661963,292022904
1757661963,301134024
1757661963,315922344
1757661963,319122664
1757661963,329727464
1757661963,341580536
1757661963,370509592
1757661963,399594024
1757661963,409242104
1757661963,429914872
1757661963,432423864
1757661963,459004024
1757661963,475110536
1757661963,481032488
1757661963,508467320
1757661963,523683864
1757661963,527271000
1757661963,542257720
1757661963,547315784
1757661963,620139512
1757661963,628765784
1757661963,655385624
1757661963,663770936
1757661963,665037768
1757661963,678198456
1757661963,704352504
1757661963,723525016
1757661963,725229864
1757661963,738190408
1757661963,743841304
1757661963,752883752
1757661963,754681144
1757661963,760184232
1757661963,768427496
1757661963,812325592
1757661963,920626376
1757661963,922893624
1757661963,928884712
1757661963,939468408
1757661963,943465176
1757661963,957940008
1757661963,979021736
1757661963,982560088
1757661963,989652280
1757661963,993318488
1757661963,999093544
1757661964,18568520
1757661964,50170712
1757661964,76531400
1757661964,91211224
1757661964,110833576
1757661964,122553944
1757661964,130867016
1757661964,148318360
1757661964,161957048
1757661964,190888120
1757661964,193674504
1757661964,221014376
1757661964,227838984
1757661964,233310696
1757661964,264776920
1757661964,274962008
1757661964,281361272
1757661964,310690424
1757661964,323981064
1757661964,325344008
1757661964,383246072
1757661964,392491848
1757661964,397365096
1757661964,408003336
1757661964,410062024
1757661964,412072456
1757661964,414629048
1757661964,416298584
1757661964,430576104
1757661964,441888424
1757661964,451882232
1757661964,474361704
1757661964,498624472
1757661964,502458744
1757661964,540831864
1757661964,573226840
1757661964,577815048
1757661964,616590360
1757661964,648470856
1757661964,659325880
1757661964,688002424
1757661964,732053432
1757661964,747504120
1757661964,761310248
1757661964,762943336
1757661964,782667144
1757661964,802418568
1757661964,854060824
1757661964,874074984
1757661964,896220088
1757661964,899712520
1757661964,919179928
1757661964,957069768
1757661964,958761288
1757661964,992210040
1757661964,994322056
1757661964,995441480
1757661965,1138328
1757661965,2684968
1757661965,11757272
1757661965,40881112
1757661965,48814904
1757661965,93531288
1757661965,96121944
1757661965,104988280
1757661965,121498776
1757661965,123773816
1757661965,137523384
1757661965,166175000
1757661965,211921160
1757661965,216890728
1757661965,233929688
1757661965,257422392
1757661965,263066392
1757661965,277013528
1757661965,280098616
1757661965,320992776
1757661965,350164248
1757661965,352912456
1757661965,356873688
1757661965,407520200
1757661965,425250184
1757661965,437794232
1757661965,462974760
1757661965,464360712
1757661965,471648616
1757661965,472971800
1757661965,494215928
1757661965,496082152
1757661965,499527096
1757661965,504668264
1757661965,512587032
1757661965,522600936
1757661965,525406904
1757661965,545352424
1757661965,565508808
1757661965,567807880
1757661965,576078696
1757661965,603636312
1757661965,612476520
1757661965,638836632
1757661965,665389624
1757661965,672925928
1757661965,682253688
1757661965,698503624
1757661965,707951000
1757661965,720755192
1757661965,728719592
1757661965,759754104
1757661965,768361608
1757661965,783718968
1757661965,832575352
1757661965,862898392
1757661965,868625160
1757661965,925418456
1757661965,981606552
1757661965,984030760
1757661965,995873576
1757661966,2819976
1757661966,31194840
1757661966,45041320
1757661966,64384984
1757661966,69765304
1757661966,84179064
1757661966,103958952
1757661966,123285912
1757661966,147216008
1757661966,169083080
1757661966,170586040
1757661966,179163320
1757661966,181362760
1757661966,208563800
1757661966,222784728
1757661966,227687560
1757661966,273612376
1757661966,294941800
1757661966,304554104
1757661966,314698744
1757661966,378398312
1757661966,400827960
1757661966,413011064
1757661966,419193832
1757661966,420883176
1757661966,432034600
1757661966,436152120
1757661966,450951880
1757661966,482473752
1757661966,493931224
1757661966,502238936
1757661966,533748504
1757661966,537415528
1757661966,544353416
1757661966,552235064
1757661966,565782136
1757661966,570135896
1757661966,591337992
1757661966,596744968
1757661966,614635768
1757661966,617049864
1757661966,628799272
1757661966,638510552
1757661966,645407816
1757661966,654430680
1757661966,692681480
1757661966,700301560
1757661966,707122904
1757661966,726940664
1757661966,761564408
1757661966,780031928
1757661966,794265976
1757661966,802313192
1757661966,806997448
1757661966,813423512
1757661966,837611816
1757661966,852439816
1757661966,860994616
1757661966,862186856
1757661966,868169816
1757661966,886511048
1757661966,946035160
1757661966,972455096
1757661966,984298792
1757661966,997200616
1757661967,8089208
1757661967,32386600
1757661967,40611720
1757661967,44220856
1757661967,81488536
1757661967,91955720
1757661967,151902232
1757661967,160076728
1757661967,166615176
1757661967,168977512
1757661967,179999096
1757661967,183644296
1757661967,209898184
1757661967,217167464
1757661967,219894488
1757661967,239732504
1757661967,265130984
1757661967,269403128
1757661967,277619416
1757661967,311583288
1757661967,335791512
1757661967,341551832
1757661967,345908776
1757661967,361023528
1757661967,379724888
1757661967,421076728
1757661967,453771320
1757661967,465172184
1757661967,469083896
1757661967,474391528
1757661967,490968936
1757661967,549203176
1757661967,571406776
1757661967,573873624
1757661967,594334168
1757661967,612920856
1757661967,620852200
1757661967,622813336
1757661967,644641112
1757661967,649105768
1757661967,654810264
1757661967,689802008
1757661967,699704168
1757661967,758774936
1757661967,761810216
1757661967,773049016
1757661967,783576840
1757661967,790992888
1757661967,796005512
1757661967,799782744
1757661967,802022424
1757661967,811704360
1757661967,927733672
1757661967,938121992
1757661967,951315352
1757661967,957549320
1757661967,960264552
1757661967,978945896
1757661967,980375608
1757661967,991282072
1757661968,29043944
1757661968,60301832
1757661968,70505160
1757661968,83419224
1757661968,135101784
1757661968,168811480
1757661968,192595512
1757661968,202968024
1757661968,249229112
1757661968,260012536
1757661968,269139048
1757661968,285478344
1757661968,288205288
1757661968,290798440
1757661968,305749016
1757661968,308369784
1757661968,317407064
1757661968,319229160
1757661968,321179352
1757661968,328908376
1757661968,340050840
1757661968,368950568
1757661968,375681272
1757661968,396626472
1757661968,397960232
1757661968,408210152
1757661968,409735512
1757661968,430422600
1757661968,440311896
1757661968,477201944
1757661968,480371016
1757661968,486077768
1757661968,494550968
1757661968,495954520
1757661968,502211800
1757661968,523397656
1757661968,547906040
1757661968,560938808
1757661968,565686568
1757661968,580697144
1757661968,589335592
1757661968,593200760
1757661968,604822648
1757661968,606481272
1757661968,624702312
1757661968,637881240
1757661968,692504200
1757661968,695805992
1757661968,698567672
1757661968,704478920
1757661968,710675832
1757661968,736674152
1757661968,748740824
1757661968,795305592
1757661968,856565672
1757661968,867533880
1757661968,871294328
1757661968,901507688
1757661968,932362664
1757661968,939183912
1757661968,943051144
1757661968,945535496
1757661968,978461640
1757661968,983652008
1757661968,992369816
1757661968,997915352
1757661969,3568600
1757661969,36473128
1757661969,49146344
1757661969,69970520
1757661969,71135736
1757661969,108390584
1757661969,133256168
1757661969,144244712
1757661969,149662632
1757661969,166122680
1757661969,172970504
1757661969,188598488
1757661969,199049688
1757661969,216861784
1757661969,243749336
1757661969,255393752
1757661969,277886792
1757661969,288948232
1757661969,300729064
1757661969,305841368
1757661969,317691416
1757661969,330210792
1757661969,346205512
1757661969,358050696
1757661969,371584104
1757661969,381694712
1757661969,394736888
1757661969,406849864
1757661969,416184728
1757661969,436933960
1757661969,453155064
1757661969,480500776
1757661969,498310792
1757661969,500702520
1757661969,517216376
1757661969,546988904
1757661969,551866824
1757661969,555348152
1757661969,564797992
1757661969,602286952
1757661969,610117496
1757661969,621021896
1757661969,623159880
1757661969,629267560
1757661969,631915976
1757661969,641191544
1757661969,646607448
1757661969,648358824
1757661969,670732792
1757661969,672175240
1757661969,675996024
1757661969,709530344
1757661969,715442824
1757661969,718582440
1757661969,734130104
1757661969,756904456
1757661969,760137304
1757661969,766840168
1757661969,785359192
1757661969,798847144
1757661969,804627576
1757661969,810730136
1757661969,815463880
1757661969,817775288
1757661969,821393736
1757661969,843502856
1757661969,904759816
1757661969,905984456
1757661969,952050712
1757661969,958777688
1757661969,961831240
1757661969,966033208
1757661969,985434696
1757661969,994767704
1757661970,5017992
1757661970,9813400
1757661970,16737816
1757661970,22620376
1757661970,27596168
1757661970,34658600
1757661970,36747320
1757661970,41881640
1757661970,54952120
1757661970,67190632
1757661970,72246232
1757661970,74618712
1757661970,92027304
1757661970,93243272
1757661970,94486840
1757661970,95776936
1757661970,114550024
1757661970,162280472
1757661970,166120168
1757661970,187731560
1757661970,189068376
1757661970,206002264
1757661970,218340168
1757661970,240021592
1757661970,251186872
1757661970,265091912
1757661970,274596024
1757661970,280553240
1757661970,286244632
1757661970,298809112
1757661970,341581992
1757661970,367873688
1757661970,377979304
1757661970,398718568
1757661970,422646104
1757661970,425967464
1757661970,432776136
1757661970,435941176
1757661970,442366680
1757661970,460733464
1757661970,483968184
1757661970,501101544
1757661970,528356104
1757661970,530563800
1757661970,534577976
1757661970,536572744
1757661970,578566488
1757661970,581146072
1757661970,597607704
1757661970,613802712
1757661970,621583960
1757661970,625471544
1757661970,639080904
1757661970,640691016
1757661970,647206120
1757661970,657176424
1757661970,665465880
1757661970,668032856
1757661970,671779848
1757661970,682618456
1757661970,694068152
1757661970,701525112
1757661970,706376840
1757661970,710813288
1757661970,716085176
1757661970,718269720
1757661970,720743064
1757661970,724036152
1757661970,765621912
1757661970,770163176
1757661970,771469928
1757661970,802287128
1757661970,825476152
1757661970,877320600
1757661970,882485736
1757661970,905573496
1757661970,929849944
1757661970,942665000
1757661970,956147304
1757661970,983225864
1757661971,24360056
1757661971,66198552
1757661971,72440104
1757661971,77703256
1757661971,85838728
1757661971,94040040
1757661971,115355256
1757661971,125339624
1757661971,145320328
1757661971,149221272
1757661971,153296248
1757661971,199395000
1757661971,217525704
1757661971,274563128
1757661971,280207960
1757661971,313233032
1757661971,332803112
1757661971,341412984
1757661971,348391096
1757661971,355397224
1757661971,406256600
1757661971,413325864
1757661971,417527416
1757661971,423948360
1757661971,425428856
1757661971,429673864
1757661971,449229768
1757661971,478231992
1757661971,482185560
1757661971,498103384
1757661971,506031944
1757661971,507144360
1757661971,537131976
1757661971,593058824
1757661971,598230168
1757661971,622348744
1757661971,647865384
1757661971,673930984
1757661971,690163224
1757661971,694254280
1757661971,705239992
1757661971,709204760
1757661971,712507688
1757661971,714514824
1757661971,730671544
1757661971,740835976
1757661971,746952040
1757661971,777714968
1757661971,780019800
1757661971,785350840
1757661971,811833800
1757661971,823356392
1757661971,831069928
1757661971,843757288
1757661971,866305656
1757661971,896298680
1757661971,909011912
1757661971,916863128
1757661971,928789288
1757661971,932023944
1757661971,937491192
1757661971,952322088
1757661971,979468984
1757661971,984926808
1757661972,20860984
1757661972,34979064
1757661972,52677016
1757661972,54306712
1757661972,85668392
1757661972,115034312
1757661972,124521624
1757661972,130541640
1757661972,138244888
1757661972,152578216
1757661972,154169160
1757661972,180292424
1757661972,189566664
1757661972,238363896
1757661972,242211880
1757661972,246837784
1757661972,250749496
1757661972,263197368
1757661972,273711512
1757661972,312976376
1757661972,314891960
1757661972,338203992
1757661972,340036232
1757661972,348763896
1757661972,359187320
1757661972,372044680
1757661972,374307224
1757661972,375647736
1757661972,386684088
1757661972,387899048
1757661972,417622392
1757661972,426789288
1757661972,434956216
1757661972,442235496
1757661972,489762632
1757661972,497534024
1757661972,504557416
1757661972,509099336
1757661972,512784136
1757661972,519393032
1757661972,535932216
1757661972,549185128
1757661972,564196328
1757661972,577704328
1757661972,579531048
1757661972,583653192
1757661972,627961336
1757661972,636212056
1757661972,641934456
1757661972,679912456
1757661972,723562728
1757661972,741974664
1757661972,744529592
1757661972,746298440
1757661972,759820712
1757661972,772598264
1757661972,796365096
1757661972,797496808
1757661972,809271352
1757661972,813811832
1757661972,853797912
1757661972,865390600
1757661972,868917496
1757661972,891376488
1757661972,928344984
1757661972,931605160
1757661972,937433304
1757661972,959321768
1757661972,967231512
1757661972,992222488
1757661973,10288680
1757661973,24828232
1757661973,36327096
1757661973,45227032
1757661973,79025000
1757661973,81038536
1757661973,84875336
1757661973,102655048
1757661973,126616568
1757661973,130664936
1757661973,140248584
1757661973,171550264
1757661973,182101288
1757661973,202070280
1757661973,216163688
1757661973,221949896
1757661973,244237992
1757661973,251057544
1757661973,256329896
1757661973,265844696
1757661973,300349416
1757661973,317259192
1757661973,346313592
1757661973,353050600
1757661973,365379144
1757661973,368773128
1757661973,377527048
1757661973,386725880
1757661973,409923928
1757661973,425558872
1757661973,436847240
1757661973,441044872
1757661973,446003944
1757661973,450722744
1757661973,461406904
1757661973,469718008
1757661973,496190632
1757661973,501252552
1757661973,512012824
1757661973,515252040
1757661973,554055048
1757661973,580742872
1757661973,582609736
1757661973,591133048
1757661973,609686520
1757661973,631981144
1757661973,641920168
1757661973,652943064
1757661973,658445256
1757661973,669481928
1757661973,673993544
1757661973,684407496
1757661973,724598760
1757661973,729584360
1757661973,760571080
1757661973,783631496
1757661973,789997496
1757661973,793244952
1757661973,818684392
1757661973,835638040
1757661973,857633720
1757661973,862353176
1757661973,877853912
1757661973,884837800
1757661973,891885176
1757661973,906807928
1757661973,914299704
1757661973,927515592
1757661973,952124840
1757661973,954433464
1757661973,963846520
1757661973,978779976
1757661973,987474056
1757661974,5375912
1757661974,11490104
1757661974,15515064
1757661974,19034872
1757661974,47116936
1757661974,52140040
1757661974,82339464
1757661974,89978056
1757661974,135497048
1757661974,141503816
1757661974,151050968
1757661974,153014744
1757661974,157593448
1757661974,160515832
1757661974,169230344
1757661974,182876920
1757661974,198668456
1757661974,264784520
1757661974,297542136
1757661974,318615784
1757661974,337956152
1757661974,364996696
1757661974,381476824
1757661974,385813576
1757661974,390900792
1757661974,396278184
1757661974,418598040
1757661974,425138744
1757661974,484219400
1757661974,504745048
1757661974,512031496
1757661974,514131208
1757661974,520196824
1757661974,542467000
1757661974,545408840
1757661974,557717864
1757661974,561307864
1757661974,585819736
1757661974,599076728
1757661974,601843112
1757661974,680603816
1757661974,693575688
1757661974,696855080
1757661974,712867576
1757661974,723382120
1757661974,737850760
1757661974,744010168
1757661974,758745928
1757661974,765733080
1757661974,780577512
1757661974,791253512
1757661974,794052264
1757661974,821403208
1757661974,860777480
1757661974,884462920
1757661974,889861064
1757661974,894548536
1757661974,938591080
1757661974,947411880
1757661974,960339256
1757661975,33303144
1757661975,38881880
1757661975,46965896
1757661975,63757608
1757661975,121851016
1757661975,134122200
1757661975,153250456
1757661975,155171560
1757661975,165083512
1757661975,190900184
1757661975,232903624
1757661975,244591896
1757661975,253287576
1757661975,296059784
1757661975,309845528
1757661975,318511192
1757661975,319755208
1757661975,336629576
1757661975,340839496
1757661975,343971288
1757661975,345166920
1757661975,389443560
1757661975,392550392
1757661975,399669800
1757661975,404330008
1757661975,417917992
1757661975,419755976
1757661975,429341560
1757661975,480111976
1757661975,490329896
1757661975,506581976
1757661975,510170152
1757661975,525852504
1757661975,540306696
1757661975,542419704
1757661975,607250152
1757661975,618154344
1757661975,623722344
1757661975,627138088
1757661975,639248632
1757661975,656418200
1757661975,663101464
1757661975,667338888
1757661975,670953464
1757661975,692913048
1757661975,731672728
1757661975,745581160
1757661975,824516024
1757661975,847232296
1757661975,867449256
1757661975,870701320
1757661975,900166200
1757661975,902043432
1757661975,922669848
1757661975,934059400
1757661975,960324392
1757661975,978754344
1757661975,992239256
1757661975,993893112
1757661976,3331064
1757661976,50570744
1757661976,80182504
1757661976,117233320
1757661976,125935112
1757661976,146549688
1757661976,157476168
1757661976,171714488
1757661976,194287304
1757661976,206673512
1757661976,210785096
1757661976,215139896
1757661976,272493864
1757661976,276313656
1757661976,277565432
1757661976,305913592
1757661976,338123000
1757661976,340968840
1757661976,369426232
1757661976,400548648
1757661976,417207224
1757661976,452189960
1757661976,460750792
1757661976,496144568
1757661976,536120328
1757661976,545337784
1757661976,546705912
1757661976,550632040
1757661976,579587432
1757661976,585771144
1757661976,592351304
1757661976,602083896
1757661976,604876584
1757661976,660845112
1757661976,680889576
1757661976,696900232
1757661976,701168312
1757661976,742958040
1757661976,745750616
1757661976,767904776
1757661976,776922968
1757661976,790162568
1757661976,812422072
1757661976,817304200
1757661976,822506520
1757661976,823728936
1757661976,836737480
1757661976,854861496
1757661976,869453704
1757661976,925847672
1757661976,942067688
1757661976,953993976
1757661976,966102344
1757661976,975216616
1757661977,35584008
1757661977,62776200
1757661977,67190904
1757661977,81967416
1757661977,86196728
1757661977,104732520
1757661977,115827688
1757661977,118495080
1757661977,140064920
1757661977,173889304
1757661977,187305704
1757661977,200335480
1757661977,205196760
1757661977,246983768
1757661977,255176552
1757661977,265800280
1757661977,268042456
1757661977,277527624
1757661977,278967944
1757661977,285721144
1757661977,288820152
1757661977,290368328
1757661977,301843832
1757661977,304543944
1757661977,306598328
1757661977,307684744
1757661977,316716280
1757661977,332287928
1757661977,357578888
1757661977,376427032
1757661977,397797688
1757661977,403008888
1757661977,404997336
1757661977,465203320
1757661977,470868824
1757661977,480929704
1757661977,482488088
1757661977,490489368
1757661977,492765640
1757661977,495949784
1757661977,515870024
1757661977,523727176
1757661977,539293128
1757661977,558472968
1757661977,563357128
1757661977,570798584
1757661977,576037240
1757661977,598017848
1757661977,609600136
1757661977,616094360
1757661977,636540696
1757661977,669324280
1757661977,671511352
1757661977,696535128
1757661977,711571448
1757661977,713683144
1757661977,720254328
1757661977,731032264
1757661977,747368216
1757661977,752849480
1757661977,763303352
1757661977,770429016
1757661977,789870776
1757661977,795097432
1757661977,800297320
1757661977,811023352
1757661977,819028120
1757661977,826404008
1757661977,861472056
1757661977,903521304
1757661977,914868424
1757661977,945703432
1757661977,969197672
1757661977,977275368
1757661977,992180344
1757661978,23106280
1757661978,31201864
1757661978,69359256
1757661978,88256840
1757661978,96490616
1757661978,103907992
1757661978,134283192
1757661978,144178872
1757661978,157446952
1757661978,168265176
1757661978,178132648
1757661978,183017464
1757661978,200701800
1757661978,203026920
1757661978,215339752
1757661978,224786072
1757661978,237593048
1757661978,301352792
1757661978,332274552
1757661978,350275768
1757661978,355337864
1757661978,370074136
1757661978,447132776
1757661978,505094456
1757661978,507855784
1757661978,512288088
1757661978,542653448
1757661978,546325848
1757661978,608455768
1757661978,637011672
1757661978,639380376
1757661978,642102424
1757661978,667120456
1757661978,668256152
1757661978,676055176
1757661978,712329880
1757661978,746238136
1757661978,753271368
1757661978,781001816
1757661978,805000344
1757661978,831163480
1757661978,836387864
1757661978,843530024
1757661978,850068360
1757661978,851459272
1757661978,854063880
1757661978,872642824
1757661978,905715592
1757661978,922898872
1757661978,928059800
1757661978,933769832
1757661978,968443192
1757661978,988351528
1757661978,995269368
1757661978,999618584
1757661979,39652872
1757661979,46368936
1757661979,71073272
1757661979,80355304
1757661979,82590776
1757661979,90801272
1757661979,102239368
1757661979,123777528
1757661979,146762776
1757661979,167429672
1757661979,182637032
1757661979,186541784
1757661979,189697784
1757661979,201205144
1757661979,220044264
1757661979,244706632
1757661979,248393944
1757661979,256200856
1757661979,259044760
1757661979,266781144
1757661979,272207976
1757661979,300964888
1757661979,309443800
1757661979,316815288
1757661979,320852456
1757661979,339942152
1757661979,347869672
1757661979,374502424
1757661979,393174136
1757661979,397712296
1757661979,413729800
1757661979,431531672
1757661979,448037592
1757661979,457663608
1757661979,468333832
1757661979,478359160
1757661979,489173544
1757661979,505889864
1757661979,531756184
1757661979,538474664
1757661979,554574136
1757661979,582043672
1757661979,587152136
1757661979,609642920
1757661979,623037576
1757661979,632499816
1757661979,647110904
1757661979,672195064
1757661979,675369400
1757661979,693746392
1757661979,706485960
1757661979,710183128
1757661979,724620728
1757661979,733884408
1757661979,736818216
1757661979,741551288
1757661979,756364232
1757661979,789874856
1757661979,819359880
1757661979,823173096
1757661979,837151512
1757661979,840251928
1757661979,842779096
1757661979,858341896
1757661979,868177368
1757661979,880857992
1757661979,888195000
1757661979,898481480
1757661979,923475384
1757661979,944465448
1757661979,964394520
1757661979,995889800
1757661980,25685112
1757661980,27010056
1757661980,47615528
1757661980,83005144
1757661980,124970424
1757661980,132630840
1757661980,140253432
1757661980,156772840
1757661980,174616200
1757661980,176378424
1757661980,185922216
1757661980,191564616
1757661980,215879448
1757661980,232622952
1757661980,316670968
1757661980,318431416
1757661980,322341576
1757661980,324345800
1757661980,351552088
1757661980,364477880
1757661980,381704712
1757661980,394966792
1757661980,404822072
1757661980,432250648
1757661980,445813576
1757661980,472634296
1757661980,476373976
1757661980,484787528
1757661980,489131560
1757661980,512481720
1757661980,516146376
1757661980,528545240
1757661980,534802952
1757661980,547590488
1757661980,552550328
1757661980,563407528
1757661980,602567064
1757661980,606813416
1757661980,609158680
1757661980,632485016
1757661980,637785832
1757661980,653177448
1757661980,657056760
1757661980,667564776
1757661980,691912440
1757661980,737338200
1757661980,741599576
1757661980,764837000
1757661980,774157608
1757661980,785217832
1757661980,793381864
1757661980,828822696
1757661980,830935960
1757661980,835203896
1757661980,845604472
1757661980,848554648
1757661980,873631432
1757661980,878380040
1757661980,890675944
1757661980,907027784
1757661980,911825576
1757661980,926239400
1757661980,934883288
1757661980,946970776
1757661980,973543352
1757661980,980402952
1757661980,985507112
1757661980,993460168
1757661980,996915704
1757661981,6303640
1757661981,10689432
1757661981,27771784
1757661981,39281304
1757661981,57101112
1757661981,63331416
1757661981,83635544
1757661981,87484024
1757661981,125705880
1757661981,152255688
1757661981,175118776
1757661981,188474008
1757661981,189934200
1757661981,209275480
1757661981,217483336
1757661981,227252424
1757661981,230818136
1757661981,234609864
1757661981,237041544
1757661981,244468680
1757661981,297546072
1757661981,327265528
1757661981,356085848
1757661981,357610744
1757661981,364002024
1757661981,401861672
1757661981,453170232
1757661981,462379416
1757661981,501808216
1757661981,510992856
1757661981,512272152
1757661981,526467608
1757661981,531183320
1757661981,533905080
1757661981,538467928
1757661981,573776696
1757661981,578770536
1757661981,581261272
1757661981,587641320
1757661981,590573272
1757661981,595576984
1757661981,603171080
1757661981,610210552
1757661981,632049928
1757661981,638201816
1757661981,684365992
1757661981,690592200
1757661981,755836888
1757661981,760910408
1757661981,770368024
1757661981,798690648
1757661981,805700136
1757661981,830082104
1757661981,850461464
1757661981,867937000
1757661981,875733624
1757661981,881885960
1757661981,883229880
1757661981,888878712
1757661981,897335656
1757661981,906936216
1757661981,909259656
1757661981,913817736
1757661981,942423912
1757661981,953105048
1757661981,956549480
1757661981,968219496
1757661981,983281896
1757661981,991097144
1757661981,992964824
1757661982,2507368
1757661982,19794456
1757661982,53885080
1757661982,118256824
1757661982,137192600
1757661982,141679944
1757661982,152629608
1757661982,179652392
1757661982,192962440
1757661982,226447640
1757661982,227744552
1757661982,241509880
1757661982,248033832
1757661982,282520632
1757661982,291690856
1757661982,299505976
1757661982,313025976
1757661982,335834360
1757661982,339097880
1757661982,350087960
1757661982,353814520
1757661982,403863944
1757661982,416228824
1757661982,425186920
1757661982,434407928
1757661982,436892728
1757661982,461525528
1757661982,513654840
1757661982,541381912
1757661982,543944760
1757661982,550882984
1757661982,564536072
1757661982,609964648
1757661982,660753704
1757661982,667885736
1757661982,669404888
1757661982,670747496
1757661982,679888840
1757661982,686009000
1757661982,696298728
1757661982,710035784
1757661982,732583208
1757661982,736196680
1757661982,744894600
1757661982,776964984
1757661982,780906648
1757661982,793236120
1757661982,810789064
1757661982,862846952
1757661982,875018872
1757661982,891266472
1757661982,897312600
1757661982,933450104
1757661982,944221064
1757661982,947682776
1757661982,954133160
1757661982,971261384
1757661982,977096456
1757661982,982255672
1757661983,15096504
1757661983,28891496
1757661983,55813000
1757661983,62279928
1757661983,64417736
1757661983,76583272
1757661983,96000216
1757661983,100427656
1757661983,112712088
1757661983,146707320
1757661983,169288648
1757661983,180642200
1757661983,191960792
1757661983,197348712
1757661983,204477160
1757661983,229197464
1757661983,245903624
1757661983,253066264
1757661983,256713512
1757661983,259143768
1757661983,268516680
1757661983,269822456
1757661983,301900840
1757661983,318976248
1757661983,334584312
1757661983,350173240
1757661983,378204392
1757661983,385141976
1757661983,403534584
1757661983,411625112
1757661983,432490824
1757661983,458934104
1757661983,472229800
1757661983,483152728
1757661983,496434328
1757661983,521830936
1757661983,527269112
1757661983,549706056
1757661983,555377800
1757661983,581112824
1757661983,603299448
1757661983,605908872
1757661983,622537080
1757661983,624095528
1757661983,650753928
1757661983,654678216
1757661983,661597048
1757661983,675614040
1757661983,682217320
1757661983,711848600
1757661983,717670312
1757661983,723733256
1757661983,741161720
1757661983,759339128
1757661983,778289624
1757661983,788123624
1757661983,798584952
1757661983,800571496
1757661983,815156680
1757661983,817207592
1757661983,833786536
1757661983,853474616
1757661983,868337000
1757661983,871435112
1757661983,906224200
1757661983,919894600
1757661983,938576504
1757661983,941481832
1757661983,955998152
1757661983,989192232
1757661983,998890840
1757661984,6738328
1757661984,19772760
1757661984,26818392
1757661984,48061896
1757661984,53693288
1757661984,75021848
1757661984,82192456
1757661984,93080872
1757661984,103539240
1757661984,105701096
1757661984,118784360
1757661984,135725960
1757661984,142971368
1757661984,144460712
1757661984,149661000
1757661984,159151832
1757661984,165476904
1757661984,170787032
1757661984,180773000
1757661984,182997000
1757661984,197083976
1757661984,203751400
1757661984,205259144
1757661984,224597352
1757661984,228361960
1757661984,251687368
1757661984,268630344
1757661984,279104808
1757661984,280341064
1757661984,300992456
1757661984,302988632
1757661984,323472248
1757661984,328122424
1757661984,338312200
1757661984,352384200
1757661984,373801320
1757661984,379777016
1757661984,396273192
1757661984,398130024
1757661984,405403512
1757661984,416592152
1757661984,421880328
1757661984,424551864
1757661984,476723992
1757661984,510121112
1757661984,524317848
1757661984,538575240
1757661984,542239544
1757661984,558708920
1757661984,607500568
1757661984,639095912
1757661984,658497752
1757661984,660848424
1757661984,664106472
1757661984,680763496
1757661984,685655512
1757661984,746425784
1757661984,796696824
1757661984,810212200
1757661984,834147784
1757661984,838816728
1757661984,867666312
1757661984,878903256
1757661984,881210776
1757661984,890233080
1757661984,903187000
1757661984,921759624
1757661984,960560376
1757661984,965384648
1757661985,5487384
1757661985,6791816
1757661985,30084856
1757661985,45563320
1757661985,48725224
1757661985,64735736
1757661985,107645320
1757661985,118324600
1757661985,128905288
1757661985,151041432
1757661985,170490104
1757661985,177523432
1757661985,182821400
1757661985,184976024
1757661985,195798088
1757661985,210626152
1757661985,226217096
1757661985,229340552
1757661985,245231672
1757661985,254082616
1757661985,270310968
1757661985,304761960
1757661985,311200968
1757661985,345037144
1757661985,367290040
1757661985,370743000
1757661985,387472408
1757661985,397230664
1757661985,401690840
1757661985,425892664
1757661985,431442632
1757661985,436817288
1757661985,451447624
1757661985,467904216
1757661985,486881288
1757661985,488957752
1757661985,490273912
1757661985,493393384
1757661985,510117272
1757661985,520546376
1757661985,533861768
1757661985,537444808
1757661985,546550696
1757661985,564761944
1757661985,566117720
1757661985,575859208
1757661985,585167176
1757661985,590869656
1757661985,607442040
1757661985,647932120
1757661985,653802120
1757661985,708771032
1757661985,719138872
1757661985,755352024
1757661985,770406824
1757661985,779048744
1757661985,848066696
1757661985,855389560
1757661985,858374920
1757661985,898285992
1757661985,918133752
1757661985,930980504
1757661985,941637720
1757661985,953597464
1757661985,977208104
1757661985,980267464
1757661986,8899480
1757661986,13372520
1757661986,21741128
1757661986,31642360
1757661986,55793864
1757661986,66796520
1757661986,94186680
1757661986,127987912
1757661986,157558856
1757661986,159656328
1757661986,198613240
1757661986,211874072
1757661986,220240136
1757661986,268357256
1757661986,309139608
1757661986,314739784
1757661986,323285528
1757661986,329957656
1757661986,339537672
1757661986,352238696
1757661986,378971208
1757661986,380317960
1757661986,383367816
1757661986,446180840
1757661986,468675768
1757661986,481960776
1757661986,483134360
1757661986,488959144
1757661986,498325304
1757661986,534642216
1757661986,551977144
1757661986,557069096
1757661986,585396520
1757661986,590496248
1757661986,613296376
1757661986,676027416
1757661986,705366712
1757661986,714858152
1757661986,723339896
1757661986,727156072
1757661986,729531480
1757661986,735144664
1757661986,740568296
1757661986,743696648
1757661986,749331464
1757661986,763558280
1757661986,765012936
1757661986,782801448
1757661986,804043336
1757661986,808400904
1757661986,925300984
1757661986,942710264
1757661986,969850344
1757661986,989404488
1757661987,6467592
1757661987,21128792
1757661987,23233752
1757661987,39572840
1757661987,47571944
1757661987,67199288
1757661987,109321480
1757661987,111326392
1757661987,138187480
1757661987,183405256
1757661987,188908520
1757661987,196029992
1757661987,208811272
1757661987,210708088
1757661987,224442440
1757661987,267484120
1757661987,271211992
1757661987,286867832
1757661987,298071592
1757661987,304584680
1757661987,310776264
1757661987,326344600
1757661987,348868840
1757661987,350566296
1757661987,368748056
1757661987,379391128
1757661987,390337064
1757661987,409565192
1757661987,447763704
1757661987,474105880
1757661987,477670904
1757661987,494081464
1757661987,505239128
1757661987,519460264
1757661987,525535368
1757661987,528128280
1757661987,530406648
1757661987,539301688
1757661987,540783704
1757661987,548662808
1757661987,552324904
1757661987,565354568
1757661987,570044008
1757661987,581113352
1757661987,602645992
1757661987,624571992
1757661987,641452968
1757661987,644065080
1757661987,648804760
1757661987,653771224
1757661987,667271176
1757661987,698440296
1757661987,703620824
1757661987,711758184
1757661987,738031240
1757661987,739734904
1757661987,773161064
1757661987,780264248
1757661987,793103864
1757661987,799095928
1757661987,801687880
1757661987,810721768
1757661987,812969768
1757661987,814327560
1757661987,843932664
1757661987,849028888
1757661987,867425816
1757661987,910515400
1757661987,913757304
1757661987,928880856
1757661987,944550200
1757661987,968409864
1757661987,989725464
1757661988,2321688
1757661988,13670536
1757661988,23639864
1757661988,25935288
1757661988,27261640
1757661988,31822168
1757661988,50681112
1757661988,113603272
1757661988,114821176
1757661988,121683928
1757661988,136237352
1757661988,137881064
1757661988,146895176
1757661988,164242312
1757661988,166158504
1757661988,181744488
1757661988,187041080
1757661988,193136520
1757661988,198670472
1757661988,200600920
1757661988,210325960
1757661988,212770808
1757661988,254677192
1757661988,257372984
1757661988,269293800
1757661988,291248040
1757661988,297508056
1757661988,306164040
1757661988,317779928
1757661988,320661640
1757661988,325141032
1757661988,346378104
1757661988,357516456
1757661988,374007336
1757661988,385310024
1757661988,399114968
1757661988,406738744
1757661988,430581528
1757661988,471166504
1757661988,473147992
1757661988,481283848
1757661988,491439416
1757661988,497058472
1757661988,517717304
1757661988,522051112
1757661988,542398680
1757661988,549573880
1757661988,563240792
1757661988,591607336
1757661988,596138312
1757661988,598577272
1757661988,624972472
1757661988,636114216
1757661988,665586216
1757661988,683522536
1757661988,693975928
1757661988,721935384
1757661988,733031992
1757661988,783124840
1757661988,786616216
1757661988,826079480
1757661988,832608200
1757661988,837850152
1757661988,860681576
1757661988,863751432
1757661988,870887032
1757661988,898185832
1757661988,904980456
1757661988,914021416
1757661988,919205832
1757661988,924204184
1757661988,943106648
1757661988,957909304
1757661988,960578872
1757661988,970626664
1757661988,976097064
1757661988,985999208
1757661989,67972776
1757661989,69409320
1757661989,77167704
1757661989,113189448
1757661989,119317624
1757661989,122183928
1757661989,130986712
1757661989,139320248
1757661989,162486472
1757661989,183630872
1757661989,186742152
1757661989,211525512
1757661989,221443480
1757661989,241543608
1757661989,252802120
1757661989,299762568
1757661989,302932216
1757661989,307242488
1757661989,326941592
1757661989,340830104
1757661989,346047912
1757661989,375604136
1757661989,383470744
1757661989,394134888
1757661989,414063016
1757661989,454531160
1757661989,475049096
1757661989,481058696
1757661989,492675880
1757661989,504461176
1757661989,523160952
1757661989,540279544
1757661989,543833144
1757661989,545485080
1757661989,562026120
1757661989,564505544
1757661989,567456536
1757661989,572977160
1757661989,586056408
1757661989,588529208
1757661989,614516248
1757661989,633457624
1757661989,636261224
1757661989,648160376
1757661989,651390760
1757661989,699581688
1757661989,707905704
1757661989,757822456
1757661989,769110104
1757661989,796199656
1757661989,822876536
1757661989,832243640
1757661989,842669944
1757661989,862750264
1757661989,873133592
1757661989,907126488
1757661989,946351704
1757661989,956457112
1757661989,976929720
1757661989,999556856
1757661990,10116680
1757661990,17061384
1757661990,26568184
1757661990,43054296
1757661990,66534152
1757661990,72735128
1757661990,84331080
1757661990,106684008
1757661990,137850792
1757661990,161759128
1757661990,166929416
1757661990,176307992
1757661990,179652632
1757661990,199693320
1757661990,214266984
1757661990,226688360
1757661990,272608984
1757661990,290582040
1757661990,300167672
1757661990,314509896
1757661990,323184664
1757661990,377911880
1757661990,406645096
1757661990,443818392
1757661990,488889048
1757661990,490704680
1757661990,512890888
1757661990,525941208
1757661990,533365208
1757661990,543578344
1757661990,546783768
1757661990,548616392
1757661990,549898040
1757661990,588410936
1757661990,620315352
1757661990,675002120
1757661990,696153576
1757661990,720732952
1757661990,745303208
1757661990,760944424
1757661990,780480792
1757661990,814509080
1757661990,847272392
1757661990,851315752
1757661990,872854424
1757661990,897044888
1757661990,899355928
1757661990,947961736
1757661990,951794984
1757661990,955048552
1757661990,956260184
1757661990,973125752
1757661990,978342248
1757661990,984900712
1757661990,990601112
1757661990,993096264
1757661991,3853656
1757661991,6824872
1757661991,12856920
1757661991,14354072
1757661991,16685976
1757661991,25470184
1757661991,28901128
1757661991,49278952
1757661991,63463608
1757661991,64665672
1757661991,65961112
1757661991,67938696
1757661991,74288280
1757661991,75592840
1757661991,100529384
1757661991,112508824
1757661991,134655016
1757661991,173525640
1757661991,182782136
1757661991,208891336
1757661991,221711496
1757661991,266332184
1757661991,281641944
1757661991,299352280
1757661991,308172984
1757661991,347723528
1757661991,357738536
1757661991,380359304
1757661991,385501688
1757661991,392329048
1757661991,397567208
1757661991,399679096
1757661991,416988248
1757661991,424561704
1757661991,434767256
1757661991,437542600
1757661991,443660232
1757661991,476372808
1757661991,478325816
1757661991,483347800
1757661991,498382504
1757661991,519257704
1757661991,533038248
1757661991,548502712
1757661991,554376920
1757661991,572863368
1757661991,577372104
1757661991,581905224
1757661991,597565736
1757661991,613263048
1757661991,624469848
1757661991,632516904
1757661991,646276584
1757661991,663166680
1757661991,667058104
1757661991,670784792
1757661991,678228312
1757661991,690626376
1757661991,740758024
1757661991,755672168
1757661991,778108328
1757661991,790862568
1757661991,792800856
1757661991,799834200
1757661991,813569384
1757661991,820986696
1757661991,831082952
1757661991,844544344
1757661991,859480296
1757661991,870564136
1757661991,876640504
1757661991,882418296
1757661991,902615544
1757661991,914922920
1757661991,916814024
1757661991,920864760
1757661991,938288936
1757661991,939743368
1757661991,980285672
1757661992,606136
1757661992,2012424
1757661992,12775176
1757661992,46258904
1757661992,68199144
1757661992,70069368
1757661992,72322904
1757661992,77024040
1757661992,86048776
1757661992,132308472
1757661992,133591256
1757661992,135665112
1757661992,143946520
1757661992,171962904
1757661992,192317928
1757661992,217340184
1757661992,233654904
1757661992,272300360
1757661992,298058680
1757661992,319681288
1757661992,322611656
1757661992,324585112
1757661992,328025704
1757661992,329715944
1757661992,342531720
1757661992,343967768
1757661992,356306584
1757661992,397436296
1757661992,399923672
1757661992,413261192
1757661992,430315032
1757661992,435400008
1757661992,461918824
1757661992,492101272
1757661992,498487512
1757661992,510406552
1757661992,523144296
1757661992,526529256
1757661992,539874984
1757661992,543791768
1757661992,554014328
1757661992,557385816
1757661992,562082456
1757661992,629683480
1757661992,632576504
1757661992,644585464
1757661992,674078232
1757661992,685838312
1757661992,715494152
1757661992,721286808
1757661992,740165512
1757661992,766139096
1757661992,790079528
1757661992,797757704
1757661992,814083224
1757661992,829830616
1757661992,838762472
1757661992,849221064
1757661992,858719736
1757661992,884951448
1757661992,889872328
1757661992,915055688
1757661992,925920152
1757661992,934849704
1757661992,979024328
1757661992,983286552
1757661992,985213320
1757661992,987508024
1757661993,15646184
1757661993,40031160
1757661993,57772296
1757661993,79567272
1757661993,86469752
1757661993,125320648
1757661993,142020056
1757661993,151691224
1757661993,158055144
1757661993,179642632
1757661993,210706904
1757661993,240960152
1757661993,246457848
1757661993,260607416
1757661993,268625624
1757661993,294478216
1757661993,308384152
1757661993,316203592
1757661993,321380456
1757661993,335101352
1757661993,341882008
1757661993,355344296
1757661993,375188920
1757661993,376840280
1757661993,378938840
1757661993,383376840
1757661993,419502408
1757661993,445441464
1757661993,454673256
1757661993,469370152
1757661993,471211992
1757661993,481697816
1757661993,503346664
1757661993,577997688
1757661993,623995576
1757661993,636339480
1757661993,657268744
1757661993,665920216
1757661993,668189192
1757661993,672698872
1757661993,680366152
1757661993,727726168
1757661993,731710504
1757661993,744677672
1757661993,753457384
1757661993,761796616
1757661993,775106296
1757661993,786858888
1757661993,836835176
1757661993,851895320
1757661993,862333720
1757661993,877975960
1757661993,879301656
1757661993,903633672
1757661993,907219112
1757661993,944793848
1757661993,961544968
1757661993,966413960
1757661993,977917816
1757661993,988181528
1757661993,991746040
1757661994,14647960
1757661994,43639976
1757661994,47236888
1757661994,80368824
1757661994,102622520
1757661994,128093432
1757661994,129357416
1757661994,141550728
1757661994,152743368
1757661994,156182248
1757661994,170485512
1757661994,175228088
1757661994,186188296
1757661994,201350872
1757661994,215284024
1757661994,239626552
1757661994,268384776
1757661994,280228600
1757661994,304322648
1757661994,331872264
1757661994,335878328
1757661994,356781944
1757661994,375199944
1757661994,378329608
1757661994,436775416
1757661994,438911672
1757661994,443766536
1757661994,456033576
1757661994,460193080
1757661994,469848280
1757661994,480916712
1757661994,484273832
1757661994,494573480
1757661994,508120264
1757661994,510780600
1757661994,525566184
1757661994,529846312
1757661994,539701064
1757661994,570921192
1757661994,577353256
1757661994,589126120
1757661994,604675016
1757661994,612216552
1757661994,626304568
1757661994,639098872
1757661994,641510712
1757661994,643449896
1757661994,688722488
1757661994,693843992
1757661994,697007064
1757661994,706907256
1757661994,708146616
1757661994,736186552
1757661994,740639144
1757661994,752031016
1757661994,766770664
1757661994,825263768
1757661994,832762808
1757661994,849058440
1757661994,856098840
1757661994,869040872
1757661994,885895768
1757661994,893938968
1757661994,901118280
1757661994,906337672
1757661994,911725416
1757661994,916824424
1757661994,926546568
1757661994,940003400
1757661994,953419720
1757661995,20163064
1757661995,29463992
1757661995,33534824
1757661995,65187144
1757661995,74341352
1757661995,82335704
1757661995,97896696
1757661995,109141032
1757661995,128772520
1757661995,146265752
1757661995,153550360
1757661995,157875464
1757661995,168090216
1757661995,184549960
1757661995,194593160
1757661995,246632376
1757661995,260490664
1757661995,264103560
1757661995,279489992
1757661995,282584616
1757661995,290635336
1757661995,311718024
1757661995,326223800
1757661995,330620248
1757661995,363688952
1757661995,379937880
1757661995,388479688
1757661995,403138936
1757661995,406512584
1757661995,445076120
1757661995,451975112
1757661995,459326968
1757661995,463862984
1757661995,472076856
1757661995,498478200
1757661995,508762408
1757661995,512083576
1757661995,517600632
1757661995,525532936
1757661995,533755768
1757661995,536314536
1757661995,575551960
1757661995,576710728
1757661995,601932760
1757661995,639033112
1757661995,651543240
1757661995,660606760
1757661995,670537608
1757661995,673275144
1757661995,676731864
1757661995,691622072
1757661995,711176264
1757661995,715919928
1757661995,732784104
1757661995,752019608
1757661995,767848216
1757661995,775570424
1757661995,778486840
1757661995,816691528
1757661995,822880744
1757661995,824266776
1757661995,826023192
1757661995,866007000
1757661995,895759400
1757661995,934339960
1757661995,943465912
1757661995,978703752
1757661995,986077416
1757661995,987447784
1757661996,8420328
1757661996,18082952
1757661996,30632936
1757661996,46148216
1757661996,67707880
1757661996,85263224
1757661996,86573816
1757661996,110986440
1757661996,112622360
1757661996,119103112
1757661996,132573048
1757661996,135364984
1757661996,159922840
1757661996,184646408
1757661996,193180392
1757661996,204190808
1757661996,222852280
1757661996,236757736
1757661996,244610200
1757661996,253158568
1757661996,268901208
1757661996,299285944
1757661996,304293240
1757661996,306957800
1757661996,331662248
1757661996,341645848
1757661996,354007016
1757661996,363007400
1757661996,420113640
1757661996,425848872
1757661996,429914152
1757661996,449433864
1757661996,467682008
1757661996,468907944
1757661996,476108984
1757661996,482034808
1757661996,496443144
1757661996,497983096
1757661996,504898920
1757661996,522648136
1757661996,543422664
1757661996,551181256
1757661996,588546008
1757661996,594632456
1757661996,618954664
1757661996,629452440
1757661996,647921432
1757661996,661003592
1757661996,686839016
1757661996,700725928
1757661996,718153784
1757661996,750390376
1757661996,795574680
1757661996,806110184
1757661996,821220392
1757661996,832916392
1757661996,838772248
1757661996,856045240
1757661996,932111480
1757661996,934652280
1757661996,939241960
1757661996,945672200
1757661996,964699784
1757661996,974648744
1757661996,996243384
1757661997,2903064
1757661997,31274776
1757661997,54762344
1757661997,63233976
1757661997,67685656
1757661997,74032408
1757661997,89346472
1757661997,117289864
1757661997,138619656
1757661997,143819352
1757661997,194230232
1757661997,196370024
1757661997,212465720
1757661997,258830216
1757661997,273114040
1757661997,295156232
1757661997,297163704
1757661997,306481464
1757661997,320623736
1757661997,333840248
1757661997,339539064
1757661997,364345624
1757661997,368623944
1757661997,381819192
1757661997,393313352
1757661997,421060680
1757661997,424360776
1757661997,457019160
1757661997,462328040
1757661997,479700808
1757661997,481260616
1757661997,505724008
1757661997,509129480
1757661997,579118344
1757661997,582794568
1757661997,591056248
1757661997,633208728
1757661997,643209976
1757661997,645273992
1757661997,679970920
1757661997,681251320
1757661997,696832504
1757661997,718662024
1757661997,731325320
1757661997,739217496
1757661997,752449016
1757661997,765249352
1757661997,780121064
1757661997,783573192
1757661997,809213176
1757661997,825007880
1757661997,835299000
1757661997,838481576
1757661997,853855976
1757661997,865194536
1757661997,872222632
1757661997,882383176
1757661997,905581736
1757661997,927978328
1757661997,942876152
1757661997,956143272
1757661997,969244776
1757661997,978110328
1757661998,956312
1757661998,29106248
1757661998,42849224
1757661998,46623752
1757661998,62611992
1757661998,65075512
1757661998,79092376
1757661998,87067448
1757661998,99695384
1757661998,112105768
1757661998,158733432
1757661998,169443032
1757661998,177829688
1757661998,191466440
1757661998,204629272
1757661998,220943720
1757661998,266882504
1757661998,307395208
1757661998,317460248
1757661998,335962504
1757661998,352240392
1757661998,367233176
1757661998,384796472
1757661998,396315256
1757661998,406496888
1757661998,423647352
1757661998,435422984
1757661998,441507704
1757661998,473930712
1757661998,480743048
1757661998,497357192
1757661998,508652136
1757661998,543707848
1757661998,580250392
1757661998,589282040
1757661998,609423016
1757661998,619222136
1757661998,631035864
1757661998,639695496
1757661998,646531464
1757661998,654098216
1757661998,691946760
1757661998,698583576
1757661998,709173640
1757661998,730289064
1757661998,738221960
1757661998,744030952
1757661998,777233448
1757661998,778858840
1757661998,823992984
1757661998,829885416
1757661998,838165176
1757661998,846571672
1757661998,848676808
1757661998,852073992
1757661998,886233240
1757661998,902344248
1757661998,905526648
1757661998,922436152
1757661998,924914120
1757661998,941419384
1757661998,947697176
1757661998,980711800
1757661998,999267976
1757661999,19630968
1757661999,44882024
1757661999,59300760
1757661999,68702712
1757661999,83625352
1757661999,96727528
1757661999,109194264
1757661999,113934680
1757661999,152340552
1757661999,178625432
1757661999,207131512
1757661999,234954200
1757661999,251541352
1757661999,254631544
1757661999,269529224
1757661999,274115976
1757661999,276457432
1757661999,286441848
1757661999,295447464
1757661999,323639432
1757661999,327230072
1757661999,368747640
1757661999,379256472
1757661999,399673448
1757661999,413940056
1757661999,429632680
1757661999,449539848
1757661999,463956312
1757661999,466697176
1757661999,497936952
1757661999,516119624
1757661999,553056424
1757661999,578037128
1757661999,588733816
1757661999,590370872
1757661999,597097112
1757661999,599845400
1757661999,623604808
1757661999,629584104
1757661999,646794600
1757661999,651492488
1757661999,658746744
1757661999,663329304
1757661999,666037912
1757661999,684647544
1757661999,726524088
1757661999,728416216
1757661999,732145784
1757661999,746521864
1757661999,760513192
1757661999,773601448
1757661999,802291960
1757661999,806480920
1757661999,818307304
1757661999,823040040
1757661999,840266520
1757661999,858700472
1757661999,875941608
1757661999,906822152
1757661999,918900632
1757661999,983779384
1757661999,988898312
1757662000,6965512
1757662000,23820104
1757662000,36074472
1757662000,38668376
1757662000,63674456
1757662000,73958056
1757662000,141973960
1757662000,144528216
1757662000,153692136
1757662000,173787976
1757662000,176083480
1757662000,179918312
1757662000,213573048
1757662000,216683720
1757662000,260309720
1757662000,268975304
1757662000,275058312
1757662000,276344008
1757662000,289138184
1757662000,297637112
1757662000,303359752
1757662000,307878824
1757662000,310819672
1757662000,337607848
1757662000,387014248
1757662000,407001608
1757662000,412209992
1757662000,414706280
1757662000,447193848
1757662000,463746408
1757662000,486605960
1757662000,509080216
1757662000,514506920
1757662000,531448568
1757662000,547126536
1757662000,589251224
1757662000,608191544
1757662000,614366776
1757662000,625721624
1757662000,666408760
1757662000,683513400
1757662000,710115192
1757662000,755937064
1757662000,776643768
1757662000,792552664
1757662000,794717176
1757662000,834519352
1757662000,857199640
1757662000,894558552
1757662000,896597976
1757662000,911391992
1757662000,912859864
1757662000,927142680
1757662000,928856824
1757662000,929897864
1757662000,955880536
1757662000,960821880
1757662000,964540168
1757662000,966433672
1757662000,991177400
1757662001,1924744
1757662001,7564264
1757662001,15642344
1757662001,24411704
1757662001,28235368
1757662001,33512680
1757662001,36643128
1757662001,48907608
1757662001,53097944
1757662001,61471560
1757662001,73898136
1757662001,84560856
1757662001,94945352
1757662001,114919288
1757662001,129202968
1757662001,152753176
1757662001,165272904
1757662001,168330472
1757662001,170927336
1757662001,217357752
1757662001,231208264
1757662001,241355384
1757662001,279618056
1757662001,340536456
1757662001,398670696
1757662001,413214968
1757662001,443379592
1757662001,478243800
1757662001,505338408
1757662001,522001384
1757662001,538236536
1757662001,554413464
1757662001,569470776
1757662001,573527176
1757662001,575016744
1757662001,590808760
1757662001,608705480
1757662001,610231304
1757662001,618093560
1757662001,635638936
1757662001,651273880
1757662001,653461432
1757662001,657745912
1757662001,673541224
1757662001,682788808
1757662001,693434440
1757662001,716159128
1757662001,717766280
1757662001,753847928
1757662001,784119288
1757662001,785968376
1757662001,788354456
1757662001,862209560
1757662001,884861224
1757662001,927701368
1757662001,930180152
1757662001,947679032
1757662001,954121896
1757662001,960129672
1757662001,981785464
1757662001,983462360
1757662001,992796984
1757662002,19651736
1757662002,78015048
1757662002,116477464
1757662002,125370200
1757662002,143774616
1757662002,145473944
1757662002,169372216
1757662002,171205432
1757662002,191279176
1757662002,196807064
1757662002,204534616
1757662002,209733896
1757662002,220907496
1757662002,225210040
1757662002,247834680
1757662002,259078120
1757662002,270675672
1757662002,274793544
1757662002,280781784
1757662002,283318648
1757662002,285339656
1757662002,287638760
1757662002,297810488
1757662002,343047336
1757662002,360218568
1757662002,365458472
1757662002,391123480
1757662002,397062616
1757662002,406857704
1757662002,471176952
1757662002,496778056
1757662002,499796728
1757662002,514174232
1757662002,521550008
1757662002,526842280
1757662002,543265272
1757662002,556814824
1757662002,614863832
1757662002,634663272
1757662002,703409928
1757662002,705927080
1757662002,715970856
1757662002,734664824
1757662002,745218952
1757662002,786006216
1757662002,792937544
1757662002,802883448
1757662002,809583400
1757662002,893205544
1757662002,897587176
1757662002,903866952
1757662002,921733656
1757662002,941287240
1757662002,943516712
1757662002,961293688
1757662002,969482920
1757662002,972169880
1757662002,984777944
1757662002,990341304
1757662002,996020968
1757662003,1140552
1757662003,4440456
1757662003,6293208
1757662003,13276888
1757662003,54560296
1757662003,57007736
1757662003,60848328
1757662003,65822216
1757662003,66921544
1757662003,82944728
1757662003,112285048
1757662003,149600936
1757662003,164690712
1757662003,166682376
1757662003,210193832
1757662003,218210376
1757662003,220678408
1757662003,222905320
1757662003,253445080
1757662003,259825944
1757662003,270843848
1757662003,289249416
1757662003,313346584
1757662003,345688504
1757662003,372250056
1757662003,379354616
1757662003,382814648
1757662003,384219400
1757662003,391078440
1757662003,406322808
1757662003,443743960
1757662003,470229464
1757662003,482362888
1757662003,509166264
1757662003,527391528
1757662003,530095400
1757662003,531864712
1757662003,563451304
1757662003,570773816
1757662003,578448424
1757662003,583596040
1757662003,604499272
1757662003,612068760
1757662003,616281672
1757662003,642985704
1757662003,645402104
1757662003,663444808
1757662003,666460760
1757662003,669273384
1757662003,677121816
1757662003,697266376
1757662003,707329944
1757662003,731438072
1757662003,733729512
1757662003,736878296
1757662003,738216680
1757662003,742571464
1757662003,779272104
1757662003,790534488
1757662003,802837864
1757662003,811075128
1757662003,834023448
1757662003,873141272
1757662003,878671912
1757662003,889184216
1757662003,910499208
1757662003,942686088
1757662003,948692680
1757662003,951859400
1757662003,976356120
1757662003,979251416
1757662003,985255144
1757662003,988498296
1757662003,990803192
1757662003,994404760
1757662004,831224
1757662004,32915544
1757662004,43144024
1757662004,45321032
1757662004,49367032
1757662004,82769032
1757662004,85140728
1757662004,106518408
1757662004,127057624
1757662004,137561496
1757662004,146864648
1757662004,148445912
1757662004,150107352
1757662004,170808680
1757662004,196679912
1757662004,207597224
1757662004,208926712
1757662004,210699624
1757662004,239375832
1757662004,312463080
1757662004,339363544
1757662004,356134136
1757662004,378225112
1757662004,385501912
1757662004,409494680
1757662004,415900760
1757662004,427146984
1757662004,432506712
1757662004,438712088
1757662004,449408952
1757662004,468994680
1757662004,472326072
1757662004,476350504
1757662004,492716168
1757662004,499313448
1757662004,553656312
1757662004,588455784
1757662004,608431256
1757662004,618607304
1757662004,622419992
1757662004,636901416
1757662004,644331768
1757662004,648468264
1757662004,650875064
1757662004,709222168
1757662004,726031944
1757662004,760551352
1757662004,761676904
1757662004,764394232
1757662004,770564824
1757662004,772406184
1757662004,816911400
1757662004,838534456
1757662004,841905272
1757662004,844029016
1757662004,848005064
1757662004,851597608
1757662004,854265880
1757662004,871623896
1757662004,885793544
1757662004,894732952
1757662004,943698872
1757662004,951036024
1757662004,963376376
1757662004,971137576
1757662004,981560680
1757662005,1107256
1757662005,23690280
1757662005,26920920
1757662005,30039832
1757662005,33757816
1757662005,35230200
1757662005,52705992
1757662005,65169496
1757662005,83793992
1757662005,92938136
1757662005,105279016
1757662005,133774344
1757662005,143187912
1757662005,156803896
1757662005,171893768
1757662005,180769864
1757662005,209096872
1757662005,225094488
1757662005,244223896
1757662005,254757992
1757662005,272330872
1757662005,280709944
1757662005,288699656
1757662005,290394600
1757662005,296358600
1757662005,311242600
1757662005,327148520
1757662005,375974424
1757662005,388165656
1757662005,426662600
1757662005,450306344
1757662005,451681864
1757662005,455665976
1757662005,461827064
1757662005,495594056
1757662005,496946840
1757662005,554956920
1757662005,570047688
1757662005,578094248
1757662005,587104360
1757662005,607465048
1757662005,612678008
1757662005,631827288
1757662005,665091544
1757662005,691938408
1757662005,695677816
1757662005,697619912
1757662005,705365128
1757662005,708117880
1757662005,717540968
1757662005,719198728
1757662005,722254168
1757662005,757573832
1757662005,760495848
1757662005,765817288
1757662005,767026888
1757662005,773077192
1757662005,782768824
1757662005,798978280
1757662005,806895464
1757662005,821061336
1757662005,853600664
1757662005,878292056
1757662005,896435672
1757662005,910667000
1757662005,938143832
1757662005,948055816
1757662005,985028184
1757662006,6470008
1757662006,31185160
1757662006,49666328
1757662006,78841080
1757662006,86990280
1757662006,118037768
1757662006,173261192
1757662006,178056184
1757662006,208256312
1757662006,220467624
1757662006,224333432
1757662006,227280392
1757662006,230257592
1757662006,252088008
1757662006,342278360
1757662006,349095432
1757662006,363874200
1757662006,371047656
1757662006,404309304
1757662006,415664184
1757662006,443895688
1757662006,457606200
1757662006,480605400
1757662006,490927672
1757662006,493583320
1757662006,518326872
1757662006,529747416
1757662006,535823528
1757662006,549972088
1757662006,551956648
1757662006,565921416
1757662006,567570248
1757662006,577581864
1757662006,614693304
1757662006,630776776
1757662006,633020376
1757662006,671473048
1757662006,684621544
1757662006,697842872
1757662006,714090856
1757662006,744921656
1757662006,780295464
1757662006,784600840
1757662006,788077784
1757662006,803760760
1757662006,807106824
1757662006,814571944
1757662006,823215976
1757662006,834763320
1757662006,855329256
1757662006,859912024
1757662006,868753592
1757662006,878219016
1757662006,901896056
1757662006,928031560
1757662006,945419464
1757662006,947873160
1757662006,988952392
1757662007,4744824
1757662007,35825768
1757662007,44167192
1757662007,56465128
1757662007,68464696
1757662007,84453864
1757662007,108786792
1757662007,117760600
1757662007,141889080
1757662007,153871416
1757662007,156135768
1757662007,158244712
1757662007,220425256
1757662007,224683128
1757662007,229021368
1757662007,235136536
1757662007,267935880
1757662007,272617128
1757662007,295785912
1757662007,316673208
1757662007,333473736
1757662007,339662088
1757662007,341346904
1757662007,375872904
1757662007,382875800
1757662007,386891736
1757662007,414862520
1757662007,423948360
1757662007,512385400
1757662007,515584488
1757662007,525373208
1757662007,538279832
1757662007,578357464
1757662007,585955816
1757662007,590697000
1757662007,596220984
1757662007,642032040
1757662007,655882440
1757662007,664825720
1757662007,694327992
1757662007,714178584
1757662007,748648088
1757662007,771092104
1757662007,817055928
1757662007,819198760
1757662007,837335272
1757662007,850961016
1757662007,855580360
1757662007,864335944
1757662007,896333544
1757662007,923185128
1757662007,947693256
1757662007,968599592
1757662007,984762504
1757662008,23762248
1757662008,48087656
1757662008,67565496
1757662008,77139848
1757662008,79314072
1757662008,83542408
1757662008,97010904
1757662008,99802296
1757662008,107511448
1757662008,112870888
1757662008,114687080
1757662008,136419400
1757662008,143299144
1757662008,164861608
1757662008,188181944
1757662008,215975608
1757662008,231670584
1757662008,235604520
1757662008,301087000
1757662008,367204584
1757662008,377916136
1757662008,395274376
1757662008,402407976
1757662008,415038488
1757662008,435118376
1757662008,449267112
1757662008,461908072
1757662008,479635048
1757662008,486041256
1757662008,501745864
1757662008,521078568
1757662008,528297128
1757662008,530811080
1757662008,541768024
1757662008,547232104
1757662008,560800984
1757662008,563227832
1757662008,570944168
1757662008,578773480
1757662008,587194040
1757662008,606892840
1757662008,613013720
1757662008,622794440
1757662008,635553512
1757662008,649694328
1757662008,663058040
1757662008,665197176
1757662008,672729464
1757662008,679754104
1757662008,686654968
1757662008,693576040
1757662008,696969416
1757662008,708034360
1757662008,713092408
1757662008,741591112
1757662008,752802232
1757662008,760464760
1757662008,763240472
1757662008,782963432
1757662008,784754328
1757662008,804902200
1757662008,828952392
1757662008,837106056
1757662008,840090872
1757662008,861086744
1757662008,862885256
1757662008,901502392
1757662008,904933976
1757662008,927499032
1757662008,956036248
1757662008,966129784
1757662008,974436344
1757662008,985891848
1757662008,987850680
1757662009,13186952
1757662009,18912408
1757662009,28422664
1757662009,41152632
1757662009,48056648
1757662009,53969448
1757662009,93942792
1757662009,104657256
1757662009,106796024
1757662009,111607544
1757662009,130933800
1757662009,140221896
1757662009,157285048
1757662009,182035704
1757662009,195807992
1757662009,202534456
1757662009,252300056
1757662009,265985448
1757662009,267854824
1757662009,272531912
1757662009,280614792
1757662009,304021192
1757662009,330134968
1757662009,332349752
1757662009,366014952
1757662009,397590712
1757662009,401909688
1757662009,403964440
1757662009,410552600
1757662009,413344600
1757662009,419713864
1757662009,434601464
1757662009,449205880
1757662009,457614456
1757662009,471342424
1757662009,484960376
1757662009,505164104
1757662009,545127848
1757662009,566527480
1757662009,570137528
1757662009,577352760
1757662009,624897592
1757662009,651514872
1757662009,677186360
1757662009,688272504
1757662009,695791672
1757662009,701525080
1757662009,765649640
1757662009,809273784
1757662009,825209128
1757662009,834258952
1757662009,842668264
1757662009,849246184
1757662009,854827688
1757662009,909992024
1757662009,929341928
1757662009,954013624
1757662009,977374936
1757662010,23371992
1757662010,62107128
1757662010,77171256
1757662010,85191320
1757662010,119641400
1757662010,128253992
1757662010,158121832
1757662010,164663544
1757662010,179911512
1757662010,201080552
1757662010,205413096
1757662010,210126184
1757662010,220855272
1757662010,228496680
1757662010,274031736
1757662010,291845352
1757662010,300120872
1757662010,303916232
1757662010,317936808
1757662010,332814872
1757662010,350499384
1757662010,360305144
1757662010,377019256
1757662010,390585560
1757662010,397659912
1757662010,408449128
1757662010,411925720
1757662010,419972328
1757662010,424911768
1757662010,447592440
1757662010,483990024
1757662010,492817720
1757662010,529410856
1757662010,550476824
1757662010,555557736
1757662010,559993784
1757662010,596235336
1757662010,603240424
1757662010,619513800
1757662010,624781512
1757662010,628606392
1757662010,631757496
1757662010,683787064
1757662010,764144904
1757662010,765747912
1757662010,771302120
1757662010,802773208
1757662010,807101432
1757662010,809142152
1757662010,814079448
1757662010,818691480
1757662010,867229128
1757662010,869457416
1757662010,886622824
1757662010,896921048
1757662010,904290920
1757662010,930235496
1757662010,942766248
1757662010,951280424
1757662010,956370984
1757662010,960458408
1757662010,962631176
1757662010,964800088
1757662010,974914584
1757662010,976710728
1757662011,17841736
1757662011,25780472
1757662011,51558248
1757662011,62043640
1757662011,66770888
1757662011,72909816
1757662011,89586824
1757662011,96648840
1757662011,108388600
1757662011,131874648
1757662011,134886664
1757662011,137244216
1757662011,138955624
1757662011,142686552
1757662011,168462136
1757662011,169800040
1757662011,190910760
1757662011,199707816
1757662011,247306360
1757662011,257046600
1757662011,270594184
1757662011,277600376
1757662011,297066392
1757662011,305535768
1757662011,316007464
1757662011,328619384
1757662011,334974040
1757662011,338559416
1757662011,339875016
1757662011,347195832
1757662011,359403704
1757662011,366083832
1757662011,372813832
1757662011,378675464
1757662011,393667768
1757662011,420242232
1757662011,431070360
1757662011,433075448
1757662011,438529112
1757662011,506665000
1757662011,529322120
1757662011,535286120
1757662011,580934232
1757662011,594500024
1757662011,598229800
1757662011,687918760
1757662011,703213048
1757662011,710325016
1757662011,716681992
1757662011,732192168
1757662011,761052392
1757662011,772989592
1757662011,774614216
1757662011,793132856
1757662011,831625448
1757662011,836643768
1757662011,875719224
1757662011,882986328
1757662011,900833784
1757662011,919101512
1757662011,923297560
1757662011,970053032
1757662011,971327768
1757662011,980786168
1757662011,983245368
1757662011,997307624
1757662012,47027064
1757662012,56819352
1757662012,66617144
1757662012,100778216
1757662012,104070328
1757662012,111991656
1757662012,135268536
1757662012,165065800
1757662012,199223864
1757662012,204122392
1757662012,205591320
1757662012,216968520
1757662012,225915864
1757662012,245358504
1757662012,248116584
1757662012,256066520
1757662012,263913592
1757662012,273455768
1757662012,301044952
1757662012,312233512
1757662012,335745304
1757662012,344240744
1757662012,353415256
1757662012,377636104
1757662012,380940632
1757662012,396937240
1757662012,405005480
1757662012,422531624
1757662012,428047400
1757662012,437075800
1757662012,451686680
1757662012,484996424
1757662012,497112136
1757662012,503519112
1757662012,539930424
1757662012,545048696
1757662012,547004936
1757662012,575333736
1757662012,607166856
1757662012,636908344
1757662012,675706184
1757662012,680513848
1757662012,688757592
1757662012,716112776
1757662012,736972952
1757662012,745251496
1757662012,753906408
1757662012,755733944
1757662012,773384104
1757662012,776764216
1757662012,791601576
1757662012,816500248
1757662012,825229496
1757662012,835341512
1757662012,842547560
1757662012,911234936
1757662012,929650888
1757662012,941241640
1757662012,963558200
1757662012,975514904
1757662012,995945240
1757662013,11148808
1757662013,20042888
1757662013,47182456
1757662013,51761832
1757662013,61613176
1757662013,84078584
1757662013,98924808
1757662013,120721064
1757662013,123826888
1757662013,125562968
1757662013,127220856
1757662013,131393832
1757662013,181881528
1757662013,212723272
1757662013,250723336
1757662013,278860536
1757662013,303970104
1757662013,305746696
1757662013,325647544
1757662013,327762600
1757662013,334468008
1757662013,350024520
1757662013,351539256
1757662013,379822312
1757662013,387555192
1757662013,389704536
1757662013,391253048
1757662013,392453848
1757662013,429086168
1757662013,436553944
1757662013,452150696
1757662013,457693896
1757662013,473593400
1757662013,497830584
1757662013,503718440
1757662013,515643064
1757662013,517797176
1757662013,576475704
1757662013,580709064
1757662013,583053464
1757662013,592590536
1757662013,604488344
1757662013,607533656
1757662013,609479992
1757662013,615806664
1757662013,617361528
1757662013,631492808
1757662013,683330648
1757662013,688355464
1757662013,693476184
1757662013,706086792
1757662013,712057624
1757662013,719445400
1757662013,745337304
1757662013,752794072
1757662013,766687304
1757662013,785996680
1757662013,793906584
1757662013,813894072
1757662013,818201208
1757662013,828288968
1757662013,859672248
1757662013,869599224
1757662013,899577816
1757662013,927369784
1757662013,931473944
1757662013,949443176
1757662013,953761608
1757662013,964205704
1757662014,21563208
1757662014,31324696
1757662014,39734584
1757662014,56974152
1757662014,60285128
1757662014,82647080
1757662014,101842120
1757662014,133190056
1757662014,147037464
1757662014,149805304
1757662014,184292344
1757662014,190101992
1757662014,196743528
1757662014,201904248
1757662014,228770456
1757662014,250569608
1757662014,283473080
1757662014,297110440
1757662014,309775464
1757662014,315952072
1757662014,349579272
1757662014,423433016
1757662014,430145656
1757662014,439998088
1757662014,450761416
1757662014,469092488
1757662014,470640488
1757662014,474793576
1757662014,475923960
1757662014,506609912
1757662014,509255720
1757662014,513201496
1757662014,534635320
1757662014,537576504
1757662014,540363784
1757662014,545095448
1757662014,547652120
1757662014,561047768
1757662014,565859784
1757662014,569383224
1757662014,601826648
1757662014,687776328
1757662014,735580616
1757662014,738400920
1757662014,742110296
1757662014,748862664
1757662014,821256664
1757662014,823147352
1757662014,832374264
1757662014,851046680
1757662014,854823192
1757662014,863354552
1757662014,891783320
1757662014,899217144
1757662014,905510392
1757662014,930770760
1757662014,962633384
1757662014,984848840
1757662014,990219944
1757662014,997400936
1757662014,999647768
1757662015,24095272
1757662015,52925496
1757662015,60933912
1757662015,80914888
1757662015,91217624
1757662015,117105656
1757662015,129050152
1757662015,132595144
1757662015,136260760
1757662015,142533992
1757662015,151702200
1757662015,184295944
1757662015,188909496
1757662015,196018424
1757662015,224574952
1757662015,241037384
1757662015,252016248
1757662015,255583960
1757662015,269126936
1757662015,291144808
1757662015,304970920
1757662015,319673320
1757662015,347730408
1757662015,351636664
1757662015,358408968
1757662015,363367272
1757662015,382212280
1757662015,394517464
1757662015,416210968
1757662015,417672344
1757662015,451505576
1757662015,454508728
1757662015,457275736
1757662015,463408648
1757662015,473401000
1757662015,483970392
1757662015,487034840
1757662015,513868824
1757662015,540279704
1757662015,566890840
1757662015,584403384
1757662015,622621848
1757662015,625126568
1757662015,632056888
1757662015,645146504
1757662015,652629352
1757662015,658473048
1757662015,664332536
1757662015,668036952
1757662015,682834328
1757662015,688481368
1757662015,718067256
1757662015,740966120
1757662015,743798008
1757662015,770388760
1757662015,775779784
1757662015,777357496
1757662015,789486792
1757662015,838924280
1757662015,887406312
1757662015,904244792
1757662015,917541720
1757662015,930482840
1757662015,948229240
1757662015,961451384
1757662015,971557304
1757662015,978145640
1757662015,995469688
1757662015,996931240
1757662016,17423944
1757662016,23886024
1757662016,34530296
1757662016,37653400
1757662016,41724392
1757662016,44629624
1757662016,49682216
1757662016,61082840
1757662016,89849320
1757662016,95599848
1757662016,99261896
1757662016,122806136
1757662016,128608840
1757662016,133592968
1757662016,177938360
1757662016,180518408
1757662016,191893960
1757662016,193352056
1757662016,195051400
1757662016,198117800
1757662016,203362744
1757662016,210335112
1757662016,216416264
1757662016,225899928
1757662016,228258936
1757662016,238518888
1757662016,254634104
1757662016,259770008
1757662016,323361752
1757662016,329520808
1757662016,363889944
1757662016,402608984
1757662016,429486328
1757662016,437640456
1757662016,480572408
1757662016,532430376
1757662016,539600376
1757662016,542321912
1757662016,555428888
1757662016,591555512
1757662016,602374776
1757662016,611387736
1757662016,613281864
1757662016,635313192
1757662016,663324632
1757662016,697063192
1757662016,704973592
1757662016,708640536
1757662016,727517112
1757662016,733246696
1757662016,744250840
1757662016,766602312
1757662016,774363784
1757662016,811734296
1757662016,822945512
1757662016,829664520
1757662016,838710120
1757662016,841509832
1757662016,845341544
1757662016,856392680
1757662016,871338536
1757662016,880034264
1757662016,884819080
1757662016,894713144
1757662016,901990072
1757662016,913455608
1757662016,924431672
1757662016,939290216
1757662016,940615160
1757662016,944675848
1757662016,960850232
1757662016,973545320
1757662017,522728
1757662017,11198808
1757662017,16363720
1757662017,62484904
1757662017,75379944
1757662017,80368120
1757662017,91031768
1757662017,95557912
1757662017,103610776
1757662017,114230872
1757662017,116721768
1757662017,147122312
1757662017,148596072
1757662017,167575320
1757662017,177564632
1757662017,185913240
1757662017,187981480
1757662017,191337432
1757662017,193845112
1757662017,223651816
1757662017,227975928
1757662017,235926168
1757662017,258136536
1757662017,276023064
1757662017,280249016
1757662017,293148184
1757662017,323128840
1757662017,361421704
1757662017,372600152
1757662017,377859544
1757662017,378869336
1757662017,418767032
1757662017,448491704
1757662017,453795048
1757662017,455590984
1757662017,519969912
1757662017,528009720
1757662017,558661048
1757662017,587613048
1757662017,608469832
1757662017,634097752
1757662017,642024424
1757662017,656235768
1757662017,666785784
1757662017,706790168
1757662017,719711288
1757662017,729699656
1757662017,738021960
1757662017,762606344
1757662017,853116856
1757662017,863287560
1757662017,866078552
1757662017,868222136
1757662017,877242632
1757662017,919571240
1757662017,943615768
1757662017,975611304
1757662017,985776136
1757662017,990147528
1757662018,38111160
1757662018,77749848
1757662018,89254392
1757662018,99321160
1757662018,105095992
1757662018,108816280
1757662018,142937080
1757662018,155107272
1757662018,178799176
1757662018,199448184
1757662018,213632904
1757662018,219497912
1757662018,248077432
1757662018,256316024
1757662018,262371928
1757662018,273574968
1757662018,289571288
1757662018,305138488
1757662018,338550104
1757662018,399471480
1757662018,404122888
1757662018,435028808
1757662018,437796296
1757662018,460378616
1757662018,475346024
1757662018,496089144
1757662018,502568104
1757662018,513992200
1757662018,541011688
1757662018,543839944
1757662018,551524200
1757662018,559128824
1757662018,569265736
1757662018,580367336
1757662018,582392888
1757662018,591671256
1757662018,615292696
1757662018,619586200
1757662018,625852840
1757662018,631623704
1757662018,650355832
1757662018,700386296
1757662018,701647336
1757662018,743555624
1757662018,753080936
1757662018,756893880
1757662018,760404152
1757662018,793266072
1757662018,829643896
1757662018,855161976
1757662018,888444936
1757662018,902004232
1757662018,916087032
1757662018,920146264
1757662018,966149080
1757662019,3246008
1757662019,12085400
1757662019,25274216
1757662019,57929448
1757662019,59839160
1757662019,62888168
1757662019,136096104
1757662019,137776088
1757662019,152189096
1757662019,184154184
1757662019,189745288
1757662019,198681576
1757662019,205174024
1757662019,222276520
1757662019,225606856
1757662019,237417624
1757662019,244706840
1757662019,261444312
1757662019,268568888
1757662019,282656872
1757662019,291879320
1757662019,296991368
1757662019,301255112
1757662019,312499720
1757662019,355790216
1757662019,360455800
1757662019,362023208
1757662019,365552376
1757662019,380791208
1757662019,386565736
1757662019,395078744
1757662019,399837752
1757662019,413489464
1757662019,462904664
1757662019,503741960
1757662019,507407688
1757662019,572133752
1757662019,580915752
1757662019,588626760
1757662019,607752632
1757662019,612451736
1757662019,641685016
1757662019,669676328
1757662019,672316888
1757662019,678813112
1757662019,694760616
1757662019,701338520
1757662019,710415112
1757662019,720242056
1757662019,726528024
1757662019,733953032
1757662019,757130408
1757662019,766761464
1757662019,770178184
1757662019,777668760
1757662019,817414024
1757662019,854320408
1757662019,858451400
1757662019,862530152
1757662019,877783752
1757662019,880087512
1757662019,887869320
1757662019,900096920
1757662019,920733352
1757662019,925406840
1757662019,942618920
1757662019,964364328
1757662019,969186376
1757662019,981759528
1757662020,22659736
1757662020,37396152
1757662020,58395576
1757662020,66234392
1757662020,70271992
1757662020,80841304
1757662020,83093320
1757662020,98646552
1757662020,107586888
1757662020,135130744
1757662020,141582440
1757662020,148022296
1757662020,162276888
1757662020,167081624
1757662020,191999832
1757662020,209782120
1757662020,223018056
1757662020,246909000
1757662020,298565480
1757662020,323196680
1757662020,328673192
1757662020,333035400
1757662020,336771944
1757662020,350169480
1757662020,353017192
1757662020,356218264
1757662020,359431016
1757662020,391988728
1757662020,399622632
1757662020,421118216
1757662020,426196296
1757662020,431912376
1757662020,434497944
1757662020,444447240
1757662020,469635880
1757662020,474234984
1757662020,476978472
1757662020,483960888
1757662020,491756136
1757662020,501949512
1757662020,503987448
1757662020,517535832
1757662020,521597480
1757662020,542020552
1757662020,547897112
1757662020,555078440
1757662020,559852776
1757662020,576420856
1757662020,594659192
1757662020,613849080
1757662020,619649480
1757662020,625937960
1757662020,630058872
1757662020,634135880
1757662020,658356840
1757662020,685521944
1757662020,705825624
1757662020,713899960
1757662020,715980360
1757662020,727137896
1757662020,731490184
1757662020,732760744
1757662020,739072488
1757662020,767293336
1757662020,795312840
1757662020,808405032
1757662020,820089448
1757662020,824579224
1757662020,856494680
1757662020,860304024
1757662020,863143032
1757662020,888418104
1757662020,915390392
1757662020,920268888
1757662020,953613816
1757662020,984810008
1757662020,995980904
1757662021,7817464
1757662021,18041144
1757662021,43705320
1757662021,56692104
1757662021,84132984
1757662021,89258008
1757662021,119498408
1757662021,121213464
1757662021,132818088
1757662021,140435160
1757662021,160650984
1757662021,162496824
1757662021,189844648
1757662021,195456520
1757662021,214460264
1757662021,240866328
1757662021,265095992
1757662021,271065176
1757662021,296287496
1757662021,327897560
1757662021,332898680
1757662021,340335768
1757662021,346560040
1757662021,353524360
1757662021,359121528
1757662021,365094968
1757662021,378708232
1757662021,389210376
1757662021,431164104
1757662021,453723512
1757662021,470230776
1757662021,476871064
1757662021,486403688
1757662021,493455128
1757662021,496759832
1757662021,497976808
1757662021,564324488
1757662021,566687288
1757662021,605066616
1757662021,642461528
1757662021,658450264
1757662021,660036056
1757662021,669814936
1757662021,677053240
1757662021,685708808
1757662021,690650936
1757662021,710699576
1757662021,712495496
1757662021,734529528
1757662021,747162168
1757662021,780148392
1757662021,788058392
1757662021,801520184
1757662021,806753688
1757662021,871708472
1757662021,875377800
1757662021,898175320
1757662021,904396344
1757662021,905894344
1757662021,920563304
1757662021,927639512
1757662021,929450424
1757662021,935302136
1757662021,946075000
1757662021,951665688
1757662021,974554056
1757662021,980144312
1757662021,991210728
1757662021,997915080
1757662021,999546728
1757662022,9635768
1757662022,11860344
1757662022,31511624
1757662022,35758440
1757662022,38777048
1757662022,43371928
1757662022,118932264
1757662022,125403272
1757662022,170466008
1757662022,189711736
1757662022,192820536
1757662022,208874984
1757662022,223063192
1757662022,237625336
1757662022,243405768
1757662022,248418056
1757662022,256735000
1757662022,260557864
1757662022,282875432
1757662022,289320632
1757662022,309777752
1757662022,311448440
1757662022,314018376
1757662022,343618024
1757662022,349686984
1757662022,376369112
1757662022,401926280
1757662022,407907688
1757662022,420815432
1757662022,443808360
1757662022,449366344
1757662022,457017144
1757662022,471239736
1757662022,484286712
1757662022,524512200
1757662022,539761800
1757662022,547624376
1757662022,567511016
1757662022,573754792
1757662022,625326712
1757662022,662105576
1757662022,669461528
1757662022,683042184
1757662022,695758280
1757662022,715547368
1757662022,724802680
1757662022,781498536
1757662022,789255272
1757662022,815726872
1757662022,821630792
1757662022,828356632
1757662022,833822072
1757662022,835520680
1757662022,849315240
1757662022,879471864
1757662022,886681992
1757662022,924917880
1757662022,927779624
1757662022,933990712
1757662022,940862088
1757662022,957476264
1757662022,967640248
1757662022,979810808
1757662022,997455688
1757662023,15011496
1757662023,19967624
1757662023,28760056
1757662023,30817464
1757662023,67611048
1757662023,105400712
1757662023,114824984
1757662023,123354200
1757662023,152308584
1757662023,164996360
1757662023,166816808
1757662023,203876376
1757662023,206882024
1757662023,223791496
1757662023,224947160
1757662023,235448872
1757662023,247442280
1757662023,253329880
1757662023,259642920
1757662023,274579640
1757662023,302167128
1757662023,333857064
1757662023,335413640
1757662023,379309992
1757662023,395674440
1757662023,408031384
1757662023,409183608
1757662023,416421432
1757662023,420895848
1757662023,447013352
1757662023,453414040
1757662023,482489784
1757662023,489035304
1757662023,515385992
1757662023,525481144
1757662023,545845544
1757662023,555993416
1757662023,573657544
1757662023,584549016
1757662023,608957672
1757662023,614621000
1757662023,615736456
1757662023,673725048
1757662023,675186632
1757662023,678451320
1757662023,703571320
1757662023,727046360
1757662023,737380264
1757662023,741938536
1757662023,747013848
1757662023,793324152
1757662023,794404664
1757662023,835918152
1757662023,839066632
1757662023,862701560
1757662023,888072120
1757662023,891888264
1757662023,910107288
1757662023,929251368
1757662023,945841656
1757662023,959030040
1757662023,976455064
1757662023,996887384
1757662023,998807064
1757662024,13663768
1757662024,38241224
1757662024,41260952
1757662024,55249896
1757662024,74918680
1757662024,83112376
1757662024,84144600
1757662024,90395128
1757662024,99928120
1757662024,116475912
1757662024,129548872
1757662024,187325240
1757662024,192223976
1757662024,217084024
1757662024,232871032
1757662024,253853288
1757662024,266073976
1757662024,268141464
1757662024,269746504
1757662024,294718216
1757662024,296072888
1757662024,322422008
1757662024,326305976
1757662024,368741736
1757662024,381607800
1757662024,403339240
1757662024,416146104
1757662024,424357448
1757662024,429682360
1757662024,438833000
1757662024,445081656
1757662024,470546392
1757662024,474674536
1757662024,478237768
1757662024,483308472
1757662024,486917048
1757662024,497130968
1757662024,530229544
1757662024,542120744
1757662024,558651752
1757662024,605709768
1757662024,617014488
1757662024,629184024
1757662024,641087064
1757662024,646639432
1757662024,648834296
1757662024,665025208
1757662024,683774376
1757662024,691329176
1757662024,731587016
1757662024,757320200
1757662024,764141688
1757662024,776972344
1757662024,788944984
1757662024,795482776
1757662024,801738936
1757662024,812360632
1757662024,837334696
1757662024,851171960
1757662024,855330680
1757662024,886179496
1757662024,924756136
1757662024,928445144
1757662024,940924216
1757662024,969119592
1757662024,971162520
1757662024,981401304
1757662024,996815144
1757662025,6829672
1757662025,26350968
1757662025,32087576
1757662025,89064296
1757662025,100189576
1757662025,102525848
1757662025,110568568
1757662025,142529176
1757662025,157250856
1757662025,169221512
1757662025,187578200
1757662025,190087848
1757662025,193140920
1757662025,200772008
1757662025,202380024
1757662025,204973624
1757662025,225677768
1757662025,238065048
1757662025,254298488
1757662025,299819944
1757662025,302969416
1757662025,317967304
1757662025,323497768
1757662025,348273704
1757662025,374008920
1757662025,376315304
1757662025,377751352
1757662025,380961752
1757662025,506251976
1757662025,540894008
1757662025,544966344
1757662025,578193528
1757662025,588388056
1757662025,591465224
1757662025,596057080
1757662025,602970296
1757662025,610626168
1757662025,618976600
1757662025,655851816
1757662025,662524024
1757662025,704795688
1757662025,706527736
1757662025,722538616
1757662025,749656440
1757662025,756008856
1757662025,765531608
1757662025,783227736
1757662025,789078200
1757662025,790937032
1757662025,820480200
1757662025,847945256
1757662025,858976920
1757662025,873005016
1757662025,874529608
1757662025,880910440
1757662025,899056472
1757662025,919906824
1757662026,10610920
1757662026,18357576
1757662026,49832792
1757662026,78040168
1757662026,99604072
1757662026,115356360
1757662026,133461432
1757662026,149448152
1757662026,152186232
1757662026,160381384
1757662026,187176680
1757662026,203153576
1757662026,234107656
1757662026,244186424
1757662026,266998504
1757662026,303701448
1757662026,315034104
1757662026,348979656
1757662026,354368952
1757662026,362758632
1757662026,380159048
1757662026,397994440
1757662026,405410712
1757662026,419488888
1757662026,444052136
1757662026,476002568
1757662026,503554360
1757662026,526870392
1757662026,568787496
1757662026,570281000
1757662026,594267448
1757662026,623391640
1757662026,642076280
1757662026,656882600
1757662026,666832648
1757662026,700129832
1757662026,708383592
1757662026,709994456
1757662026,746542856
1757662026,756967512
1757662026,760189944
1757662026,767148408
1757662026,792346024
1757662026,816969048
1757662026,831556808
1757662026,833290504
1757662026,852088872
1757662026,871916152
1757662026,879378584
1757662026,886117944
1757662026,895282536
1757662026,903916264
1757662026,905857336
1757662026,908859432
1757662026,910697144
1757662026,915007640
1757662026,916521656
1757662026,920964616
1757662026,930633192
1757662026,960198760
1757662026,968305608
1757662026,974928408
1757662026,977208072
1757662026,981320840
1757662026,991055592
1757662027,4639512
1757662027,22183544
1757662027,38445176
1757662027,56613528
1757662027,61957336
1757662027,64369992
1757662027,68408472
1757662027,73265816
1757662027,104883432
1757662027,131651112
1757662027,169034920
1757662027,177580424
1757662027,195689432
1757662027,198935528
1757662027,234134936
1757662027,239278104
1757662027,262870232
1757662027,268934344
1757662027,276608344
1757662027,278722936
1757662027,295414664
1757662027,307895768
1757662027,326961304
1757662027,363609000
1757662027,367700824
1757662027,382327992
1757662027,397405400
1757662027,417741448
1757662027,435771720
1757662027,447104008
1757662027,466637416
1757662027,475767592
1757662027,498714200
1757662027,502010104
1757662027,522466920
1757662027,551210472
1757662027,602007192
1757662027,634707720
1757662027,644439544
1757662027,660354152
1757662027,666110904
1757662027,668599864
1757662027,682654600
1757662027,698240856
1757662027,716182360
1757662027,723999512
1757662027,725800056
1757662027,743335288
1757662027,769586168
1757662027,813982264
1757662027,865358872
1757662027,867162840
1757662027,874858136
1757662027,902557272
1757662027,918063128
1757662027,931151896
1757662027,943483464
1757662027,983385624
1757662028,11438664
1757662028,23184792
1757662028,72026520
1757662028,90463784
1757662028,92939800
1757662028,98149608
1757662028,112931224
1757662028,128079016
1757662028,186907176
1757662028,189584584
1757662028,212292088
1757662028,215134424
1757662028,226717960
1757662028,229020776
1757662028,237644376
1757662028,238922984
1757662028,247631064
1757662028,252125288
1757662028,256795992
1757662028,261126152
1757662028,307345928
1757662028,312020136
1757662028,341837320
1757662028,377447128
1757662028,397348168
1757662028,418030488
1757662028,419529512
1757662028,427371480
1757662028,436869912
1757662028,441451096
1757662028,444724664
1757662028,446878552
1757662028,450498712
1757662028,459120696
1757662028,462728120
1757662028,474946120
1757662028,478623128
1757662028,482055192
1757662028,485647448
1757662028,489451224
1757662028,503073656
1757662028,508457400
1757662028,541274520
1757662028,557305688
1757662028,569887320
1757662028,583452184
1757662028,599980808
1757662028,611611816
1757662028,615922504
1757662028,617182104
1757662028,646426952
1757662028,650689256
1757662028,652530600
1757662028,655194920
1757662028,697419912
1757662028,703768488
1757662028,707026088
1757662028,717328616
1757662028,767503512
1757662028,771287112
1757662028,775880056
1757662028,780197112
1757662028,834662616
1757662028,841145016
1757662028,845581064
1757662028,850343672
1757662028,864244376
1757662028,895971016
1757662028,929094664
1757662028,973548872
1757662028,987979144
1757662029,14550424
1757662029,20747848
1757662029,46650520
1757662029,48762920
1757662029,65132264
1757662029,68129272
1757662029,102571448
1757662029,138632152
1757662029,145733144
1757662029,148980888
1757662029,289626328
1757662029,304606232
1757662029,335513208
1757662029,395513432
1757662029,401837688
1757662029,418185784
1757662029,426558520
1757662029,428140200
1757662029,458372792
1757662029,487868728
1757662029,492053816
1757662029,553700408
1757662029,559121800
1757662029,563276696
1757662029,569079752
1757662029,589943816
1757662029,593670120
1757662029,616201304
1757662029,642828808
1757662029,649224392
1757662029,692533128
1757662029,708855272
1757662029,711874920
1757662029,783786360
1757662029,789690056
1757662029,822085016
1757662029,835708712
1757662029,847039800
1757662029,850508616
1757662029,877006888
1757662029,879069192
1757662029,885095592
1757662029,903383576
1757662029,941371768
1757662029,943305544
1757662029,949001512
1757662029,951379784
1757662029,952659208
1757662029,954201928
1757662029,957677528
1757662029,970843896
1757662029,973873224
1757662029,977585592
1757662030,11116040
1757662030,17733064
1757662030,25920424
1757662030,30275896
1757662030,34485048
1757662030,44478824
1757662030,47958200
1757662030,85173544
1757662030,89810184
1757662030,96128904
1757662030,100056024
1757662030,128096536
1757662030,130463240
1757662030,151595272
1757662030,159793352
1757662030,180817752
1757662030,185009320
1757662030,188567112
1757662030,195166744
1757662030,215124312
1757662030,234391240
1757662030,247016632
1757662030,248590632
1757662030,267270584
1757662030,283213928
1757662030,284594072
1757662030,319990248
1757662030,342379656
1757662030,344337208
1757662030,408491864
1757662030,409724104
1757662030,446290808
1757662030,450772024
1757662030,471741688
1757662030,474549416
1757662030,484939768
1757662030,520870520
1757662030,522820392
1757662030,549361576
1757662030,553609256
1757662030,560384024
1757662030,612246808
1757662030,640583320
1757662030,644388312
1757662030,653173656
1757662030,667082424
1757662030,669355224
1757662030,673743480
1757662030,718732664
1757662030,747564920
1757662030,760608568
1757662030,788824344
1757662030,826290744
1757662030,830933384
1757662030,860752520
1757662030,880428616
1757662030,897038056
1757662030,900574904
1757662030,902001496
1757662030,903938280
1757662030,916837464
1757662030,965967432
1757662030,975917624
1757662030,981970664
1757662031,1243912
1757662031,9530360
1757662031,14596616
1757662031,27559624
1757662031,38062392
1757662031,45532536
1757662031,49757320
1757662031,60234792
1757662031,67146600
1757662031,73661912
1757662031,88919864
1757662031,97623400
1757662031,111008424
1757662031,129603832
1757662031,142457976
1757662031,153556248
1757662031,163067768
1757662031,164288008
1757662031,207764744
1757662031,217297720
1757662031,230025768
1757662031,235576104
1757662031,238120936
1757662031,245746680
1757662031,252935272
1757662031,277360312
1757662031,296140504
1757662031,327323864
1757662031,363300312
1757662031,366701608
1757662031,369808760
1757662031,377093640
1757662031,399581736
1757662031,422225144
1757662031,454761848
1757662031,459477720
1757662031,481057688
1757662031,488712136
1757662031,491504824
1757662031,534192184
1757662031,558405576
1757662031,564673256
1757662031,569423224
1757662031,586492504
1757662031,614353944
1757662031,626559688
1757662031,628675944
1757662031,630070824
1757662031,633572504
1757662031,638586200
1757662031,644417288
1757662031,648682984
1757662031,652173048
1757662031,672281416
1757662031,678820504
1757662031,684542872
1757662031,691228168
1757662031,693120312
1757662031,702088136
1757662031,714000008
1757662031,758742296
1757662031,784481000
1757662031,786241768
1757662031,805763944
1757662031,819078344
1757662031,856154504
1757662031,866604840
1757662031,870122216
1757662031,895505416
1757662031,915228040
1757662031,935713128
1757662031,958193160
1757662032,7135304
1757662032,11990488
1757662032,29028376
1757662032,77933496
1757662032,94159832
1757662032,96716712
1757662032,113448648
1757662032,121483048
1757662032,131836424
1757662032,136388232
1757662032,146415752
1757662032,157229688
1757662032,180061816
1757662032,210519992
1757662032,231653112
1757662032,243829608
1757662032,258841704
1757662032,266969416
1757662032,273882056
1757662032,286732424
1757662032,308865880
1757662032,314595384
1757662032,320897144
1757662032,336321928
1757662032,402243448
1757662032,412695928
1757662032,418834264
1757662032,427067800
1757662032,437189912
1757662032,439245272
1757662032,445967112
1757662032,483867496
1757662032,498570024
1757662032,532190856
1757662032,545961704
1757662032,553344328
1757662032,558375992
1757662032,564228184
1757662032,593311784
1757662032,605591656
1757662032,613058616
1757662032,616397912
1757662032,667156552
1757662032,723537208
1757662032,747975784
1757662032,786935736
1757662032,841482520
1757662032,845590136
1757662032,856321688
1757662032,858672360
1757662032,869603272
1757662032,885799880
1757662032,903775672
1757662032,907896344
1757662032,912625240
1757662032,950522968
1757662032,959755208
1757662032,967001832
1757662032,979671480
1757662032,990208216
1757662033,63435544
1757662033,81955496
1757662033,87272488
1757662033,102251032
1757662033,105448616
1757662033,129106360
1757662033,135659096
1757662033,144742008
1757662033,146148120
1757662033,151947480
1757662033,166994600
1757662033,169791384
1757662033,172163064
1757662033,181007576
1757662033,183648952
1757662033,203715816
1757662033,230051480
1757662033,233542568
1757662033,240847672
1757662033,273699928
1757662033,292456600
1757662033,303362776
1757662033,305296280
1757662033,319711688
1757662033,331499896
1757662033,360678168
1757662033,384061464
1757662033,398858024
1757662033,419899896
1757662033,434377640
1757662033,439535880
1757662033,453432520
1757662033,458347768
1757662033,488867608
1757662033,500412488
1757662033,505823048
1757662033,542460200
1757662033,544507576
1757662033,573565128
1757662033,629230104
1757662033,635160232
1757662033,665296648
1757662033,700549496
1757662033,702928856
1757662033,707944104
1757662033,738670552
1757662033,757274728
1757662033,766317512
1757662033,773373624
1757662033,777435032
1757662033,790709096
1757662033,791978520
1757662033,797700120
1757662033,809401704
1757662033,841335848
1757662033,869308760
1757662033,878010776
1757662033,903881992
1757662033,923188056
1757662033,936331816
1757662033,940352792
1757662033,944061368
1757662033,954248184
1757662033,964148232
1757662033,977664008
1757662033,997464344
1757662034,27989656
1757662034,32745096
1757662034,48056952
1757662034,54112200
1757662034,63854040
1757662034,84574104
1757662034,114890008
1757662034,124475928
1757662034,127620152
1757662034,136046616
1757662034,146936808
1757662034,157784200
1757662034,159719896
1757662034,184068088
1757662034,189417480
1757662034,223393576
1757662034,243541832
1757662034,248162120
1757662034,259667608
1757662034,272939368
1757662034,294300616
1757662034,296977208
1757662034,298801464
1757662034,301256920
1757662034,331928056
1757662034,371747880
1757662034,373937880
1757662034,382461672
1757662034,391574376
1757662034,408816648
1757662034,411907464
1757662034,416361336
1757662034,424091992
1757662034,452223752
1757662034,488133992
1757662034,491378120
1757662034,505440232
1757662034,538925848
1757662034,551031528
1757662034,567459160
1757662034,622197576
1757662034,623534424
1757662034,628585080
1757662034,706825672
1757662034,717854552
1757662034,719833816
1757662034,721360040
1757662034,732075160
1757662034,774660312
1757662034,778824584
1757662034,793289384
1757662034,796646408
1757662034,823657752
1757662034,829319368
1757662034,833054312
1757662034,839331800
1757662034,858859192
1757662034,878332904
1757662034,902989944
1757662034,922708840
1757662034,942369128
1757662034,950707048
1757662034,966433144
1757662034,981512360
1757662034,993101096
1757662035,1336776
1757662035,15084872
1757662035,30652792
1757662035,63452632
1757662035,91108072
1757662035,96072296
1757662035,117644008
1757662035,143486968
1757662035,145758344
1757662035,157270168
1757662035,183758072
1757662035,198022520
1757662035,201895064
1757662035,213657608
1757662035,221194648
1757662035,223589336
1757662035,225786328
1757662035,229891768
1757662035,245859976
1757662035,253020824
1757662035,261533592
1757662035,272172600
1757662035,314360552
1757662035,319283768
1757662035,338903160
1757662035,381693720
1757662035,392202744
1757662035,397493176
1757662035,425229736
1757662035,442572920
1757662035,462087336
1757662035,466600248
1757662035,483293096
1757662035,492191032
1757662035,500446920
1757662035,536425992
1757662035,542143112
1757662035,556748856
1757662035,589477768
1757662035,634753272
1757662035,687063848
1757662035,710497768
1757662035,716683880
1757662035,748301432
1757662035,749398824
1757662035,758081544
1757662035,763668200
1757662035,808897432
1757662035,811999640
1757662035,842421608
1757662035,851817176
1757662035,878590552
1757662035,891385640
1757662035,908257864
1757662035,965570520
1757662035,968862232
1757662035,976493080
1757662035,978737912
1757662035,991884440
1757662036,10172984
1757662036,81063960
1757662036,99031736
1757662036,110781480
1757662036,127159160
1757662036,132683320
1757662036,158449256
1757662036,208397400
1757662036,209939144
1757662036,218215848
1757662036,240365080
1757662036,246085768
1757662036,248174168
1757662036,263745320
1757662036,270053800
1757662036,278946392
1757662036,336696088
1757662036,339520520
1757662036,366566568
1757662036,379874968
1757662036,389501288
1757662036,411375016
1757662036,416074296
1757662036,434453304
1757662036,437060968
1757662036,459510760
1757662036,488760856
1757662036,490657528
1757662036,492845448
1757662036,502601816
1757662036,504229432
1757662036,506781544
1757662036,508392792
1757662036,523592520
1757662036,527205304
1757662036,554740680
1757662036,561839752
1757662036,582658056
1757662036,622836712
1757662036,625763640
1757662036,631019320
1757662036,649644744
1757662036,671800168
1757662036,684765592
1757662036,705077208
1757662036,745342728
1757662036,750458488
1757662036,799948760
1757662036,814254072
1757662036,830530168
1757662036,906741960
1757662036,911437640
1757662036,914086664
1757662036,936228696
1757662036,960310184
1757662037,3805032
1757662037,32484632
1757662037,40276040
1757662037,52119464
1757662037,68974296
1757662037,83342936
1757662037,90636280
1757662037,93048984
1757662037,104239672
1757662037,107016440
1757662037,118658744
1757662037,120047288
1757662037,124382136
1757662037,147509704
1757662037,187996472
1757662037,192322248
1757662037,200795016
1757662037,203672840
1757662037,229301944
1757662037,236890472
1757662037,240636168
1757662037,258317128
1757662037,275365512
1757662037,288383640
1757662037,316612936
1757662037,373584200
1757662037,405263256
1757662037,462724424
1757662037,507200168
1757662037,521456312
1757662037,529980056
1757662037,559666344
1757662037,580190296
1757662037,592204760
1757662037,653148088
1757662037,689600408
1757662037,691650840
1757662037,713344296
1757662037,719868856
1757662037,722849480
1757662037,736145848
1757662037,771282008
1757662037,787603400
1757662037,802565880
1757662037,823310968
1757662037,829516184
1757662037,848481224
1757662037,857316680
1757662037,860639464
1757662037,921393720
1757662037,924529496
1757662037,926800904
1757662037,939834696
1757662037,952215320
1757662037,959433208
1757662037,966705336
1757662037,985955368
1757662038,41177272
1757662038,43540568
1757662038,58163608
1757662038,70535992
1757662038,87177656
1757662038,105334520
1757662038,147381144
1757662038,163617800
1757662038,172031528
1757662038,182385320
1757662038,192908536
1757662038,208348648
1757662038,211411080
1757662038,221418232
1757662038,223189448
1757662038,226547160
1757662038,229789480
1757662038,242303384
1757662038,256212936
1757662038,280314008
1757662038,281785800
1757662038,286268840
1757662038,296992280
1757662038,304017032
1757662038,307487272
1757662038,318384104
1757662038,322142040
1757662038,324893256
1757662038,330007896
1757662038,333612360
1757662038,343039080
1757662038,352426808
1757662038,362004520
1757662038,371964392
1757662038,394958552
1757662038,422778024
1757662038,424796312
1757662038,428560408
1757662038,435009544
1757662038,447194376
1757662038,452997816
1757662038,468430728
1757662038,473051352
1757662038,507801464
1757662038,510063304
1757662038,523855480
1757662038,532410344
1757662038,541010584
1757662038,544791176
1757662038,558069064
1757662038,560481480
1757662038,593645064
1757662038,601944040
1757662038,605553976
1757662038,637958712
1757662038,682309736
1757662038,686454696
1757662038,718981672
1757662038,721063656
1757662038,741924488
1757662038,746471528
1757662038,749852632
1757662038,768319960
1757662038,780721848
1757662038,827933960
1757662038,831301688
1757662038,833862904
1757662038,854645208
1757662038,862860296
1757662038,866590968
1757662038,893482232
1757662038,898250648
1757662038,900048136
1757662038,918252088
1757662038,932317272
1757662038,955956712
1757662038,989200136
1757662038,994375560
1757662039,29981496
1757662039,56283880
1757662039,62195208
1757662039,80762200
1757662039,82896040
1757662039,90893416
1757662039,113500696
1757662039,120099656
1757662039,135266872
1757662039,143377176
1757662039,146753192
1757662039,173319848
1757662039,185480504
1757662039,186929192
1757662039,188026968
1757662039,192060136
1757662039,203059352
1757662039,215324520
1757662039,227119080
1757662039,231210152
1757662039,232778680
1757662039,248491640
1757662039,270275384
1757662039,277320552
1757662039,299480616
1757662039,302225256
1757662039,325567304
1757662039,329163640
1757662039,345222584
1757662039,360856888
1757662039,372345336
1757662039,406025592
1757662039,407878296
1757662039,419540888
1757662039,423248392
1757662039,438024856
1757662039,446208184
1757662039,460049928
1757662039,461966952
1757662039,469454408
1757662039,475863496
1757662039,505283384
1757662039,513455608
1757662039,523013960
1757662039,533862568
1757662039,535215032
1757662039,537080008
1757662039,540954936
1757662039,557975560
1757662039,561326680
1757662039,580377960
1757662039,608218344
1757662039,618803016
1757662039,640986232
1757662039,642073912
1757662039,660611064
1757662039,662576104
1757662039,700774920
1757662039,742917240
1757662039,766148360
1757662039,767694312
1757662039,779405144
1757662039,781247608
1757662039,802055400
1757662039,812222232
1757662039,814696840
1757662039,818962264
1757662039,820999160
1757662039,827017336
1757662039,829666392
1757662039,833847256
1757662039,851343656
1757662039,882829096
1757662039,887221448
1757662039,892347832
1757662039,896126824
1757662039,931360568
1757662039,965332552
1757662039,974581304
1757662039,986472792
1757662039,988012760
1757662039,998047112
1757662040,20162488
1757662040,24607944
1757662040,33923464
1757662040,38339928
1757662040,66126104
1757662040,84346696
1757662040,88803848
1757662040,148965960
1757662040,159635384
1757662040,172779128
1757662040,212466984
1757662040,217768152
1757662040,240996376
1757662040,243411752
1757662040,293186072
1757662040,295915768
1757662040,304516488
1757662040,311880552
1757662040,322264552
1757662040,343844264
1757662040,345146072
1757662040,393642136
1757662040,411037976
1757662040,412282872
1757662040,422150680
1757662040,487929000
1757662040,506203432
1757662040,512791688
1757662040,529746920
1757662040,534921000
1757662040,540885784
1757662040,543424088
1757662040,581495400
1757662040,583608952
1757662040,594999272
1757662040,618232696
1757662040,625990712
1757662040,639974568
1757662040,667939064
1757662040,682352200
1757662040,700198712
1757662040,708507624
1757662040,710075368
1757662040,717963816
1757662040,724132184
1757662040,741231368
1757662040,742285112
1757662040,757959672
1757662040,765180408
1757662040,772399544
1757662040,809184456
1757662040,857941352
1757662040,869676344
1757662040,886814200
1757662040,910090696
1757662040,939085672
1757662040,976105976
1757662040,983360008
1757662040,990962168
1757662041,5019144
1757662041,28821816
1757662041,35111160
1757662041,71918856
1757662041,121128984
1757662041,131747480
1757662041,143274120
1757662041,153475544
1757662041,155431592
1757662041,163716808
1757662041,190922344
1757662041,227636056
1757662041,244428376
1757662041,249362888
1757662041,268587048
1757662041,274555176
1757662041,281445624
1757662041,290959368
1757662041,300496712
1757662041,311548584
1757662041,324694872
1757662041,344750696
1757662041,398702072
1757662041,403945784
1757662041,406751336
1757662041,426940008
1757662041,447219176
1757662041,459376200
1757662041,471167800
1757662041,483609080
1757662041,492980712
1757662041,494306584
1757662041,497278152
1757662041,501074120
1757662041,516528760
1757662041,537904312
1757662041,541257304
1757662041,549158136
1757662041,596881928
1757662041,601097080
1757662041,611414664
1757662041,612956536
1757662041,619939816
1757662041,625999752
1757662041,633519832
1757662041,643667704
1757662041,656693640
1757662041,664535432
1757662041,714033480
1757662041,720801192
1757662041,734965384
1757662041,740153448
1757662041,760310360
1757662041,764268680
1757662041,766198856
1757662041,768776536
1757662041,777457032
1757662041,779144472
1757662041,791227112
1757662041,795214296
1757662041,802171816
1757662041,807241944
1757662041,818420168
1757662041,830393096
1757662041,854670248
1757662041,862474648
1757662041,873562472
1757662041,881149240
1757662041,918056712
1757662041,940644568
1757662041,947297448
1757662041,964657800
1757662041,974273448
1757662041,979887784
1757662041,986587272
1757662041,999988792
1757662042,41281848
1757662042,45241560
1757662042,71070008
1757662042,78168968
1757662042,100594760
1757662042,191886360
1757662042,205064424
1757662042,208083128
1757662042,223268088
1757662042,254238680
1757662042,265353912
1757662042,278590088
1757662042,289794600
1757662042,304587256
1757662042,311644360
1757662042,328254888
1757662042,335105928
1757662042,349359016
1757662042,355015304
1757662042,370226584
1757662042,384098296
1757662042,399748792
1757662042,409364968
1757662042,412806024
1757662042,432897688
1757662042,438477192
1757662042,460704488
1757662042,517072472
1757662042,519418136
1757662042,563268088
1757662042,572296632
1757662042,574965144
1757662042,605144488
1757662042,612619928
1757662042,624936504
1757662042,627474136
1757662042,648457640
1757662042,660843176
1757662042,666044488
1757662042,673726712
1757662042,675078696
1757662042,685355048
1757662042,687762792
1757662042,696396088
1757662042,705732120
1757662042,722408744
1757662042,746899432
1757662042,762723720
1757662042,780990536
1757662042,787763576
1757662042,816312040
1757662042,838387208
1757662042,870890328
1757662042,880061496
1757662042,887373832
1757662042,905033112
1757662042,916899816
1757662042,934170504
1757662042,944368504
1757662042,958485128
1757662043,2516536
1757662043,5365000
1757662043,8018456
1757662043,14908104
1757662043,52705368
1757662043,67880984
1757662043,86643096
1757662043,92338152
1757662043,96339624
1757662043,105628744
1757662043,110849880
1757662043,127031272
1757662043,134468760
1757662043,150636776
1757662043,154634888
1757662043,170251496
1757662043,176523880
1757662043,185566264
1757662043,254291592
1757662043,312574600
1757662043,314023720
1757662043,325020616
1757662043,333954936
1757662043,346456920
1757662043,348458872
1757662043,367702328
1757662043,411855464
1757662043,449818840
1757662043,474746872
1757662043,488203832
1757662043,490982104
1757662043,494966088
1757662043,516569960
1757662043,526961576
1757662043,535153208
1757662043,540859928
1757662043,553236984
1757662043,564955736
1757662043,569907624
1757662043,581579176
1757662043,594315080
1757662043,605841960
1757662043,657695544
1757662043,676920920
1757662043,679589688
1757662043,694044824
1757662043,728971048
1757662043,740132376
1757662043,741754616
1757662043,743598696
1757662043,746969640
1757662043,750671592
1757662043,771217048
1757662043,776054376
1757662043,794758920
1757662043,806994920
1757662043,825821304
1757662043,840310520
1757662043,843464792
1757662043,915994712
1757662043,942318088
1757662043,952523832
1757662043,957595768
1757662043,970006024
1757662043,981562632
1757662043,985718856
1757662043,987426408
1757662044,46690664
1757662044,61116968
1757662044,82835304
1757662044,95859144
1757662044,110824648
1757662044,128553192
1757662044,151768792
1757662044,156855864
1757662044,160281400
1757662044,168521384
1757662044,170423624
1757662044,187831320
1757662044,197229880
1757662044,207673016
1757662044,208761496
1757662044,277084136
1757662044,279356136
1757662044,283369608
1757662044,294222872
1757662044,298852824
1757662044,332765432
1757662044,334861224
1757662044,340383944
1757662044,345621880
1757662044,347258424
1757662044,372321704
1757662044,382054552
1757662044,390521976
1757662044,397009288
1757662044,421543368
1757662044,426632744
1757662044,438723624
1757662044,454762200
1757662044,459772232
1757662044,514794168
1757662044,521138280
1757662044,549791512
1757662044,556811752
1757662044,576661080
1757662044,581633016
1757662044,588099480
1757662044,646932008
1757662044,649021752
1757662044,663585624
1757662044,680863592
1757662044,702357944
1757662044,720075320
1757662044,729418392
1757662044,748149304
1757662044,763047736
1757662044,765780856
1757662044,788610184
1757662044,821286184
1757662044,832974152
1757662044,856053864
1757662044,886644600
1757662044,896259400
1757662044,900463384
1757662044,910128488
1757662044,929811784
1757662044,933585480
1757662044,938116120
1757662044,948776216
1757662044,997744328
1757662045,20390520
1757662045,26832824
1757662045,42736632
1757662045,48047016
1757662045,49363688
1757662045,55069480
1757662045,77451864
1757662045,123127048
1757662045,147446600
1757662045,152937960
1757662045,177020824
1757662045,219312744
1757662045,223393800
1757662045,252341640
1757662045,263430392
1757662045,274098808
1757662045,291445832
1757662045,342419528
1757662045,344600632
1757662045,353292408
1757662045,370151768
1757662045,391641560
1757662045,399106984
1757662045,402439032
1757662045,407953368
1757662045,436079992
1757662045,445872520
1757662045,451867592
1757662045,469024568
1757662045,529416584
1757662045,555663448
1757662045,577882600
1757662045,632317720
1757662045,669565752
1757662045,707248808
1757662045,711440952
1757662045,724630216
1757662045,750891832
1757662045,754434216
1757662045,759909928
1757662045,779069688
1757662045,807993544
1757662045,816575320
1757662045,844429768
1757662045,880050056
1757662045,881679176
1757662045,898370376
1757662045,901219448
1757662045,902723528
1757662045,924727896
1757662045,932241560
1757662045,949903672
1757662045,963331592
1757662045,971742040
1757662045,976141288
1757662045,980679608
1757662045,990746472
1757662046,5242392
1757662046,64225368
1757662046,66014088
1757662046,90475896
1757662046,96331208
1757662046,103194552
1757662046,119777464
1757662046,132511240
1757662046,139750504
1757662046,142267624
1757662046,157095352
1757662046,174659320
1757662046,185640584
1757662046,193591064
1757662046,195246520
1757662046,223482424
1757662046,235956376
1757662046,244290408
1757662046,256098744
1757662046,267434376
1757662046,304767256
1757662046,307711864
1757662046,312456152
1757662046,326071160
1757662046,333241368
1757662046,357409816
1757662046,368488616
1757662046,372397352
1757662046,382141960
1757662046,392882360
1757662046,403508424
1757662046,429882280
1757662046,447887208
1757662046,457442472
1757662046,468369176
1757662046,482086664
1757662046,524379992
1757662046,528003176
1757662046,577282376
1757662046,595743032
1757662046,599618328
1757662046,604336888
1757662046,632491720
1757662046,635983384
1757662046,639340408
1757662046,643793640
1757662046,661814600
1757662046,691528344
1757662046,707267000
1757662046,756587256
1757662046,775464888
1757662046,785217848
1757662046,797589320
1757662046,819909832
1757662046,853125464
1757662046,894342808
1757662046,895681064
1757662046,919894152
1757662046,921187464
1757662046,943733368
1757662046,949596808
1757662046,951111320
1757662046,997410136
1757662047,41386344
1757662047,44658328
1757662047,61797352
1757662047,72188184
1757662047,81125336
1757662047,90532488
1757662047,116265848
1757662047,117937688
1757662047,165451448
1757662047,167589192
1757662047,171005800
1757662047,178739368
1757662047,200866728
1757662047,220128328
1757662047,242349240
1757662047,243735352
1757662047,257779304
1757662047,260320552
1757662047,271839704
1757662047,298458920
1757662047,300853624
1757662047,305528568
1757662047,311230552
1757662047,328875416
1757662047,335269512
1757662047,338286408
1757662047,348456536
1757662047,349640904
1757662047,353723000
1757662047,356816152
1757662047,362875576
1757662047,388457992
1757662047,419322056
1757662047,437413128
1757662047,447096776
1757662047,450742936
1757662047,460187144
1757662047,490415144
1757662047,528212376
1757662047,536630552
1757662047,549137816
1757662047,555464696
1757662047,568490056
1757662047,574054104
1757662047,577655016
1757662047,581416808
1757662047,584109400
1757662047,637564552
1757662047,645306456
1757662047,690867352
1757662047,700057624
1757662047,704105352
1757662047,707244744
1757662047,710145672
1757662047,730187160
1757662047,737610392
1757662047,763655176
1757662047,770402296
1757662047,805690312
1757662047,823605448
1757662047,825852168
1757662047,840691304
1757662047,864835240
1757662047,871795656
1757662047,885647352
1757662047,893457576
1757662047,894970680
1757662047,902354696
1757662047,910937352
1757662047,917450600
1757662047,937168776
1757662047,946898840
1757662048,2763272
1757662048,9092536
1757662048,43982040
1757662048,83702152
1757662048,101492456
1757662048,107915128
1757662048,109678136
1757662048,130890168
1757662048,133363544
1757662048,138501464
1757662048,163154904
1757662048,181716264
1757662048,185988840
1757662048,216889496
1757662048,229821720
1757662048,251163560
1757662048,277958136
1757662048,284452504
1757662048,292026552
1757662048,310784024
1757662048,343462344
1757662048,345491656
1757662048,362997240
1757662048,372088072
1757662048,373765896
1757662048,395712936
1757662048,470991928
1757662048,473956888
1757662048,500233800
1757662048,508255128
1757662048,521506712
1757662048,523536152
1757662048,546411272
1757662048,563471096
1757662048,575625720
1757662048,578506360
1757662048,582932232
1757662048,584120936
1757662048,614259704
1757662048,619179928
1757662048,621637224
1757662048,642450136
1757662048,649795464
1757662048,688705336
1757662048,720146168
1757662048,730724360
1757662048,744479144
1757662048,763297720
1757662048,770307528
1757662048,794294984
1757662048,797516920
1757662048,806080888
1757662048,924014024
1757662048,935001208
1757662048,955357720
1757662048,965159752
1757662048,984398152
1757662048,991056136
1757662049,6272168
1757662049,8110904
1757662049,55450312
1757662049,68329112
1757662049,74284792
1757662049,97639144
1757662049,121950984
1757662049,134950232
1757662049,149781752
1757662049,166461368
1757662049,167745064
1757662049,176341960
1757662049,177552104
1757662049,184108168
1757662049,185816216
1757662049,188947160
1757662049,204148872
1757662049,216347128
1757662049,232721096
1757662049,280294264
1757662049,284949576
1757662049,298180920
1757662049,309666456
1757662049,324979720
1757662049,329083000
1757662049,347329800
1757662049,353087352
1757662049,389249400
1757662049,393360696
1757662049,398741560
1757662049,427148200
1757662049,460417320
1757662049,481339048
1757662049,487375752
1757662049,504704824
1757662049,506623080
1757662049,519580968
1757662049,527372536
1757662049,539401384
1757662049,546923832
1757662049,574612440
1757662049,627130472
1757662049,630055416
1757662049,667666984
1757662049,683018312
1757662049,690216344
1757662049,731994456
1757662049,736372600
1757662049,762655672
1757662049,765418728
1757662049,820741512
1757662049,823621512
1757662049,826783608
1757662049,854991928
1757662049,861342488
1757662049,874090680
1757662049,888457512
1757662049,905480808
1757662049,920480760
1757662049,924514824
1757662049,935232312
1757662049,940914776
1757662049,954685800
1757662049,963747512
1757662049,970194008
1757662049,985727912
1757662049,993262184
1757662050,11539176
1757662050,17368472
1757662050,32758264
1757662050,36553592
1757662050,37921272
1757662050,44724728
1757662050,52781320
1757662050,78235128
1757662050,97907064
1757662050,110333800
1757662050,115456296
1757662050,120431272
1757662050,126955032
1757662050,158082536
1757662050,160066824
1757662050,162685304
1757662050,171042088
1757662050,183846536
1757662050,186034520
1757662050,193999384
1757662050,207917544
1757662050,236359736
1757662050,244697944
1757662050,246899560
1757662050,254573224
1757662050,276239496
1757662050,290454712
1757662050,291537432
1757662050,305417576
1757662050,312372328
1757662050,319457384
1757662050,337417208
1757662050,349873848
1757662050,355876472
1757662050,401079224
1757662050,404648888
1757662050,422759160
1757662050,430170488
1757662050,431299208
1757662050,439404216
1757662050,456529368
1757662050,495630056
1757662050,498884072
1757662050,515388248
1757662050,528834472
1757662050,541591672
1757662050,630226168
1757662050,668747368
1757662050,682366344
1757662050,690112392
1757662050,698129320
1757662050,724767016
1757662050,727901400
1757662050,730608696
1757662050,733607784
1757662050,741406104
1757662050,781885272
1757662050,786150184
1757662050,792735944
1757662050,820346872
1757662050,824206776
1757662050,875069960
1757662050,889725672
1757662050,890908808
1757662050,913009016
1757662050,929227112
1757662050,933582440
1757662050,945577448
1757662050,956185224
1757662050,975566968
1757662051,2276232
1757662051,21980008
1757662051,46598280
1757662051,55892328
1757662051,77176024
1757662051,82189992
1757662051,85082936
1757662051,98771032
1757662051,101558616
1757662051,142180312
1757662051,163189144
1757662051,196143448
1757662051,216907064
1757662051,219936440
1757662051,234380008
1757662051,276828232
1757662051,306112680
1757662051,315964344
1757662051,336313336
1757662051,345334216
1757662051,353698088
1757662051,392470600
1757662051,404671896
1757662051,418175464
1757662051,421792744
1757662051,427953320
1757662051,462593848
1757662051,475229720
1757662051,478323608
1757662051,479589752
1757662051,502572936
1757662051,517562440
1757662051,536816776
1757662051,538802152
1757662051,548217880
1757662051,559584408
1757662051,571768632
1757662051,583226952
1757662051,587533176
1757662051,603976936
1757662051,610052360
1757662051,617389544
1757662051,626057560
1757662051,634820760
1757662051,639798056
1757662051,642574040
1757662051,655572584
1757662051,660437144
1757662051,727330968
1757662051,755008360
1757662051,758238248
1757662051,760162424
1757662051,767925304
1757662051,804611880
1757662051,822896328
1757662051,839408936
1757662051,877784856
1757662051,885915592
1757662051,895583576
1757662051,909199400
1757662051,933718344
1757662051,975087128
1757662052,23356888
1757662052,38365112
1757662052,42435432
1757662052,67441240
1757662052,71367384
1757662052,78861368
1757662052,117142456
1757662052,127878760
1757662052,139334648
1757662052,157898120
1757662052,208083976
1757662052,210183672
1757662052,214418872
1757662052,245991944
1757662052,260246120
1757662052,261695752
1757662052,267466040
1757662052,270418072
1757662052,274310392
1757662052,281477848
1757662052,291156056
1757662052,293140072
1757662052,315518088
1757662052,355141864
1757662052,374670568
1757662052,376246840
1757662052,385561608
1757662052,396914536
1757662052,415456008
1757662052,420074648
1757662052,462731576
1757662052,482212184
1757662052,490134024
1757662052,493373352
1757662052,498448472
1757662052,504259688
1757662052,520599288
1757662052,544526664
1757662052,578546392
1757662052,587000600
1757662052,605184072
1757662052,607045944
1757662052,637223320
1757662052,645929192
1757662052,666279608
1757662052,681653624
1757662052,687931080
1757662052,691528264
1757662052,696069640
1757662052,712327128
1757662052,713760440
1757662052,717375144
1757662052,726722472
1757662052,775915672
1757662052,779419448
1757662052,786633384
1757662052,829261208
1757662052,844931400
1757662052,861721720
1757662052,862942472
1757662052,872964824
1757662052,876549432
1757662052,879017992
1757662052,881719832
1757662052,887343592
1757662052,890730344
1757662052,924519176
1757662052,934445688
1757662052,947781304
1757662052,949799592
1757662052,952456728
1757662052,958952104
1757662052,976131672
1757662052,988218888
1757662052,990603144
1757662053,1614536
1757662053,30707736
1757662053,42553224
1757662053,62222840
1757662053,79257080
1757662053,80787608
1757662053,94537480
1757662053,96803560
1757662053,106974392
1757662053,112112696
1757662053,146678536
1757662053,183585784
1757662053,185202808
1757662053,214365336
1757662053,226438808
1757662053,250033768
1757662053,257547912
1757662053,259922728
1757662053,264801848
1757662053,282192184
1757662053,305451032
1757662053,347898680
1757662053,349797992
1757662053,373197784
1757662053,390384856
1757662053,397532840
1757662053,408659448
1757662053,463607144
1757662053,478363384
1757662053,485424440
1757662053,539307064
1757662053,555582056
1757662053,569553304
1757662053,572130280
1757662053,583320792
1757662053,591846280
1757662053,597281880
1757662053,609853288
1757662053,611599624
1757662053,646270632
1757662053,657020168
1757662053,661656344
1757662053,664422808
1757662053,677028072
1757662053,685817736
1757662053,693960808
1757662053,703610904
1757662053,707994392
1757662053,709621736
1757662053,745838712
1757662053,753518296
1757662053,775876888
1757662053,788530952
1757662053,809291848
1757662053,816288456
1757662053,820638584
1757662053,824114616
1757662053,837811944
1757662053,846099560
1757662053,848271240
1757662053,867086984
1757662053,875668696
1757662053,894319448
1757662053,897326584
1757662053,913502376
1757662053,941112616
1757662053,944571944
1757662054,16242248
1757662054,34389944
1757662054,64910616
1757662054,98771272
1757662054,103093336
1757662054,143386408
1757662054,160649960
1757662054,175528568
1757662054,198975704
1757662054,212202792
1757662054,223794792
1757662054,226642968
1757662054,243725016
1757662054,308832936
1757662054,311703672
1757662054,317137960
1757662054,333310632
1757662054,336874984
1757662054,360349128
1757662054,362594104
1757662054,363795272
1757662054,365706888
1757662054,369897176
1757662054,389331400
1757662054,396688088
1757662054,398972104
1757662054,420411736
1757662054,428897608
1757662054,432360792
1757662054,445662232
1757662054,508155320
1757662054,511555688
1757662054,524308632
1757662054,537597448
1757662054,540979336
1757662054,544807736
1757662054,548873656
1757662054,576760312
1757662054,578635672
1757662054,580309608
1757662054,601505720
1757662054,611581080
1757662054,631187928
1757662054,642534120
1757662054,648510552
1757662054,678760488
1757662054,702444360
1757662054,708163240
1757662054,709679368
1757662054,730395896
1757662054,767438696
1757662054,778361928
1757662054,785500088
1757662054,795722920
1757662054,816527528
1757662054,839207688
1757662054,847174952
1757662054,870355192
1757662054,898456856
1757662054,909973640
1757662054,923792680
1757662054,959714296
1757662055,13968712
1757662055,32531752
1757662055,35975368
1757662055,61187384
1757662055,75633528
1757662055,88692712
1757662055,92662664
1757662055,94387144
1757662055,99552376
1757662055,105621512
1757662055,119081064
1757662055,124060664
1757662055,127102552
1757662055,130988472
1757662055,142588360
1757662055,154687608
1757662055,249252264
1757662055,254496200
1757662055,263470648
1757662055,265664712
1757662055,304346280
1757662055,329636376
1757662055,339393768
1757662055,348005672
1757662055,362223160
1757662055,369322040
1757662055,391860456
1757662055,395310792
1757662055,398208648
1757662055,425771832
1757662055,441210888
1757662055,445890616
1757662055,451301000
1757662055,460725576
1757662055,475877160
1757662055,483876248
1757662055,489649496
1757662055,536975592
1757662055,572953192
1757662055,575568712
1757662055,582389624
1757662055,586884264
1757662055,593526280
1757662055,647159048
1757662055,649562280
1757662055,662023512
1757662055,664135336
1757662055,675928872
1757662055,677479944
1757662055,693091112
1757662055,696478488
1757662055,701887672
1757662055,714422248
1757662055,717061800
1757662055,720457912
1757662055,726330792
1757662055,727854392
1757662055,733669496
1757662055,738833048
1757662055,749465480
1757662055,751919784
1757662055,760724040
1757662055,810703768
1757662055,845030216
1757662055,848498984
1757662055,878023256
1757662055,917354280
1757662055,922160280
1757662055,926814376
1757662055,938157784
1757662055,961443368
1757662055,963940184
1757662056,364424
1757662056,5205976
1757662056,27278424
1757662056,29564664
1757662056,36529384
1757662056,38587960
1757662056,45948920
1757662056,67780584
1757662056,142702888
1757662056,145203864
1757662056,152616440
1757662056,163452440
1757662056,209395304
1757662056,213598184
1757662056,229651080
1757662056,235094952
1757662056,238886168
1757662056,243686344
1757662056,256965096
1757662056,259762712
1757662056,320172648
1757662056,348876536
1757662056,359784920
1757662056,365213448
1757662056,420126552
1757662056,424085336
1757662056,430143448
1757662056,470573976
1757662056,487399800
1757662056,501810632
1757662056,514463496
1757662056,550841416
1757662056,596232888
1757662056,599589976
1757662056,609040216
1757662056,617390552
1757662056,624733256
1757662056,679005768
1757662056,694012680
1757662056,697401832
1757662056,723939496
1757662056,752485560
1757662056,773587592
1757662056,788226408
1757662056,790892808
1757662056,807061608
1757662056,833028984
1757662056,836163112
1757662056,853832232
1757662056,876714104
1757662056,878369704
1757662056,894310520
1757662056,914484008
1757662056,926299464
1757662056,932394216
1757662056,936089080
1757662056,946594536
1757662056,951873192
1757662056,988397256
1757662056,994800840
1757662056,996878088
1757662057,3742520
1757662057,25007272
1757662057,46541864
1757662057,58935192
1757662057,73763816
1757662057,76539192
1757662057,81862824
1757662057,92795800
1757662057,113810632
1757662057,121004168
1757662057,132298856
1757662057,167024520
1757662057,168451432
1757662057,181030264
1757662057,213258984
1757662057,214793336
1757662057,222505736
1757662057,248626744
1757662057,262261944
1757662057,266209128
1757662057,277673544
1757662057,290957912
1757662057,294960408
1757662057,309417800
1757662057,324733800
1757662057,341870424
1757662057,392161528
1757662057,393917672
1757662057,413125560
1757662057,431084600
1757662057,433747144
1757662057,442501784
1757662057,449287160
1757662057,454139448
1757662057,456529832
1757662057,462241416
1757662057,464488168
1757662057,493323880
1757662057,527100040
1757662057,555216920
1757662057,557845048
1757662057,563773880
1757662057,566515384
1757662057,569094472
1757662057,610484344
1757662057,613232712
1757662057,631024472
1757662057,642589000
1757662057,668282472
1757662057,686076536
1757662057,720719576
1757662057,753507992
1757662057,772720440
1757662057,780478488
1757662057,782845128
1757662057,802923416
1757662057,814517704
1757662057,821769736
1757662057,823408200
1757662057,829064568
1757662057,832399464
1757662057,845346936
1757662057,851329608
1757662057,879085736
1757662057,881715544
1757662057,883478392
1757662057,886255288
1757662057,888122520
1757662057,894313496
1757662057,931639720
1757662057,936514024
1757662057,944746664
1757662057,967915192
1757662057,973950024
1757662057,982467048
1757662057,984772424
1757662057,993728376
1757662058,9758520
1757662058,16685080
1757662058,24536568
1757662058,36023432
1757662058,46070552
1757662058,59592888
1757662058,80030504
1757662058,98619080
1757662058,132437960
1757662058,138621192
1757662058,161501032
1757662058,163548792
1757662058,207989624
1757662058,228961544
1757662058,244634600
1757662058,253646824
1757662058,280112216
1757662058,313960328
1757662058,324275560
1757662058,350740024
1757662058,355666456
1757662058,360166712
1757662058,364343384
1757662058,408579656
1757662058,419070040
1757662058,421331256
1757662058,425843848
1757662058,431342376
1757662058,450444104
1757662058,453707432
1757662058,458855160
1757662058,461252360
1757662058,462402440
1757662058,478275160
1757662058,491482344
1757662058,498698392
1757662058,507371912
1757662058,528701208
1757662058,530211544
1757662058,555341736
1757662058,568805208
1757662058,578293960
1757662058,593006088
1757662058,598119320
1757662058,602472392
1757662058,608922248
1757662058,621610200
1757662058,665254888
1757662058,666435608
1757662058,683151096
1757662058,684585016
1757662058,696341208
1757662058,698315864
1757662058,705854680
1757662058,710054968
1757662058,723129336
1757662058,728303368
1757662058,771225928
1757662058,777509448
1757662058,803657544
1757662058,814700104
1757662058,827529448
1757662058,838440840
1757662058,862677672
1757662058,868335864
1757662058,871914568
1757662058,893794136
1757662058,911297496
1757662058,920924808
1757662058,968518984
1757662058,998587688
1757662059,20438088
1757662059,48398808
1757662059,73349816
1757662059,83055544
1757662059,89524872
1757662059,90950872
1757662059,113206408
1757662059,116708696
1757662059,119492008
1757662059,133920488
1757662059,139608440
1757662059,141802104
1757662059,147706168
1757662059,164874664
1757662059,171574280
1757662059,187780984
1757662059,191252360
1757662059,198087528
1757662059,214223672
1757662059,231756312
1757662059,249983336
1757662059,253921896
1757662059,261750024
1757662059,266268392
1757662059,287111688
1757662059,293183976
1757662059,303967032
1757662059,333198440
1757662059,342133192
1757662059,370092344
1757662059,377676440
1757662059,386133672
1757662059,387610504
1757662059,407158088
1757662059,443593832
1757662059,450935368
1757662059,454445512
1757662059,483685032
1757662059,485245224
1757662059,505437832
1757662059,553131064
1757662059,564640408
1757662059,577429432
1757662059,596938984
1757662059,615504168
1757662059,625668360
1757662059,632603000
1757662059,636525064
1757662059,639232696
1757662059,640687752
1757662059,666932312
1757662059,684844536
1757662059,697395608
1757662059,708115144
1757662059,720797656
1757662059,731144904
1757662059,740745448
1757662059,753857240
1757662059,756215896
1757662059,759131800
1757662059,767466360
1757662059,780478536
1757662059,794059928
1757662059,801869528
1757662059,804892680
1757662059,816225432
1757662059,841211192
1757662059,845256088
1757662059,853750552
1757662059,857398680
1757662059,869345576
1757662059,887106472
1757662059,899829912
1757662059,906766216
1757662059,909062728
1757662059,934615672
1757662059,940711416
1757662059,953945816
1757662059,983303704
1757662059,990491208
1757662059,995509896
1757662060,324344
1757662060,20384824
1757662060,40992568
1757662060,46743000
1757662060,54642008
1757662060,72988328
1757662060,141937560
1757662060,164579112
1757662060,175387704
1757662060,218319784
1757662060,255369528
1757662060,260943800
1757662060,281707976
1757662060,298961240
1757662060,304366504
1757662060,311555000
1757662060,321894088
1757662060,345055592
1757662060,355939848
1757662060,364860984
1757662060,384084568
1757662060,417554408
1757662060,466395704
1757662060,512815816
1757662060,516952152
1757662060,528128184
1757662060,530919320
1757662060,543311224
1757662060,546661016
1757662060,564302968
1757662060,569022760
1757662060,608335320
1757662060,627610600
1757662060,646525112
1757662060,648983656
1757662060,663635896
1757662060,674873064
1757662060,677364760
1757662060,691838936
1757662060,695075848
1757662060,732132952
1757662060,749489848
1757662060,809606952
1757662060,818372600
1757662060,832404168
1757662060,841711560
1757662060,855630280
1757662060,862691960
1757662060,870976056
1757662060,879140760
1757662060,884975592
1757662060,898374920
1757662060,901715656
1757662060,904099592
1757662060,945245144
1757662060,953334952
1757662060,964060584
1757662060,966888280
1757662061,4005384
1757662061,51750200
1757662061,57897032
1757662061,61775544
1757662061,64416888
1757662061,68146776
1757662061,98668776
1757662061,108381992
1757662061,111617016
1757662061,171077944
1757662061,190425496
1757662061,203557544
1757662061,212789144
1757662061,223464408
1757662061,229777704
1757662061,237367304
1757662061,241330152
1757662061,248693384
1757662061,252260760
1757662061,264919368
1757662061,286838760
1757662061,292804776
1757662061,312934248
1757662061,325069912
1757662061,356736936
1757662061,359748504
1757662061,368455736
1757662061,388290344
1757662061,399573864
1757662061,500072312
1757662061,510174632
1757662061,518004360
1757662061,557361848
1757662061,590752024
1757662061,649686120
1757662061,667889512
1757662061,693393704
1757662061,697748072
1757662061,703794872
1757662061,723600120
1757662061,752020328
1757662061,779270824
1757662061,789597256
1757662061,791612344
1757662061,810882968
1757662061,844165208
1757662061,874412488
1757662061,894449992
1757662061,897338744
1757662061,900184216
1757662061,947820664
1757662061,958356840
1757662061,978378632
1757662061,981151496
1757662061,992562424
1757662062,806184
1757662062,23102312
1757662062,34087640
1757662062,93877864
1757662062,126235000
1757662062,144802600
1757662062,153462824
1757662062,155644216
1757662062,171179048
1757662062,182757064
1757662062,192946376
1757662062,198400184
1757662062,212576680
1757662062,218985160
1757662062,223337064
1757662062,231831592
1757662062,239454280
1757662062,248576744
1757662062,253764232
1757662062,255551928
1757662062,300259976
1757662062,305584072
1757662062,376505704
1757662062,385393416
1757662062,400021656
1757662062,410356680
1757662062,416672936
1757662062,454755960
1757662062,461258968
1757662062,483912712
1757662062,485421416
1757662062,509386968
1757662062,532193608
1757662062,541233320
1757662062,548173576
1757662062,564669592
1757662062,576313736
1757662062,595908744
1757662062,602629944
1757662062,609597624
1757662062,613004056
1757662062,660948072
1757662062,705803928
1757662062,746743368
1757662062,758296904
1757662062,768904312
1757662062,786136584
1757662062,796793672
1757662062,808055112
1757662062,819915928
1757662062,825997464
1757662062,828892536
1757662062,831247576
1757662062,841007176
1757662062,844320296
1757662062,850779096
1757662062,886640936
1757662062,899590840
1757662062,903640072
1757662062,968011912
1757662062,976642696
1757662062,983621224
1757662062,986897688
1757662063,2254680
1757662063,4147656
1757662063,31448472
1757662063,38596984
1757662063,40725128
1757662063,45619192
1757662063,46886936
1757662063,73379304
1757662063,87305752
1757662063,89443208
1757662063,93832744
1757662063,96678072
1757662063,116824088
1757662063,120434424
1757662063,133509272
1757662063,142599464
1757662063,155272568
1757662063,174775448
1757662063,205159816
1757662063,220142248
1757662063,231168440
1757662063,241019672
1757662063,244675224
1757662063,253637048
1757662063,279191064
1757662063,333619928
1757662063,359366808
1757662063,389897832
1757662063,400748200
1757662063,403469448
1757662063,413248760
1757662063,418413320
1757662063,436711528
1757662063,442941080
1757662063,452847224
1757662063,463874280
1757662063,468073496
1757662063,475210024
1757662063,479268648
1757662063,487681608
1757662063,516256248
1757662063,519664376
1757662063,531574232
1757662063,590395928
1757662063,602636680
1757662063,623159864
1757662063,642881832
1757662063,648697896
1757662063,650843224
1757662063,652346376
1757662063,656976168
1757662063,660096248
1757662063,665710024
1757662063,670802424
1757662063,690838328
1757662063,691975080
1757662063,695718728
1757662063,702404600
1757662063,763719752
1757662063,778959272
1757662063,784317784
1757662063,789672792
1757662063,819500920
1757662063,831518440
1757662063,846149976
1757662063,860594312
1757662063,870922936
1757662063,878050248
1757662063,882771688
1757662063,884577672
1757662063,934043576
1757662063,939626248
1757662063,960560376
1757662063,965081064
1757662063,982529272
1757662063,998271752
1757662064,4997464
1757662064,22555288
1757662064,48298280
1757662064,88149496
1757662064,91837576
1757662064,98731112
1757662064,132767976
1757662064,134957144
1757662064,137032456
1757662064,140070856
1757662064,150144328
1757662064,154506840
1757662064,162053624
1757662064,168893560
1757662064,176709320
1757662064,179890280
1757662064,206294680
1757662064,215882584
1757662064,216985208
1757662064,235430984
1757662064,240942344
1757662064,271448168
1757662064,277222360
1757662064,279119944
1757662064,282452232
1757662064,292242440
1757662064,306245288
1757662064,308868792
1757662064,323434696
1757662064,348804872
1757662064,363173304
1757662064,368914424
1757662064,377437848
1757662064,383244648
1757662064,400188920
1757662064,404220584
1757662064,408977976
1757662064,426604792
1757662064,436010888
1757662064,455464616
1757662064,462711688
1757662064,493721032
1757662064,513823880
1757662064,516608392
1757662064,528841448
1757662064,542387528
1757662064,550535480
1757662064,578352168
1757662064,582653672
1757662064,591433672
1757662064,592590600
1757662064,620708232
1757662064,627109608
1757662064,630776280
1757662064,663698248
1757662064,665687032
1757662064,669481240
1757662064,676656776
1757662064,682287192
1757662064,713248456
1757662064,724215304
1757662064,732877816
1757662064,737396968
1757662064,747280600
1757662064,757423384
1757662064,769910840
1757662064,774583416
1757662064,781976392
1757662064,797441112
1757662064,816621608
1757662064,825262744
1757662064,827639912
1757662064,845883960
1757662064,902322296
1757662064,912689208
1757662064,917221640
1757662064,933564792
1757662064,987601192
1757662064,997672744
1757662065,14860200
1757662065,26029880
1757662065,43646088
1757662065,47791640
1757662065,63982872
1757662065,90626824
1757662065,101752200
1757662065,108757080
1757662065,126226920
1757662065,141004008
1757662065,147577336
1757662065,151851256
1757662065,166289112
1757662065,175688616
1757662065,188359992
1757662065,194759384
1757662065,197587736
1757662065,199868632
1757662065,204815672
1757662065,214797016
1757662065,271704200
1757662065,295166600
1757662065,305198136
1757662065,342681960
1757662065,344327544
1757662065,354749976
1757662065,366539464
1757662065,371077368
1757662065,375814760
1757662065,398266136
1757662065,421424280
1757662065,486899144
1757662065,490433880
1757662065,501865768
1757662065,504859656
1757662065,512961944
1757662065,528891208
1757662065,530220264
1757662065,539477624
1757662065,590581032
1757662065,606646424
1757662065,618163256
1757662065,622678552
1757662065,631671560
1757662065,638085784
1757662065,652253320
1757662065,699311944
1757662065,701693880
1757662065,715480424
1757662065,723107224
1757662065,737143768
1757662065,746867368
1757662065,755392600
1757662065,769742248
1757662065,795653768
1757662065,814111256
1757662065,844949688
1757662065,863793000
1757662065,877052696
1757662065,887795944
1757662065,892697944
1757662065,914742904
1757662065,930682264
1757662065,943705304
1757662065,945541112
1757662065,957140264
1757662065,976478328
1757662065,981341672
1757662065,984420328
1757662066,11985672
1757662066,74680104
1757662066,88492360
1757662066,94382920
1757662066,105209144
1757662066,110390728
1757662066,128666168
1757662066,131482088
1757662066,136325416
1757662066,141901480
1757662066,151662072
1757662066,159178552
1757662066,194833272
1757662066,207306248
1757662066,227291560
1757662066,232788600
1757662066,246908840
1757662066,253777848
1757662066,301674040
1757662066,309995144
1757662066,338820440
1757662066,365910536
1757662066,369889224
1757662066,371910952
1757662066,384186728
1757662066,413496808
1757662066,421614056
1757662066,432866456
1757662066,438309576
1757662066,441084008
1757662066,446061816
1757662066,463424616
1757662066,474103448
1757662066,487374872
1757662066,505441080
1757662066,522143384
1757662066,526226712
1757662066,542171384
1757662066,567566696
1757662066,606940008
1757662066,614226520
1757662066,618500760
1757662066,638748328
1757662066,657576536
1757662066,675459496
1757662066,688999416
1757662066,698805320
1757662066,707098936
1757662066,716601096
1757662066,741499864
1757662066,745211256
1757662066,758853608
1757662066,763560072
1757662066,768997144
1757662066,772885032
1757662066,774961944
1757662066,787868728
1757662066,796601080
1757662066,807264344
1757662066,816208808
1757662066,861889080
1757662066,866248456
1757662066,884289992
1757662066,911654168
1757662066,941042680
1757662066,954678920
1757662066,961932408
1757662066,973546376
1757662067,1783336
1757662067,25257480
1757662067,30996872
1757662067,72177816
1757662067,81868424
1757662067,106114024
1757662067,125302232
1757662067,129705912
1757662067,147128440
1757662067,151840600
1757662067,155268408
1757662067,184263944
1757662067,195332456
1757662067,205241080
1757662067,213789464
1757662067,216521432
1757662067,283012024
1757662067,296729512
1757662067,301355224
1757662067,303844680
1757662067,337295096
1757662067,341237336
1757662067,355566856
1757662067,363428248
1757662067,375400648
1757662067,392033464
1757662067,401218904
1757662067,414693224
1757662067,458102136
1757662067,469715672
1757662067,491214472
1757662067,496093304
1757662067,498181816
1757662067,522900760
1757662067,525627768
1757662067,528386184
1757662067,613987016
1757662067,624253496
1757662067,633442856
1757662067,643287608
1757662067,650985528
1757662067,660810008
1757662067,696372120
1757662067,706017240
1757662067,726453192
1757662067,736312040
1757662067,740456392
1757662067,763658648
1757662067,810640760
1757662067,843018200
1757662067,849590488
1757662067,851825848
1757662067,876695064
1757662067,880296664
1757662067,918647448
1757662067,927825368
1757662067,930430632
1757662067,934990568
1757662067,956245160
1757662067,962805624
1757662067,964190664
1757662067,997801592
1757662068,20440088
1757662068,24612200
1757662068,27614504
1757662068,44930488
1757662068,53178376
1757662068,59037752
1757662068,64333384
1757662068,74320440
1757662068,97793928
1757662068,140296280
1757662068,142109896
1757662068,155819432
1757662068,161041096
1757662068,163555432
1757662068,169065064
1757662068,170292232
1757662068,184119592
1757662068,208736264
1757662068,221144872
1757662068,237072072
1757662068,248684184
1757662068,251598008
1757662068,266887960
1757662068,283759112
1757662068,286389848
1757662068,297037720
1757662068,300679080
1757662068,303277944
1757662068,312722296
1757662068,322282472
1757662068,338813416
1757662068,340823480
1757662068,369705368
1757662068,372118088
1757662068,383043112
1757662068,397807496
1757662068,433107064
1757662068,440076392
1757662068,479605944
1757662068,499978888
1757662068,507786408
1757662068,513947992
1757662068,530410360
1757662068,535349592
1757662068,558457448
1757662068,562045784
1757662068,573227304
1757662068,577524200
1757662068,604990232
1757662068,644175240
1757662068,645491016
1757662068,652198952
1757662068,673799544
1757662068,685752808
1757662068,690212600
1757662068,692927704
1757662068,697814216
1757662068,759535672
1757662068,779839352
1757662068,802613432
1757662068,808177112
1757662068,838659576
1757662068,854405752
1757662068,856867160
1757662068,886382072
1757662068,898381048
1757662068,920120712
1757662068,924648648
1757662068,970836616
1757662068,976371752
1757662068,981360600
1757662068,988158968
1757662068,993369176
1757662069,27623064
1757662069,55427400
1757662069,57288824
1757662069,68403880
1757662069,105640200
1757662069,116369368
1757662069,128134360
1757662069,151402312
1757662069,153221384
1757662069,155625848
1757662069,180042152
1757662069,181678008
1757662069,204903320
1757662069,210053384
1757662069,218499032
1757662069,247552408
1757662069,257827688
1757662069,279780248
1757662069,295016392
1757662069,300142888
1757662069,307886536
1757662069,311278216
1757662069,339150360
1757662069,351976296
1757662069,372940760
1757662069,375137448
1757662069,391392424
1757662069,412938920
1757662069,426168312
1757662069,436822904
1757662069,444489784
1757662069,516317784
1757662069,562712216
1757662069,567666904
1757662069,578272936
1757662069,604082488
1757662069,615910152
1757662069,619831704
1757662069,621426392
1757662069,632846056
1757662069,638345720
1757662069,643094376
1757662069,646250568
1757662069,647718232
1757662069,653850328
1757662069,675589672
1757662069,685289592
1757662069,688059912
1757662069,691345976
1757662069,714108648
1757662069,717535368
1757662069,728118136
1757662069,731903208
1757662069,736989576
1757662069,766138728
1757662069,834107336
1757662069,850143848
1757662069,854120552
1757662069,869191496
1757662069,883721688
1757662069,903849304
1757662069,908498696
1757662069,944315512
1757662069,954226008
1757662069,974146584
1757662069,985895384
1757662069,989488632
1757662069,991448936
1757662070,2243288
1757662070,7968504
1757662070,14688696
1757662070,33816776
1757662070,36960152
1757662070,45333176
1757662070,56187512
1757662070,78507080
1757662070,82618104
1757662070,103232120
1757662070,105021128
1757662070,108206504
1757662070,135739768
1757662070,147622632
1757662070,155589256
1757662070,159768104
1757662070,163628216
1757662070,173915640
1757662070,203208024
1757662070,207671944
1757662070,219816696
1757662070,222923976
1757662070,226881992
1757662070,229631000
1757662070,234266472
1757662070,239297960
1757662070,255146712
1757662070,267888472
1757662070,280194232
1757662070,322704120
1757662070,333935816
1757662070,335158040
1757662070,357242664
1757662070,388910504
1757662070,480151816
1757662070,532960440
1757662070,535296152
1757662070,548536680
1757662070,551782456
1757662070,564462664
1757662070,572959512
1757662070,576196664
1757662070,584592296
1757662070,591542392
1757662070,606607496
1757662070,624330648
1757662070,628736232
1757662070,630750344
1757662070,632119672
1757662070,644090968
1757662070,651685080
1757662070,678444264
1757662070,717853464
1757662070,731350008
1757662070,742546088
1757662070,752647320
1757662070,764514936
1757662070,779851304
1757662070,781898792
1757662070,788111528
1757662070,796790152
1757662070,801222104
1757662070,808418968
1757662070,830604312
1757662070,842682920
1757662070,853501432
1757662070,855234152
1757662070,888415944
1757662070,905147352
1757662070,911503352
1757662070,953081640
1757662070,954395864
1757662070,959825736
1757662070,963426936
1757662070,991838776
1757662071,2785400
1757662071,56200472
1757662071,65287576
1757662071,92306664
1757662071,106278824
1757662071,112574120
1757662071,113821160
1757662071,125311016
1757662071,130737240
1757662071,148102616
1757662071,163629848
1757662071,183146440
1757662071,203942168
1757662071,227393064
1757662071,246831208
1757662071,274839528
1757662071,292928504
1757662071,301090056
1757662071,303480712
1757662071,325725928
1757662071,341693128
1757662071,364903800
1757662071,392566280
1757662071,394746824
1757662071,400120824
1757662071,442655880
1757662071,493052712
1757662071,497823448
1757662071,520528072
1757662071,548877976
1757662071,551243896
1757662071,562387752
1757662071,587683816
1757662071,645279928
1757662071,658278216
1757662071,674863048
1757662071,711796504
1757662071,722653224
1757662071,746572472
1757662071,759311896
1757662071,776848488
1757662071,795880952
1757662071,801505112
1757662071,810035032
1757662071,819603944
1757662071,847807640
1757662071,856537720
1757662071,860963288
1757662071,869437224
1757662071,873842872
1757662071,905654376
1757662071,939689992
1757662071,946784568
1757662071,950276600
1757662071,973382408
1757662071,989403256
1757662071,991200760
1757662072,6267528
1757662072,9712360
1757662072,31269080
1757662072,37526120
1757662072,71351448
1757662072,79227576
1757662072,94049528
1757662072,112280024
1757662072,127908392
1757662072,134849800
1757662072,186098328
1757662072,209299752
1757662072,220143240
1757662072,253790744
1757662072,264757608
1757662072,303594952
1757662072,317549016
1757662072,322000904
1757662072,343691160
1757662072,348991672
1757662072,366134296
1757662072,374318520
1757662072,384163480
1757662072,397781752
1757662072,407850824
1757662072,413451560
1757662072,444959736
1757662072,449941432
1757662072,479535672
1757662072,493832296
1757662072,502733512
1757662072,522411016
1757662072,536314968
1757662072,600939544
1757662072,604575928
1757662072,633406840
1757662072,637497208
1757662072,674196584
1757662072,695886792
1757662072,703704584
1757662072,709455400
1757662072,712655256
1757662072,715131688
1757662072,793891112
1757662072,801713704
1757662072,835215768
1757662072,856416280
1757662072,889208600
1757662072,893231448
1757662072,937708888
1757662072,944863976
1757662072,949949128
1757662072,975241688
1757662072,982202728
1757662072,991078712
1757662072,992307272
1757662073,8200104
1757662073,14138376
1757662073,52328984
1757662073,59953992
1757662073,71417432
1757662073,79451176
1757662073,100211624
1757662073,106896200
1757662073,118510072
1757662073,133176968
1757662073,136571096
1757662073,138206440
1757662073,146258392
1757662073,155659704
1757662073,166522792
1757662073,172427976
1757662073,182134440
1757662073,224306648
1757662073,226936632
1757662073,255599864
1757662073,267126248
1757662073,270269144
1757662073,286850296
1757662073,301439800
1757662073,308839640
1757662073,313006392
1757662073,339172984
1757662073,350694472
1757662073,366689048
1757662073,380120104
1757662073,413191544
1757662073,415727784
1757662073,441047704
1757662073,452848360
1757662073,461247704
1757662073,475552520
1757662073,479501816
1757662073,482571880
1757662073,487885288
1757662073,507175848
1757662073,515646264
1757662073,527823800
1757662073,531507192
1757662073,534618248
1757662073,542102200
1757662073,543788888
1757662073,592890072
1757662073,594947752
1757662073,598512536
1757662073,615664728
1757662073,624282072
1757662073,633461336
1757662073,646794904
1757662073,649168776
1757662073,659562664
1757662073,671186872
1757662073,677862952
1757662073,688940280
1757662073,719291512
1757662073,735600168
1757662073,752628744
1757662073,756197960
1757662073,760109416
1757662073,768795336
1757662073,777430168
1757662073,823798296
1757662073,897776584
1757662073,903160008
1757662073,923987304
1757662073,928835464
1757662073,931634280
1757662073,933506280
1757662073,935584888
1757662073,940819128
1757662073,945373624
1757662073,957349432
1757662073,967512504
1757662073,973329176
1757662073,989327480
1757662074,5385336
1757662074,23801384
1757662074,46144872
1757662074,57435816
1757662074,78810008
1757662074,116922088
1757662074,119200168
1757662074,124210408
1757662074,141502504
1757662074,190178040
1757662074,196218984
1757662074,217096344
1757662074,222002696
1757662074,228198584
1757662074,242477032
1757662074,247269848
1757662074,261686408
1757662074,264836968
1757662074,266889384
1757662074,323267448
1757662074,326016520
1757662074,332483080
1757662074,344586280
1757662074,366189112
1757662074,385755752
1757662074,392246712
1757662074,427586536
1757662074,432133400
1757662074,445819864
1757662074,469787032
1757662074,503893880
1757662074,512489752
1757662074,519651656
1757662074,521814616
1757662074,526310696
1757662074,545177544
1757662074,555862088
1757662074,578021384
1757662074,605554648
1757662074,626829592
1757662074,660259928
1757662074,728012600
1757662074,758368472
1757662074,778735480
1757662074,783456920
1757662074,816071640
1757662074,820371480
1757662074,847654344
1757662074,861846568
1757662074,879982984
1757662074,883548152
1757662074,885492504
1757662074,887418424
1757662074,893167720
1757662074,908321800
1757662074,934526728
1757662074,936263832
1757662074,937527640
1757662074,971091688
1757662074,986397896
1757662075,6212296
1757662075,33045496
1757662075,69075368
1757662075,85203688
1757662075,109507544
1757662075,114776536
1757662075,131292296
1757662075,160152104
1757662075,201140808
1757662075,203444008
1757662075,228916520
1757662075,243391224
1757662075,249660584
1757662075,256834488
1757662075,286496888
1757662075,297578296
1757662075,307420536
1757662075,316807688
1757662075,323721448
1757662075,325776376
1757662075,328646472
1757662075,337146520
1757662075,357882312
1757662075,368227096
1757662075,372297608
1757662075,393092632
1757662075,401407624
1757662075,447170696
1757662075,456387368
1757662075,461789832
1757662075,483101480
1757662075,486069448
1757662075,495586168
1757662075,498688808
1757662075,506651224
1757662075,519164120
1757662075,528098488
1757662075,533532360
1757662075,552858328
1757662075,594856200
1757662075,603513912
1757662075,607192648
1757662075,609783192
1757662075,614068712
1757662075,643451944
1757662075,659149256
1757662075,666844600
1757662075,690097912
1757662075,706610904
1757662075,722985064
1757662075,725955448
1757662075,733553448
1757662075,737893816
1757662075,739458872
1757662075,760186184
1757662075,762467704
1757662075,768101352
1757662075,772568840
1757662075,778891208
1757662075,801840696
1757662075,807998488
1757662075,810557240
1757662075,813771192
1757662075,848773704
1757662075,892993080
1757662075,911587416
1757662075,919514968
1757662075,930697864
1757662075,937570152
1757662075,965556376
1757662075,978937736
1757662075,986619048
1757662075,993637160
1757662075,998662504
1757662076,1866344
1757662076,14889224
1757662076,32499144
1757662076,36813656
1757662076,38560440
1757662076,77921272
1757662076,100721432
1757662076,110401368
1757662076,119899912
1757662076,134873864
1757662076,141443416
1757662076,160390152
1757662076,179558808
1757662076,220463960
1757662076,224356936
1757662076,226018568
1757662076,233431528
1757662076,248556104
1757662076,282596584
1757662076,289687608
1757662076,292226344
1757662076,295471256
1757662076,355893640
1757662076,359450696
1757662076,386287160
1757662076,435775288
1757662076,443117656
1757662076,446864136
1757662076,473247608
1757662076,480611224
1757662076,482545080
1757662076,508155336
1757662076,522661528
1757662076,537723320
1757662076,572067880
1757662076,573835128
1757662076,576794952
1757662076,593639576
1757662076,610152456
1757662076,622847272
1757662076,627801576
1757662076,651661560
1757662076,659143096
1757662076,666812792
1757662076,681738616
1757662076,683650328
1757662076,740392024
1757662076,750320824
1757662076,768317976
1757662076,775156120
1757662076,778873736
1757662076,781793048
1757662076,795937608
1757662076,817744728
1757662076,822635160
1757662076,825311144
1757662076,866995976
1757662076,883045080
1757662076,884811448
1757662076,893703880
1757662076,899106984
1757662076,901541368
1757662076,904293912
1757662076,922300392
1757662076,925614456
1757662076,931195240
1757662076,942846952
1757662076,951349848
1757662076,981233672
1757662077,9636056
1757662077,44771384
1757662077,81828712
1757662077,84729944
1757662077,94720440
1757662077,101780280
1757662077,104615432
1757662077,119862584
1757662077,142484824
1757662077,144408408
1757662077,153003192
1757662077,162600936
1757662077,187423544
1757662077,216744344
1757662077,227151000
1757662077,238758984
1757662077,240221112
1757662077,241887208
1757662077,287190840
1757662077,294528536
1757662077,324965912
1757662077,337384600
1757662077,359304008
1757662077,376875304
1757662077,417711816
1757662077,431511720
1757662077,470377544
1757662077,496946408
1757662077,500269688
1757662077,518302888
1757662077,549650024
1757662077,571438008
1757662077,578658456
1757662077,581667352
1757662077,587133992
1757662077,626956920
1757662077,637669048
1757662077,652626792
1757662077,701810520
1757662077,703267864
1757662077,706651352
1757662077,723746312
1757662077,735938568
1757662077,777285400
1757662077,786788216
1757662077,804110152
1757662077,819348728
1757662077,825537352
1757662077,831361480
1757662077,835658552
1757662077,869038008
1757662077,875569704
1757662077,946983080
1757662077,951476728
1757662077,955202888
1757662077,973914888
1757662077,987912568
1757662078,68751448
1757662078,85918632
1757662078,92680600
1757662078,94978808
1757662078,107163768
1757662078,167651624
1757662078,181543432
1757662078,184659224
1757662078,187956648
1757662078,210863096
1757662078,212403800
1757662078,225999368
1757662078,248826744
1757662078,254272712
1757662078,257252536
1757662078,260169000
1757662078,285663400
1757662078,298960984
1757662078,329047144
1757662078,356383880
1757662078,373094008
1757662078,385473752
1757662078,391637848
1757662078,392937080
1757662078,395739448
1757662078,417823992
1757662078,441866152
1757662078,446762808
1757662078,465459752
1757662078,469446680
1757662078,472581992
1757662078,478526680
1757662078,482026472
1757662078,492129096
1757662078,498679448
1757662078,507914440
1757662078,516774280
1757662078,531751512
1757662078,543241288
1757662078,595279448
1757662078,597411880
1757662078,611169336
1757662078,613699992
1757662078,617774584
1757662078,621802008
1757662078,624188536
1757662078,640423208
1757662078,653474952
1757662078,676820264
1757662078,686439544
1757662078,694062808
1757662078,716144840
1757662078,717502296
1757662078,746152136
1757662078,773615240
1757662078,776915016
1757662078,782026104
1757662078,801298088
1757662078,838908744
1757662078,841165480
1757662078,856301336
1757662078,885805176
1757662078,889634664
1757662078,892307880
1757662078,904504952
1757662078,912918120
1757662078,916011608
1757662078,956114744
1757662078,989841464
1757662079,30761112
1757662079,45700952
1757662079,47213400
1757662079,50996312
1757662079,53907800
1757662079,58352632
1757662079,69560632
1757662079,73343928
1757662079,84299144
1757662079,140382232
1757662079,152097064
1757662079,164517112
1757662079,170352728
1757662079,173789672
1757662079,185000456
1757662079,188496696
1757662079,200526840
1757662079,204022568
1757662079,207709192
1757662079,214091896
1757662079,217602808
1757662079,221439288
1757662079,227418152
1757662079,274533864
1757662079,326416328
1757662079,331262664
1757662079,382732680
1757662079,399213016
1757662079,417259128
1757662079,423384488
1757662079,426643656
1757662079,452679768
1757662079,467510616
1757662079,484212904
1757662079,495863016
1757662079,503506472
1757662079,509920408
1757662079,513103800
1757662079,538050728
1757662079,564026296
1757662079,573983832
1757662079,605719416
1757662079,614989656
1757662079,619089368
1757662079,648038904
1757662079,694871288
1757662079,707183112
1757662079,712310728
1757662079,730972408
1757662079,738211432
1757662079,752763848
1757662079,762076008
1757662079,814683944
1757662079,817841816
1757662079,832387896
1757662079,843752744
1757662079,858038232
1757662079,891107368
1757662079,894147032
1757662079,896474584
1757662079,912932136
1757662079,914507400
1757662079,938626280
1757662079,961273960
1757662080,11958856
1757662080,35530456
1757662080,59307912
1757662080,60814488
1757662080,64101976
1757662080,86310440
1757662080,91339528
1757662080,157495512
1757662080,178887160
1757662080,210279304
1757662080,214745880
1757662080,232606024
1757662080,246265208
1757662080,308735880
1757662080,310581464
1757662080,326988200
1757662080,329187256
1757662080,342139960
1757662080,352946808
1757662080,354175288
1757662080,362870696
1757662080,384291032
1757662080,403757272
1757662080,419794520
1757662080,422075512
1757662080,424255816
1757662080,426357224
1757662080,432646696
1757662080,494226072
1757662080,498541048
1757662080,506211528
1757662080,523646296
1757662080,542234296
1757662080,553212152
1757662080,564489544
1757662080,567216632
1757662080,580975704
1757662080,589779736
1757662080,645320440
1757662080,656547560
1757662080,677082344
1757662080,684946248
1757662080,725641368
1757662080,732282920
1757662080,743152312
1757662080,745196552
1757662080,789221256
1757662080,798058728
1757662080,807362232
1757662080,811736328
1757662080,817598440
1757662080,833476056
1757662080,844720584
1757662080,870580808
1757662080,889536088
1757662080,894093304
1757662080,899900392
1757662080,928160392
1757662080,947072312
1757662080,950898968
1757662080,966443432
1757662080,971930472
1757662080,975825240
1757662080,980166024
1757662080,985337848
1757662081,24127144
1757662081,45169496
1757662081,54997400
1757662081,74049816
1757662081,80601928
1757662081,85810808
1757662081,88665304
1757662081,103780952
1757662081,135999208
1757662081,142422168
1757662081,155904680
1757662081,158403208
1757662081,181314088
1757662081,214453144
1757662081,240797224
1757662081,274878200
1757662081,281407160
1757662081,284781672
1757662081,296312872
1757662081,360996232
1757662081,368969768
1757662081,405723912
1757662081,407440072
1757662081,413451464
1757662081,425221656
1757662081,429767224
1757662081,449494936
1757662081,476862488
1757662081,480874824
1757662081,486438872
1757662081,494326088
1757662081,499120952
1757662081,500615944
1757662081,510016632
1757662081,516410296
1757662081,527772328
1757662081,549372136
1757662081,553131704
1757662081,567714008
1757662081,575826280
1757662081,601768520
1757662081,616731176
1757662081,618462152
1757662081,627902280
1757662081,634969144
1757662081,637528056
1757662081,644253288
1757662081,647169480
1757662081,648539672
1757662081,657009192
1757662081,659378024
1757662081,700807576
1757662081,708118216
1757662081,711616408
1757662081,715340072
1757662081,719828920
1757662081,725727832
1757662081,764107160
1757662081,786139288
1757662081,788577000
1757662081,810455048
1757662081,814825208
1757662081,851455976
1757662081,859119944
1757662081,868486264
1757662081,939238008
1757662081,940741432
1757662081,949309944
1757662081,953550808
1757662081,961448936
1757662081,969829848
1757662081,984665128
1757662081,990786872
1757662082,23334248
1757662082,52850680
1757662082,55546808
1757662082,70865016
1757662082,73819320
1757662082,79932936
1757662082,100403800
1757662082,126808120
1757662082,133596984
1757662082,135615384
1757662082,196841592
1757662082,204187128
1757662082,226760008
1757662082,242583848
1757662082,259187432
1757662082,267415992
1757662082,273134488
1757662082,284170296
1757662082,312894808
1757662082,316577144
1757662082,344346152
1757662082,357165512
1757662082,359416040
1757662082,407684248
1757662082,412773496
1757662082,416199672
1757662082,459532648
1757662082,471220520
1757662082,504013736
1757662082,505193096
1757662082,527491352
1757662082,575735976
1757662082,587742344
1757662082,593035368
1757662082,647822328
1757662082,653096024
1757662082,663657864
1757662082,673121048
1757662082,680890120
1757662082,711841480
1757662082,713407272
1757662082,715904696
1757662082,726671608
1757662082,740539896
1757662082,806053048
1757662082,825212600
1757662082,845323368
1757662082,868887096
1757662082,891432376
1757662082,905908008
1757662082,921328152
1757662082,961997896
1757662082,971732264
1757662082,992613224
1757662083,1358536
1757662083,4285448
1757662083,8395768
1757662083,15586952
1757662083,20943928
1757662083,62901000
1757662083,68628088
1757662083,111681816
1757662083,112994472
1757662083,136653224
1757662083,138724168
1757662083,149960136
1757662083,159716696
1757662083,192409272
1757662083,197579112
1757662083,212246968
1757662083,222262280
1757662083,233624248
1757662083,236530776
1757662083,250799592
1757662083,262511320
1757662083,265112456
1757662083,287398456
1757662083,291031112
1757662083,301572152
1757662083,307729912
1757662083,332312456
1757662083,348130456
1757662083,355436136
1757662083,357300424
1757662083,361594760
1757662083,375187688
1757662083,399684248
1757662083,408223176
1757662083,431612776
1757662083,440064168
1757662083,446534952
1757662083,455669416
1757662083,463130024
1757662083,473082024
1757662083,478778712
1757662083,485018728
1757662083,526524120
1757662083,540554968
1757662083,543522232
1757662083,575389944
1757662083,582095960
1757662083,598541400
1757662083,622989880
1757662083,625993800
1757662083,655089912
1757662083,684941848
1757662083,691041544
1757662083,708106808
1757662083,715062040
1757662083,725097384
1757662083,730897816
1757662083,732854856
1757662083,803385368
1757662083,806571688
1757662083,809323128
1757662083,812301608
1757662083,820205704
1757662083,823692856
1757662083,851434392
1757662083,867006712
1757662083,873422072
1757662083,875867528
1757662083,895808632
1757662083,906807848
1757662083,908004920
1757662083,925185112
1757662083,967192424
1757662084,13819144
1757662084,31177800
1757662084,32773064
1757662084,44903592
1757662084,93874312
1757662084,108590104
1757662084,127255560
1757662084,179756632
1757662084,209266184
1757662084,227559016
1757662084,254668136
1757662084,262693576
1757662084,267765752
1757662084,311961816
1757662084,358574632
1757662084,397262408
1757662084,406582568
1757662084,413461624
1757662084,416877720
1757662084,443907960
1757662084,465291304
1757662084,476337160
1757662084,501582952
1757662084,517905256
1757662084,545242680
1757662084,578551880
1757662084,580144360
1757662084,588977752
1757662084,594119032
1757662084,613340184
1757662084,681145992
1757662084,702419368
1757662084,707205768
1757662084,724452984
1757662084,738400248
1757662084,768025224
1757662084,783473720
1757662084,802738024
1757662084,806844072
1757662084,819195960
1757662084,823291880
1757662084,834471992
1757662084,856946168
1757662084,875936904
1757662084,881877112
1757662084,884301720
1757662084,886488312
1757662084,891806552
1757662084,894294744
1757662084,910367272
1757662084,915138920
1757662084,918103416
1757662084,926445544
1757662084,945267128
1757662084,986264408
1757662085,9868056
1757662085,24020264
1757662085,29969848
1757662085,39401064
1757662085,52020600
1757662085,62815592
1757662085,67305320
1757662085,71969864
1757662085,77903016
1757662085,80997208
1757662085,99290216
1757662085,160833704
1757662085,164497304
1757662085,176896760
1757662085,182791752
1757662085,188198936
1757662085,189497640
1757662085,193334504
1757662085,218093032
1757662085,228814104
1757662085,243739176
1757662085,246048632
1757662085,250622488
1757662085,257251624
1757662085,281005976
1757662085,317985896
1757662085,324777608
1757662085,337081752
1757662085,343092408
1757662085,357594888
1757662085,361195496
1757662085,376980552
1757662085,395529112
1757662085,403443640
1757662085,424039992
1757662085,427575656
1757662085,430599128
1757662085,438225304
1757662085,439819048
1757662085,455835096
1757662085,460488232
1757662085,485364280
1757662085,489289752
1757662085,495208936
1757662085,513648024
1757662085,517330088
1757662085,524728984
1757662085,587679064
1757662085,608800904
1757662085,610973496
1757662085,649697496
1757662085,652623272
1757662085,654980872
1757662085,663006072
1757662085,681642008
1757662085,692036664
1757662085,696448456
1757662085,702699496
1757662085,724687224
1757662085,732951496
1757662085,746611160
1757662085,772724344
1757662085,775514280
1757662085,804080200
1757662085,816014824
1757662085,833454136
1757662085,839739384
1757662085,855441720
1757662085,872888312
1757662085,878961448
1757662085,889098312
1757662085,897565048
1757662085,900393992
1757662085,906326552
1757662085,911121080
1757662085,947818584
1757662085,970209400
1757662085,979992536
1757662085,998561880
1757662086,19825176
1757662086,23199960
1757662086,32251176
1757662086,38218872
1757662086,57607720
1757662086,90854296
1757662086,98469768
1757662086,101408280
1757662086,104006472
1757662086,112379160
1757662086,125850312
1757662086,140285560
1757662086,161455560
1757662086,170034904
1757662086,177166280
1757662086,185930600
1757662086,198974824
1757662086,209961496
1757662086,234912072
1757662086,257985288
1757662086,263922600
1757662086,285858360
1757662086,340891208
1757662086,346646648
1757662086,348430520
1757662086,354101960
1757662086,372674296
1757662086,377408760
1757662086,418768408
1757662086,439375528
1757662086,443429528
1757662086,459052808
1757662086,476866840
1757662086,481718824
1757662086,497855576
1757662086,509843192
1757662086,533327896
1757662086,572123912
1757662086,612087000
1757662086,620388872
1757662086,630986488
1757662086,657122712
1757662086,672619576
1757662086,705472216
1757662086,725979448
1757662086,731631304
1757662086,744708936
1757662086,750597976
1757662086,768718872
1757662086,798788248
1757662086,817582424
1757662086,826605544
1757662086,837800056
1757662086,839157160
1757662086,840886088
1757662086,866495032
1757662086,868004584
1757662086,877472216
1757662086,880641160
1757662086,926421720
1757662086,927532088
1757662086,951549304
1757662086,975666104
1757662087,11574808
1757662087,17588776
1757662087,24618072
1757662087,63286792
1757662087,80128968
1757662087,84400424
1757662087,96331736
1757662087,109883704
1757662087,121169400
1757662087,133776792
1757662087,140753384
1757662087,162826184
1757662087,164716168
1757662087,189848920
1757662087,211571816
1757662087,221774520
1757662087,235891608
1757662087,237452344
1757662087,265855880
1757662087,267903816
1757662087,279605976
1757662087,285879256
1757662087,300178264
1757662087,313489016
1757662087,337927000
1757662087,344133240
1757662087,354155336
1757662087,356516488
1757662087,369992888
1757662087,377342376
1757662087,387525384
1757662087,439951656
1757662087,450759960
1757662087,470596744
1757662087,487233720
1757662087,511921848
1757662087,513437832
1757662087,518515736
1757662087,537297736
1757662087,539005656
1757662087,543227672
1757662087,561744376
1757662087,563792552
1757662087,566135720
1757662087,571730520
1757662087,607864760
1757662087,631879160
1757662087,635750088
1757662087,637488056
1757662087,639808200
1757662087,643794232
1757662087,645043016
1757662087,647951016
1757662087,661867560
1757662087,669488888
1757662087,694209128
1757662087,696960488
1757662087,705250696
1757662087,721464984
1757662087,736481016
1757662087,739233176
1757662087,741452344
1757662087,755591832
1757662087,814813384
1757662087,836962696
1757662087,838824504
1757662087,843289448
1757662087,875640824
1757662087,922307560
1757662087,932858808
1757662087,952968504
1757662087,957104328
1757662087,959418200
1757662087,966375560
1757662087,979299880
1757662087,983967992
1757662087,989700056
1757662087,996245672
1757662088,16771608
1757662088,18823528
1757662088,21876440
1757662088,28205992
1757662088,35355736
1757662088,44274904
1757662088,48048600
1757662088,78657384
1757662088,83146136
1757662088,105305320
1757662088,145996280
1757662088,152570712
1757662088,174147112
1757662088,195043384
1757662088,218065816
1757662088,256504408
1757662088,274081608
1757662088,275653896
1757662088,286710360
1757662088,311625304
1757662088,316160152
1757662088,331213672
1757662088,338396296
1757662088,354262056
1757662088,366096712
1757662088,388050456
1757662088,401063432
1757662088,408246360
1757662088,430736904
1757662088,442407640
1757662088,446280040
1757662088,450997592
1757662088,456648296
1757662088,490448728
1757662088,503910664
1757662088,519221416
1757662088,526622216
1757662088,529707080
1757662088,530860584
1757662088,571523752
1757662088,624063544
1757662088,643033512
1757662088,644833144
1757662088,660520248
1757662088,700531448
1757662088,725989528
1757662088,730263208
1757662088,735193672
1757662088,765896984
1757662088,774471432
1757662088,794436296
1757662088,810988456
1757662088,816500408
1757662088,820346072
1757662088,847412744
1757662088,856817208
1757662088,876823176
1757662088,895830808
1757662088,901504936
1757662088,905411352
1757662088,928070248
1757662088,932832904
1757662088,963293640
1757662088,972679800
1757662088,986258232
1757662088,991539864
1757662088,995912344
1757662089,18405784
1757662089,22575480
1757662089,29885000
1757662089,47089416
1757662089,70853640
1757662089,129873832
1757662089,140300808
1757662089,163508984
1757662089,189844600
1757662089,210532968
1757662089,211735304
1757662089,216566968
1757662089,220317672
1757662089,228608264
1757662089,250476856
1757662089,263212056
1757662089,269535096
1757662089,288387160
1757662089,319883320
1757662089,331571800
1757662089,337598504
1757662089,355219640
1757662089,359876536
1757662089,368099448
1757662089,370208328
1757662089,372038632
1757662089,374821208
1757662089,379713448
1757662089,385463256
1757662089,404998600
1757662089,410219704
1757662089,445357032
1757662089,454755784
1757662089,499322856
1757662089,501595000
1757662089,514037960
1757662089,535320280
1757662089,539224280
1757662089,542647144
1757662089,549509448
1757662089,570205480
1757662089,581125512
1757662089,599575352
1757662089,603089272
1757662089,609704344
1757662089,620120344
1757662089,632420552
1757662089,647163576
1757662089,649986136
1757662089,667737432
1757662089,673915656
1757662089,744258360
1757662089,760415144
1757662089,777093752
1757662089,791603560
1757662089,797695448
1757662089,799189848
1757662089,810351256
1757662089,824419656
1757662089,843587608
1757662089,854843240
1757662089,875983768
1757662089,882274072
1757662089,893787400
1757662089,898343976
1757662089,909343544
1757662089,923361144
1757662089,932592008
1757662089,949045368
1757662089,957326792
1757662089,970953304
1757662090,15271368
1757662090,28256504
1757662090,38473752
1757662090,47015848
1757662090,78509416
1757662090,95041192
1757662090,105840696
1757662090,109416568
1757662090,132739128
1757662090,135253160
1757662090,170249960
1757662090,199578008
1757662090,216853400
1757662090,228628536
1757662090,249360696
1757662090,253784248
1757662090,258053432
1757662090,285999432
1757662090,291836536
1757662090,306138040
1757662090,317208632
1757662090,319799800
1757662090,336405848
1757662090,342373480
1757662090,366713400
1757662090,375845624
1757662090,387682520
1757662090,421165576
1757662090,428352136
1757662090,435331560
1757662090,451756024
1757662090,501119832
1757662090,505393416
1757662090,528414280
1757662090,549160280
1757662090,555021640
1757662090,584011368
1757662090,597572072
1757662090,613701816
1757662090,624199384
1757662090,635139400
1757662090,636477752
1757662090,674277864
1757662090,725607768
1757662090,740723928
1757662090,744256632
1757662090,756188168
1757662090,779817928
1757662090,829610392
1757662090,834610312
1757662090,858292136
1757662090,870472584
1757662090,872110680
1757662090,888405752
1757662090,903714920
1757662090,929288504
1757662090,936026808
1757662090,944530616
1757662090,949514856
1757662090,971574152
1757662090,985728232
1757662090,994594696
1757662091,2664232
1757662091,4444904
1757662091,13428408
1757662091,38037224
1757662091,45264600
1757662091,59416632
1757662091,101913320
1757662091,112979528
1757662091,123136472
1757662091,173261144
1757662091,176947656
1757662091,184361192
1757662091,197619384
1757662091,229888296
1757662091,232011816
1757662091,265511928
1757662091,288190040
1757662091,292000584
1757662091,297837160
1757662091,315930856
1757662091,321441336
1757662091,327282248
1757662091,341650696
1757662091,343858344
1757662091,361358136
1757662091,402256824
1757662091,411548632
1757662091,428945432
1757662091,437318040
1757662091,445227976
1757662091,449921720
1757662091,456100904
1757662091,460291048
1757662091,475728952
1757662091,487602456
1757662091,521925224
1757662091,545220360
1757662091,548802440
1757662091,554482056
1757662091,558015096
1757662091,583513096
1757662091,591564744
1757662091,601071944
1757662091,618823640
1757662091,634337448
1757662091,657909000
1757662091,686680616
1757662091,704778344
1757662091,707064376
1757662091,730481304
1757662091,731710824
1757662091,736113944
1757662091,738637464
1757662091,772152648
1757662091,777748856
1757662091,779337208
1757662091,784077320
1757662091,799397112
1757662091,814646392
1757662091,818425272
1757662091,819529400
1757662091,827853416
1757662091,832645944
1757662091,846186568
1757662091,880573592
1757662091,889999176
1757662091,904894456
1757662091,909860328
1757662091,920211608
1757662091,921847384
1757662091,926881848
1757662091,930640088
1757662091,949345176
1757662091,950618680
1757662092,11633352
1757662092,15273176
1757662092,23275656
1757662092,74795208
1757662092,83352968
1757662092,89017048
1757662092,111502776
1757662092,159962664
1757662092,163258584
1757662092,180280360
1757662092,184469384
1757662092,191870312
1757662092,200305032
1757662092,212029352
1757662092,213620504
1757662092,222356824
1757662092,236439800
1757662092,239923816
1757662092,255877720
1757662092,265156584
1757662092,301938808
1757662092,318143880
1757662092,328101016
1757662092,332110872
1757662092,344434520
1757662092,373536312
1757662092,404835016
1757662092,430053368
1757662092,436509368
1757662092,443951752
1757662092,451627176
1757662092,465614728
1757662092,468672168
1757662092,478032760
1757662092,582105000
1757662092,630791464
1757662092,642807656
1757662092,651134456
1757662092,657075416
1757662092,686966024
1757662092,690421416
1757662092,703075288
1757662092,710003160
1757662092,733444808
1757662092,779641208
1757662092,821116008
1757662092,826274808
1757662092,837174680
1757662092,839338648
1757662092,842944584
1757662092,857913368
1757662092,904773768
1757662092,949020808
1757662092,958750728
1757662092,977509240
1757662092,985707336
1757662093,2357064
1757662093,13697144
1757662093,14921336
1757662093,48080120
1757662093,70818200
1757662093,96621304
1757662093,112288920
1757662093,119622344
1757662093,141894488
1757662093,145004824
1757662093,150605912
1757662093,159635064
1757662093,192941192
1757662093,210820936
1757662093,215931256
1757662093,221219976
1757662093,228006456
1757662093,266200104
1757662093,283131656
1757662093,292309400
1757662093,297739912
1757662093,299819208
1757662093,301251672
1757662093,339108184
1757662093,357205240
1757662093,365777848
1757662093,371446424
1757662093,380145960
1757662093,414448952
1757662093,422445480
1757662093,435407640
1757662093,453951320
1757662093,476575272
1757662093,479740552
1757662093,496647416
1757662093,539597112
1757662093,548267160
1757662093,571724600
1757662093,590120744
1757662093,597560920
1757662093,599083240
1757662093,625128776
1757662093,626397608
1757662093,629480472
1757662093,636141720
1757662093,660539928
1757662093,671951240
1757662093,698399912
1757662093,709028152
1757662093,718826824
1757662093,744577688
1757662093,745950328
1757662093,762643544
1757662093,784740120
1757662093,788332904
1757662093,792595864
1757662093,801402760
1757662093,822391464
1757662093,841759976
1757662093,856439672
1757662093,866359720
1757662093,884498376
1757662093,900554072
1757662093,952791448
1757662093,963013208
1757662093,965533224
1757662093,973169704
1757662093,984952072
1757662093,991325688
1757662093,995061320
1757662094,16595512
1757662094,23668664
1757662094,61477576
1757662094,86470360
1757662094,90488440
1757662094,98015384
1757662094,146471032
1757662094,151660568
1757662094,153692984
1757662094,194794968
1757662094,197935368
1757662094,209654568
1757662094,233209672
1757662094,276439304
1757662094,283218392
1757662094,297902888
1757662094,299934472
1757662094,304888680
1757662094,332930376
1757662094,356663208
1757662094,403399912
1757662094,415733176
1757662094,443100568
1757662094,451500040
1757662094,470280328
1757662094,479741256
1757662094,515339320
1757662094,529276904
1757662094,537749688
1757662094,544440728
1757662094,553060248
1757662094,561440424
1757662094,582325768
1757662094,612367112
1757662094,725598616
1757662094,728320808
1757662094,734285736
1757662094,735823128
1757662094,770675768
1757662094,805143496
1757662094,820319128
1757662094,821669160
1757662094,838525048
1757662094,898968392
1757662094,910640472
1757662094,919204360
1757662094,938311864
1757662094,958700808
1757662094,981169224
1757662094,988685912
1757662094,991515560
1757662095,50618184
1757662095,78289432
1757662095,85205672
1757662095,99775864
1757662095,105161848
1757662095,107435496
1757662095,110899720
1757662095,114521912
1757662095,135359432
1757662095,144925592
1757662095,165084600
1757662095,170860136
1757662095,185541928
1757662095,192397784
1757662095,194084360
1757662095,201503832
1757662095,203779720
1757662095,208771160
1757662095,224328552
1757662095,238117576
1757662095,291678904
1757662095,345777848
1757662095,348942632
1757662095,355640856
1757662095,364392248
1757662095,372983272
1757662095,396962072
1757662095,414329848
1757662095,421054760
1757662095,423801960
1757662095,434574024
1757662095,441535448
1757662095,447861464
1757662095,454357784
1757662095,456169656
1757662095,479788424
1757662095,517716872
1757662095,556245064
1757662095,568090280
1757662095,572343560
1757662095,584504824
1757662095,605311880
1757662095,640140216
1757662095,644051672
1757662095,651470968
1757662095,679496008
1757662095,684474808
1757662095,687246424
1757662095,702294952
1757662095,759268152
1757662095,788128984
1757662095,809470520
1757662095,819413240
1757662095,827883352
1757662095,860105544
1757662095,893486312
1757662095,897485976
1757662095,927542872
1757662095,984932712
1757662095,999798904
1757662096,2438104
1757662096,4884472
1757662096,13362184
1757662096,43422312
1757662096,52532408
1757662096,57446408
1757662096,98382824
1757662096,110348360
1757662096,118347240
1757662096,134836408
1757662096,149862792
1757662096,155501400
1757662096,158720792
1757662096,162824040
1757662096,192524984
1757662096,194502824
1757662096,200850760
1757662096,226901416
1757662096,229956024
1757662096,270594088
1757662096,276741224
1757662096,309250504
1757662096,311092040
1757662096,319178184
1757662096,352098728
1757662096,367006216
1757662096,382912824
1757662096,408680408
1757662096,411681960
1757662096,415820120
1757662096,425828952
1757662096,434948216
1757662096,436965048
1757662096,447975192
1757662096,449576216
1757662096,493790728
1757662096,499155720
1757662096,506448456
1757662096,531555976
1757662096,544300920
1757662096,558988648
1757662096,571650264
1757662096,580751928
1757662096,583710552
1757662096,617034232
1757662096,655005320
1757662096,658641752
1757662096,668723800
1757662096,727868440
1757662096,729791160
1757662096,744258856
1757662096,769942232
1757662096,776712472
1757662096,815218104
1757662096,818383944
1757662096,826496632
1757662096,827564504
1757662096,834448408
1757662096,845804136
1757662096,847148056
1757662096,854925896
1757662096,858656248
1757662096,865509544
1757662096,896640968
1757662096,923806696
1757662096,927574616
1757662096,957090840
1757662096,973905528
1757662096,998774936
1757662097,52381352
1757662097,71409992
1757662097,75176280
1757662097,86594296
1757662097,97040664
1757662097,107931880
1757662097,124639944
1757662097,127888680
1757662097,131983992
1757662097,139678280
1757662097,141603864
1757662097,151664312
1757662097,174747304
1757662097,182892552
1757662097,194991656
1757662097,198873800
1757662097,253669624
1757662097,275186488
1757662097,287853224
1757662097,310082856
1757662097,314761896
1757662097,342456632
1757662097,347670888
1757662097,348721096
1757662097,355584776
1757662097,366483384
1757662097,371746920
1757662097,376065256
1757662097,432443320
1757662097,438817656
1757662097,440785928
1757662097,443359656
1757662097,454353960
1757662097,455919784
1757662097,459577896
1757662097,473047368
1757662097,476778216
1757662097,494770328
1757662097,496942424
1757662097,498206456
1757662097,519277400
1757662097,536899256
1757662097,549510552
1757662097,557489432
1757662097,562492328
1757662097,577474024
1757662097,621091272
1757662097,622415000
1757662097,631531976
1757662097,635527608
1757662097,690541784
1757662097,696043976
1757662097,706059048
1757662097,717623048
1757662097,718897976
1757662097,726354632
1757662097,753142040
1757662097,757035688
1757662097,770456696
1757662097,779734792
1757662097,784424280
1757662097,787302104
1757662097,791202920
1757662097,799179384
1757662097,807361912
1757662097,826394968
1757662097,836538248
1757662097,842640040
1757662097,855487208
1757662097,860330328
1757662097,901032504
1757662097,930594520
1757662097,932260008
1757662097,942629608
1757662097,958108424
1757662097,968193944
1757662097,975870136
1757662097,977868120
1757662097,982615016
1757662097,984389576
1757662098,4646984
1757662098,9575464
1757662098,15881000
1757662098,21887240
1757662098,23865944
1757662098,26189000
1757662098,51326696
1757662098,89669672
1757662098,106510680
1757662098,113645560
1757662098,124816680
1757662098,127625272
1757662098,152005192
1757662098,191220328
1757662098,196271224
1757662098,258160536
1757662098,272794472
1757662098,274991992
1757662098,307330840
1757662098,314490824
1757662098,322072024
1757662098,364266024
1757662098,381199448
1757662098,425584136
1757662098,427914936
1757662098,439996680
1757662098,459830712
1757662098,465364424
1757662098,483323640
1757662098,488176504
1757662098,520455880
1757662098,546027736
1757662098,563805800
1757662098,566708968
1757662098,582508376
1757662098,589211480
1757662098,605795976
1757662098,614883608
1757662098,624596840
1757662098,664916584
1757662098,700746984
1757662098,708811864
1757662098,715269480
1757662098,733824328
1757662098,744673656
1757662098,753066136
1757662098,773243848
1757662098,778175160
1757662098,780999416
1757662098,812824744
1757662098,838744888
1757662098,841549704
1757662098,850293368
1757662098,870505704
1757662098,875375272
1757662098,943682168
1757662098,968581848
1757662098,973323976
1757662098,987994920
1757662098,994408920
1757662099,4129144
1757662099,7017736
1757662099,14447864
1757662099,41775592
1757662099,68597704
1757662099,85242008
1757662099,88176264
1757662099,111234392
1757662099,122633368
1757662099,131121480
1757662099,137241464
1757662099,144760184
1757662099,157894600
1757662099,198056872
1757662099,223163480
1757662099,235655768
1757662099,244524920
1757662099,257856280
1757662099,287398072
1757662099,299599096
1757662099,317797720
1757662099,320964536
1757662099,337120088
1757662099,360364600
1757662099,404857656
1757662099,417561464
1757662099,433056680
1757662099,448071000
1757662099,456711784
1757662099,472442680
1757662099,513117208
1757662099,527684024
1757662099,549331672
1757662099,565872952
1757662099,569930632
1757662099,597383832
1757662099,599215336
1757662099,603820952
1757662099,605316184
1757662099,623227752
1757662099,638775032
1757662099,647648792
1757662099,673039368
1757662099,676644136
1757662099,680437816
1757662099,694970008
1757662099,699505784
1757662099,715951176
1757662099,745061176
1757662099,746405736
1757662099,757505592
1757662099,784709736
1757662099,794141256
1757662099,800391240
1757662099,811554696
1757662099,814925416
1757662099,820053080
1757662099,844579656
1757662099,847664040
1757662099,934245640
1757662099,951939928
1757662099,975493416
1757662099,986808120
1757662100,31984344
1757662100,58383240
1757662100,73625480
1757662100,83014136
1757662100,89191576
1757662100,104246392
1757662100,114646728
1757662100,157136008
1757662100,175944744
1757662100,181297896
1757662100,187935464
1757662100,200002920
1757662100,215047592
1757662100,243951848
1757662100,314653704
1757662100,316288104
1757662100,337682296
1757662100,370365896
1757662100,371882024
1757662100,378253208
1757662100,389262392
1757662100,438928840
1757662100,472303352
1757662100,474138280
1757662100,485287832
1757662100,493266584
1757662100,496102392
1757662100,498905704
1757662100,500719000
1757662100,509609144
1757662100,521679384
1757662100,523795016
1757662100,609205320
1757662100,628558888
1757662100,636132536
1757662100,662048008
1757662100,686097368
1757662100,704260184
1757662100,705487880
1757662100,707309000
1757662100,739341640
1757662100,747617640
1757662100,764085048
1757662100,800854872
1757662100,822206136
1757662100,827504376
1757662100,845326312
1757662100,916912104
1757662100,922454104
1757662100,927940760
1757662100,943747640
1757662100,951215736
1757662100,953426728
1757662100,963082552
1757662100,975820504
1757662100,979890120
1757662100,988253320
1757662100,992678472
1757662100,998856712
1757662101,20895464
1757662101,29869368
1757662101,42920472
1757662101,51684664
1757662101,73542984
1757662101,87613512
1757662101,94685080
1757662101,97833416
1757662101,137220024
1757662101,158567256
1757662101,181290168
1757662101,184770200
1757662101,194334552
1757662101,246534808
1757662101,249471064
1757662101,260276024
1757662101,264004584
1757662101,274305192
1757662101,276114936
1757662101,293227624
1757662101,295814168
1757662101,299347464
1757662101,303626728
1757662101,304923848
1757662101,322826376
1757662101,367697320
1757662101,377881192
1757662101,400342360
1757662101,426658248
1757662101,448611960
1757662101,450422408
1757662101,477141512
1757662101,485182568
1757662101,502872328
1757662101,527996856
1757662101,534547928
1757662101,544037960
1757662101,561437176
1757662101,571201480
1757662101,582309240
1757662101,592710840
1757662101,594310760
1757662101,602931352
1757662101,613426456
1757662101,619480584
1757662101,681779096
1757662101,720963384
1757662101,722860360
1757662101,748639320
1757662101,771476936
1757662101,773826408
1757662101,775953624
1757662101,800544936
1757662101,818232200
1757662101,851322776
1757662101,856449336
1757662101,864161816
1757662101,881551256
1757662101,887107784
1757662101,890827240
1757662101,893412952
1757662101,904167688
1757662101,910486584
1757662101,942594792
1757662101,949673896
1757662101,968478920
1757662101,972815416
1757662101,979204504
1757662101,982701784
1757662102,18480824
1757662102,20868776
1757662102,64282312
1757662102,68543800
1757662102,80905992
1757662102,83418840
1757662102,85222824
1757662102,106910008
1757662102,115354568
1757662102,130763512
1757662102,136485240
1757662102,137758824
1757662102,140271592
1757662102,162020680
1757662102,180792728
1757662102,185265848
1757662102,189079208
1757662102,208987480
1757662102,219034168
1757662102,245098936
1757662102,278490600
1757662102,307927672
1757662102,349120456
1757662102,365694296
1757662102,367461880
1757662102,381461144
1757662102,384039240
1757662102,428791480
1757662102,458397256
1757662102,461955208
1757662102,466854776
1757662102,469940184
1757662102,473272680
1757662102,484424552
1757662102,490958808
1757662102,499084792
1757662102,514392776
1757662102,521132760
1757662102,542599368
1757662102,558264728
1757662102,563941464
1757662102,566396536
1757662102,567522328
1757662102,612559832
1757662102,640820424
1757662102,647979320
1757662102,657913704
1757662102,684098840
1757662102,708859624
1757662102,742715480
1757662102,781771704
1757662102,827733832
1757662102,836563176
1757662102,839136856
1757662102,885761416
1757662102,887724344
1757662102,892992840
1757662102,913970072
1757662102,917960808
1757662102,920445224
1757662102,926202296
1757662102,929439416
1757662102,941889816
1757662102,943006120
1757662102,961740376
1757662102,969536184
1757662102,976472632
1757662102,983260200
1757662102,995138024
1757662102,999121880
1757662103,12969208
1757662103,17798632
1757662103,28714792
1757662103,77549288
1757662103,105308680
1757662103,144040584
1757662103,147815592
1757662103,152499576
1757662103,153668088
1757662103,160161512
1757662103,172118520
1757662103,174607272
1757662103,179238792
1757662103,193657704
1757662103,209846568
1757662103,223621272
1757662103,232123144
1757662103,250041256
1757662103,254555768
1757662103,268421688
1757662103,280249304
1757662103,293187096
1757662103,306143224
1757662103,308279832
1757662103,321724968
1757662103,324209832
1757662103,328818120
1757662103,342127384
1757662103,376117528
1757662103,394219272
1757662103,425701624
1757662103,430697352
1757662103,443059480
1757662103,521751352
1757662103,529594648
1757662103,593961752
1757662103,601470120
1757662103,611570552
1757662103,630046504
1757662103,643629240
1757662103,669486264
1757662103,699456152
1757662103,735381848
1757662103,738068072
1757662103,775694056
1757662103,783858616
1757662103,820392424
1757662103,824985400
1757662103,844934584
1757662103,872665944
1757662103,876458904
1757662103,891923176
1757662103,917710216
1757662103,931910216
1757662103,945210808
1757662103,976613944
1757662103,982392264
1757662103,988606040
1757662103,994903080
1757662104,4991720
1757662104,38195352
1757662104,42326232
1757662104,63133912
1757662104,74182632
1757662104,86711560
1757662104,110455400
1757662104,112185688
1757662104,140310808
1757662104,146408920
1757662104,150058856
1757662104,167865048
1757662104,169797528
1757662104,172353624
1757662104,198460040
1757662104,200062184
1757662104,215436840
1757662104,217170168
1757662104,226272088
1757662104,230317064
1757662104,238903304
1757662104,256543656
1757662104,263632776
1757662104,278659832
1757662104,281750152
1757662104,302803000
1757662104,307665112
1757662104,327666360
1757662104,336654440
1757662104,349531208
1757662104,363083960
1757662104,381624248
1757662104,386398648
1757662104,392761448
1757662104,394713944
1757662104,396651672
1757662104,402275848
1757662104,409186616
1757662104,412098040
1757662104,450066136
1757662104,451798600
1757662104,498326424
1757662104,517662120
1757662104,526983816
1757662104,535539032
1757662104,562730728
1757662104,563905256
1757662104,574845592
1757662104,590849032
1757662104,597163736
1757662104,617493464
1757662104,629515256
1757662104,634990424
1757662104,668598664
1757662104,670079432
1757662104,677507000
1757662104,687960440
1757662104,695112904
1757662104,762007464
1757662104,779126024
1757662104,788774040
1757662104,791199400
1757662104,792981752
1757662104,824086552
1757662104,828236600
1757662104,836720360
1757662104,840151768
1757662104,842369768
1757662104,847522312
1757662104,885171208
1757662104,889290696
1757662104,922398824
1757662104,936966760
1757662104,940705128
1757662104,966174360
1757662104,972788488
1757662104,986013880
1757662104,990714584
1757662104,995210600
1757662105,26251112
1757662105,29224568
1757662105,43080376
1757662105,76388536
1757662105,85771912
1757662105,95259192
1757662105,99155128
1757662105,100876568
1757662105,117709016
1757662105,129397976
1757662105,164817032
1757662105,173742248
1757662105,177429192
1757662105,188472088
1757662105,197214152
1757662105,206238088
1757662105,245439192
1757662105,252526040
1757662105,280866184
1757662105,310146680
1757662105,315369784
1757662105,318063752
1757662105,324306024
1757662105,326490920
1757662105,342864216
1757662105,375207304
1757662105,386943704
1757662105,389714680
1757662105,399456504
1757662105,453235976
1757662105,460338616
1757662105,465953352
1757662105,480476264
1757662105,513528520
1757662105,515029128
1757662105,517400520
1757662105,532939768
1757662105,535866536
1757662105,542057704
1757662105,554843304
1757662105,558376136
1757662105,572567416
1757662105,589979464
1757662105,637940296
1757662105,639588040
1757662105,662995720
1757662105,666622008
1757662105,669741448
1757662105,679174008
1757662105,705323976
1757662105,760592888
1757662105,790897064
1757662105,803441528
1757662105,829079352
1757662105,837806232
1757662105,843129944
1757662105,858203064
1757662105,861289672
1757662105,874868600
1757662105,889642920
1757662105,891256296
1757662105,895438136
1757662105,902387384
1757662105,934367976
1757662105,945312328
1757662105,963696888
1757662105,970782168
1757662105,980841656
1757662105,982833768
1757662105,994413688
1757662106,2360648
1757662106,19492552
1757662106,25246888
1757662106,57546968
1757662106,64496472
1757662106,66069272
1757662106,70764136
1757662106,126014168
1757662106,166677448
1757662106,170998456
1757662106,186450408
1757662106,196308392
1757662106,199044152
1757662106,208506024
1757662106,225036008
1757662106,233325016
1757662106,286919000
1757662106,292828024
1757662106,302932968
1757662106,304215256
1757662106,305889432
1757662106,309553000
1757662106,316313128
1757662106,334742184
1757662106,357378568
1757662106,377538888
1757662106,410608616
1757662106,427825288
1757662106,478966360
1757662106,482494952
1757662106,497726792
1757662106,501171320
1757662106,503131576
1757662106,504918728
1757662106,528617336
1757662106,554526536
1757662106,564823032
1757662106,581483768
1757662106,591828488
1757662106,600289576
1757662106,611317768
1757662106,624372680
1757662106,637861064
1757662106,648120184
1757662106,650303032
1757662106,656195032
1757662106,662359880
1757662106,663480472
1757662106,677429208
1757662106,681566696
1757662106,729922664
1757662106,736370456
1757662106,742433096
1757662106,750381000
1757662106,782189048
1757662106,788811480
1757662106,791988072
1757662106,805108568
1757662106,812031688
1757662106,824595528
1757662106,846486664
1757662106,853142712
1757662106,855008888
1757662106,861722216
1757662106,877059576
1757662106,893185448
1757662106,896179912
1757662106,919103064
1757662106,949732040
1757662106,965877864
1757662106,996279608
1757662107,32628952
1757662107,59081256
1757662107,89787368
1757662107,125022232
1757662107,155052520
1757662107,191034744
1757662107,205230424
1757662107,218655192
1757662107,235494520
1757662107,254075528
1757662107,258573016
1757662107,261709064
1757662107,273307880
1757662107,275665208
1757662107,316215448
1757662107,319456680
1757662107,344005960
1757662107,346877592
1757662107,373678440
1757662107,425223144
1757662107,459510888
1757662107,474907816
1757662107,478153304
1757662107,489708616
1757662107,501200856
1757662107,505323560
1757662107,519334680
1757662107,521312600
1757662107,528621864
1757662107,566766584
1757662107,573050584
1757662107,600590424
1757662107,608214744
1757662107,626230968
1757662107,647856104
1757662107,654787448
1757662107,708339256
1757662107,720711224
1757662107,750417784
1757662107,760979832
1757662107,762295176
1757662107,767946952
1757662107,788331992
1757662107,821768056
1757662107,840519784
1757662107,845526264
1757662107,848223000
1757662107,851234552
1757662107,867261016
1757662107,903633528
1757662107,909056168
1757662107,939588328
1757662107,988304824
1757662107,996185640
1757662108,722456
1757662108,13583224
1757662108,23196280
1757662108,66902360
1757662108,79205016
1757662108,87595048
1757662108,111232136
1757662108,122896536
1757662108,129907096
1757662108,132037336
1757662108,183150568
1757662108,198010696
1757662108,223706312
1757662108,258353112
1757662108,267847800
1757662108,279411960
1757662108,290189672
1757662108,304615832
1757662108,335283176
1757662108,339841496
1757662108,364932952
1757662108,367735256
1757662108,372698872
1757662108,379096904
1757662108,397930872
1757662108,424906008
1757662108,432872584
1757662108,434417256
1757662108,449328008
1757662108,456885000
1757662108,466607944
1757662108,476738072
1757662108,486436552
1757662108,516663608
1757662108,524352200
1757662108,539907048
1757662108,545906104
1757662108,549503768
1757662108,556665896
1757662108,570507656
1757662108,594580968
1757662108,637458536
1757662108,645850456
1757662108,702290312
1757662108,703815384
1757662108,705548056
1757662108,726872840
1757662108,734590328
1757662108,759437432
1757662108,760979384
1757662108,765413704
1757662108,768026360
1757662108,807149496
1757662108,838163944
1757662108,842185656
1757662108,854998600
1757662108,873921064
1757662108,880459416
1757662108,888336456
1757662108,892695688
1757662108,902860920
1757662108,904048888
1757662108,931375384
1757662108,941725928
1757662108,943174632
1757662108,954259656
1757662108,982311864
1757662108,989100776
1757662109,7266024
1757662109,13469528
1757662109,34901608
1757662109,63777880
1757662109,103289400
1757662109,106023640
1757662109,135301912
1757662109,144101480
1757662109,181499976
1757662109,188727512
1757662109,192504696
1757662109,236687592
1757662109,294747944
1757662109,299329096
1757662109,303497384
1757662109,309796744
1757662109,320042200
1757662109,324338392
1757662109,332629688
1757662109,367086104
1757662109,381799208
1757662109,418948088
1757662109,476146072
1757662109,490442568
1757662109,497105512
1757662109,499967432
1757662109,505568184
1757662109,508337784
1757662109,529316920
1757662109,534338280
1757662109,536610952
1757662109,573320072
1757662109,579029624
1757662109,598693336
1757662109,604316648
1757662109,622667832
1757662109,633564408
1757662109,636724968
1757662109,653541800
1757662109,659898408
1757662109,661738056
1757662109,663722472
1757662109,676468312
1757662109,720663912
1757662109,736470184
1757662109,765009288
1757662109,796207656
1757662109,802745256
1757662109,823661176
1757662109,841619112
1757662109,845574872
1757662109,849442664
1757662109,861269064
1757662109,875431272
1757662109,878982856
1757662109,883812632
1757662109,885822920
1757662109,894059176
1757662109,905096056
1757662109,921094680
1757662109,960766808
1757662109,974647288
1757662109,990366072
1757662109,994835304
1757662110,4783896
1757662110,23774408
1757662110,51059672
1757662110,64563192
1757662110,74314520
1757662110,91649752
1757662110,99059768
1757662110,135809032
1757662110,161742840
1757662110,174622264
1757662110,187607112
1757662110,193732536
1757662110,208425896
1757662110,211509496
1757662110,239654056
1757662110,261814760
1757662110,265994328
1757662110,299790904
1757662110,308998104
1757662110,311442040
1757662110,359869192
1757662110,376654888
1757662110,386221288
1757662110,394975768
1757662110,396734200
1757662110,414343608
1757662110,454642872
1757662110,458089016
1757662110,466305240
1757662110,484756264
1757662110,489106312
1757662110,490532968
1757662110,501708616
1757662110,512193768
1757662110,517515080
1757662110,525330216
1757662110,527209096
1757662110,532264632
1757662110,549289720
1757662110,561374088
1757662110,574565064
1757662110,584990344
1757662110,591641400
1757662110,593047288
1757662110,610096888
1757662110,629126264
1757662110,634915144
1757662110,639751336
1757662110,664846952
1757662110,667162088
1757662110,671104888
1757662110,677121976
1757662110,687784136
1757662110,697065176
1757662110,707398808
1757662110,710419688
1757662110,713903672
1757662110,729069416
1757662110,750005224
1757662110,753027096
1757662110,774106936
1757662110,791136328
1757662110,796990120
1757662110,807717880
1757662110,820343592
1757662110,834725192
1757662110,843171032
1757662110,846591128
1757662110,857937896
1757662110,870679080
1757662110,898630344
1757662110,908467976
1757662110,935941640
1757662110,975096696
1757662110,990178808
1757662111,6577320
1757662111,65062200
1757662111,68414152
1757662111,72195624
1757662111,80960568
1757662111,109275000
1757662111,112564712
1757662111,127780248
1757662111,135099496
1757662111,156582808
1757662111,166912632
1757662111,193403112
1757662111,199642936
1757662111,221549032
1757662111,226805704
1757662111,231580216
1757662111,264490088
1757662111,314461192
1757662111,320722824
1757662111,322166904
1757662111,365401576
1757662111,370277272
1757662111,375471224
1757662111,383088952
1757662111,391887992
1757662111,410412168
1757662111,427291960
1757662111,442079208
1757662111,446815832
1757662111,465035960
1757662111,471936232
1757662111,484062840
1757662111,526075560
1757662111,539056920
1757662111,555873640
1757662111,563768280
1757662111,565524008
1757662111,575285400
1757662111,585516232
1757662111,594349656
1757662111,615344936
1757662111,619916904
1757662111,631796568
1757662111,641044024
1757662111,644656664
1757662111,659323880
1757662111,666425432
1757662111,671832872
1757662111,675419288
1757662111,677791400
1757662111,689036392
1757662111,714374728
1757662111,724249208
1757662111,735286552
1757662111,744771304
1757662111,747175192
1757662111,765700968
1757662111,814245848
1757662111,850093512
1757662111,869755480
1757662111,872998456
1757662111,876344344
1757662111,895099032
1757662111,904702376
1757662111,919366552
1757662111,933857128
1757662111,958130808
1757662111,959549016
1757662111,967725880
1757662111,982951384
1757662112,4733688
1757662112,16224584
1757662112,24493688
1757662112,31094536
1757662112,48353064
1757662112,100571320
1757662112,117884504
1757662112,140836008
1757662112,142004776
1757662112,158121784
1757662112,164155672
1757662112,173682024
1757662112,176471464
1757662112,181236760
1757662112,184110536
1757662112,200182632
1757662112,203934632
1757662112,246260680
1757662112,267862280
1757662112,288616664
1757662112,290708328
1757662112,298451160
1757662112,303115976
1757662112,316683768
1757662112,323403448
1757662112,331511864
1757662112,335262120
1757662112,339164376
1757662112,341247560
1757662112,353004792
1757662112,365974616
1757662112,376916152
1757662112,379974216
1757662112,389036040
1757662112,391822488
1757662112,394888632
1757662112,421912568
1757662112,423876568
1757662112,442402888
1757662112,446585176
1757662112,457255192
1757662112,460782696
1757662112,481386008
1757662112,489240552
1757662112,493874264
1757662112,497865656
1757662112,530963768
1757662112,539193384
1757662112,541276584
1757662112,542488312
1757662112,545814536
1757662112,614446632
1757662112,679217976
1757662112,685367528
1757662112,701196968
1757662112,790866424
1757662112,794817128
1757662112,808723272
1757662112,819880392
1757662112,858847512
1757662112,885465960
1757662112,901176056
1757662112,902725416
1757662112,904885496
1757662112,915053192
1757662112,920312312
1757662112,924372504
1757662112,926074920
1757662112,958114072
1757662112,964744728
1757662112,971601176
1757662113,5563224
1757662113,7478136
1757662113,18909608
1757662113,29416712
1757662113,60125720
1757662113,91332536
1757662113,139135752
1757662113,148812376
1757662113,186003992
1757662113,188554712
1757662113,196618696
1757662113,199900360
1757662113,207904920
1757662113,215811192
1757662113,254009960
1757662113,259026312
1757662113,290796904
1757662113,294539208
1757662113,330485304
1757662113,335067208
1757662113,375540616
1757662113,376698872
1757662113,390663384
1757662113,404571672
1757662113,452634248
1757662113,458919560
1757662113,495315096
1757662113,509619464
1757662113,513698008
1757662113,532216072
1757662113,544868632
1757662113,555651528
1757662113,562336632
1757662113,570367832
1757662113,614741960
1757662113,622684696
1757662113,647153992
1757662113,660750072
1757662113,676281048
1757662113,678657912
1757662113,698801016
1757662113,704219880
1757662113,709550200
1757662113,710759304
1757662113,713577848
1757662113,740198664
1757662113,742868552
1757662113,746917128
1757662113,751403016
1757662113,768932424
1757662113,772578984
1757662113,777644440
1757662113,807883112
1757662113,813363592
1757662113,833925640
1757662113,877664376
1757662113,882340984
1757662113,918360408
1757662113,925387656
1757662113,931576328
1757662113,934666552
1757662113,965936696
1757662113,974265592
1757662113,989405976
1757662113,996285864
1757662114,8786248
1757662114,12226792
1757662114,32634888
1757662114,43923368
1757662114,47075640
1757662114,68443208
1757662114,76359848
1757662114,81682744
1757662114,90648760
1757662114,99511112
1757662114,102424968
1757662114,105408808
1757662114,107384808
1757662114,109742232
1757662114,166296792
1757662114,177562696
1757662114,196411976
1757662114,198423800
1757662114,203549352
1757662114,211129688
1757662114,246461320
1757662114,302404280
1757662114,311562552
1757662114,324894216
1757662114,331397224
1757662114,348419576
1757662114,349481000
1757662114,351777416
1757662114,370518424
1757662114,383685784
1757662114,386034312
1757662114,395755192
1757662114,443878664
1757662114,452993112
1757662114,477507048
1757662114,529921176
1757662114,540810440
1757662114,555087368
1757662114,557111544
1757662114,561548104
1757662114,570343256
1757662114,642989576
1757662114,654845736
1757662114,657390120
1757662114,665011912
1757662114,676264888
1757662114,706358536
1757662114,738202664
1757662114,741664152
1757662114,792829656
1757662114,815607880
1757662114,817379208
1757662114,828703000
1757662114,842095112
1757662114,865485176
1757662114,868906232
1757662114,924414424
1757662114,926987464
1757662114,943824904
1757662114,945919080
1757662114,958324856
1757662114,963242648
1757662114,969383720
1757662114,976976456
1757662114,992404520
1757662114,996176344
1757662115,804632
1757662115,3839592
1757662115,11238808
1757662115,33870616
1757662115,46386440
1757662115,62670904
1757662115,83378616
1757662115,87418952
1757662115,99745816
1757662115,114020840
1757662115,129883912
1757662115,140768648
1757662115,142628456
1757662115,155341672
1757662115,174252520
1757662115,224850200
1757662115,225975784
1757662115,279565176
1757662115,283881656
1757662115,303273608
1757662115,305469880
1757662115,315839208
1757662115,322429464
1757662115,332878392
1757662115,334708536
1757662115,366060024
1757662115,367765000
1757662115,405809800
1757662115,410426808
1757662115,454452664
1757662115,459714360
1757662115,468286792
1757662115,481784200
1757662115,503688360
1757662115,510795112
1757662115,516160952
1757662115,517908744
1757662115,528712360
1757662115,537685864
1757662115,546413064
1757662115,587307816
1757662115,622953624
1757662115,629350856
1757662115,630664264
1757662115,638795768
1757662115,640875000
1757662115,666487816
1757662115,678657896
1757662115,682140856
1757662115,687276344
1757662115,690297496
1757662115,710586008
1757662115,720245592
1757662115,722763736
1757662115,754235416
1757662115,755617896
1757662115,761254376
1757662115,786543256
1757662115,801524424
1757662115,809608648
1757662115,822398232
1757662115,898488712
1757662115,910849960
1757662115,945903928
1757662115,973565272
1757662115,977043608
1757662115,986194952
1757662116,7451288
1757662116,10013016
1757662116,28363896
1757662116,33648728
1757662116,56271448
1757662116,63710920
1757662116,79198456
1757662116,83191928
1757662116,112620136
1757662116,130515624
1757662116,158898520
1757662116,191366936
1757662116,243309304
1757662116,244740424
1757662116,255232728
1757662116,271115880
1757662116,333615160
1757662116,337963224
1757662116,352620440
1757662116,379867048
1757662116,391984344
1757662116,455761416
1757662116,470157624
1757662116,486568856
1757662116,500782200
1757662116,509042376
1757662116,516260920
1757662116,521096728
1757662116,534214776
1757662116,549392824
1757662116,551575224
1757662116,572995544
1757662116,592671032
1757662116,603557176
1757662116,605236360
1757662116,611266072
1757662116,615912984
1757662116,647300504
1757662116,657306552
1757662116,661043416
1757662116,679004552
1757662116,681770312
1757662116,694636056
1757662116,711106536
1757662116,740400296
1757662116,743970312
1757662116,753853144
1757662116,762203448
1757662116,768301640
1757662116,776832680
1757662116,783706136
1757662116,789006280
1757662116,803905912
1757662116,831793528
1757662116,836045416
1757662116,844461656
1757662116,854402200
1757662116,869522984
1757662116,901035368
1757662116,913917064
1757662116,915249976
1757662116,938868712
1757662116,942748040
1757662116,946576808
1757662117,5812472
1757662117,18446744
1757662117,19687480
1757662117,33965752
1757662117,61747128
1757662117,90594696
1757662117,95969000
1757662117,100959224
1757662117,127721592
1757662117,138263128
1757662117,153262408
1757662117,192621416
1757662117,196009016
1757662117,197556248
1757662117,236114632
1757662117,237723176
1757662117,257915544
1757662117,263795688
1757662117,276578024
1757662117,279181304
1757662117,283333608
1757662117,306665192
1757662117,314148648
1757662117,327656712
1757662117,339489832
1757662117,341250696
1757662117,367984184
1757662117,378080968
1757662117,386090440
1757662117,387283352
1757662117,414840024
1757662117,416200536
1757662117,437183208
1757662117,444798952
1757662117,446143704
1757662117,450889976
1757662117,455661080
1757662117,469620968
1757662117,482538168
1757662117,484159000
1757662117,487381448
1757662117,491667928
1757662117,502597448
1757662117,516457432
1757662117,531181672
1757662117,537353416
1757662117,551786600
1757662117,553450984
1757662117,568899288
1757662117,571737672
1757662117,580732648
1757662117,611083688
1757662117,623048280
1757662117,626629848
1757662117,638044136
1757662117,656657128
1757662117,661541560
1757662117,670283560
1757662117,683902824
1757662117,689809112
1757662117,706008984
1757662117,713167912
1757662117,723377672
1757662117,789219496
1757662117,791388040
1757662117,803353656
1757662117,815942232
1757662117,822039352
1757662117,836013800
1757662117,840002504
1757662117,862477576
1757662117,882959448
1757662117,926172248
1757662117,949428296
1757662117,960028744
1757662117,966000296
1757662117,982806008
1757662117,984153256
1757662117,998411160
1757662118,15819928
1757662118,25284520
1757662118,33577128
1757662118,42624648
1757662118,70687288
1757662118,85206904
1757662118,101020936
1757662118,121540072
1757662118,127201848
1757662118,128443496
1757662118,131879176
1757662118,149248776
1757662118,153294360
1757662118,167550936
1757662118,179224440
1757662118,212303512
1757662118,224893496
1757662118,230758760
1757662118,233158056
1757662118,254971288
1757662118,268614488
1757662118,283105448
1757662118,320938632
1757662118,331566040
1757662118,355141576
1757662118,356913624
1757662118,372546952
1757662118,381337976
1757662118,391986344
1757662118,404852488
1757662118,417800408
1757662118,419464152
1757662118,458477880
1757662118,487759512
1757662118,496443096
1757662118,503662312
1757662118,542317400
1757662118,545068152
1757662118,559205048
1757662118,584878488
1757662118,599095608
1757662118,602003240
1757662118,613978136
1757662118,623194856
1757662118,639793672
1757662118,650688840
1757662118,655494552
1757662118,663939736
1757662118,681259128
1757662118,693517880
1757662118,704879416
1757662118,709660296
1757662118,735332504
1757662118,738098280
1757662118,746134328
1757662118,763272568
1757662118,798233944
1757662118,808885704
1757662118,811324968
1757662118,816031848
1757662118,827633048
1757662118,839320536
1757662118,841558712
1757662118,852421848
1757662118,862007080
1757662118,866820648
1757662118,873826024
1757662118,916289896
1757662118,919409016
1757662118,936410712
1757662118,951591256
1757662118,982934152
1757662118,985143720
1757662119,2823496
1757662119,23403768
1757662119,36047992
1757662119,39390744
1757662119,50700296
1757662119,54067000
1757662119,66368792
1757662119,90749608
1757662119,113561576
1757662119,134493320
1757662119,139245544
1757662119,144550408
1757662119,146932520
1757662119,169539496
1757662119,171640392
1757662119,179350328
1757662119,201990792
1757662119,204366120
1757662119,209821624
1757662119,225785464
1757662119,240599560
1757662119,260507912
1757662119,276525256
1757662119,283440760
1757662119,295008792
1757662119,334801096
1757662119,373223736
1757662119,380886504
1757662119,407969544
1757662119,416189992
1757662119,444247576
1757662119,458841864
1757662119,473537784
1757662119,508389224
1757662119,510632952
1757662119,511917624
1757662119,519236424
1757662119,528013944
1757662119,530305256
1757662119,555297000
1757662119,556339592
1757662119,571929000
1757662119,578454504
1757662119,597076392
1757662119,601283400
1757662119,611157112
1757662119,652758904
1757662119,671666808
1757662119,707583848
1757662119,746051480
1757662119,752452984
1757662119,753616328
1757662119,765101112
1757662119,768746504
1757662119,799610360
1757662119,811794360
1757662119,815266504
1757662119,818113080
1757662119,822993992
1757662119,839105272
1757662119,845084392
1757662119,871686952
1757662119,897150056
1757662119,924358072
1757662119,945875976
1757662119,953691576
1757662119,966530920
1757662119,974957976
1757662120,7103064
1757662120,15983304
1757662120,19288136
1757662120,40085928
1757662120,58275320
1757662120,74075496
1757662120,77699256
1757662120,84737704
1757662120,108703960
1757662120,122163208
1757662120,131686856
1757662120,134899720
1757662120,142035016
1757662120,152212968
1757662120,206021784
1757662120,243901064
1757662120,258116440
1757662120,277640040
1757662120,357344312
1757662120,369581000
1757662120,383602632
1757662120,391483560
1757662120,393925736
1757662120,421247880
1757662120,423139752
1757662120,451545032
1757662120,489042344
1757662120,499007832
1757662120,500484392
1757662120,517550008
1757662120,520011848
1757662120,530486088
1757662120,552798616
1757662120,554629736
1757662120,567896568
1757662120,574547464
1757662120,575841528
1757662120,577362312
1757662120,599946232
1757662120,603374344
1757662120,606858392
1757662120,613671432
1757662120,616253496
1757662120,622391128
1757662120,625622040
1757662120,635277352
1757662120,637765688
1757662120,661593752
1757662120,689111096
1757662120,694007432
1757662120,700453208
1757662120,705782184
1757662120,708064328
1757662120,719371080
1757662120,743013352
1757662120,746606376
1757662120,755929832
1757662120,758399976
1757662120,819727368
1757662120,822665528
1757662120,840353432
1757662120,853834056
1757662120,863497992
1757662120,903995864
1757662120,926847128
1757662120,928561784
1757662120,943404728
1757662120,954551272
1757662120,979338968
1757662120,985195960
1757662121,4708840
1757662121,5912936
1757662121,8626344
1757662121,26647704
1757662121,36207176
1757662121,44251560
1757662121,47660328
1757662121,69191496
1757662121,97294616
1757662121,100775320
1757662121,104068200
1757662121,110052152
1757662121,122563192
1757662121,134553944
1757662121,146452408
1757662121,160309704
1757662121,170500952
1757662121,180944808
1757662121,184943784
1757662121,194396552
1757662121,207365000
1757662121,217104696
1757662121,224170920
1757662121,243686712
1757662121,252457400
1757662121,265305480
1757662121,277838216
1757662121,280278184
1757662121,293063640
1757662121,314511560
1757662121,317998136
1757662121,323222056
1757662121,341227080
1757662121,349561960
1757662121,360322888
1757662121,365213416
1757662121,376773096
1757662121,378007288
1757662121,380258568
1757662121,417988472
1757662121,428329736
1757662121,439548440
1757662121,443549144
1757662121,448846968
1757662121,462738696
1757662121,474781384
1757662121,491825304
1757662121,524172968
1757662121,551377256
1757662121,557847192
1757662121,569871624
1757662121,578582936
1757662121,584959112
1757662121,590153464
1757662121,625777272
1757662121,631259720
1757662121,667489992
1757662121,680455352
1757662121,686137400
1757662121,689448040
1757662121,691751224
1757662121,716355032
1757662121,719466152
1757662121,726288408
1757662121,739468232
1757662121,748710136
1757662121,751465624
1757662121,771405224
1757662121,777475224
1757662121,796135576
1757662121,812840984
1757662121,817219368
1757662121,828025688
1757662121,838335176
1757662121,850392280
1757662121,876172936
1757662121,884799352
1757662121,896173176
1757662121,907594072
1757662121,911836920
1757662121,919909016
1757662121,933617464
1757662121,972679144
1757662121,984030008
1757662121,996617800
1757662122,11505096
1757662122,65684712
1757662122,72806760
1757662122,93924424
1757662122,97971464
1757662122,103323896
1757662122,117332520
1757662122,131825576
1757662122,136279048
1757662122,137455880
1757662122,146264760
1757662122,170170488
1757662122,209268344
1757662122,213237160
1757662122,217454200
1757662122,230631976
1757662122,254337032
1757662122,273162232
1757662122,287899848
1757662122,325900840
1757662122,355634456
1757662122,368016280
1757662122,396478840
1757662122,405342376
1757662122,421180376
1757662122,433850680
1757662122,445325992
1757662122,453447944
1757662122,472382328
1757662122,493187528
1757662122,512496552
1757662122,548691576
1757662122,556390488
1757662122,566117912
1757662122,570967208
1757662122,601636072
1757662122,617164472
1757662122,619725064
1757662122,622306360
1757662122,629970904
1757662122,632502136
1757662122,658646312
1757662122,669633608
1757662122,673611144
1757662122,702128264
1757662122,726813016
1757662122,728283496
1757662122,752368040
1757662122,757322408
1757662122,778712680
1757662122,801513048
1757662122,831850392
1757662122,834381352
1757662122,841339592
1757662122,844867464
1757662122,888141784
1757662122,915476568
1757662122,925680744
1757662122,926997704
1757662122,958444024
1757662122,968026872
1757662122,981982584
1757662122,986303240
1757662122,990580440
1757662122,994623448
1757662122,997573256
1757662123,5609528
1757662123,7291112
1757662123,9708936
1757662123,19918120
1757662123,26085896
1757662123,49915096
1757662123,52323112
1757662123,54905064
1757662123,76880456
1757662123,154645912
1757662123,169039992
1757662123,174889704
1757662123,235109736
1757662123,269737336
1757662123,285446504
1757662123,296834360
1757662123,329704696
1757662123,331403272
1757662123,347472040
1757662123,362306520
1757662123,365866056
1757662123,367222216
1757662123,393078536
1757662123,424393448
1757662123,436834312
1757662123,437897384
1757662123,447178136
1757662123,452690840
1757662123,476416136
1757662123,489137144
1757662123,494642712
1757662123,576276968
1757662123,583004152
1757662123,597793992
1757662123,599948264
1757662123,605529384
1757662123,617118216
1757662123,633792632
1757662123,649753848
1757662123,667137480
1757662123,671568856
1757662123,702563416
1757662123,715162824
1757662123,723282376
1757662123,725993512
1757662123,743666264
1757662123,762304376
1757662123,766412968
1757662123,770790568
1757662123,794218376
1757662123,811134904
1757662123,817105608
1757662123,825517352
1757662123,832839912
1757662123,840109288
1757662123,858231384
1757662123,862478856
1757662123,876655464
1757662123,883302840
1757662123,884668264
1757662123,900808408
1757662123,917293432
1757662123,936262088
1757662123,938513448
1757662123,951075448
1757662123,985110776
1757662123,989003160
1757662123,991671560
1757662123,998981080
1757662124,2684888
1757662124,29651496
1757662124,49809176
1757662124,101422648
1757662124,124597304
1757662124,132044232
1757662124,143458136
1757662124,188155592
1757662124,202396632
1757662124,215303800
1757662124,270967736
1757662124,285073480
1757662124,327240872
1757662124,341212344
1757662124,367048280
1757662124,388241208
1757662124,393619128
1757662124,404814328
1757662124,411265528
1757662124,414954184
1757662124,423058200
1757662124,435390024
1757662124,437432136
1757662124,445148360
1757662124,446608712
1757662124,449247864
1757662124,451348776
1757662124,460755032
1757662124,467742136
1757662124,515518840
1757662124,525279304
1757662124,554158792
1757662124,564416200
1757662124,581652232
1757662124,585005544
1757662124,593650248
1757662124,610759928
1757662124,614759032
1757662124,627783928
1757662124,642997912
1757662124,655997368
1757662124,658428232
1757662124,694567064
1757662124,700248632
1757662124,716341944
1757662124,720312088
1757662124,732280552
1757662124,741602712
1757662124,749336632
1757662124,750736408
1757662124,760398104
1757662124,762394264
1757662124,782874904
1757662124,806557496
1757662124,810209752
1757662124,812843496
1757662124,818908984
1757662124,847794328
1757662124,849713768
1757662124,863101848
1757662124,907197112
1757662124,912443144
1757662124,919559560
1757662124,922925400
1757662124,928118440
1757662124,929748808
1757662124,939965224
1757662124,951252392
1757662124,953077768
1757662124,958174184
1757662124,962166008
1757662124,968212840
1757662124,987914072
1757662124,990098168
1757662124,991431400
1757662125,19368088
1757662125,27481816
1757662125,42774056
1757662125,53270520
1757662125,66495496
1757662125,69672696
1757662125,71159816
1757662125,77439672
1757662125,118883208
1757662125,169477112
1757662125,194766776
1757662125,199805000
1757662125,202743304
1757662125,208621800
1757662125,219028184
1757662125,237402216
1757662125,260425912
1757662125,263562680
1757662125,274385640
1757662125,305120664
1757662125,316976776
1757662125,333068152
1757662125,342271960
1757662125,355662680
1757662125,357875800
1757662125,410217784
1757662125,417250264
1757662125,479957352
1757662125,483475976
1757662125,505416952
1757662125,531960568
1757662125,544094760
1757662125,548420184
1757662125,556634152
1757662125,560262360
1757662125,572455512
1757662125,601191416
1757662125,602290584
1757662125,646842440
1757662125,651442536
1757662125,665463672
1757662125,721733368
1757662125,741999624
1757662125,746172712
1757662125,760590728
1757662125,779920856
1757662125,783119624
1757662125,798668008
1757662125,807349144
1757662125,822471496
1757662125,860156136
1757662125,872609144
1757662125,898936376
1757662125,906022120
1757662125,917858920
1757662125,928943832
1757662125,932790728
1757662125,938318072
1757662125,945999640
1757662125,951651064
1757662125,966343496
1757662125,995709752
1757662126,1996280
1757662126,8483480
1757662126,10836936
1757662126,88714776
1757662126,114378216
1757662126,142970536
1757662126,151803784
1757662126,171386136
1757662126,195791720
1757662126,218954504
1757662126,223854824
1757662126,230457432
1757662126,240875144
1757662126,277539176
1757662126,287159128
1757662126,311536232
1757662126,330076184
1757662126,341150456
1757662126,412273016
1757662126,427357928
1757662126,431666808
1757662126,439208728
1757662126,443320200
1757662126,444623816
1757662126,472083304
1757662126,485393672
1757662126,526573976
1757662126,545123640
1757662126,547636872
1757662126,556537848
1757662126,559186632
1757662126,568079704
1757662126,587656632
1757662126,592923896
1757662126,595923224
1757662126,598688440
1757662126,643502216
1757662126,645907400
1757662126,655621608
1757662126,679666248
1757662126,697737448
1757662126,708004056
1757662126,712432040
1757662126,732156664
1757662126,733894216
1757662126,749926632
1757662126,752589192
1757662126,763593496
1757662126,781441992
1757662126,792369128
1757662126,799118984
1757662126,803597112
1757662126,808658088
1757662126,842758632
1757662126,860246760
1757662126,918459320
1757662126,944509832
1757662126,958693960
1757662126,960606264
1757662126,984372840
1757662127,12029128
1757662127,26283480
1757662127,49367880
1757662127,53142536
1757662127,80000648
1757662127,84379416
1757662127,87098152
1757662127,100115368
1757662127,118309256
1757662127,135401080
1757662127,149512088
1757662127,166880072
1757662127,170243720
1757662127,196001544
1757662127,201228136
1757662127,220165960
1757662127,261875304
1757662127,273872904
1757662127,293027688
1757662127,311966104
1757662127,318904472
1757662127,327923768
1757662127,360180232
1757662127,365456008
1757662127,369230552
1757662127,393381672
1757662127,397343864
1757662127,412316296
1757662127,428468200
1757662127,458006088
1757662127,492764888
1757662127,496262872
1757662127,520388008
1757662127,533594808
1757662127,540064760
1757662127,562997400
1757662127,579498408
1757662127,582008568
1757662127,600168168
1757662127,605287560
1757662127,619999496
1757662127,630475208
1757662127,633885944
1757662127,643900424
1757662127,657510248
1757662127,685765048
1757662127,697405448
1757662127,708350312
1757662127,726343864
1757662127,731944904
1757662127,738195576
1757662127,741945352
1757662127,767967288
1757662127,779917976
1757662127,782714664
1757662127,784788456
1757662127,813012632
1757662127,819595000
1757662127,844482376
1757662127,863034120
1757662127,870980328
1757662127,886281368
1757662127,908338760
1757662127,934372120
1757662127,945587784
1757662127,992145048
1757662128,3856232
1757662128,7447432
1757662128,14091816
1757662128,67603464
1757662128,74388280
1757662128,82712632
1757662128,118044072
1757662128,129253560
1757662128,157001256
1757662128,191605128
1757662128,203460024
1757662128,214199176
1757662128,235501720
1757662128,237224200
1757662128,293951048
1757662128,307025000
1757662128,326453896
1757662128,349404424
1757662128,375731816
1757662128,381216040
1757662128,407455592
1757662128,415665416
1757662128,434099352
1757662128,449996440
1757662128,456152072
1757662128,459482856
1757662128,468253320
1757662128,472208568
1757662128,478010616
1757662128,490871400
1757662128,513978904
1757662128,531532680
1757662128,543749496
1757662128,571263560
1757662128,574194968
1757662128,594097416
1757662128,612662088
1757662128,634174984
1757662128,642670552
1757662128,652924040
1757662128,661093720
1757662128,674144120
1757662128,694867384
1757662128,711571336
1757662128,731045768
1757662128,754472872
1757662128,762304440
1757662128,771073352
1757662128,794422424
1757662128,804885288
1757662128,816334328
1757662128,824518888
1757662128,830243880
1757662128,832077944
1757662128,836628008
1757662128,882309304
1757662128,889618984
1757662128,895834504
1757662128,943578904
1757662128,948566920
1757662128,956881832
1757662128,976527272
1757662128,997749352
1757662129,47369960
1757662129,59820600
1757662129,94142264
1757662129,103459752
1757662129,121293384
1757662129,128521784
1757662129,136716952
1757662129,164397560
1757662129,184532392
1757662129,203511512
1757662129,212421848
1757662129,271727192
1757662129,275123560
1757662129,276688328
1757662129,281251896
1757662129,288364760
1757662129,329206072
1757662129,340256360
1757662129,349890968
1757662129,361258936
1757662129,367367192
1757662129,371795160
1757662129,387085112
1757662129,396213048
1757662129,430477384
1757662129,454715016
1757662129,463248200
1757662129,474633416
1757662129,477018952
1757662129,489784232
1757662129,506949064
1757662129,525691160
1757662129,529023256
1757662129,530657384
1757662129,538977256
1757662129,556260824
1757662129,570665480
1757662129,574029992
1757662129,604452088
1757662129,628646184
1757662129,643082536
1757662129,646263544
1757662129,659554104
1757662129,666774216
1757662129,673350184
1757662129,681117640
1757662129,684516648
1757662129,699923704
1757662129,704242616
1757662129,716351000
1757662129,726108376
1757662129,730358488
1757662129,748376920
1757662129,797098600
1757662129,809030264
1757662129,820637256
1757662129,830056936
1757662129,860925656
1757662129,882414760
1757662129,923711080
1757662129,930212824
1757662129,937719528
1757662129,941662920
1757662129,976370776
1757662130,24898504
1757662130,31333896
1757662130,56032888
1757662130,98650152
1757662130,102739912
1757662130,194134840
1757662130,201604840
1757662130,208512408
1757662130,252948536
1757662130,304305336
1757662130,310838568
1757662130,342272312
1757662130,343389736
1757662130,350280184
1757662130,369924664
1757662130,373566472
1757662130,400635336
1757662130,404699000
1757662130,408644552
1757662130,450030360
1757662130,470655208
1757662130,505317176
1757662130,516076888
1757662130,517184168
1757662130,527067816
1757662130,539344584
1757662130,541493976
1757662130,582584408
1757662130,596651800
1757662130,598303592
1757662130,607863448
1757662130,621971016
1757662130,635739896
1757662130,637557752
1757662130,671409224
1757662130,692109368
1757662130,695557352
1757662130,720104888
1757662130,767465528
1757662130,827967960
1757662130,836770504
1757662130,850442168
1757662130,853260488
1757662130,856630568
1757662130,892176344
1757662130,920982536
1757662130,946158712
1757662130,953794120
1757662130,979612968
1757662130,993200728
1757662131,18429640
1757662131,40807496
1757662131,52396232
1757662131,54329960
1757662131,64106872
1757662131,106220296
1757662131,203195048
1757662131,204758056
1757662131,256408744
1757662131,260585000
1757662131,265002296
1757662131,267246328
1757662131,269412136
1757662131,306284072
1757662131,318077624
1757662131,321072728
1757662131,357456648
1757662131,405141384
1757662131,410658296
1757662131,421884616
1757662131,434183672
1757662131,470877528
1757662131,481557944
1757662131,488828344
1757662131,496437560
1757662131,508152712
1757662131,516737816
1757662131,529293784
1757662131,543438472
1757662131,545851800
1757662131,603310440
1757662131,611279672
1757662131,635014024
1757662131,636500008
1757662131,663854520
1757662131,679838584
1757662131,704016792
1757662131,733273960
1757662131,739735944
1757662131,771614312
1757662131,791545784
1757662131,800891272
1757662131,826536520
1757662131,827876424
1757662131,833627304
1757662131,880893592
1757662131,901842056
1757662131,909691272
1757662131,911337384
1757662131,948083336
1757662131,953657464
1757662131,966919784
1757662131,969992680
1757662132,8904376
1757662132,19738056
1757662132,26681448
1757662132,28735368
1757662132,52313688
1757662132,70268184
1757662132,85936200
1757662132,100602712
1757662132,131103704
1757662132,137657880
1757662132,151088712
1757662132,152273336
1757662132,158274104
1757662132,165689896
1757662132,173090504
1757662132,186568024
1757662132,200101160
1757662132,213149032
1757662132,266042808
1757662132,272789624
1757662132,279851112
1757662132,326927320
1757662132,332898152
1757662132,334472920
1757662132,365567752
1757662132,389856504
1757662132,394333208
1757662132,429421688
1757662132,441481784
1757662132,446375640
1757662132,455053592
1757662132,476481320
1757662132,479880408
1757662132,484527864
1757662132,493689720
1757662132,498750776
1757662132,519757240
1757662132,546451224
1757662132,563956104
1757662132,579919608
1757662132,582503224
1757662132,622754904
1757662132,626486440
1757662132,632092216
1757662132,638762216
1757662132,644821288
1757662132,693799336
1757662132,708367528
1757662132,715448824
1757662132,734676488
1757662132,786762072
1757662132,788130168
1757662132,795487448
1757662132,804230232
1757662132,873493688
1757662132,886221272
1757662132,934489656
1757662132,953915848
1757662132,955183368
1757662132,965548328
1757662132,969814616
1757662132,984768104
1757662133,1603576
1757662133,6745416
1757662133,14816536
1757662133,70140920
1757662133,72604296
1757662133,74213976
1757662133,90870872
1757662133,93889240
1757662133,103962104
1757662133,108125352
1757662133,110548296
1757662133,118490840
1757662133,122729176
1757662133,137153400
1757662133,142280952
1757662133,145406920
1757662133,166576088
1757662133,173265320
1757662133,183024600
1757662133,189972792
1757662133,198814328
1757662133,200390616
1757662133,220117560
1757662133,235583736
1757662133,241329064
1757662133,248479880
1757662133,249696072
1757662133,307430488
1757662133,315275320
1757662133,324034008
1757662133,326504456
1757662133,354203224
1757662133,359004136
1757662133,387713416
1757662133,392161496
1757662133,416935896
1757662133,455339544
1757662133,461433240
1757662133,501803208
1757662133,511631976
1757662133,539048008
1757662133,559957336
1757662133,571627352
1757662133,592456696
1757662133,621236696
1757662133,648413640
1757662133,682498680
1757662133,689323032
1757662133,691943240
1757662133,722931000
1757662133,728054360
1757662133,759544136
1757662133,774201880
1757662133,799096216
1757662133,805303192
1757662133,846238056
1757662133,851825336
1757662133,915617880
1757662133,921342872
1757662133,922937912
1757662133,950912296
1757662133,955973032
1757662133,960256616
1757662133,971288552
1757662133,982520024
1757662133,988443192
1757662133,991521864
1757662134,822232
1757662134,32710600
1757662134,44740664
1757662134,55113128
1757662134,64867032
1757662134,68365064
1757662134,82028680
1757662134,86261976
1757662134,90601432
1757662134,93325368
1757662134,96161064
1757662134,129175048
1757662134,146395320
1757662134,152906632
1757662134,155129144
1757662134,162836968
1757662134,164395080
1757662134,216372232
1757662134,232826680
1757662134,238459960
1757662134,248555224
1757662134,258116136
1757662134,272608360
1757662134,295985256
1757662134,299634552
1757662134,325776840
1757662134,341279928
1757662134,362795480
1757662134,371002648
1757662134,389864088
1757662134,419892744
1757662134,443284024
1757662134,444630488
1757662134,454060296
1757662134,462353512
1757662134,464896024
1757662134,467062344
1757662134,475150568
1757662134,476944248
1757662134,478409432
1757662134,493911432
1757662134,500434712
1757662134,505857624
1757662134,507779720
1757662134,524476744
1757662134,556338136
1757662134,561589816
1757662134,579205768
1757662134,601334792
1757662134,627971416
1757662134,638943528
1757662134,643195576
1757662134,681257496
1757662134,684747256
1757662134,693911432
1757662134,696692088
1757662134,701831256
1757662134,735105816
1757662134,739432456
1757662134,741357992
1757662134,775489848
1757662134,809118488
1757662134,823736392
1757662134,842171272
1757662134,863666440
1757662134,872196296
1757662134,885838808
1757662134,892870680
1757662134,905017048
1757662134,918625720
1757662134,922353528
1757662134,962065064
1757662134,995239336
1757662134,998215800
1757662135,1514360
1757662135,12190072
1757662135,18898056
1757662135,36596344
1757662135,57859512
1757662135,94895032
1757662135,99937992
1757662135,101696488
1757662135,114424424
1757662135,116182136
1757662135,144324200
1757662135,153996376
1757662135,189739112
1757662135,191767624
1757662135,203887400
1757662135,237710424
1757662135,251830360
1757662135,263757960
1757662135,272503448
1757662135,275048392
1757662135,278805144
1757662135,295343800
1757662135,326046632
1757662135,359904536
1757662135,366772232
1757662135,370075160
1757662135,402212328
1757662135,433570600
1757662135,461878664
1757662135,465008360
1757662135,479987896
1757662135,494376728
1757662135,498600472
1757662135,501767976
1757662135,508148088
1757662135,512402680
1757662135,516169176
1757662135,548942248
1757662135,550131048
1757662135,567302488
1757662135,577435288
1757662135,586278328
1757662135,589686632
1757662135,610095656
1757662135,629138776
1757662135,646310504
1757662135,652546008
1757662135,691179992
1757662135,719863048
1757662135,726083592
1757662135,729654280
1757662135,740841448
1757662135,762122376
1757662135,779351704
1757662135,804954216
1757662135,806600632
1757662135,816917304
1757662135,827363704
1757662135,828652872
1757662135,839183704
1757662135,852084088
1757662135,853115624
1757662135,859693576
1757662135,888175624
1757662135,890820984
1757662135,904187384
1757662135,918044776
1757662135,930606264
1757662135,947632280
1757662135,950225992
1757662135,951715560
1757662135,998092456
1757662136,10725656
1757662136,26601288
1757662136,56145960
1757662136,58554968
1757662136,59859192
1757662136,88422072
1757662136,99737832
1757662136,108023352
1757662136,111087544
1757662136,152569208
1757662136,200732104
1757662136,263676712
1757662136,282896488
1757662136,288895944
1757662136,295112504
1757662136,310821400
1757662136,315598232
1757662136,339787896
1757662136,350911656
1757662136,357959400
1757662136,360772424
1757662136,383604296
1757662136,386819960
1757662136,418517336
1757662136,470366552
1757662136,475017912
1757662136,503961928
1757662136,507704504
1757662136,536990664
1757662136,545786088
1757662136,559352568
1757662136,579964664
1757662136,586027128
1757662136,591752968
1757662136,594206616
1757662136,597152888
1757662136,610082984
1757662136,624468312
1757662136,641608600
1757662136,663414952
1757662136,670550072
1757662136,673685640
1757662136,686719256
1757662136,692221288
1757662136,707264456
1757662136,713737304
1757662136,736040824
1757662136,772145960
1757662136,780517032
1757662136,787844408
1757662136,794164040
1757662136,795977640
1757662136,803866360
1757662136,815550600
1757662136,819282584
1757662136,825095464
1757662136,827843640
1757662136,830532040
1757662136,832261608
1757662136,842483928
1757662136,843976904
1757662136,850766232
1757662136,860315832
1757662136,865791384
1757662136,883322744
1757662136,899317688
1757662136,910863368
1757662136,939307208
1757662136,965522168
1757662136,970389304
1757662136,991011944
1757662136,994300136
1757662136,998360520
1757662137,9360904
1757662137,19735896
1757662137,46728184
1757662137,58216120
1757662137,64241336
1757662137,73053304
1757662137,102376312
1757662137,108326280
1757662137,163352648
1757662137,207753688
1757662137,213399048
1757662137,223812792
1757662137,227954952
1757662137,249627544
1757662137,252797464
1757662137,267804952
1757662137,274219304
1757662137,285069160
1757662137,304137688
1757662137,322810680
1757662137,345953272
1757662137,356173304
1757662137,369646920
1757662137,383480344
1757662137,404226936
1757662137,406369816
1757662137,435033672
1757662137,439379272
1757662137,447685704
1757662137,476410728
1757662137,482453016
1757662137,506271512
1757662137,521212328
1757662137,541269128
1757662137,545972552
1757662137,562172456
1757662137,578690360
1757662137,581357400
1757662137,641110696
1757662137,644083272
1757662137,663735608
1757662137,674992264
1757662137,686070024
1757662137,689677752
1757662137,690763384
1757662137,727985032
1757662137,745883528
1757662137,778630408
1757662137,799503704
1757662137,816473496
1757662137,846307560
1757662137,862485672
1757662137,893511592
1757662137,902510696
1757662137,907745464
1757662137,913333256
1757662137,932402616
1757662137,966779544
1757662138,2092792
1757662138,16742536
1757662138,18779016
1757662138,24729112
1757662138,34938408
1757662138,50114968
1757662138,63645448
1757662138,68882792
1757662138,70450440
1757662138,85101880
1757662138,87976872
1757662138,96687256
1757662138,114208344
1757662138,135356664
1757662138,140921816
1757662138,180627352
1757662138,199701832
1757662138,230551208
1757662138,238535256
1757662138,241796504
1757662138,257705000
1757662138,273054392
1757662138,290404008
1757662138,311544136
1757662138,314673992
1757662138,331967624
1757662138,339847720
1757662138,374811288
1757662138,376355432
1757662138,390944904
1757662138,394954936
1757662138,406279336
1757662138,416032744
1757662138,430483736
1757662138,433652776
1757662138,439015480
1757662138,449469624
1757662138,454329528
1757662138,471899896
1757662138,476688296
1757662138,499559512
1757662138,523564760
1757662138,527416248
1757662138,541431320
1757662138,561475384
1757662138,568457496
1757662138,605038968
1757662138,618679144
1757662138,621720504
1757662138,624506920
1757662138,640405704
1757662138,642846712
1757662138,659595384
1757662138,664309192
1757662138,669595736
1757662138,693555992
1757662138,702013672
1757662138,710491960
1757662138,719358168
1757662138,737044648
1757662138,766680088
1757662138,769699784
1757662138,776708296
1757662138,787387112
1757662138,792593320
1757662138,797734728
1757662138,806304392
1757662138,811492696
1757662138,824841944
1757662138,827193480
1757662138,832984712
1757662138,837306472
1757662138,843127816
1757662138,859513848
1757662138,870077592
1757662138,905341416
1757662138,914135688
1757662138,939675768
1757662138,962419672
1757662138,968687192
1757662138,971433176
1757662138,991760760
1757662139,23083544
1757662139,28515608
1757662139,33240344
1757662139,36801336
1757662139,79447864
1757662139,89369032
1757662139,92069432
1757662139,108144616
1757662139,113804584
1757662139,128683880
1757662139,179130792
1757662139,182760904
1757662139,202150984
1757662139,209489864
1757662139,245140136
1757662139,302897032
1757662139,316475096
1757662139,321127528
1757662139,353856360
1757662139,356552744
1757662139,387819128
1757662139,405694232
1757662139,408843656
1757662139,452484008
1757662139,459110504
1757662139,523741672
1757662139,575770648
1757662139,597286632
1757662139,606563176
1757662139,632710600
1757662139,640147864
1757662139,656172968
1757662139,682723656
1757662139,703302616
1757662139,728865336
1757662139,752320712
1757662139,758812952
1757662139,762108808
1757662139,766323384
1757662139,781445880
1757662139,793637704
1757662139,796806488
1757662139,806777560
1757662139,809074072
1757662139,834338040
1757662139,864059416
1757662139,894118920
1757662139,908289256
1757662139,930141912
1757662139,963285256
1757662139,967219400
1757662140,2492952
1757662140,10464040
1757662140,34215432
1757662140,47336232
1757662140,70701896
1757662140,73641656
1757662140,85741640
1757662140,93693992
1757662140,98811224
1757662140,117286552
1757662140,132595688
1757662140,174479032
1757662140,181678376
1757662140,185157640
1757662140,193040552
1757662140,215779240
1757662140,221402504
1757662140,231976136
1757662140,278451832
1757662140,286648488
1757662140,302579080
1757662140,306801976
1757662140,308477608
1757662140,330692024
1757662140,369477768
1757662140,394054744
1757662140,396517880
1757662140,414610440
1757662140,452131928
1757662140,455297640
1757662140,468932776
1757662140,472086648
1757662140,476669528
1757662140,478900248
1757662140,488643688
1757662140,504342536
1757662140,530516968
1757662140,553988696
1757662140,562672440
1757662140,564293336
1757662140,573482376
1757662140,586793416
1757662140,597617096
1757662140,601745160
1757662140,635083048
1757662140,654610968
1757662140,669797864
1757662140,687521896
1757662140,700848264
1757662140,708692312
1757662140,715411512
1757662140,719035608
1757662140,728355784
1757662140,729890504
1757662140,735667304
1757662140,806406056
1757662140,844087416
1757662140,848968936
1757662140,864102904
1757662140,875924440
1757662140,881872024
1757662140,907365608
1757662140,910108248
1757662140,918893608
1757662140,930687928
1757662140,978308472
1757662140,994391448
1757662141,12247560
1757662141,39247400
1757662141,40861176
1757662141,45781976
1757662141,51148024
1757662141,100475384
1757662141,163032520
1757662141,179842776
1757662141,185755720
1757662141,187008872
1757662141,210507304
1757662141,261412056
1757662141,266969672
1757662141,280687768
1757662141,291550280
1757662141,295044376
1757662141,301787752
1757662141,315039832
1757662141,383987400
1757662141,398245592
1757662141,400513880
1757662141,430124152
1757662141,457257384
1757662141,488846792
1757662141,490807272
1757662141,495267752
1757662141,505392152
1757662141,509360168
1757662141,517442024
1757662141,521071928
1757662141,524279240
1757662141,530728440
1757662141,534044904
1757662141,550100696
1757662141,555249512
1757662141,590876152
1757662141,593001336
1757662141,622590024
1757662141,635714312
1757662141,637623176
1757662141,659707048
1757662141,672328296
1757662141,687564264
1757662141,693485608
1757662141,741469816
1757662141,768515592
1757662141,795635816
1757662141,802234936
1757662141,813943752
1757662141,823314728
1757662141,829762200
1757662141,831108552
1757662141,843800904
1757662141,859910040
1757662141,885629432
1757662141,895188600
1757662141,903215176
1757662141,927811800
1757662141,943029208
1757662141,952817080
1757662141,961060888
1757662141,963588328
1757662141,966218312
1757662141,968149384
1757662141,995073704
1757662141,999565944
1757662142,9550184
1757662142,15817592
1757662142,19124648
1757662142,31215784
1757662142,45465608
1757662142,81210568
1757662142,87204840
1757662142,125159784
1757662142,147529576
1757662142,148692600
1757662142,190631032
1757662142,192825192
1757662142,194685112
1757662142,233635304
1757662142,243541800
1757662142,249132008
1757662142,257831448
1757662142,271982536
1757662142,276051192
1757662142,277599336
1757662142,287474360
1757662142,290949448
1757662142,294812920
1757662142,302270888
1757662142,332153480
1757662142,351018232
1757662142,353787016
1757662142,357375560
1757662142,361417576
1757662142,370444808
1757662142,372659592
1757662142,417367368
1757662142,475396328
1757662142,479926024
1757662142,494253832
1757662142,530220968
1757662142,546411096
1757662142,578358376
1757662142,581655656
1757662142,597271576
1757662142,630656904
1757662142,651621544
1757662142,654969848
1757662142,674677912
1757662142,679605896
1757662142,685012760
1757662142,696401192
1757662142,701943096
1757662142,719494072
1757662142,761155752
1757662142,789012568
1757662142,816386520
1757662142,832305224
1757662142,833978408
1757662142,839204712
1757662142,846448296
1757662142,864991528
1757662142,881497016
1757662142,884787416
1757662142,891463384
1757662142,895298360
1757662142,909701832
1757662142,939809448
1757662142,964168264
1757662142,965630968
1757662142,972462232
1757662142,977088760
1757662143,13711720
1757662143,33693432
1757662143,42189608
1757662143,43291288
1757662143,51488344
1757662143,59043256
1757662143,66325288
1757662143,80088008
1757662143,88373256
1757662143,91479608
1757662143,99803640
1757662143,109663384
1757662143,122861816
1757662143,126911240
1757662143,136822504
1757662143,142603448
1757662143,153734872
1757662143,163814328
1757662143,168907432
1757662143,171575512
1757662143,192687032
1757662143,196879448
1757662143,238002840
1757662143,279192856
1757662143,284863640
1757662143,293452856
1757662143,296234008
1757662143,306227528
1757662143,314500600
1757662143,317026344
1757662143,321251176
1757662143,327176216
1757662143,360186616
1757662143,376885160
1757662143,400521192
1757662143,432141688
1757662143,436597880
1757662143,448395944
1757662143,461930616
1757662143,481721848
1757662143,484243288
1757662143,489726552
1757662143,512773736
1757662143,515090200
1757662143,532165080
1757662143,549351736
1757662143,564590232
1757662143,567951768
1757662143,575433256
1757662143,611209992
1757662143,624786440
1757662143,628022248
1757662143,631017592
1757662143,647732536
1757662143,651246728
1757662143,657915720
1757662143,666527304
1757662143,715702552
1757662143,731573400
1757662143,755691608
1757662143,789444600
1757662143,799193272
1757662143,803124664
1757662143,807155880
1757662143,816664840
1757662143,834295496
1757662143,872277752
1757662143,876120408
1757662143,878820632
1757662143,892418072
1757662143,906086104
1757662143,936580456
1757662143,959426600
1757662143,962831496
1757662143,970533800
1757662143,984067736
1757662143,995361288
1757662144,28710808
1757662144,35503608
1757662144,46660984
1757662144,81364664
1757662144,83174936
1757662144,117716648
1757662144,144816152
1757662144,167420824
1757662144,179961672
1757662144,213400856
1757662144,234198776
1757662144,237170536
1757662144,238948840
1757662144,258123656
1757662144,264068968
1757662144,265511496
1757662144,268810856
1757662144,301854360
1757662144,310450904
1757662144,337905432
1757662144,339253256
1757662144,347631080
1757662144,357006152
1757662144,367684712
1757662144,376358760
1757662144,387534056
1757662144,409353496
1757662144,443656568
1757662144,463300600
1757662144,487251640
1757662144,499108824
1757662144,524707608
1757662144,527924632
1757662144,530787272
1757662144,535917800
1757662144,538784024
1757662144,541328312
1757662144,556238440
1757662144,559023512
1757662144,567648440
1757662144,588210440
1757662144,592808152
1757662144,607454584
1757662144,636057720
1757662144,637663304
1757662144,652212216
1757662144,659553208
1757662144,662733800
1757662144,728125704
1757662144,730602248
1757662144,734077064
1757662144,736549768
1757662144,770863800
1757662144,790954056
1757662144,793493512
1757662144,817435144
1757662144,819909624
1757662144,841628120
1757662144,885913560
1757662144,906852920
1757662144,926776008
1757662144,937730360
1757662144,987594856
1757662144,997707992
1757662145,28092344
1757662145,44210712
1757662145,101795912
1757662145,175858936
1757662145,185759016
1757662145,196785688
1757662145,239040984
1757662145,273063544
1757662145,294193560
1757662145,327799704
1757662145,332019544
1757662145,340867240
1757662145,344312712
1757662145,346746472
1757662145,361461160
1757662145,370643880
1757662145,385285448
1757662145,394562088
1757662145,410048312
1757662145,429698472
1757662145,431451768
1757662145,454402040
1757662145,460572568
1757662145,466576376
1757662145,480049384
1757662145,489083624
1757662145,492663608
1757662145,534505096
1757662145,547096280
1757662145,572028776
1757662145,582070968
1757662145,586358664
1757662145,610724504
1757662145,630372008
1757662145,702883976
1757662145,752427176
1757662145,757734056
1757662145,791758296
1757662145,794786520
1757662145,806576328
1757662145,812396488
1757662145,822428568
1757662145,849410712
1757662145,854729416
1757662145,867147928
1757662145,909498648
1757662145,914747496
1757662145,925907128
1757662145,935541704
1757662145,937008904
1757662145,939713816
1757662145,945843048
1757662145,958231192
1757662145,966417800
1757662145,984205384
1757662145,991661160
1757662145,994119128
1757662146,4309560
1757662146,8110840
1757662146,18420920
1757662146,31067016
1757662146,33583576
1757662146,36634504
1757662146,49253976
1757662146,68765048
1757662146,70757688
1757662146,131330408
1757662146,171115304
1757662146,177348040
1757662146,212834520
1757662146,245338408
1757662146,294342696
1757662146,325947064
1757662146,329563800
1757662146,350048616
1757662146,373746120
1757662146,375893064
1757662146,407342568
1757662146,422674824
1757662146,429086392
1757662146,451967752
1757662146,461520888
1757662146,465638120
1757662146,504023688
1757662146,507777000
1757662146,510614824
1757662146,516887256
1757662146,531517208
1757662146,534717672
1757662146,555569800
1757662146,566731528
1757662146,638032824
1757662146,668400792
1757662146,699094968
1757662146,719462424
1757662146,722685800
1757662146,742716216
1757662146,772730024
1757662146,774810216
1757662146,778013256
1757662146,781689416
1757662146,806015400
1757662146,809522520
1757662146,812347272
1757662146,842533432
1757662146,874719992
1757662146,888040776
1757662146,898980552
1757662146,902245624
1757662146,914102552
1757662146,937580152
1757662146,948601544
1757662146,956328936
1757662146,977857336
1757662146,983010392
1757662146,992779480
1757662147,9540488
1757662147,16222680
1757662147,17280408
1757662147,37482440
1757662147,41695656
1757662147,43548408
1757662147,78881272
1757662147,98989240
1757662147,104206840
1757662147,108000888
1757662147,109493672
1757662147,111174088
1757662147,140079912
1757662147,142289032
1757662147,166077912
1757662147,200833032
1757662147,206283208
1757662147,212566856
1757662147,220249976
1757662147,263639880
1757662147,273778328
1757662147,295470232
1757662147,300124392
1757662147,326752696
1757662147,345449528
1757662147,365727928
1757662147,373069720
1757662147,375316136
1757662147,400322776
1757662147,404540248
1757662147,420952152
1757662147,443119528
1757662147,457748888
1757662147,463866024
1757662147,478605160
1757662147,486590664
1757662147,493996296
1757662147,502244168
1757662147,506477304
1757662147,538049896
1757662147,574045512
1757662147,576689080
1757662147,597287000
1757662147,600792456
1757662147,604900088
1757662147,630683272
1757662147,637657672
1757662147,644698936
1757662147,685321320
1757662147,694383608
1757662147,697265096
1757662147,714286088
1757662147,718811656
1757662147,724970568
1757662147,746297784
1757662147,792602216
1757662147,804552856
1757662147,817175096
1757662147,818952008
1757662147,845694856
1757662147,856488632
1757662147,857945976
1757662147,867894200
1757662147,871359432
1757662147,900732248
1757662147,904397576
1757662147,914747928
1757662147,932173464
1757662147,975968440
1757662147,989858648
1757662148,14596600
1757662148,41608920
1757662148,49436936
1757662148,56446056
1757662148,68939368
1757662148,76666152
1757662148,82213272
1757662148,84336840
1757662148,127191800
1757662148,148275032
1757662148,153384200
1757662148,197286360
1757662148,208336344
1757662148,212391144
1757662148,214580984
1757662148,218318408
1757662148,227908808
1757662148,248479224
1757662148,263270632
1757662148,267307128
1757662148,269799272
1757662148,271486552
1757662148,276613928
1757662148,281321304
1757662148,305697144
1757662148,316596200
1757662148,320770696
1757662148,328902520
1757662148,366551560
1757662148,383353448
1757662148,427677800
1757662148,457955992
1757662148,467875768
1757662148,493790872
1757662148,529712664
1757662148,545604552
1757662148,567589544
1757662148,571296936
1757662148,583354392
1757662148,598306056
1757662148,617933096
1757662148,619357832
1757662148,623319816
1757662148,631242216
1757662148,664277688
1757662148,666729816
1757662148,682832808
1757662148,684556824
1757662148,694333912
1757662148,704928088
1757662148,710723768
1757662148,725610120
1757662148,731413304
1757662148,758965800
1757662148,760178600
1757662148,768381880
1757662148,771383432
1757662148,777106600
1757662148,785404136
1757662148,796443112
1757662148,810742168
1757662148,812265928
1757662148,816206632
1757662148,818275704
1757662148,839497240
1757662148,842784616
1757662148,849711000
1757662148,853581416
1757662148,857678904
1757662148,861292104
1757662148,864217736
1757662148,868953832
1757662148,874943448
1757662148,904615272
1757662148,917907192
1757662148,926951704
1757662148,937236824
1757662148,955229208
1757662148,982272440
1757662149,9495736
1757662149,26038968
1757662149,29934104
1757662149,41264344
1757662149,46851752
1757662149,52983128
1757662149,55899768
1757662149,59292568
1757662149,67193496
1757662149,102064248
1757662149,114294488
1757662149,117259400
1757662149,142987624
1757662149,151606024
1757662149,154505048
1757662149,160605688
1757662149,166072872
1757662149,174925464
1757662149,184620632
1757662149,195266088
1757662149,239084808
1757662149,261843304
1757662149,263854136
1757662149,269749880
1757662149,289951288
1757662149,300498232
1757662149,305189352
1757662149,313750104
1757662149,341388360
1757662149,351131960
1757662149,378225016
1757662149,399514312
1757662149,402688472
1757662149,410626072
1757662149,434645864
1757662149,453641480
1757662149,455347448
1757662149,522659544
1757662149,537996680
1757662149,554149752
1757662149,575064712
1757662149,580482552
1757662149,588265240
1757662149,607971624
1757662149,609387768
1757662149,620323016
1757662149,631120136
1757662149,641624024
1757662149,648479480
1757662149,656413752
1757662149,660302856
1757662149,667993592
1757662149,685433992
1757662149,689783544
1757662149,694303848
1757662149,727970008
1757662149,746490904
1757662149,763577352
1757662149,775624888
1757662149,788592632
1757662149,790930488
1757662149,803749032
1757662149,819947384
1757662149,824466072
1757662149,830349192
1757662149,832845960
1757662149,838569096
1757662149,854907608
1757662149,877141944
1757662149,881680136
1757662149,889541432
1757662149,897968200
1757662149,902492920
1757662149,908857720
1757662149,976738728
1757662149,979864104
1757662150,23241112
1757662150,24922488
1757662150,30251944
1757662150,55401000
1757662150,70759560
1757662150,95322680
1757662150,105478824
1757662150,113943752
1757662150,147379992
1757662150,179135320
1757662150,186206648
1757662150,200190056
1757662150,215057784
1757662150,236474936
1757662150,249842520
1757662150,280373464
1757662150,305761288
1757662150,336006088
1757662150,352225736
1757662150,363581848
1757662150,382234040
1757662150,397478152
1757662150,398544136
1757662150,428185400
1757662150,429697288
1757662150,441245048
1757662150,481497544
1757662150,484909000
1757662150,508079064
1757662150,534742760
1757662150,608354200
1757662150,619545064
1757662150,627837976
1757662150,630166200
1757662150,653386040
1757662150,662673064
1757662150,696630472
1757662150,706592632
1757662150,709804616
1757662150,717358920
1757662150,721144120
1757662150,731172520
1757662150,738164488
1757662150,741095512
1757662150,757832696
1757662150,771719288
1757662150,809493464
1757662150,816339720
1757662150,819889240
1757662150,825749688
1757662150,831387368
1757662150,851255000
1757662150,886053096
1757662150,892738200
1757662150,899907496
1757662150,909708200
1757662150,914818136
1757662150,921744184
1757662150,940493000
1757662150,972017480
1757662151,5628872
1757662151,25165816
1757662151,43391128
1757662151,45526712
1757662151,56159976
1757662151,63968744
1757662151,73966168
1757662151,88290216
1757662151,109503992
1757662151,127349080
1757662151,179198920
1757662151,183798104
1757662151,202823144
1757662151,227277528
1757662151,241193448
1757662151,256255992
1757662151,261707784
1757662151,271813160
1757662151,291942168
1757662151,296836248
1757662151,317478632
1757662151,343888088
1757662151,345119864
1757662151,363637816
1757662151,399268232
1757662151,412824232
1757662151,419038760
1757662151,423211608
1757662151,442715096
1757662151,485299560
1757662151,497829832
1757662151,499837016
1757662151,507007800
1757662151,521737656
1757662151,529412408
1757662151,537857256
1757662151,587292696
1757662151,602601160
1757662151,611727432
1757662151,617726344
1757662151,636792520
1757662151,661486072
1757662151,669334616
1757662151,678378328
1757662151,687286888
1757662151,721584216
1757662151,739835064
1757662151,783408904
1757662151,793208168
1757662151,820233672
1757662151,830890344
1757662151,856294616
1757662151,862920344
1757662151,873416072
1757662151,877618008
1757662151,894963432
1757662151,916227752
1757662151,922989720
1757662151,924254776
1757662151,927328648
1757662151,930291752
1757662151,950304952
1757662151,966397896
1757662151,985942792
1757662151,997743768
1757662152,9792616
1757662152,17880296
1757662152,30044952
1757662152,47056904
1757662152,49127256
1757662152,51558568
1757662152,67329512
1757662152,79103400
1757662152,97755272
1757662152,125094040
1757662152,139227576
1757662152,141081496
1757662152,159333016
1757662152,164360824
1757662152,166982056
1757662152,210255704
1757662152,223224744
1757662152,266240168
1757662152,285413976
1757662152,289806392
1757662152,322128392
1757662152,340765544
1757662152,372304520
1757662152,402232136
1757662152,404563096
1757662152,434733048
1757662152,440657384
1757662152,454330152
1757662152,459365112
1757662152,474711608
1757662152,501880056
1757662152,504983128
1757662152,506456680
1757662152,519227672
1757662152,552624232
1757662152,555333496
1757662152,559306920
1757662152,561009112
1757662152,585034360
1757662152,587433928
1757662152,592069224
1757662152,614695272
1757662152,625842696
1757662152,643020936
1757662152,650723144
1757662152,663618488
1757662152,669057912
1757662152,681950264
1757662152,696801224
1757662152,709458504
1757662152,745081720
1757662152,749961096
1757662152,760694344
1757662152,769935832
1757662152,771216392
1757662152,784509368
1757662152,813248728
1757662152,819344184
1757662152,820652360
1757662152,851374936
1757662152,853019832
1757662152,860647736
1757662152,933036504
1757662152,955851368
1757662152,997160040
1757662153,664904
1757662153,51285400
1757662153,74579384
1757662153,102597720
1757662153,125991720
1757662153,148886888
1757662153,152597288
1757662153,183687976
1757662153,192458120
1757662153,214442936
1757662153,233978040
1757662153,236967960
1757662153,273398776
1757662153,327112088
1757662153,334064280
1757662153,364691976
1757662153,392684264
1757662153,398533608
1757662153,406407944
1757662153,467736632
1757662153,507200984
1757662153,530612008
1757662153,542625160
1757662153,548499432
1757662153,577777416
1757662153,609553672
1757662153,637251464
1757662153,657018632
1757662153,658560088
1757662153,668648888
1757662153,706064088
1757662153,714868056
1757662153,731194920
1757662153,748007640
1757662153,769142456
1757662153,783517416
1757662153,814577080
1757662153,847714936
1757662153,867965688
1757662153,927336776
1757662153,932071000
1757662153,933983768
1757662153,991360168
1757662154,28331832
1757662154,46155016
1757662154,95055944
1757662154,102320488
1757662154,111383928
1757662154,133738168
1757662154,142957528
1757662154,147068776
1757662154,148955320
1757662154,152201928
1757662154,197427256
1757662154,202673336
1757662154,212073704
1757662154,220522760
1757662154,225190952
1757662154,244075128
1757662154,252442952
1757662154,255624984
1757662154,284147800
1757662154,293924440
1757662154,301875912
1757662154,325660728
1757662154,355718936
1757662154,365535864
1757662154,380437464
1757662154,391673096
1757662154,417759640
1757662154,420384584
1757662154,425596008
1757662154,435886104
1757662154,437576376
1757662154,461909320
1757662154,488789912
1757662154,499165400
1757662154,509515720
1757662154,558803368
1757662154,570127128
1757662154,572510952
1757662154,595227336
1757662154,597328920
1757662154,606913960
1757662154,622933768
1757662154,653450472
1757662154,677704296
1757662154,696361272
1757662154,705013560
1757662154,714486376
1757662154,721558216
1757662154,732170152
1757662154,750616984
1757662154,764996088
1757662154,774115416
1757662154,831616440
1757662154,841807096
1757662154,851427352
1757662154,867512296
1757662154,869778312
1757662154,872803880
1757662154,874760712
1757662154,967746648
1757662154,981961192
1757662154,987995016
1757662155,38621432
1757662155,46430680
1757662155,59207928
1757662155,68450312
1757662155,87905928
1757662155,114035288
1757662155,125643800
1757662155,167181384
1757662155,179002408
1757662155,198515368
1757662155,203209480
1757662155,223524248
1757662155,237645656
1757662155,269410008
1757662155,273774472
1757662155,299975448
1757662155,304053064
1757662155,327142520
1757662155,328592584
1757662155,344626104
1757662155,358226312
1757662155,404345816
1757662155,474816536
1757662155,501255656
1757662155,514263960
1757662155,517350280
1757662155,524051320
1757662155,527575160
1757662155,550322216
1757662155,553066088
1757662155,574959704
1757662155,584185480
1757662155,586153560
1757662155,598348632
1757662155,616928184
1757662155,628077848
1757662155,637288024
1757662155,639115448
1757662155,642838104
1757662155,663358504
1757662155,670141368
1757662155,672098648
1757662155,692049288
1757662155,715506312
1757662155,732375592
1757662155,756266744
1757662155,796643560
1757662155,799184952
1757662155,810201608
1757662155,816752984
1757662155,854098664
1757662155,859237544
1757662155,866528824
1757662155,876382232
1757662155,882163096
1757662155,885939592
1757662155,895356232
1757662155,913731384
1757662155,916920104
1757662155,924141320
1757662155,925794072
1757662155,930829944
1757662155,936132056
1757662155,947851672
1757662155,954962088
1757662155,964556296
1757662155,968898712
1757662155,973977928
1757662155,977211624
1757662155,996176232
1757662156,10011400
1757662156,28892136
1757662156,43406312
1757662156,80041736
1757662156,97953096
1757662156,104328632
1757662156,110481528
1757662156,115583816
1757662156,116971208
1757662156,126579928
1757662156,132551912
1757662156,136156424
1757662156,159184632
1757662156,230033048
1757662156,238244136
1757662156,246740040
1757662156,271757064
1757662156,304764920
1757662156,332506360
1757662156,370080504
1757662156,379336408
1757662156,408288920
1757662156,415198520
1757662156,416701720
1757662156,420520984
1757662156,441800904
1757662156,467725928
1757662156,519663864
1757662156,540506408
1757662156,562069752
1757662156,577945496
1757662156,581104344
1757662156,583038088
1757662156,601622536
1757662156,615654840
1757662156,624857976
1757662156,626900760
1757662156,664253352
1757662156,671239896
1757662156,674007768
1757662156,682498040
1757662156,684209832
1757662156,703486984
1757662156,708874168
1757662156,712804008
1757662156,724692600
1757662156,731859064
1757662156,734494136
1757662156,743058760
1757662156,777537400
1757662156,781551960
1757662156,804649784
1757662156,913024392
1757662156,931323176
1757662156,933807576
1757662156,943540856
1757662156,949732744
1757662156,983963720
1757662157,52749928
1757662157,74124712
1757662157,77996856
1757662157,88174920
1757662157,102989992
1757662157,108549944
1757662157,115225848
1757662157,117276200
1757662157,128667256
1757662157,137117176
1757662157,141644040
1757662157,149197528
1757662157,169609880
1757662157,178190856
1757662157,184880232
1757662157,186210072
1757662157,191100008
1757662157,196398808
1757662157,211837272
1757662157,229919784
1757662157,242289000
1757662157,252396920
1757662157,284905624
1757662157,340300120
1757662157,372709464
1757662157,392984088
1757662157,398285096
1757662157,404850024
1757662157,416144232
1757662157,430076344
1757662157,437424936
1757662157,453981560
1757662157,478053704
1757662157,497366472
1757662157,531148456
1757662157,544515480
1757662157,561437944
1757662157,565209864
1757662157,589610120
1757662157,592662824
1757662157,602923288
1757662157,626329304
1757662157,628867176
1757662157,647249496
1757662157,660069528
1757662157,669491816
1757662157,739502392
1757662157,743138520
1757662157,762415992
1757662157,764890008
1757662157,768697224
1757662157,776299256
1757662157,778649032
1757662157,786948552
1757662157,793161592
1757662157,812117720
1757662157,826867480
1757662157,845597496
1757662157,850742152
1757662157,858580440
1757662157,861646904
1757662157,869907672
1757662157,885247944
1757662157,913708680
1757662157,916763416
1757662157,945869912
1757662157,975903368
1757662157,997637640
1757662158,8683048
1757662158,54675896
1757662158,72459880
1757662158,83103336
1757662158,94501496
1757662158,123128984
1757662158,125173256
1757662158,175719400
1757662158,200252856
1757662158,205069640
1757662158,206983384
1757662158,246481832
1757662158,264010696
1757662158,271808984
1757662158,281283416
1757662158,283213672
1757662158,287449352
1757662158,313793688
1757662158,347063048
1757662158,358189560
1757662158,360556376
1757662158,365852984
1757662158,368932008
1757662158,388539448
1757662158,416069160
1757662158,419876440
1757662158,422592232
1757662158,439310664
1757662158,482205112
1757662158,500432920
1757662158,503647992
1757662158,533461256
1757662158,544703112
1757662158,565836472
1757662158,600422072
1757662158,605497784
1757662158,619418904
1757662158,624636024
1757662158,626633336
1757662158,627801704
1757662158,651365528
1757662158,655409160
1757662158,659643800
1757662158,666549656
1757662158,669295768
1757662158,672511256
1757662158,686124008
1757662158,690678488
1757662158,704870456
1757662158,714339880
1757662158,726841800
1757662158,778144328
1757662158,780858824
1757662158,786056872
1757662158,796352616
1757662158,821571064
1757662158,823854792
1757662158,859382376
1757662158,866138520
1757662158,868802936
1757662158,877163800
1757662158,894417928
1757662158,898183592
1757662158,901144648
1757662158,911270616
1757662158,925202296
1757662158,943426248
1757662158,952039096
1757662158,954164280
1757662158,968867384
1757662159,22830776
1757662159,37696456
1757662159,43243752
1757662159,45175032
1757662159,47920904
1757662159,71322040
1757662159,73865224
1757662159,86617560
1757662159,90330040
1757662159,135838200
1757662159,145008648
1757662159,154841512
1757662159,170599064
1757662159,175808600
1757662159,182576536
1757662159,186675336
1757662159,203719784
1757662159,216400392
1757662159,230451192
1757662159,238347016
1757662159,252265112
1757662159,286016072
1757662159,304652728
1757662159,315082856
1757662159,320458584
1757662159,351482856
1757662159,385128152
1757662159,389138536
1757662159,404749784
1757662159,424141448
1757662159,425950968
1757662159,436173768
1757662159,450618680
1757662159,452221816
1757662159,464232408
1757662159,479482680
1757662159,489743928
1757662159,492476856
1757662159,500431560
1757662159,505583992
1757662159,560632440
1757662159,578676424
1757662159,677710104
1757662159,704908792
1757662159,718340856
1757662159,719740072
1757662159,729840264
1757662159,732687048
1757662159,738530424
1757662159,748379544
1757662159,752931992
1757662159,763676712
1757662159,778375432
1757662159,785336968
1757662159,789846040
1757662159,791965096
1757662159,812444024
1757662159,825088328
1757662159,835428616
1757662159,844482952
1757662159,882213592
1757662159,895517400
1757662159,912983752
1757662159,933808008
1757662159,941262104
1757662159,945560808
1757662159,964149112
1757662159,971802072
1757662159,974797032
1757662159,983788328
1757662159,985746664
1757662159,989475112
1757662159,993079560
1757662159,998028504
1757662160,12433496
1757662160,16675704
1757662160,37817848
1757662160,43157288
1757662160,46458440
1757662160,49281320
1757662160,54661624
1757662160,58291784
1757662160,69444184
1757662160,81132088
1757662160,84991336
1757662160,87216440
1757662160,93895640
1757662160,114467288
1757662160,139044664
1757662160,145661880
1757662160,173473112
1757662160,179727368
1757662160,188189960
1757662160,201376536
1757662160,219828216
1757662160,248235528
1757662160,255128104
1757662160,259041048
1757662160,263307608
1757662160,286143656
1757662160,296801368
1757662160,314741448
1757662160,345847000
1757662160,366133016
1757662160,367697192
1757662160,369705304
1757662160,370897640
1757662160,401919864
1757662160,433338984
1757662160,442035944
1757662160,456119704
1757662160,457703224
1757662160,490950824
1757662160,517500776
1757662160,529154056
1757662160,590438808
1757662160,600712952
1757662160,609819656
1757662160,612051560
1757662160,649554056
1757662160,655065000
1757662160,662100456
1757662160,664545384
1757662160,665671480
1757662160,669073048
1757662160,672046168
1757662160,691795832
1757662160,693719000
1757662160,695942680
1757662160,711000312
1757662160,745555928
1757662160,748617928
1757662160,770642936
1757662160,788655880
1757662160,791315960
1757662160,796109512
1757662160,834445624
1757662160,839732536
1757662160,859063688
1757662160,881602008
1757662160,884693880
1757662160,888532184
1757662160,898057032
1757662160,901418408
1757662160,938255912
1757662160,947538888
1757662160,949494792
1757662161,25630856
1757662161,49970872
1757662161,74508408
1757662161,75723816
1757662161,77113608
1757662161,95241368
1757662161,112635720
1757662161,139890168
1757662161,146162104
1757662161,153337976
1757662161,177090728
1757662161,179498264
1757662161,188023416
1757662161,192772936
1757662161,193859208
1757662161,227485992
1757662161,230995464
1757662161,236132584
1757662161,240577128
1757662161,245804536
1757662161,269674472
1757662161,291035528
1757662161,334183560
1757662161,339097832
1757662161,346705896
1757662161,349231464
1757662161,369455128
1757662161,380209208
1757662161,381587080
1757662161,389935928
1757662161,405648072
1757662161,408452024
1757662161,424936520
1757662161,428445672
1757662161,455538568
1757662161,468125816
1757662161,479258872
1757662161,493877080
1757662161,496367144
1757662161,515310472
1757662161,520595624
1757662161,543023736
1757662161,567472920
1757662161,574148760
1757662161,583655160
1757662161,588444120
1757662161,619198536
1757662161,621636632
1757662161,623848008
1757662161,641982728
1757662161,661996920
1757662161,668331144
1757662161,673472008
1757662161,678223208
1757662161,690935096
1757662161,692255976
1757662161,693669416
1757662161,707693960
1757662161,740959944
1757662161,751714920
1757662161,760161480
1757662161,763727752
1757662161,821870488
1757662161,855222472
1757662161,860842680
1757662161,886142072
1757662161,889447960
1757662161,910116440
1757662161,918950328
1757662161,920487640
1757662161,935369784
1757662161,960596472
1757662161,968356408
1757662161,990214856
1757662162,21383352
1757662162,33088072
1757662162,46319448
1757662162,67998440
1757662162,79687784
1757662162,82262200
1757662162,113425624
1757662162,145030440
1757662162,158937864
1757662162,170044216
1757662162,188513320
1757662162,202841880
1757662162,208231144
1757662162,216278648
1757662162,228416008
1757662162,233054824
1757662162,259130376
1757662162,273106696
1757662162,290518760
1757662162,292095368
1757662162,331526680
1757662162,359442184
1757662162,372403848
1757662162,378833192
1757662162,385848472
1757662162,404942392
1757662162,408236296
1757662162,412986344
1757662162,425993640
1757662162,457887256
1757662162,463924776
1757662162,483145896
1757662162,487901640
1757662162,489596200
1757662162,501572776
1757662162,504227256
1757662162,509262088
1757662162,511671576
1757662162,536731480
1757662162,538656440
1757662162,552243336
1757662162,565376888
1757662162,583618248
1757662162,632849128
1757662162,634518376
1757662162,648416456
1757662162,652089112
1757662162,656180680
1757662162,674863160
1757662162,680369224
1757662162,714966840
1757662162,719571736
1757662162,721659560
1757662162,745754104
1757662162,750155912
1757662162,763291032
1757662162,772752440
1757662162,817711704
1757662162,830940552
1757662162,906037688
1757662162,910401624
1757662162,918457336
1757662162,954139656
1757662162,979154616
1757662163,21729464
1757662163,66345112
1757662163,67428168
1757662163,96589656
1757662163,114407080
1757662163,124772648
1757662163,129449016
1757662163,135147768
1757662163,139755304
1757662163,164174712
1757662163,212087976
1757662163,265393176
1757662163,272198168
1757662163,279043320
1757662163,282539272
1757662163,290328424
1757662163,323840376
1757662163,333427896
1757662163,339833096
1757662163,347571352
1757662163,349196056
1757662163,366685832
1757662163,370667992
1757662163,393976424
1757662163,402843288
1757662163,410748952
1757662163,417072552
1757662163,426745592
1757662163,437197448
1757662163,460237448
1757662163,479228328
1757662163,522268632
1757662163,529663064
1757662163,549645400
1757662163,552201928
1757662163,569542104
1757662163,647052152
1757662163,658433240
1757662163,671102360
1757662163,689581224
1757662163,704580472
1757662163,726873800
1757662163,730273176
1757662163,763499880
1757662163,765241288
1757662163,769218264
1757662163,770918712
1757662163,788142392
1757662163,800040696
1757662163,809873752
1757662163,823424312
1757662163,838269944
1757662163,839484552
1757662163,851944792
1757662163,854217368
1757662163,882270712
1757662163,885315832
1757662163,890308088
1757662163,914514776
1757662163,918043016
1757662163,924234792
1757662163,926027800
1757662163,928144648
1757662163,930244024
1757662163,933317720
1757662163,958433608
1757662163,968643208
1757662163,977634920
1757662164,5048344
1757662164,27301688
1757662164,28606456
1757662164,30464952
1757662164,82764136
1757662164,92880408
1757662164,110131320
1757662164,141386984
1757662164,161494056
1757662164,186366104
1757662164,187864456
1757662164,221906344
1757662164,246082072
1757662164,255361240
1757662164,274292776
1757662164,285116376
1757662164,307369896
1757662164,319051000
1757662164,321025784
1757662164,346915048
1757662164,373963912
1757662164,392605144
1757662164,394190120
1757662164,402468952
1757662164,406993128
1757662164,460125224
1757662164,463070248
1757662164,476469864
1757662164,488120696
1757662164,490561768
1757662164,492469864
1757662164,494499800
1757662164,542475720
1757662164,574892312
1757662164,590445800
1757662164,603193096
1757662164,618942568
1757662164,653356488
1757662164,665835208
1757662164,683568056
1757662164,702736936
1757662164,717791192
1757662164,722696472
1757662164,741241688
1757662164,744694104
1757662164,759116792
1757662164,774445208
1757662164,837059000
1757662164,838635672
1757662164,850615976
1757662164,867673912
1757662164,884786808
1757662164,908309832
1757662164,919027736
1757662164,933543592
1757662164,945407864
1757662164,971014968
1757662164,982356024
1757662164,989865528
1757662164,997853192
1757662165,13320968
1757662165,25872456
1757662165,34839944
1757662165,47904216
1757662165,52511736
1757662165,54311272
1757662165,80850840
1757662165,87262856
1757662165,97822680
1757662165,110798888
1757662165,116382392
1757662165,136214776
1757662165,138825064
1757662165,141935944
1757662165,145766280
1757662165,164684792
1757662165,187906488
1757662165,192180440
1757662165,198677624
1757662165,210238376
1757662165,238645560
1757662165,254100488
1757662165,257331208
1757662165,297698968
1757662165,320622376
1757662165,333230120
1757662165,346613320
1757662165,350150552
1757662165,353643176
1757662165,357087304
1757662165,386786040
1757662165,408699272
1757662165,448535992
1757662165,457926888
1757662165,514468056
1757662165,521377048
1757662165,523102008
1757662165,534020520
1757662165,536168424
1757662165,543465432
1757662165,557642296
1757662165,592043480
1757662165,645223336
1757662165,655932056
1757662165,678954728
1757662165,681319512
1757662165,699150664
1757662165,722169400
1757662165,738409448
1757662165,762264392
1757662165,764267096
1757662165,787481416
1757662165,794146168
1757662165,802596872
1757662165,804812808
1757662165,823761272
1757662165,850043896
1757662165,872350392
1757662165,886338760
1757662165,904432648
1757662165,922186072
1757662165,923370904
1757662165,947811688
1757662165,987581752
1757662165,995524728
1757662166,5949176
1757662166,16534120
1757662166,31541848
1757662166,53456728
1757662166,70297848
1757662166,89844808
1757662166,110039432
1757662166,119375608
1757662166,132499544
1757662166,155556328
1757662166,167139032
1757662166,171309144
1757662166,174215464
1757662166,177167800
1757662166,195282072
1757662166,198998536
1757662166,201425368
1757662166,209935000
1757662166,235710696
1757662166,242592504
1757662166,247098808
1757662166,260777288
1757662166,265573352
1757662166,273302232
1757662166,287444552
1757662166,300085032
1757662166,312566104
1757662166,314356232
1757662166,332840088
1757662166,340887880
1757662166,355113928
1757662166,384860680
1757662166,406527880
1757662166,462052440
1757662166,484874424
1757662166,495189592
1757662166,500185192
1757662166,513479768
1757662166,534111048
1757662166,543880200
1757662166,547089816
1757662166,553883768
1757662166,572390232
1757662166,597911224
1757662166,615192312
1757662166,653420872
1757662166,654567224
1757662166,724732584
1757662166,739493640
1757662166,778506584
1757662166,786916904
1757662166,805746888
1757662166,819196776
1757662166,830501784
1757662166,838191160
1757662166,842536440
1757662166,874221464
1757662166,883799720
1757662166,895044936
1757662166,913995896
1757662166,916019208
1757662166,935327000
1757662166,938448744
1757662166,943056968
1757662166,946967512
1757662166,948663096
1757662166,952819768
1757662166,958552920
1757662166,986981464
1757662167,506408
1757662167,21723160
1757662167,26829208
1757662167,34399112
1757662167,45595848
1757662167,60197080
1757662167,75918696
1757662167,98409160
1757662167,104880680
1757662167,110479960
1757662167,119503960
1757662167,142463736
1757662167,195867960
1757662167,202849816
1757662167,221827256
1757662167,233610888
1757662167,249357480
1757662167,263563352
1757662167,265495304
1757662167,279552088
1757662167,288877512
1757662167,293280904
1757662167,336850440
1757662167,341021512
1757662167,355708392
1757662167,361568312
1757662167,387628536
1757662167,392051560
1757662167,405370520
1757662167,411479784
1757662167,438208392
1757662167,442970344
1757662167,447741880
1757662167,449260632
1757662167,467986568
1757662167,474606360
1757662167,507303752
1757662167,522013208
1757662167,562807816
1757662167,572993384
1757662167,601265416
1757662167,608944552
1757662167,635683304
1757662167,637305256
1757662167,680556920
1757662167,701294488
1757662167,739654424
1757662167,743898168
1757662167,749952216
1757662167,764434200
1757662167,767510488
1757662167,779037080
1757662167,816114184
1757662167,821607592
1757662167,823142744
1757662167,827254168
1757662167,844196504
1757662167,848403560
1757662167,859360520
1757662167,864089656
1757662167,888217160
1757662167,898877768
1757662167,900033800
1757662167,904671736
1757662167,934433672
1757662167,995146904
1757662168,583208
1757662168,15211208
1757662168,18247144
1757662168,35184264
1757662168,41884648
1757662168,45723416
1757662168,48352280
1757662168,69424360
1757662168,72122552
1757662168,92583816
1757662168,100661016
1757662168,102958760
1757662168,120532328
1757662168,129977208
1757662168,133077304
1757662168,137144904
1757662168,139462136
1757662168,148389128
1757662168,160730888
1757662168,166078232
1757662168,168637992
1757662168,190198584
1757662168,193319352
1757662168,210745832
1757662168,216638792
1757662168,231017176
1757662168,243497384
1757662168,252340280
1757662168,270051096
1757662168,275167512
1757662168,286309608
1757662168,297387016
1757662168,319566712
1757662168,323573480
1757662168,329553208
1757662168,354721064
1757662168,359314152
1757662168,370716536
1757662168,387927384
1757662168,396418104
1757662168,414251432
1757662168,426815528
1757662168,431200504
1757662168,439153960
1757662168,441004024
1757662168,445501240
1757662168,453110488
1757662168,552991912
1757662168,555846344
1757662168,569729000
1757662168,572212664
1757662168,575071608
1757662168,576539576
1757662168,609971256
1757662168,612659080
1757662168,624481576
1757662168,653174744
1757662168,655214872
1757662168,664424856
1757662168,667420312
1757662168,678567992
1757662168,716915032
1757662168,767117432
1757662168,769432632
1757662168,775235848
1757662168,786188616
1757662168,870300360
1757662168,875984168
1757662168,881918680
1757662168,888434792
1757662168,914089400
1757662168,917889336
1757662168,944430696
1757662168,953715832
1757662168,971986808
1757662168,978631928
1757662169,31237576
1757662169,53453352
1757662169,59723288
1757662169,77808952
1757662169,81927048
1757662169,84148616
1757662169,85797080
1757662169,88455256
1757662169,114747880
1757662169,116836664
1757662169,194824440
1757662169,207578120
1757662169,234070664
1757662169,243938936
1757662169,245474024
1757662169,247071720
1757662169,252146728
1757662169,257832408
1757662169,270939944
1757662169,275334120
1757662169,282718168
1757662169,361495736
1757662169,365183192
1757662169,382289480
1757662169,390010392
1757662169,391653736
1757662169,397169048
1757662169,409142264
1757662169,414100872
1757662169,424271272
1757662169,426912984
1757662169,429873032
1757662169,437492168
1757662169,446765016
1757662169,480198520
1757662169,503753608
1757662169,512977224
1757662169,522821192
1757662169,573866392
1757662169,590088024
1757662169,592637960
1757662169,629875240
1757662169,633736616
1757662169,655623144
1757662169,671983192
1757662169,680289336
1757662169,690542296
1757662169,705911496
1757662169,716475768
1757662169,718482568
1757662169,720418920
1757662169,738866296
1757662169,781169928
1757662169,783419464
1757662169,792858584
1757662169,796015160
1757662169,797162552
1757662169,799596632
1757662169,805835720
1757662169,815665976
1757662169,831669080
1757662169,853066888
1757662169,855664680
1757662169,882614280
1757662169,885182072
1757662169,893880840
1757662169,897749448
1757662169,901731672
1757662169,934272920
1757662169,958772136
1757662169,971571640
1757662169,983243416
1757662170,2040760
1757662170,16323784
1757662170,37177064
1757662170,46947448
1757662170,54899736
1757662170,56721720
1757662170,75667288
1757662170,82658120
1757662170,87298440
1757662170,96696632
1757662170,106312120
1757662170,127117560
1757662170,152395032
1757662170,161789640
1757662170,164727400
1757662170,171153880
1757662170,200332968
1757662170,215450200
1757662170,223514952
1757662170,225325976
1757662170,233761224
1757662170,245624216
1757662170,252543720
1757662170,258328616
1757662170,273928856
1757662170,281563288
1757662170,287689464
1757662170,316874360
1757662170,320925400
1757662170,358649112
1757662170,378397224
1757662170,390889080
1757662170,406993448
1757662170,412780376
1757662170,417607576
1757662170,444242792
1757662170,463325000
1757662170,473107208
1757662170,507238904
1757662170,518929240
1757662170,525455752
1757662170,530500344
1757662170,541555080
1757662170,550637384
1757662170,559759352
1757662170,606142968
1757662170,612066904
1757662170,616887064
1757662170,637845256
1757662170,648122376
1757662170,668162376
1757662170,670817560
1757662170,692632504
1757662170,706483320
1757662170,718792952
1757662170,724985496
1757662170,729015720
1757662170,730520872
1757662170,732086664
1757662170,741322184
1757662170,743704312
1757662170,756804392
1757662170,766756424
1757662170,769694264
1757662170,775804088
1757662170,779164040
1757662170,803845512
1757662170,826911144
1757662170,841786408
1757662170,894278408
1757662170,916846056
1757662170,936915032
1757662170,960275176
1757662170,983206088
1757662171,28124120
1757662171,40377560
1757662171,42444040
1757662171,71970952
1757662171,78393256
1757662171,80934248
1757662171,91780664
1757662171,110371704
1757662171,141637832
1757662171,144984600
1757662171,159907704
1757662171,164101736
1757662171,205326968
1757662171,222415768
1757662171,225876056
1757662171,250229320
1757662171,258376440
1757662171,277118040
1757662171,303222456
1757662171,305359400
1757662171,309245224
1757662171,324393624
1757662171,327404616
1757662171,328529320
1757662171,335305480
1757662171,340664248
1757662171,439217464
1757662171,449852072
1757662171,454452648
1757662171,457697080
1757662171,472558216
1757662171,479906552
1757662171,495455192
1757662171,506461672
1757662171,525610648
1757662171,544634760
1757662171,553623448
1757662171,559278312
1757662171,562601608
1757662171,569496648
1757662171,589162216
1757662171,596744712
1757662171,630319000
1757662171,639699192
1757662171,651293336
1757662171,653987336
1757662171,673094792
1757662171,675692120
1757662171,714927832
1757662171,723762008
1757662171,726905976
1757662171,735484472
1757662171,744464696
1757662171,770608488
1757662171,772488152
1757662171,788613720
1757662171,791902824
1757662171,814527896
1757662171,816734712
1757662171,827311000
1757662171,838426456
1757662171,850167464
1757662171,853663240
1757662171,901181656
1757662171,915973048
1757662171,921685896
1757662171,934621336
1757662171,937780040
1757662172,70864088
1757662172,88037816
1757662172,94198600
1757662172,137058520
1757662172,140583096
1757662172,153136568
1757662172,155417800
1757662172,157184456
1757662172,172148680
1757662172,177929544
1757662172,197087240
1757662172,199787912
1757662172,229969416
1757662172,236611752
1757662172,247949928
1757662172,265825128
1757662172,267099464
1757662172,271404392
1757662172,279376568
1757662172,284994824
1757662172,294627912
1757662172,295859064
1757662172,300457160
1757662172,305235048
1757662172,340554184
1757662172,358861624
1757662172,360119128
1757662172,410173544
1757662172,413709768
1757662172,423967896
1757662172,435163944
1757662172,436775816
1757662172,462557128
1757662172,512528968
1757662172,563298248
1757662172,568861624
1757662172,570281128
1757662172,578048184
1757662172,598442008
1757662172,599807448
1757662172,630708584
1757662172,652720680
1757662172,669181560
1757662172,675254728
1757662172,683275656
1757662172,705948168
1757662172,717511944
1757662172,722137576
1757662172,738065080
1757662172,749094472
1757662172,767685656
1757662172,786856456
1757662172,820741592
1757662172,836546632
1757662172,844997080
1757662172,880539912
1757662172,900322888
1757662172,924661560
1757662172,985398104
1757662173,3245464
1757662173,5280168
1757662173,11343784
1757662173,34614008
1757662173,67553880
1757662173,89938040
1757662173,104054984
1757662173,135619784
1757662173,166915496
1757662173,190996296
1757662173,194068920
1757662173,219541672
1757662173,225143352
1757662173,227901768
1757662173,233927944
1757662173,235664920
1757662173,252346184
1757662173,267154232
1757662173,346332392
1757662173,348549048
1757662173,359291464
1757662173,369795288
1757662173,398314152
1757662173,407264600
1757662173,414640840
1757662173,417584984
1757662173,470366040
1757662173,486309640
1757662173,515312136
1757662173,517039560
1757662173,533645304
1757662173,553673560
1757662173,566814440
1757662173,574346184
1757662173,586450328
1757662173,591306488
1757662173,602126312
1757662173,615891544
1757662173,656522008
1757662173,694172664
1757662173,758104872
1757662173,767703336
1757662173,774150904
1757662173,786331544
1757662173,793639288
1757662173,806150712
1757662173,818396920
1757662173,825250392
1757662173,830151800
1757662173,839368312
1757662173,841321752
1757662173,852838984
1757662173,859922184
1757662173,870030728
1757662173,873289288
1757662173,892910072
1757662173,903838568
1757662173,911600344
1757662173,915773128
1757662173,917843480
1757662173,934954648
1757662173,950202584
1757662173,952385640
1757662174,2237912
1757662174,23538216
1757662174,52654152
1757662174,69415064
1757662174,73517432
1757662174,81466168
1757662174,117342536
1757662174,121305912
1757662174,140959016
1757662174,161761656
1757662174,206308424
1757662174,215040840
1757662174,224611992
1757662174,242812776
1757662174,262906312
1757662174,270868680
1757662174,274483928
1757662174,277115512
1757662174,319397000
1757662174,328686824
1757662174,370959912
1757662174,372690152
1757662174,380388952
1757662174,391817976
1757662174,400322456
1757662174,402060584
1757662174,441732280
1757662174,450161704
1757662174,472780712
1757662174,502167912
1757662174,522287896
1757662174,525614408
1757662174,531913432
1757662174,535910728
1757662174,537718040
1757662174,540270888
1757662174,542366952
1757662174,545339464
1757662174,554735416
1757662174,576125304
1757662174,586942152
1757662174,636963080
1757662174,656777144
1757662174,674201304
1757662174,685663256
1757662174,690543800
1757662174,714788088
1757662174,736796312
1757662174,757282040
1757662174,896878712
1757662174,898249768
1757662174,912148680
1757662174,923594600
1757662174,930676200
1757662174,934024600
1757662174,944018568
1757662174,965073336
1757662174,969070472
1757662174,998757176
1757662175,28023048
1757662175,32212168
1757662175,55416120
1757662175,80450760
1757662175,85338360
1757662175,95528824
1757662175,134899368
1757662175,145551944
1757662175,156482008
1757662175,180057896
1757662175,206565624
1757662175,211640440
1757662175,227042888
1757662175,229226600
1757662175,233119112
1757662175,245864248
1757662175,293510760
1757662175,300591944
1757662175,311952312
1757662175,313556280
1757662175,336758936
1757662175,378298312
1757662175,410138760
1757662175,416674184
1757662175,429664280
1757662175,437360920
1757662175,440342392
1757662175,450878936
1757662175,468151240
1757662175,475885064
1757662175,563879928
1757662175,581677608
1757662175,603078056
1757662175,604321048
1757662175,605582728
1757662175,610166232
1757662175,622081624
1757662175,638084872
1757662175,655154792
1757662175,693319832
1757662175,713402440
1757662175,769599768
1757662175,774973304
1757662175,781536776
1757662175,784554440
1757662175,800404408
1757662175,848551432
1757662175,862029656
1757662175,901260872
1757662175,914007976
1757662175,919150392
1757662175,940409288
1757662175,944528456
1757662175,964304920
1757662175,997377784
1757662176,8435176
1757662176,23345832
1757662176,81637576
1757662176,89410264
1757662176,114719080
1757662176,117471464
1757662176,153284232
1757662176,162013272
1757662176,176351464
1757662176,181051768
1757662176,185046280
1757662176,191279320
1757662176,194052776
1757662176,201695000
1757662176,203213912
1757662176,233379752
1757662176,246326664
1757662176,265092008
1757662176,277860312
1757662176,289521288
1757662176,304321208
1757662176,329990456
1757662176,363314616
1757662176,369890152
1757662176,398087128
1757662176,456393304
1757662176,459481704
1757662176,474925064
1757662176,476653448
1757662176,479849496
1757662176,494116744
1757662176,507943592
1757662176,510581656
1757662176,520261864
1757662176,524058152
1757662176,549777096
1757662176,562431016
1757662176,565398984
1757662176,591995384
1757662176,608951672
1757662176,638782008
1757662176,641769064
1757662176,645697096
1757662176,647021720
1757662176,656639416
1757662176,660341528
1757662176,682637624
1757662176,696264824
1757662176,707754136
1757662176,727083864
1757662176,735932088
1757662176,744546728
1757662176,747748072
1757662176,758339352
1757662176,766411896
1757662176,821156008
1757662176,831799832
1757662176,854033496
1757662176,866981800
1757662176,878116776
1757662176,901705448
1757662176,907663880
1757662176,910403080
1757662176,935147688
1757662176,941811336
1757662176,960462136
1757662176,974760760
1757662176,997676360
1757662177,37822072
1757662177,40710632
1757662177,43929480
1757662177,45673048
1757662177,48419080
1757662177,51327128
1757662177,69539480
1757662177,103237064
1757662177,138105976
1757662177,145645528
1757662177,147514456
1757662177,155787112
1757662177,162196568
1757662177,177027016
1757662177,184333672
1757662177,195042648
1757662177,203901032
1757662177,205461032
1757662177,253740840
1757662177,256122184
1757662177,269616904
1757662177,288926760
1757662177,297866760
1757662177,319891192
1757662177,330405880
1757662177,336172312
1757662177,354168888
1757662177,372778328
1757662177,375439704
1757662177,385756408
1757662177,404295016
1757662177,406270168
1757662177,418125736
1757662177,430132936
1757662177,432190504
1757662177,434749432
1757662177,445239240
1757662177,457951464
1757662177,460892952
1757662177,463586488
1757662177,480492600
1757662177,482613928
1757662177,487009896
1757662177,510673016
1757662177,540406136
1757662177,576441512
1757662177,594394984
1757662177,597380632
1757662177,602637960
1757662177,630895496
1757662177,638699144
1757662177,640362376
1757662177,664749112
1757662177,678904168
1757662177,696238648
1757662177,703479528
1757662177,705695416
1757662177,724394232
1757662177,740707704
1757662177,798264808
1757662177,821171960
1757662177,859327784
1757662177,862528200
1757662177,868300408
1757662177,900075112
1757662177,910019336
1757662177,915518936
1757662177,932331704
1757662177,976751512
1757662177,980016712
1757662177,981856488
1757662177,997081992
1757662178,360040
1757662178,24395992
1757662178,26631784
1757662178,34908296
1757662178,36967800
1757662178,59360536
1757662178,65234648
1757662178,76803432
1757662178,81081560
1757662178,141292424
1757662178,166765352
1757662178,168556808
1757662178,171568968
1757662178,195980360
1757662178,216247128
1757662178,218376584
1757662178,226861352
1757662178,235252824
1757662178,254247832
1757662178,262535784
1757662178,266089336
1757662178,267722904
1757662178,286156216
1757662178,302878408
1757662178,317015624
1757662178,323671928
1757662178,330329832
1757662178,337231544
1757662178,365320712
1757662178,369350968
1757662178,373070680
1757662178,384843800
1757662178,388945720
1757662178,393203736
1757662178,397704568
1757662178,430535960
1757662178,437683368
1757662178,442358888
1757662178,444688680
1757662178,456958792
1757662178,474202136
1757662178,507416488
1757662178,526095320
1757662178,541920648
1757662178,556585880
1757662178,571499352
1757662178,608793624
1757662178,634764328
1757662178,637710040
1757662178,646305800
1757662178,662750312
1757662178,664770040
1757662178,673482728
1757662178,719951496
1757662178,736009528
1757662178,741042056
1757662178,778373144
1757662178,799730072
1757662178,808335160
1757662178,811375928
1757662178,821327048
1757662178,832023864
1757662178,862188520
1757662178,885783400
1757662178,888114232
1757662178,908898792
1757662178,927130360
1757662178,958053608
1757662178,982775816
1757662178,988291720
1757662179,14184952
1757662179,29745032
1757662179,36497144
1757662179,47459256
1757662179,48906024
1757662179,50556120
1757662179,57970840
1757662179,64680440
1757662179,87337784
1757662179,89095992
1757662179,107789480
1757662179,113377160
1757662179,139423432
1757662179,142548088
1757662179,144969016
1757662179,158670680
1757662179,167608952
1757662179,183847400
1757662179,231681480
1757662179,237365784
1757662179,246904712
1757662179,272286664
1757662179,275525064
1757662179,303299976
1757662179,307175960
1757662179,315891672
1757662179,317963736
1757662179,322797288
1757662179,329623864
1757662179,357477880
1757662179,367931880
1757662179,370720120
1757662179,389172840
1757662179,400488264
1757662179,423021640
1757662179,428942600
1757662179,433123672
1757662179,435525720
1757662179,436846456
1757662179,452462008
1757662179,453680008
1757662179,472211368
1757662179,479947000
1757662179,485587144
1757662179,487848552
1757662179,502146456
1757662179,558995080
1757662179,578015432
1757662179,594215528
1757662179,600557528
1757662179,603456328
1757662179,605011016
1757662179,618681560
1757662179,663143704
1757662179,675187448
1757662179,677904376
1757662179,680168760
1757662179,699003768
1757662179,700296808
1757662179,717864280
1757662179,722320264
1757662179,725371784
1757662179,727451272
1757662179,732681688
1757662179,757605176
1757662179,760464504
1757662179,776415800
1757662179,778694136
1757662179,782002312
1757662179,794350488
1757662179,827111240
1757662179,828772392
1757662179,834647256
1757662179,841386136
1757662179,855158504
1757662179,869792856
1757662179,879375768
1757662179,892195960
1757662179,910089192
1757662179,912603448
1757662179,929427720
1757662179,953855928
1757662179,964135032
1757662179,968064104
1757662179,977605944
1757662179,998470632
1757662180,1729928
1757662180,3520440
1757662180,29973864
1757662180,54272504
1757662180,150135192
1757662180,170314472
1757662180,245959432
1757662180,307565848
1757662180,321813192
1757662180,336007624
1757662180,354039176
1757662180,360963816
1757662180,382096520
1757662180,410053704
1757662180,417508648
1757662180,449263672
1757662180,475410056
1757662180,494991800
1757662180,502469672
1757662180,505576296
1757662180,511509752
1757662180,513502344
1757662180,516437928
1757662180,520074136
1757662180,548652776
1757662180,558234296
1757662180,580034168
1757662180,582197160
1757662180,626691368
1757662180,638062648
1757662180,663558904
1757662180,697825688
1757662180,711980088
1757662180,737385352
1757662180,751675096
1757662180,758583016
1757662180,763901976
1757662180,796566888
1757662180,827054520
1757662180,837349288
1757662180,871865832
1757662180,875770392
1757662180,879855928
1757662180,909984360
1757662180,922539816
1757662180,925055304
1757662180,930676808
1757662180,938078600
1757662180,953847512
1757662181,25293496
1757662181,28534216
1757662181,63119432
1757662181,74584616
1757662181,87088760
1757662181,117673816
1757662181,123558456
1757662181,133152136
1757662181,154019256
1757662181,170666552
1757662181,172168696
1757662181,176619704
1757662181,179773400
1757662181,203612776
1757662181,208462328
1757662181,226234760
1757662181,230137576
1757662181,247035736
1757662181,253791256
1757662181,262452968
1757662181,279953576
1757662181,286671304
1757662181,305903944
1757662181,311591064
1757662181,373895256
1757662181,379342392
1757662181,382092520
1757662181,392924552
1757662181,405697256
1757662181,407698184
1757662181,416033480
1757662181,417163624
1757662181,428664840
1757662181,443841336
1757662181,449398296
1757662181,452570824
1757662181,456829416
1757662181,460647976
1757662181,485603592
1757662181,513306120
1757662181,543777384
1757662181,553196408
1757662181,555664584
1757662181,586536968
1757662181,592850488
1757662181,657066856
1757662181,706536280
1757662181,753007032
1757662181,758370488
1757662181,771816808
1757662181,790044984
1757662181,796237912
1757662181,803554408
1757662181,807445912
1757662181,810824456
1757662181,827000872
1757662181,839766536
1757662181,843011224
1757662181,848401368
1757662181,851035464
1757662181,856133032
1757662181,863436008
1757662181,898919208
1757662181,926647320
1757662181,935143592
1757662181,937833768
1757662181,974319080
1757662181,976024952
1757662182,8014888
1757662182,27195816
1757662182,54413288
1757662182,87889160
1757662182,96577368
1757662182,126821384
1757662182,134310536
1757662182,152319400
1757662182,158094872
1757662182,204676952
1757662182,215715128
1757662182,248620104
1757662182,286504632
1757662182,297884104
1757662182,302019416
1757662182,321072568
1757662182,324544552
1757662182,333443144
1757662182,335109800
1757662182,342349752
1757662182,357584008
1757662182,376836664
1757662182,379015512
1757662182,383269208
1757662182,401655800
1757662182,407984952
1757662182,449226616
1757662182,454543000
1757662182,478047464
1757662182,483441960
1757662182,494274232
1757662182,504099128
1757662182,519144008
1757662182,526552584
1757662182,533265704
1757662182,542863736
1757662182,551489256
1757662182,562466712
1757662182,593254024
1757662182,613676200
1757662182,620502216
1757662182,623651512
1757662182,629986360
1757662182,639494936
1757662182,647025736
1757662182,660982120
1757662182,662359352
1757662182,687734808
1757662182,736559112
1757662182,746221224
1757662182,776502648
1757662182,782850040
1757662182,801568744
1757662182,808796808
1757662182,812924360
1757662182,833908440
1757662182,841549112
1757662182,868721480
1757662182,896725976
1757662182,920870616
1757662182,923793688
1757662182,950768536
1757662182,951895144
1757662182,970708680
1757662182,990175928
1757662183,40545880
1757662183,53060392
1757662183,69078760
1757662183,83011496
1757662183,90838744
1757662183,111520440
1757662183,130821144
1757662183,134299096
1757662183,155608920
1757662183,189945912
1757662183,195506728
1757662183,236445464
1757662183,246178904
1757662183,258060424
1757662183,260473944
1757662183,263540632
1757662183,268800872
1757662183,270826280
1757662183,278360744
1757662183,320259288
1757662183,372452920
1757662183,377883336
1757662183,381790120
1757662183,389874920
1757662183,393183512
1757662183,399697704
1757662183,405985608
1757662183,437364264
1757662183,440943704
1757662183,461686872
1757662183,472854840
1757662183,481707640
1757662183,494372888
1757662183,505995064
1757662183,528779240
1757662183,566761304
1757662183,570176712
1757662183,647207336
1757662183,701786984
1757662183,743836632
1757662183,760648840
1757662183,774843080
1757662183,791056248
1757662183,802966856
1757662183,826657848
1757662183,842969736
1757662183,894958712
1757662183,896278456
1757662183,923359288
1757662183,925369768
1757662183,928685656
1757662183,930230296
1757662183,952214456
1757662183,961136920
1757662183,994185912
1757662184,63255544
1757662184,84866600
1757662184,87680248
1757662184,102938568
1757662184,111076856
1757662184,117817688
1757662184,136645608
1757662184,144691704
1757662184,156651864
1757662184,159492328
1757662184,165334744
1757662184,172015208
1757662184,179048760
1757662184,183770472
1757662184,187313848
1757662184,189283320
1757662184,220006952
1757662184,244862408
1757662184,263189304
1757662184,268048344
1757662184,277455960
1757662184,284282712
1757662184,293250696
1757662184,305372536
1757662184,318988904
1757662184,350127464
1757662184,357330968
1757662184,376554136
1757662184,396801560
1757662184,413143896
1757662184,421756472
1757662184,423310648
1757662184,466450040
1757662184,493240872
1757662184,494871976
1757662184,496402360
1757662184,505022760
1757662184,517091688
1757662184,520081624
1757662184,530163784
1757662184,543937880
1757662184,570483800
1757662184,607134488
1757662184,618235960
1757662184,620008984
1757662184,629679304
1757662184,651725704
1757662184,661537704
1757662184,666624536
1757662184,679583528
1757662184,728170312
1757662184,730614856
1757662184,732473272
1757662184,741272360
1757662184,763741784
1757662184,780546920
1757662184,812727544
1757662184,844511688
1757662184,848540568
1757662184,855041112
1757662184,863297704
1757662184,885279288
1757662184,912780744
1757662184,914619480
1757662184,916941928
1757662184,934853192
1757662184,939473336
1757662184,942632408
1757662184,947259640
1757662184,950539832
1757662184,985085048
1757662184,987631128
1757662185,39840520
1757662185,44812984
1757662185,57772280
1757662185,65315992
1757662185,74460872
1757662185,78070456
1757662185,81185256
1757662185,95002024
1757662185,123138392
1757662185,153941416
1757662185,157197528
1757662185,193543272
1757662185,196340376
1757662185,206021832
1757662185,225294072
1757662185,250895512
1757662185,260386648
1757662185,267990072
1757662185,288951944
1757662185,295229816
1757662185,298690808
1757662185,312209368
1757662185,320999736
1757662185,324485640
1757662185,370258312
1757662185,412634296
1757662185,417979720
1757662185,436138488
1757662185,449346488
1757662185,450552296
1757662185,466727416
1757662185,543597096
1757662185,585384568
1757662185,604705880
1757662185,626333912
1757662185,639183608
1757662185,640288440
1757662185,641633352
1757662185,665363064
1757662185,682577608
1757662185,684573528
1757662185,687147064
1757662185,694776408
1757662185,705088872
1757662185,718789000
1757662185,756251624
1757662185,770977880
1757662185,777937576
1757662185,790647896
1757662185,809232232
1757662185,848102776
1757662185,850746040
1757662185,855638888
1757662185,883795576
1757662185,886667752
1757662185,895997736
1757662185,942851464
1757662185,948085704
1757662185,969288024
1757662185,974171096
1757662186,1142424
1757662186,91861144
1757662186,151739560
1757662186,163685464
1757662186,165547320
1757662186,171249000
1757662186,198058680
1757662186,217310792
1757662186,228528152
1757662186,246847512
1757662186,264718408
1757662186,291875288
1757662186,302504520
1757662186,311860488
1757662186,353377560
1757662186,362083656
1757662186,381524264
1757662186,390959576
1757662186,393359016
1757662186,415102984
1757662186,430470952
1757662186,435133512
1757662186,440762360
1757662186,455047512
1757662186,486022840
1757662186,487465224
1757662186,537962952
1757662186,563247352
1757662186,570069128
1757662186,596251720
1757662186,605141160
1757662186,632422584
1757662186,665327352
1757662186,688276744
1757662186,709605416
1757662186,726101688
1757662186,729657944
1757662186,753394264
1757662186,755964776
1757662186,758484600
1757662186,774178840
1757662186,805728744
1757662186,821343256
1757662186,883219112
1757662186,898849240
1757662186,906352904
1757662186,908129208
1757662186,917915016
1757662186,925744648
1757662186,948364312
1757662186,951334072
1757662186,954957672
1757662186,986864296
1757662187,7414072
1757662187,12159080
1757662187,14678232
1757662187,23781576
1757662187,58036936
1757662187,82632824
1757662187,131680696
1757662187,136193016
1757662187,145663272
1757662187,150043208
1757662187,162426952
1757662187,165176584
1757662187,171305352
1757662187,173128552
1757662187,179473944
1757662187,183455016
1757662187,201144920
1757662187,240374872
1757662187,247644360
1757662187,251128376
1757662187,258889720
1757662187,267884312
1757662187,302203144
1757662187,306634888
1757662187,319275064
1757662187,339621208
1757662187,360799128
1757662187,365935048
1757662187,368067400
1757662187,382708328
1757662187,385843992
1757662187,432708424
1757662187,445787256
1757662187,461829768
1757662187,475525928
1757662187,501531784
1757662187,517504104
1757662187,519306216
1757662187,521321208
1757662187,523870824
1757662187,537473912
1757662187,564943144
1757662187,605250152
1757662187,680927800
1757662187,690246696
1757662187,725591272
1757662187,760940184
1757662187,773760536
1757662187,793125224
1757662187,795212808
1757662187,893396040
1757662187,913903640
1757662187,925582040
1757662187,927448728
1757662187,932264872
1757662187,946099880
1757662188,16906776
1757662188,19540088
1757662188,50842648
1757662188,52936744
1757662188,70412664
1757662188,78559928
1757662188,107320488
1757662188,114755896
1757662188,121081704
1757662188,126244584
1757662188,133177928
1757662188,157797384
1757662188,176737432
1757662188,186399576
1757662188,219558344
1757662188,234809448
1757662188,236926296
1757662188,258269640
1757662188,259812792
1757662188,265176584
1757662188,279967416
1757662188,304601432
1757662188,324791320
1757662188,330418152
1757662188,338901768
1757662188,355052376
1757662188,402037352
1757662188,437017576
1757662188,448878696
1757662188,459736200
1757662188,478291176
1757662188,497998344
1757662188,501500536
1757662188,516747032
1757662188,520591512
1757662188,539209752
1757662188,541252216
1757662188,595998840
1757662188,600821336
1757662188,615480552
1757662188,619921032
1757662188,638851096
1757662188,642161640
1757662188,650071096
1757662188,661607096
1757662188,676613592
1757662188,695538280
1757662188,706543320
1757662188,762456136
1757662188,772446760
1757662188,782715048
1757662188,787129096
1757662188,795725688
1757662188,804293096
1757662188,822246504
1757662188,830942776
1757662188,862791800
1757662188,892250792
1757662188,912931256
1757662188,924502552
1757662188,960352760
1757662188,962848952
1757662188,965654904
1757662188,990203080
1757662189,3554904
1757662189,10288904
1757662189,22644264
1757662189,37231800
1757662189,72932136
1757662189,78258424
1757662189,89720888
1757662189,108447288
1757662189,113715624
1757662189,125768696
1757662189,143777624
1757662189,168731848
1757662189,187939880
1757662189,193377480
1757662189,199287864
1757662189,201105064
1757662189,210575032
1757662189,296451048
1757662189,306958440
1757662189,312163480
1757662189,318547304
1757662189,327763848
1757662189,337059992
1757662189,409808920
1757662189,417230152
1757662189,484372152
1757662189,485508744
1757662189,511070824
1757662189,516030632
1757662189,537965640
1757662189,548854536
1757662189,580307160
1757662189,586254104
1757662189,591989368
1757662189,600077560
1757662189,626834920
1757662189,639029352
1757662189,661623272
1757662189,675314344
1757662189,677903272
1757662189,698325704
1757662189,731720712
1757662189,742710280
1757662189,789527432
1757662189,792926376
1757662189,823688072
1757662189,830651656
1757662189,849767384
1757662189,855177320
1757662189,862554344
1757662189,867518760
1757662189,873429864
1757662189,879487192
1757662189,897922632
1757662189,941508184
1757662189,980130840
1757662189,986693832
1757662190,5100456
1757662190,13767448
1757662190,14794760
1757662190,31923112
1757662190,60098776
1757662190,86810520
1757662190,91357176
1757662190,118258936
1757662190,131796440
1757662190,135844392
1757662190,144270760
1757662190,165905960
1757662190,171309128
1757662190,188368392
1757662190,234190248
1757662190,243452680
1757662190,320958008
1757662190,322565064
1757662190,333612584
1757662190,336757048
1757662190,345530040
1757662190,367464312
1757662190,387364104
1757662190,418227928
1757662190,453492728
1757662190,515900936
1757662190,521101688
1757662190,548842424
1757662190,576051720
1757662190,584614312
1757662190,612990568
1757662190,621390456
1757662190,641699368
1757662190,643265432
1757662190,661495752
1757662190,756586376
1757662190,785915752
1757662190,812158360
1757662190,823955304
1757662190,826228056
1757662190,842673912
1757662190,844611928
1757662190,869867800
1757662190,905266664
1757662190,936419096
1757662190,948643368
1757662190,964958392
1757662190,980041592
1757662191,1727272
1757662191,5870776
1757662191,18381368
1757662191,23393672
1757662191,28874504
1757662191,33031320
1757662191,54222728
1757662191,86314552
1757662191,90361528
1757662191,93749320
1757662191,99615688
1757662191,110974328
1757662191,142130600
1757662191,176219992
1757662191,224210552
1757662191,280932136
1757662191,336071272
1757662191,367192696
1757662191,368896856
1757662191,383300344
1757662191,455645000
1757662191,466622120
1757662191,484015816
1757662191,503713448
1757662191,510035128
1757662191,526287640
1757662191,536567912
1757662191,538625816
1757662191,544158568
1757662191,607426232
1757662191,610944936
1757662191,671745032
1757662191,701513640
1757662191,714104088
1757662191,736487128
1757662191,739141112
1757662191,768240696
1757662191,783063352
1757662191,785064520
1757662191,832789784
1757662191,846307656
1757662191,886072920
1757662191,888487160
1757662191,907898968
1757662191,911251176
1757662191,956406376
1757662191,994590072
1757662192,2585720
1757662192,3968056
1757662192,8108600
1757662192,23514040
1757662192,35086264
1757662192,39578328
1757662192,63884568
1757662192,65216200
1757662192,67950008
1757662192,104577080
1757662192,106829928
1757662192,119612136
1757662192,162788968
1757662192,173407832
1757662192,193039528
1757662192,200265944
1757662192,202734120
1757662192,228093816
1757662192,229659368
1757662192,236574152
1757662192,244752728
1757662192,290184824
1757662192,298460296
1757662192,310678440
1757662192,355089976
1757662192,360394104
1757662192,374256584
1757662192,404769016
1757662192,411034456
1757662192,421893144
1757662192,447309176
1757662192,454468760
1757662192,493525784
1757662192,529868024
1757662192,543988904
1757662192,550557384
1757662192,569472952
1757662192,577323160
1757662192,581950936
1757662192,590445416
1757662192,603617160
1757662192,610924184
1757662192,613386808
1757662192,619654152
1757662192,659887144
1757662192,671700488
1757662192,686707112
1757662192,693997208
1757662192,700981784
1757662192,707814920
1757662192,729547480
1757662192,800653736
1757662192,808984904
1757662192,817124296
1757662192,835855352
1757662192,869812728
1757662192,879272904
1757662192,902769736
1757662192,907866040
1757662192,925265016
1757662192,928492872
1757662192,948750872
1757662192,968484360
1757662192,975010072
1757662192,981556104
1757662192,984424408
1757662192,986410568
1757662193,3655192
1757662193,37856632
1757662193,46768648
1757662193,50839176
1757662193,55920600
1757662193,59849688
1757662193,99734072
1757662193,112203496
1757662193,135474264
1757662193,140080632
1757662193,176313752
1757662193,181707448
1757662193,190235624
1757662193,217799288
1757662193,225344152
1757662193,227757944
1757662193,238698824
1757662193,245740904
1757662193,255169784
1757662193,269092424
1757662193,275883480
1757662193,282598552
1757662193,294649480
1757662193,390637848
1757662193,400222248
1757662193,418418728
1757662193,421709976
1757662193,458208488
1757662193,472627736
1757662193,476695128
1757662193,486695880
1757662193,501732024
1757662193,508032712
1757662193,533740248
1757662193,535548936
1757662193,560458088
1757662193,587160040
1757662193,592207656
1757662193,613323080
1757662193,627399000
1757662193,633605112
1757662193,635719400
1757662193,684258312
1757662193,728729432
1757662193,739614376
1757662193,761008552
1757662193,787410744
1757662193,807526840
1757662193,822767784
1757662193,825356040
1757662193,847214200
1757662193,852918216
1757662193,859035976
1757662193,861878504
1757662193,906021560
1757662193,908262360
1757662193,915816280
1757662193,934357448
1757662193,972801880
1757662193,978622456
1757662194,12523112
1757662194,66999208
1757662194,76598536
1757662194,89052328
1757662194,111545064
1757662194,116200744
1757662194,119223416
1757662194,123539240
1757662194,159001160
1757662194,171077416
1757662194,223167768
1757662194,225509256
1757662194,246000648
1757662194,273851240
1757662194,323528568
1757662194,329818040
1757662194,362912168
1757662194,374294888
1757662194,378567096
1757662194,391881496
1757662194,414306488
1757662194,437369960
1757662194,459045768
1757662194,463133080
1757662194,485953096
1757662194,493867992
1757662194,497597576
1757662194,511721144
1757662194,575272760
1757662194,581595960
1757662194,623843112
1757662194,653076776
1757662194,691729000
1757662194,749937240
1757662194,754426904
1757662194,768307944
1757662194,771698952
1757662194,826859352
1757662194,832306584
1757662194,843931432
1757662194,855359656
1757662194,856701208
1757662194,899700568
1757662194,902024168
1757662194,915319448
1757662194,926768808
1757662194,935620056
1757662194,957946632
1757662194,961282104
1757662194,977103240
1757662195,14067336
1757662195,36809624
1757662195,47391432
1757662195,70925960
1757662195,77180520
1757662195,92624856
1757662195,131547432
1757662195,154401048
1757662195,176648920
1757662195,183706408
1757662195,200683544
1757662195,205757016
1757662195,209374072
1757662195,243770248
1757662195,251852504
1757662195,260630328
1757662195,276170632
1757662195,290724536
1757662195,311643016
1757662195,323885896
1757662195,329795080
1757662195,357990200
1757662195,361161080
1757662195,362530152
1757662195,367052168
1757662195,370768536
1757662195,389236168
1757662195,393698520
1757662195,401575224
1757662195,423415192
1757662195,452035448
1757662195,455809160
1757662195,471470408
1757662195,487231064
1757662195,492848600
1757662195,513170328
1757662195,525574136
1757662195,529641976
1757662195,531865272
1757662195,536439912
1757662195,609961416
1757662195,616983320
1757662195,623165512
1757662195,671380152
1757662195,678186456
1757662195,704021912
1757662195,719353256
1757662195,723356760
1757662195,755217880
1757662195,761036312
1757662195,768521080
1757662195,792808872
1757662195,822605784
1757662195,846308904
1757662195,880321928
1757662195,893958840
1757662195,904438024
1757662195,914141768
1757662195,918906184
1757662195,929900088
1757662195,958565848
1757662195,988250024
1757662196,29509528
1757662196,46888088
1757662196,59432168
1757662196,72470392
1757662196,88533032
1757662196,98913816
1757662196,101580024
1757662196,138626136
1757662196,140148520
1757662196,171157752
1757662196,176759752
1757662196,192114168
1757662196,196962168
1757662196,253689656
1757662196,270201176
1757662196,273075976
1757662196,275687464
1757662196,288359048
1757662196,315572728
1757662196,331175128
1757662196,347226088
1757662196,356143480
1757662196,408888248
1757662196,416304104
1757662196,428849544
1757662196,478260888
1757662196,482728216
1757662196,487095112
1757662196,488970024
1757662196,492567256
1757662196,510280984
1757662196,512771064
1757662196,534718648
1757662196,556526376
1757662196,570098200
1757662196,621732904
1757662196,633610232
1757662196,636634952
1757662196,648377704
1757662196,694273704
1757662196,713483256
1757662196,717225848
1757662196,721920456
1757662196,773040312
1757662196,794042184
1757662196,834433096
1757662196,841505480
1757662196,848111352
1757662196,856515080
1757662196,872472632
1757662196,883365080
1757662196,885986664
1757662196,889128248
1757662196,909132872
1757662196,915785896
1757662196,968945928
1757662196,971162312
1757662196,988111512
1757662197,6741368
1757662197,27251800
1757662197,67481752
1757662197,130185704
1757662197,131906696
1757662197,160379320
1757662197,167734456
1757662197,182645560
1757662197,213936856
1757662197,253630408
1757662197,286642088
1757662197,294561480
1757662197,302294664
1757662197,305606824
1757662197,317169176
1757662197,321379576
1757662197,358828792
1757662197,370258600
1757662197,383337992
1757662197,399024024
1757662197,416181736
1757662197,444007944
1757662197,447576328
1757662197,454517304
1757662197,463625416
1757662197,492796120
1757662197,501801560
1757662197,511396600
1757662197,517232840
1757662197,528994136
1757662197,539780584
1757662197,543267352
1757662197,558970808
1757662197,579786952
1757662197,584194328
1757662197,592857960
1757662197,596366184
1757662197,598091192
1757662197,611905096
1757662197,629159016
1757662197,643770184
1757662197,646015832
1757662197,674188456
1757662197,677025816
1757662197,716411592
1757662197,718591560
1757662197,730987240
1757662197,735124744
1757662197,739306664
1757662197,751589688
1757662197,767320520
1757662197,769251368
1757662197,784677352
1757662197,840741000
1757662197,846081496
1757662197,856456344
1757662197,915474568
1757662197,943943016
1757662197,947366904
1757662197,969403704
1757662197,976971032
1757662197,981491064
1757662198,43290472
1757662198,63975864
1757662198,66354200
1757662198,99747608
1757662198,132391128
1757662198,153389640
1757662198,167618904
1757662198,177948456
1757662198,185068552
1757662198,204549736
1757662198,234630216
1757662198,247993224
1757662198,251081496
1757662198,259863400
1757662198,289110728
1757662198,295985704
1757662198,309816840
1757662198,329430472
1757662198,371804984
1757662198,387490184
1757662198,394157208
1757662198,410574856
1757662198,412904456
1757662198,425217416
1757662198,439585432
1757662198,462512184
1757662198,465606264
1757662198,472141528
1757662198,482866696
1757662198,511110056
1757662198,546380296
1757662198,550291944
1757662198,553780920
1757662198,559962568
1757662198,570314424
1757662198,604570776
1757662198,641314744
1757662198,660708232
1757662198,680052616
1757662198,692327192
1757662198,697049352
1757662198,718967816
1757662198,768613688
1757662198,791666072
1757662198,795825288
1757662198,838524584
1757662198,840716440
1757662198,852418152
1757662198,860512456
1757662198,879609992
1757662198,905005928
1757662198,909498632
1757662198,915118728
1757662198,916768664
1757662198,922798856
1757662198,934144280
1757662198,954312552
1757662198,959783128
1757662198,963185784
1757662198,980391800
1757662198,985852648
1757662198,995510280
1757662199,29126616
1757662199,42361112
1757662199,50962248
1757662199,72178504
1757662199,91879864
1757662199,102798280
1757662199,112178168
1757662199,116961416
1757662199,118148104
1757662199,136748776
1757662199,142543864
1757662199,146455640
1757662199,159646152
1757662199,177258712
1757662199,187390712
1757662199,192616760
1757662199,193692040
1757662199,204732760
1757662199,212751976
1757662199,224990632
1757662199,237557272
1757662199,279534744
1757662199,283055160
1757662199,285656136
1757662199,293630376
1757662199,342078264
1757662199,344887928
1757662199,395239128
1757662199,434624312
1757662199,475034936
1757662199,477818024
1757662199,479552664
1757662199,509719912
1757662199,510998088
1757662199,515168696
1757662199,555377880
1757662199,566137544
1757662199,579846904
1757662199,594512440
1757662199,625705688
1757662199,628878808
1757662199,636439672
1757662199,639057528
1757662199,663717016
1757662199,666135528
1757662199,677627496
1757662199,681204584
1757662199,704650376
1757662199,716914088
1757662199,724262728
1757662199,726851336
1757662199,734374952
1757662199,766842232
1757662199,787711896
1757662199,796290232
1757662199,821878584
1757662199,830491432
1757662199,882861048
1757662199,887576408
1757662199,912131544
1757662199,974209576
1757662199,994230760
1757662200,5888424
1757662200,14125768
1757662200,87809528
1757662200,109067880
1757662200,119748024
1757662200,127053640
1757662200,129661784
1757662200,139902696
1757662200,171435704
1757662200,200711464
1757662200,212040152
1757662200,228583656
1757662200,232321256
1757662200,234603784
1757662200,252739384
1757662200,298367848
1757662200,302836808
1757662200,305803784
1757662200,334434984
1757662200,338893288
1757662200,362476872
1757662200,364724376
1757662200,368142680
1757662200,381021080
1757662200,386776504
1757662200,409271896
1757662200,431286280
1757662200,436518584
1757662200,454280984
1757662200,505311576
1757662200,510423032
1757662200,594927624
1757662200,597989976
1757662200,612642968
1757662200,620259464
1757662200,659362056
1757662200,690451240
1757662200,728218360
1757662200,749944760
1757662200,758039528
1757662200,792816120
1757662200,799445096
1757662200,800831768
1757662200,805793688
1757662200,814285096
1757662200,831277400
1757662200,832721112
1757662200,845039144
1757662200,853639256
1757662200,859438664
1757662200,867597128
1757662200,874737256
1757662200,899324776
1757662200,942049368
1757662201,26629544
1757662201,33534584
1757662201,54548520
1757662201,78537256
1757662201,130025992
1757662201,150118968
1757662201,160385176
1757662201,164528008
1757662201,178816328
1757662201,180219992
1757662201,189297816
1757662201,201936536
1757662201,218213320
1757662201,253683368
1757662201,283811544
1757662201,286956296
1757662201,339669416
1757662201,341368888
1757662201,351995144
1757662201,371845752
1757662201,384184408
1757662201,385781672
1757662201,430173192
1757662201,437068760
1757662201,450659832
1757662201,464898088
1757662201,474116536
1757662201,495145112
1757662201,502436584
1757662201,516655864
1757662201,521025400
1757662201,565621416
1757662201,585009240
1757662201,624011640
1757662201,641407480
1757662201,652039272
1757662201,668337096
1757662201,699869640
1757662201,701725368
1757662201,726652968
1757662201,740051752
1757662201,771122968
1757662201,792221848
1757662201,826326152
1757662201,836775784
1757662201,862230152
1757662201,868482904
1757662201,880708680
1757662201,884867208
1757662201,889898520
1757662201,893853192
1757662201,910137352
1757662201,916622824
1757662201,918144200
1757662201,919437896
1757662201,926624120
1757662201,952039096
1757662201,955383512
1757662201,956669880
1757662201,978170488
1757662201,984719336
1757662202,560680
1757662202,52629320
1757662202,62168216
1757662202,82070840
1757662202,86449336
1757662202,88815944
1757662202,90373624
1757662202,125242424
1757662202,130344664
1757662202,133963416
1757662202,141615784
1757662202,143095720
1757662202,145054184
1757662202,179564440
1757662202,212950200
1757662202,218623928
1757662202,230098696
1757662202,235800792
1757662202,243714040
1757662202,249725128
1757662202,266872520
1757662202,271312728
1757662202,302321336
1757662202,305250056
1757662202,314033720
1757662202,322093064
1757662202,327719864
1757662202,333511240
1757662202,348394648
1757662202,360162056
1757662202,366870696
1757662202,372457928
1757662202,385678040
1757662202,434414120
1757662202,440238344
1757662202,443653608
1757662202,449850328
1757662202,464997800
1757662202,466738248
1757662202,478611048
1757662202,498172456
1757662202,499863816
1757662202,504773080
1757662202,506653944
1757662202,509063016
1757662202,513815448
1757662202,520664104
1757662202,535594008
1757662202,540592936
1757662202,542782584
1757662202,556534760
1757662202,561728568
1757662202,568952136
1757662202,571145816
1757662202,574827080
1757662202,586532424
1757662202,603487928
1757662202,614985464
1757662202,617974696
1757662202,624030424
1757662202,639263688
1757662202,665075768
1757662202,714145256
1757662202,734500552
1757662202,748423576
1757662202,753207032
1757662202,760172184
1757662202,804553704
1757662202,832749128
1757662202,878592296
1757662202,885239864
1757662202,890381112
1757662202,916087368
1757662202,929588920
1757662202,959989336
1757662202,992112808
1757662202,993994152
1757662202,996124936
1757662203,5990200
1757662203,50869176
1757662203,55401384
1757662203,58496440
1757662203,61696184
1757662203,74033048
1757662203,76318328
1757662203,81616440
1757662203,83747240
1757662203,93734936
1757662203,197187656
1757662203,198535832
1757662203,212053256
1757662203,228829880
1757662203,231895144
1757662203,239915672
1757662203,241635656
1757662203,284513704
1757662203,291828568
1757662203,310822696
1757662203,322796872
1757662203,330008184
1757662203,350990152
1757662203,365526952
1757662203,373234648
1757662203,375591576
1757662203,433091432
1757662203,465604984
1757662203,486238648
1757662203,500309496
1757662203,516515080
1757662203,518270872
1757662203,528743464
1757662203,531852680
1757662203,540389336
1757662203,548468360
1757662203,558663816
1757662203,570580200
1757662203,602803432
1757662203,616544744
1757662203,645147720
1757662203,647008760
1757662203,655458648
1757662203,658694200
1757662203,684716824
1757662203,697932232
1757662203,707991576
1757662203,711402136
1757662203,723613960
1757662203,729987016
1757662203,741567816
1757662203,744242104
1757662203,781739752
1757662203,844587384
1757662203,853290920
1757662203,857128600
1757662203,869041512
1757662203,872596632
1757662203,876956600
1757662203,911378952
1757662203,916150824
1757662203,919894664
1757662203,924587336
1757662203,944511864
1757662203,948076696
1757662203,966005880
1757662203,971916024
1757662203,974263816
1757662203,984382744
1757662204,11855784
1757662204,20826136
1757662204,27742424
1757662204,59727832
1757662204,66017288
1757662204,73210264
1757662204,89029272
1757662204,110747288
1757662204,125115448
1757662204,133945960
1757662204,148771032
1757662204,161067240
1757662204,162792872
1757662204,165944264
1757662204,169149272
1757662204,190316360
1757662204,194479976
1757662204,209041368
1757662204,240794584
1757662204,243826984
1757662204,268654696
1757662204,275365560
1757662204,286419416
1757662204,301207800
1757662204,317701640
1757662204,323419976
1757662204,329462136
1757662204,354178808
1757662204,395464232
1757662204,410992648
1757662204,451737432
1757662204,471720120
1757662204,498249752
1757662204,501395784
1757662204,518804440
1757662204,533567064
1757662204,535183480
1757662204,540207144
1757662204,586621528
1757662204,588174824
1757662204,613545672
1757662204,614965128
1757662204,631552360
1757662204,640362232
1757662204,645407080
1757662204,677021688
1757662204,679244200
1757662204,703970248
1757662204,773094696
1757662204,782963816
1757662204,795791080
1757662204,799562840
1757662204,825824840
1757662204,827562760
1757662204,848446904
1757662204,882422792
1757662204,924098280
1757662204,927015960
1757662204,944548600
1757662204,980723224
1757662204,982168008
1757662204,985538568
1757662205,7684552
1757662205,15451288
1757662205,23830104
1757662205,26861656
1757662205,40785080
1757662205,79864792
1757662205,91469784
1757662205,92776728
1757662205,119321544
1757662205,136705032
1757662205,138356760
1757662205,169135720
1757662205,174477800
1757662205,186499320
1757662205,222587640
1757662205,228553016
1757662205,231991880
1757662205,235036696
1757662205,249639944
1757662205,257845400
1757662205,291541688
1757662205,300251000
1757662205,303644760
1757662205,331932328
1757662205,342080408
1757662205,345366040
1757662205,351417448
1757662205,357793368
1757662205,363045368
1757662205,373803784
1757662205,409776888
1757662205,469449656
1757662205,496993480
1757662205,517255320
1757662205,531114632
1757662205,557267640
1757662205,570125288
1757662205,574972552
1757662205,601268552
1757662205,611022008
1757662205,624478440
1757662205,648954296
1757662205,657430152
1757662205,679495384
1757662205,716584536
1757662205,719469448
1757662205,738994568
1757662205,757547544
1757662205,759686616
1757662205,762927560
1757662205,783550760
1757662205,788716248
1757662205,793596344
1757662205,818021048
1757662205,832125592
1757662205,856752792
1757662205,863785032
1757662205,864909240
1757662205,877407096
1757662205,878804456
1757662205,883120296
1757662205,939151304
1757662205,945762552
1757662205,948341000
1757662205,950661592
1757662205,961089224
1757662205,969330056
1757662205,990833336
1757662206,8392440
1757662206,13365512
1757662206,29409080
1757662206,82458120
1757662206,112511064
1757662206,122604088
1757662206,131468728
1757662206,133836104
1757662206,153485304
1757662206,166891176
1757662206,178383672
1757662206,186263368
1757662206,189567640
1757662206,190927992
1757662206,193445976
1757662206,257675128
1757662206,291663560
1757662206,298142600
1757662206,304346504
1757662206,309925432
1757662206,334256328
1757662206,347167400
1757662206,363029848
1757662206,386935368
1757662206,411931400
1757662206,414352936
1757662206,415644232
1757662206,428758776
1757662206,430500952
1757662206,431677528
1757662206,444326472
1757662206,458451784
1757662206,493406664
1757662206,511226136
1757662206,546709336
1757662206,578369192
1757662206,601009144
1757662206,611282296
1757662206,619239784
1757662206,623202936
1757662206,634491656
1757662206,645123048
1757662206,647084168
1757662206,685441016
1757662206,699294088
1757662206,700346040
1757662206,705690616
1757662206,733015464
1757662206,746959000
1757662206,758721496
1757662206,785750664
1757662206,789516040
1757662206,825159000
1757662206,839097016
1757662206,886789816
1757662206,889308344
1757662206,894194936
1757662206,906605736
1757662206,939285640
1757662206,953332504
1757662206,956402536
1757662206,960033976
1757662206,977657352
1757662206,995173688
1757662206,996369720
1757662206,999696808
1757662207,23409784
1757662207,25906712
1757662207,27402856
1757662207,58461080
1757662207,106963464
1757662207,109782280
1757662207,122231448
1757662207,135871928
1757662207,149553256
1757662207,167681304
1757662207,258911672
1757662207,303246920
1757662207,311562456
1757662207,317065864
1757662207,328340120
1757662207,335501496
1757662207,338702648
1757662207,367680744
1757662207,380774408
1757662207,398619416
1757662207,408569528
1757662207,436696408
1757662207,438552744
1757662207,462672488
1757662207,473905704
1757662207,479641688
1757662207,527223880
1757662207,535127192
1757662207,536984552
1757662207,543830616
1757662207,550551064
1757662207,561746008
1757662207,563967016
1757662207,571922792
1757662207,619222936
1757662207,621549624
1757662207,626238072
1757662207,629514696
1757662207,639738936
1757662207,645282120
1757662207,662388552
1757662207,670889768
1757662207,673495480
1757662207,681615656
1757662207,710613496
1757662207,711687976
1757662207,749713560
1757662207,766956280
1757662207,775026680
1757662207,778594520
1757662207,785081896
1757662207,799722040
1757662207,804475512
1757662207,810669016
1757662207,849210696
1757662207,871570584
1757662207,887351256
1757662207,908242488
1757662207,943129368
1757662207,960593752
1757662207,969417080
1757662207,981449384
1757662207,985806216
1757662208,34912072
1757662208,54369096
1757662208,66747832
1757662208,80439224
1757662208,108067448
1757662208,110463400
1757662208,116236280
1757662208,125890776
1757662208,137831624
1757662208,156478232
1757662208,160305256
1757662208,168219896
1757662208,173160744
1757662208,193349656
1757662208,214467592
1757662208,220714616
1757662208,243613592
1757662208,259826168
1757662208,261534248
1757662208,267973784
1757662208,275167496
1757662208,285381912
1757662208,292936904
1757662208,319529544
1757662208,359388504
1757662208,378501560
1757662208,381418680
1757662208,399459544
1757662208,402364776
1757662208,414535208
1757662208,424484744
1757662208,427080696
1757662208,441621560
1757662208,455959896
1757662208,472156408
1757662208,494359944
1757662208,498882584
1757662208,504784408
1757662208,546228648
1757662208,550891816
1757662208,556337800
1757662208,562466248
1757662208,587615288
1757662208,589680456
1757662208,596907912
1757662208,602812632
1757662208,607017032
1757662208,646763304
1757662208,650598552
1757662208,661677064
1757662208,673111176
1757662208,677166280
1757662208,691543896
1757662208,703795272
1757662208,716115720
1757662208,723015656
1757662208,725545928
1757662208,731782504
1757662208,735440296
1757662208,779416008
1757662208,811612728
1757662208,833049112
1757662208,841479288
1757662208,843754696
1757662208,872454312
1757662208,894700280
1757662208,906730984
1757662208,919233560
1757662208,944378680
1757662208,954588344
1757662208,981732952
1757662208,992957416
1757662209,7793928
1757662209,9619176
1757662209,11681304
1757662209,17926488
1757662209,23172264
1757662209,43220648
1757662209,136400312
1757662209,141681352
1757662209,162699912
1757662209,179544184
1757662209,188120440
1757662209,191681352
1757662209,194928424
1757662209,221114088
1757662209,234615960
1757662209,236057928
1757662209,260878056
1757662209,275143256
1757662209,282076296
1757662209,311760488
1757662209,340169272
1757662209,365875496
1757662209,424445192
1757662209,427972120
1757662209,429162728
1757662209,442766952
1757662209,452931432
1757662209,455708312
1757662209,469856392
1757662209,539861512
1757662209,547258792
1757662209,550731496
1757662209,561979320
1757662209,564461592
1757662209,571676728
1757662209,581412104
1757662209,591382632
1757662209,593583352
1757662209,606255800
1757662209,643950120
1757662209,652973448
1757662209,661684760
1757662209,669496360
1757662209,676584312
1757662209,683983848
1757662209,686796936
1757662209,705701656
1757662209,718238152
1757662209,730452008
1757662209,739832728
1757662209,766750280
1757662209,774139944
1757662209,792048728
1757662209,814092168
1757662209,846808520
1757662209,853754952
1757662209,887581128
1757662209,906749272
1757662209,936497000
1757662209,940321576
1757662209,968984856
1757662210,23458792
1757662210,29353352
1757662210,62406632
1757662210,71493032
1757662210,158969784
1757662210,177894024
1757662210,201275880
1757662210,218779368
1757662210,236718136
1757662210,273819592
1757662210,278184936
1757662210,298060008
1757662210,331228168
1757662210,364849032
1757662210,367199576
1757662210,370047464
1757662210,415168504
1757662210,429923768
1757662210,435009768
1757662210,455513176
1757662210,466428904
1757662210,480797752
1757662210,487819448
1757662210,504987000
1757662210,557914392
1757662210,585057848
1757662210,594209384
1757662210,627183816
1757662210,668406280
1757662210,689100616
1757662210,700137672
1757662210,709658184
1757662210,711417288
1757662210,716990600
1757662210,745933176
1757662210,757233544
1757662210,778753032
1757662210,785066488
1757662210,799042312
1757662210,853916664
1757662210,866597992
1757662210,885887272
1757662210,909471016
1757662210,943049208
1757662210,954433656
1757662210,963524776
1757662210,972530200
1757662210,979523320
1757662210,990939528
1757662211,9384072
1757662211,12655224
1757662211,22538040
1757662211,29198344
1757662211,40692296
1757662211,59168376
1757662211,85255400
1757662211,107220840
1757662211,145832440
1757662211,161567464
1757662211,164881896
1757662211,180254200
1757662211,207346888
1757662211,229290488
1757662211,245047080
1757662211,252945384
1757662211,260128584
1757662211,283536360
1757662211,304784648
1757662211,319176648
1757662211,424913224
1757662211,428125496
1757662211,444189192
1757662211,454498008
1757662211,464530376
1757662211,468235352
1757662211,489380776
1757662211,505386616
1757662211,507667304
1757662211,509669160
1757662211,510904328
1757662211,523403784
1757662211,536578984
1757662211,555881528
1757662211,558352680
1757662211,584062024
1757662211,590686552
1757662211,628907448
1757662211,633994776
1757662211,638641048
1757662211,640298472
1757662211,641461272
1757662211,644349048
1757662211,676683320
1757662211,690731240
1757662211,700997176
1757662211,704660936
1757662211,716514088
1757662211,729721544
1757662211,775891256
1757662211,778404376
1757662211,796604056
1757662211,817698392
1757662211,828643384
1757662211,842032136
1757662211,851759048
1757662211,867226344
1757662211,869529240
1757662211,873326584
1757662211,875861240
1757662211,922101336
1757662211,928856360
1757662211,939444488
1757662211,950236696
1757662211,961852552
1757662211,971723272
1757662211,978853544
1757662212,15295800
1757662212,45554344
1757662212,53613512
1757662212,56819640
1757662212,95340712
1757662212,133579544
1757662212,188839224
1757662212,193971800
1757662212,219396072
1757662212,220789432
1757662212,248822712
1757662212,270977912
1757662212,281832456
1757662212,312565496
1757662212,315756536
1757662212,317647256
1757662212,322635928
1757662212,343373848
1757662212,344808040
1757662212,346888280
1757662212,348961304
1757662212,383023352
1757662212,386170840
1757662212,391011752
1757662212,410723992
1757662212,415829320
1757662212,429188360
1757662212,433832808
1757662212,439782232
1757662212,457164152
1757662212,463459192
1757662212,510793064
1757662212,524920344
1757662212,528807768
1757662212,538878632
1757662212,543395960
1757662212,548820504
1757662212,556817352
1757662212,583024152
1757662212,609266120
1757662212,622785192
1757662212,626296824
1757662212,661223864
1757662212,685574904
1757662212,703355912
1757662212,707978248
1757662212,740876440
1757662212,742671752
1757662212,749518984
1757662212,757219944
1757662212,779661256
1757662212,801948712
1757662212,808244040
1757662212,822806872
1757662212,876164504
1757662212,882390264
1757662212,883944392
1757662212,897940840
1757662212,915834744
1757662212,929494264
1757662212,943577608
1757662212,957339512
1757662212,964848648
1757662212,967434184
1757662212,983978584
1757662213,9613880
1757662213,39171304
1757662213,41331208
1757662213,53099576
1757662213,75307240
1757662213,81442120
1757662213,82791624
1757662213,86416056
1757662213,117762488
1757662213,132193848
1757662213,150407880
1757662213,157611288
1757662213,176714760
1757662213,205810456
1757662213,222032984
1757662213,235339032
1757662213,237388728
1757662213,293150792
1757662213,328503112
1757662213,348639544
1757662213,365809944
1757662213,370956712
1757662213,376178584
1757662213,397251320
1757662213,401406344
1757662213,413724856
1757662213,421637272
1757662213,449073432
1757662213,476141864
1757662213,479480760
1757662213,534658312
1757662213,555447016
1757662213,563984328
1757662213,578772232
1757662213,610808328
1757662213,615015768
1757662213,641871896
1757662213,657159336
1757662213,665607816
1757662213,687357208
1757662213,693780344
1757662213,709862216
1757662213,740452936
1757662213,800677560
1757662213,818749944
1757662213,821631880
1757662213,829172200
1757662213,843196648
1757662213,844751016
1757662213,857980344
1757662213,877500168
1757662213,884000456
1757662213,957538072
1757662213,964486424
1757662214,2791384
1757662214,3919176
1757662214,19513384
1757662214,35477272
1757662214,64517592
1757662214,98462808
1757662214,104119688
1757662214,109085992
1757662214,125400584
1757662214,150499144
1757662214,151837832
1757662214,167638600
1757662214,183268744
1757662214,224385480
1757662214,248528104
1757662214,252661832
1757662214,254307720
1757662214,277879768
1757662214,284826264
1757662214,296653256
1757662214,300708056
1757662214,316108680
1757662214,324665560
1757662214,328934552
1757662214,360431912
1757662214,367386904
1757662214,410627032
1757662214,427989688
1757662214,439876536
1757662214,460528664
1757662214,475432376
1757662214,496623384
1757662214,511600808
1757662214,521397320
1757662214,540587416
1757662214,544654872
1757662214,601253160
1757662214,609737560
1757662214,614647128
1757662214,616299576
1757662214,632286360
1757662214,642692776
1757662214,669464024
1757662214,677119304
1757662214,678458040
1757662214,686250840
1757662214,696665976
1757662214,698071608
1757662214,714633368
1757662214,716791880
1757662214,784752680
1757662214,791080600
1757662214,794813848
1757662214,796569912
1757662214,800633512
1757662214,809812872
1757662214,823976280
1757662214,825252792
1757662214,845949784
1757662214,854028280
1757662214,862909544
1757662214,899651544
1757662214,905159832
1757662214,984072904
1757662215,12347176
1757662215,15204520
1757662215,28343928
1757662215,31288888
1757662215,63467368
1757662215,71986536
1757662215,83266216
1757662215,99904120
1757662215,115641224
1757662215,119579128
1757662215,135121320
1757662215,158579544
1757662215,174623800
1757662215,182300872
1757662215,193642680
1757662215,195331288
1757662215,208563000
1757662215,218450104
1757662215,236090552
1757662215,246857000
1757662215,270394184
1757662215,285358472
1757662215,311242072
1757662215,314446776
1757662215,328671528
1757662215,364001928
1757662215,379864984
1757662215,389513448
1757662215,461256904
1757662215,472287896
1757662215,479446056
1757662215,487557832
1757662215,494094856
1757662215,500669976
1757662215,544682296
1757662215,552551960
1757662215,563981272
1757662215,610491048
1757662215,622068184
1757662215,653062968
1757662215,676963384
1757662215,681874168
1757662215,685289960
1757662215,687613704
1757662215,688960712
1757662215,692734696
1757662215,697469640
1757662215,705595800
1757662215,740206904
1757662215,757615064
1757662215,777168024
1757662215,780838552
1757662215,784028008
1757662215,786949256
1757662215,798221544
1757662215,800469240
1757662215,814635704
1757662215,817261736
1757662215,841814056
1757662215,862478888
1757662215,863835080
1757662215,866378760
1757662215,921980904
1757662215,943589160
1757662215,955871544
1757662216,23574840
1757662216,39097512
1757662216,44487384
1757662216,54293304
1757662216,59611832
1757662216,61853672
1757662216,75441192
1757662216,99403192
1757662216,118284888
1757662216,129855752
1757662216,139464056
1757662216,164888552
1757662216,166356536
1757662216,185088920
1757662216,188886376
1757662216,200185384
1757662216,234640136
1757662216,261152856
1757662216,268988952
1757662216,283792312
1757662216,291315512
1757662216,296382072
1757662216,303343384
1757662216,319674936
1757662216,354469896
1757662216,357374392
1757662216,379274680
1757662216,385649080
1757662216,390858744
1757662216,396405256
1757662216,437460584
1757662216,452735656
1757662216,528524488
1757662216,546234792
1757662216,573518344
1757662216,589275256
1757662216,592767240
1757662216,598987576
1757662216,606676744
1757662216,623814616
1757662216,637488824
1757662216,647169080
1757662216,664382952
1757662216,666067304
1757662216,670967640
1757662216,673906056
1757662216,680982472
1757662216,696804824
1757662216,705678168
1757662216,721345832
1757662216,730341656
1757662216,736995816
1757662216,742827512
1757662216,756631896
1757662216,777853688
1757662216,805110280
1757662216,806256664
1757662216,814078136
1757662216,826469672
1757662216,847229512
1757662216,850384760
1757662216,870834936
1757662216,872354472
1757662216,934651080
1757662216,942882216
1757662216,950757784
1757662216,963136184
1757662216,966872680
1757662216,987606984
1757662216,992614392
1757662217,8196808
1757662217,31177736
1757662217,33319048
1757662217,64293896
1757662217,77856808
1757662217,105640792
1757662217,129162376
1757662217,156152568
1757662217,178644248
1757662217,184815096
1757662217,187189768
1757662217,190773832
1757662217,194165512
1757662217,197604200
1757662217,217178776
1757662217,231415272
1757662217,236792520
1757662217,243651320
1757662217,265007032
1757662217,280708120
1757662217,285839448
1757662217,287245032
1757662217,293763432
1757662217,295509800
1757662217,303409912
1757662217,321270344
1757662217,332600008
1757662217,349367432
1757662217,357225464
1757662217,384862936
1757662217,388552216
1757662217,402861928
1757662217,411611496
1757662217,413659112
1757662217,422573256
1757662217,458651448
1757662217,463601960
1757662217,470143816
1757662217,489576392
1757662217,504257976
1757662217,509655544
1757662217,514367480
1757662217,545327144
1757662217,585607176
1757662217,591297256
1757662217,604913496
1757662217,644439096
1757662217,659553320
1757662217,663412264
1757662217,667108232
1757662217,671328456
1757662217,703254888
1757662217,706822776
1757662217,739119448
1757662217,768088376
1757662217,781694616
1757662217,796762312
1757662217,815581608
1757662217,839010568
1757662217,845546648
1757662217,868383368
1757662217,889533768
1757662217,910547096
1757662217,914817224
1757662217,954594104
1757662217,960243320
1757662217,971658808
1757662217,982086264
1757662217,987498520
1757662218,23740952
1757662218,25393928
1757662218,44647880
1757662218,62878024
1757662218,84133896
1757662218,95523992
1757662218,139227112
1757662218,157189288
1757662218,204102184
1757662218,221617464
1757662218,232178424
1757662218,237688392
1757662218,246897848
1757662218,261101160
1757662218,265133464
1757662218,268421144
1757662218,276231112
1757662218,312535016
1757662218,315496616
1757662218,325776536
1757662218,333329560
1757662218,350808456
1757662218,378891464
1757662218,394830104
1757662218,399313736
1757662218,408524792
1757662218,414942408
1757662218,426662200
1757662218,440792568
1757662218,450354168
1757662218,478483704
1757662218,482987576
1757662218,487595592
1757662218,494514440
1757662218,498148648
1757662218,557481192
1757662218,582369112
1757662218,589795640
1757662218,597597688
1757662218,689934600
1757662218,691526120
1757662218,701545448
1757662218,704784344
1757662218,749462232
1757662218,750860264
1757662218,757248264
1757662218,763413096
1757662218,777358264
1757662218,787865288
1757662218,804234616
1757662218,815094456
1757662218,823087848
1757662218,837546824
1757662218,838663976
1757662218,867741176
1757662218,876823256
1757662218,878326936
1757662218,884524904
1757662218,895373784
1757662218,898647128
1757662218,924113736
1757662218,939405880
1757662218,974280904
1757662219,13237912
1757662219,32293368
1757662219,45615496
1757662219,48391560
1757662219,59247880
1757662219,67527544
1757662219,87076904
1757662219,98119800
1757662219,100943800
1757662219,123179176
1757662219,130176536
1757662219,132081720
1757662219,155032008
1757662219,174084728
1757662219,199551416
1757662219,203188760
1757662219,210787336
1757662219,212916584
1757662219,235857544
1757662219,249134296
1757662219,251028216
1757662219,256649400
1757662219,297557112
1757662219,302391080
1757662219,311231464
1757662219,332090152
1757662219,364799112
1757662219,384385528
1757662219,387310584
1757662219,402290152
1757662219,408269352
1757662219,427714472
1757662219,458588728
1757662219,463498488
1757662219,467119576
1757662219,479621064
1757662219,496355256
1757662219,514314424
1757662219,541637784
1757662219,543408568
1757662219,547855880
1757662219,556073080
1757662219,557603272
1757662219,563798888
1757662219,565771176
1757662219,569178056
1757662219,583269688
1757662219,586202952
1757662219,618168280
1757662219,637504472
1757662219,641269544
1757662219,730416184
1757662219,757035208
1757662219,772555784
1757662219,786639832
1757662219,788068008
1757662219,792637752
1757662219,803140808
1757662219,805934648
1757662219,814387128
1757662219,820986024
1757662219,830871544
1757662219,836482936
1757662219,853340552
1757662219,888765512
1757662219,889953416
1757662219,898690712
1757662219,930282200
1757662219,943191032
1757662220,18280296
1757662220,20400312
1757662220,24640824
1757662220,30406632
1757662220,70586504
1757662220,86053816
1757662220,90836920
1757662220,102660216
1757662220,108840680
1757662220,137139464
1757662220,140429816
1757662220,143207512
1757662220,154326840
1757662220,158341048
1757662220,180020200
1757662220,196389128
1757662220,222846456
1757662220,230029576
1757662220,241969912
1757662220,244677336
1757662220,257803464
1757662220,265814520
1757662220,270847448
1757662220,356620312
1757662220,359592760
1757662220,364158248
1757662220,371991528
1757662220,393982344
1757662220,416287448
1757662220,452523080
1757662220,456305208
1757662220,487345496
1757662220,492392248
1757662220,494266328
1757662220,509336920
1757662220,513066536
1757662220,532600536
1757662220,539250376
1757662220,550471768
1757662220,563494824
1757662220,576485240
1757662220,601414152
1757662220,615799768
1757662220,643011416
1757662220,647274088
1757662220,650300888
1757662220,678655800
1757662220,691218280
1757662220,704289096
1757662220,711367704
1757662220,729191880
1757662220,737760872
1757662220,747388216
1757662220,793935304
1757662220,810031416
1757662220,813244488
1757662220,817656264
1757662220,845856008
1757662220,887221000
1757662220,906973336
1757662220,912674200
1757662220,936859720
1757662220,960165464
1757662220,969481112
1757662220,972282776
1757662220,974444104
1757662220,987417240
1757662221,16238152
1757662221,42071496
1757662221,46418392
1757662221,57847064
1757662221,61154072
1757662221,70572440
1757662221,79191544
1757662221,107787864
1757662221,120408632
1757662221,134163288
1757662221,141576264
1757662221,165885112
1757662221,169811016
1757662221,224140744
1757662221,265430504
1757662221,286996712
1757662221,290869160
1757662221,302758504
1757662221,311619528
1757662221,338864872
1757662221,341663992
1757662221,356715208
1757662221,374788936
1757662221,387401624
1757662221,390518488
1757662221,403705464
1757662221,406086312
1757662221,408907704
1757662221,448757816
1757662221,457662424
1757662221,461578312
1757662221,540397720
1757662221,541840888
1757662221,547433128
1757662221,551965736
1757662221,576804472
1757662221,649995176
1757662221,701603128
1757662221,731996264
1757662221,777250392
1757662221,814457784
1757662221,820668424
1757662221,822283368
1757662221,829795896
1757662221,854160952
1757662221,878362232
1757662221,903704744
1757662221,913270120
1757662221,928798232
1757662221,930370248
1757662221,943599352
1757662221,945439960
1757662221,962789768
1757662221,970289608
1757662221,991176520
1757662221,995079336
1757662222,24011560
1757662222,28265192
1757662222,53820216
1757662222,55065144
1757662222,60006216
1757662222,62300296
1757662222,71161752
1757662222,72824280
1757662222,89878216
1757662222,105247336
1757662222,133333736
1757662222,158749992
1757662222,167621512
1757662222,169431080
1757662222,179541720
1757662222,182497752
1757662222,184523208
1757662222,210196648
1757662222,218805144
1757662222,232113944
1757662222,270597656
1757662222,273742776
1757662222,317466456
1757662222,320653128
1757662222,327007096
1757662222,338297128
1757662222,342304424
1757662222,359408232
1757662222,365833192
1757662222,367084632
1757662222,423855336
1757662222,444955880
1757662222,447333784
1757662222,458206792
1757662222,477557000
1757662222,498287768
1757662222,506073080
1757662222,511069848
1757662222,534383976
1757662222,595386744
1757662222,604088696
1757662222,612850664
1757662222,656320920
1757662222,667667688
1757662222,670579640
1757662222,680653864
1757662222,683458520
1757662222,708011416
1757662222,762992712
1757662222,780768840
1757662222,785129416
1757662222,829186888
1757662222,831427112
1757662222,833459592
1757662222,848830952
1757662222,859277608
1757662222,873631800
1757662222,885942056
1757662222,888782072
1757662222,896080552
1757662222,899545912
1757662222,928024712
1757662222,957619272
1757662222,962488504
1757662222,978821096
1757662222,983688920
1757662222,989285544
1757662222,999200696
1757662223,15233768
1757662223,38782712
1757662223,40875544
1757662223,43273496
1757662223,84803992
1757662223,123161688
1757662223,129532936
1757662223,133418136
1757662223,144245384
1757662223,169457080
1757662223,190954808
1757662223,203827096
1757662223,249902920
1757662223,256539320
1757662223,281049944
1757662223,289552840
1757662223,306706664
1757662223,318868472
1757662223,322747080
1757662223,331533768
1757662223,342713736
1757662223,357551608
1757662223,366113816
1757662223,373708376
1757662223,392236904
1757662223,398810472
1757662223,418221528
1757662223,430781240
1757662223,452808312
1757662223,474992344
1757662223,478096632
1757662223,485241016
1757662223,495644408
1757662223,497625960
1757662223,501539768
1757662223,527455384
1757662223,552644520
1757662223,554714872
1757662223,579231912
1757662223,581254360
1757662223,583833352
1757662223,614704376
1757662223,635784360
1757662223,643036664
1757662223,670489016
1757662223,685216520
1757662223,720121496
1757662223,769166616
1757662223,780447320
1757662223,783442328
1757662223,793940296
1757662223,801774696
1757662223,805466184
1757662223,812552216
1757662223,818109016
1757662223,823449784
1757662223,831426424
1757662223,842264744
1757662223,850395752
1757662223,874968600
1757662223,888330328
1757662223,891769304
1757662223,913137048
1757662223,937125464
1757662223,952687560
1757662223,954281528
1757662223,978449496
1757662223,983844264
1757662223,989139176
1757662224,1530232
1757662224,5372104
1757662224,9762728
1757662224,17163752
1757662224,20094696
1757662224,28138472
1757662224,49791304
1757662224,51894616
1757662224,56238344
1757662224,70966264
1757662224,115640552
1757662224,147257208
1757662224,156012168
1757662224,158430776
1757662224,224899464
1757662224,227384088
1757662224,249839704
1757662224,252448248
1757662224,254993896
1757662224,264444680
1757662224,273608520
1757662224,275788328
1757662224,280006136
1757662224,283880840
1757662224,286783096
1757662224,293574728
1757662224,297289736
1757662224,320266936
1757662224,348811320
1757662224,350673352
1757662224,382962680
1757662224,401831272
1757662224,403439736
1757662224,418783160
1757662224,429646760
1757662224,436687640
1757662224,440091976
1757662224,441489320
1757662224,451802360
1757662224,478853032
1757662224,489956232
1757662224,506264200
1757662224,515510568
1757662224,536762664
1757662224,541894200
1757662224,575396440
1757662224,600945688
1757662224,615058728
1757662224,620671960
1757662224,633037448
1757662224,645812424
1757662224,651646472
1757662224,664272424
1757662224,666177576
1757662224,667199848
1757662224,669227160
1757662224,674865128
1757662224,685071800
1757662224,687025784
1757662224,690785688
1757662224,712072344
1757662224,775029992
1757662224,799052344
1757662224,801802968
1757662224,807770648
1757662224,811390664
1757662224,823398472
1757662224,881356104
1757662224,883365608
1757662224,889391768
1757662224,898946632
1757662224,900524376
1757662224,904058184
1757662224,911182488
1757662224,934868488
1757662224,952148184
1757662224,958803224
1757662224,976799880
1757662224,984673960
1757662224,993802952
1757662224,995155768
1757662225,15741288
1757662225,25755096
1757662225,50634120
1757662225,52152136
1757662225,55163928
1757662225,63404888
1757662225,80138008
1757662225,105862728
1757662225,134345288
1757662225,152495112
1757662225,161430408
1757662225,188235176
1757662225,201337240
1757662225,226325176
1757662225,227382360
1757662225,230061800
1757662225,232265016
1757662225,254957032
1757662225,264057800
1757662225,272864088
1757662225,275427896
1757662225,296640088
1757662225,312320888
1757662225,321888504
1757662225,327161432
1757662225,330152520
1757662225,331470152
1757662225,358393496
1757662225,394112232
1757662225,409009624
1757662225,430092856
1757662225,437521336
1757662225,447558520
1757662225,450580472
1757662225,461722840
1757662225,494019144
1757662225,496869496
1757662225,507624008
1757662225,512919800
1757662225,526913624
1757662225,538566616
1757662225,584197480
1757662225,598245080
1757662225,600062072
1757662225,602546008
1757662225,614330840
1757662225,619435416
1757662225,625997448
1757662225,630186120
1757662225,646209144
1757662225,689506712
1757662225,697373224
1757662225,703838424
1757662225,747465288
1757662225,761713400
1757662225,771394248
1757662225,774607560
1757662225,789248840
1757662225,831817560
1757662225,836531448
1757662225,849268168
1757662225,885747256
1757662225,945300088
1757662225,950241384
1757662225,951506888
1757662225,965361992
1757662225,968018712
1757662226,8195448
1757662226,20800776
1757662226,33462504
1757662226,35382136
1757662226,43549464
1757662226,53168456
1757662226,63622328
1757662226,65669384
1757662226,91742584
1757662226,146260968
1757662226,180255000
1757662226,186865816
1757662226,201850792
1757662226,219766568
1757662226,254579000
1757662226,257625096
1757662226,290922232
1757662226,329426184
1757662226,343985480
1757662226,374430584
1757662226,390595144
1757662226,399801608
1757662226,432369560
1757662226,470186936
1757662226,475298232
1757662226,516059720
1757662226,530978872
1757662226,537092744
1757662226,541329640
1757662226,547434456
1757662226,549083320
1757662226,577770248
1757662226,583386392
1757662226,626842440
1757662226,655839080
1757662226,667033288
1757662226,676301064
1757662226,688292200
1757662226,716831976
1757662226,727743624
1757662226,756829944
1757662226,764962696
1757662226,766045816
1757662226,774498248
1757662226,778908344
1757662226,785606680
1757662226,789277480
1757662226,792862568
1757662226,843335624
1757662226,851081384
1757662226,855485944
1757662226,861734392
1757662226,886730248
1757662226,896656520
1757662226,904019464
1757662226,905516616
1757662226,912581352
1757662226,933568280
1757662226,941708952
1757662226,950244568
1757662226,957826232
1757662226,979632248
1757662226,985119464
1757662227,7062648
1757662227,32866984
1757662227,71072056
1757662227,74309576
1757662227,79556552
1757662227,81416360
1757662227,90932040
1757662227,104728472
1757662227,114870424
1757662227,124950712
1757662227,164964072
1757662227,175757016
1757662227,181752680
1757662227,191233704
1757662227,203947208
1757662227,211852248
1757662227,217011448
1757662227,223925528
1757662227,238543192
1757662227,254428024
1757662227,257936792
1757662227,278287448
1757662227,282647032
1757662227,292474568
1757662227,298250472
1757662227,312088808
1757662227,327186296
1757662227,331987832
1757662227,336441624
1757662227,376191112
1757662227,403602264
1757662227,412632568
1757662227,429844840
1757662227,436490184
1757662227,440645640
1757662227,458240872
1757662227,463469912
1757662227,467212808
1757662227,469314360
1757662227,496205160
1757662227,500256328
1757662227,521325704
1757662227,522827960
1757662227,543784328
1757662227,563765192
1757662227,580993000
1757662227,586634232
1757662227,623657272
1757662227,629366712
1757662227,633562920
1757662227,658811352
1757662227,689918312
1757662227,711558984
1757662227,716490600
1757662227,730096248
1757662227,765729224
1757662227,824107784
1757662227,838820616
1757662227,860036264
1757662227,882921032
1757662227,911679576
1757662227,918208632
1757662227,933946648
1757662227,966782520
1757662227,974065000
1757662227,981474904
1757662227,989180824
1757662227,994610136
1757662228,6423544
1757662228,17749768
1757662228,65639960
1757662228,68787160
1757662228,72867960
1757662228,95036376
1757662228,96604264
1757662228,121289096
1757662228,124393912
1757662228,134111928
1757662228,152695944
1757662228,156300728
1757662228,190579016
1757662228,199682888
1757662228,209053528
1757662228,225921032
1757662228,231340168
1757662228,262454760
1757662228,265306744
1757662228,273919224
1757662228,278356472
1757662228,293241368
1757662228,305457912
1757662228,307777096
1757662228,311861160
1757662228,335366888
1757662228,386261752
1757662228,389766216
1757662228,397788328
1757662228,401282312
1757662228,419157736
1757662228,431775736
1757662228,484758200
1757662228,496355832
1757662228,505111080
1757662228,587969976
1757662228,600036024
1757662228,612252872
1757662228,622390184
1757662228,627103880
1757662228,632867944
1757662228,671657512
1757662228,697252440
1757662228,714043800
1757662228,720650904
1757662228,738061944
1757662228,741185320
1757662228,757677272
1757662228,767805528
1757662228,786233864
1757662228,792304776
1757662228,798473816
1757662228,804387912
1757662228,820674232
1757662228,843113224
1757662228,850078472
1757662228,851414216
1757662228,855085688
1757662228,864532312
1757662228,886995784
1757662228,923154184
1757662228,952034936
1757662228,960478568
1757662228,979530920
1757662228,992444728
1757662229,2895256
1757662229,5101272
1757662229,9040152
1757662229,25438600
1757662229,33084936
1757662229,39273064
1757662229,51367960
1757662229,54078568
1757662229,59339896
1757662229,60882728
1757662229,78139960
1757662229,95919368
1757662229,98471272
1757662229,100547000
1757662229,113781720
1757662229,115989256
1757662229,136189080
1757662229,143059288
1757662229,149797976
1757662229,153247112
1757662229,173553352
1757662229,197272984
1757662229,205078264
1757662229,225735224
1757662229,246201480
1757662229,261639864
1757662229,263175656
1757662229,268629176
1757662229,273596168
1757662229,291397624
1757662229,318906104
1757662229,332762056
1757662229,360623000
1757662229,397352632
1757662229,404996792
1757662229,407690376
1757662229,409566408
1757662229,419219960
1757662229,424840936
1757662229,440848024
1757662229,450051272
1757662229,457276728
1757662229,468289640
1757662229,485980376
1757662229,506672808
1757662229,509351448
1757662229,518208136
1757662229,545388440
1757662229,555319288
1757662229,579939720
1757662229,621107576
1757662229,639622152
1757662229,645050872
1757662229,671081080
1757662229,686985464
1757662229,716311080
1757662229,722611816
1757662229,761050456
1757662229,789238536
1757662229,796500664
1757662229,804476344
1757662229,832394040
1757662229,841558728
1757662229,848712232
1757662229,873134040
1757662229,884825880
1757662229,886379624
1757662229,899772232
1757662229,986196456
1757662229,995345352
1757662230,245512
1757662230,12827960
1757662230,21640312
1757662230,51957688
1757662230,54251640
1757662230,56612936
1757662230,57950904
1757662230,60903240
1757662230,73419144
1757662230,85872824
1757662230,89612664
1757662230,103021320
1757662230,123986264
1757662230,126372472
1757662230,129591000
1757662230,142840120
1757662230,164241416
1757662230,169087272
1757662230,179681096
1757662230,182683816
1757662230,193011656
1757662230,224865128
1757662230,234482872
1757662230,244255816
1757662230,257321448
1757662230,270120792
1757662230,285503480
1757662230,300416392
1757662230,342485080
1757662230,393575720
1757662230,415891336
1757662230,425273352
1757662230,458394584
1757662230,460301240
1757662230,462892888
1757662230,470469112
1757662230,501161640
1757662230,519087272
1757662230,553511320
1757662230,582690744
1757662230,604505304
1757662230,609416376
1757662230,637679624
1757662230,658963208
1757662230,684097736
1757662230,690893480
1757662230,692947240
1757662230,734410376
1757662230,748839704
1757662230,802801592
1757662230,809549432
1757662230,830100968
1757662230,834684152
1757662230,880031368
1757662230,904915352
1757662230,906915192
1757662230,916043592
1757662230,926652472
1757662230,927921560
1757662230,930452072
1757662230,946478136
1757662230,952932104
1757662230,954174408
1757662230,961559608
1757662230,988360360
1757662230,989806392
1757662231,914216
1757662231,7795688
1757662231,21506200
1757662231,22678312
1757662231,25676184
1757662231,27294184
1757662231,30597656
1757662231,36412584
1757662231,45108680
1757662231,58294168
1757662231,65022248
1757662231,69973272
1757662231,73606696
1757662231,87282200
1757662231,107974072
1757662231,122341256
1757662231,145560152
1757662231,156289960
1757662231,174110088
1757662231,180013608
1757662231,220699752
1757662231,231040392
1757662231,238384280
1757662231,241579064
1757662231,269049512
1757662231,273837464
1757662231,278369304
1757662231,286632408
1757662231,289447656
1757662231,303483368
1757662231,313543736
1757662231,345059320
1757662231,373820136
1757662231,404952456
1757662231,407182856
1757662231,411968184
1757662231,416051960
1757662231,422373368
1757662231,446820424
1757662231,466534872
1757662231,489804616
1757662231,491986984
1757662231,534271336
1757662231,538405592
1757662231,540038024
1757662231,558851096
1757662231,590693464
1757662231,610961304
1757662231,614061768
1757662231,656034232
1757662231,657143880
1757662231,663798984
1757662231,673918392
1757662231,677422728
1757662231,723963336
1757662231,725710232
1757662231,739326760
1757662231,744799304
1757662231,784611960
1757662231,801417368
1757662231,802935352
1757662231,808485544
1757662231,812472856
1757662231,819183304
1757662231,831380648
1757662231,834850696
1757662231,872233880
1757662231,874704760
1757662231,893257000
1757662231,902729368
1757662231,922093240
1757662231,924131944
1757662231,939952872
1757662231,966572168
1757662231,969631880
1757662232,3259624
1757662232,6390584
1757662232,8907432
1757662232,20572600
1757662232,31609736
1757662232,39309080
1757662232,41224328
1757662232,44923496
1757662232,59496968
1757662232,65578072
1757662232,67213656
1757662232,75380440
1757662232,85600520
1757662232,92916920
1757662232,114939608
1757662232,119361320
1757662232,131315176
1757662232,138572920
1757662232,144835624
1757662232,161813416
1757662232,206231544
1757662232,214759592
1757662232,273165064
1757662232,294400648
1757662232,297642968
1757662232,326152280
1757662232,332523032
1757662232,342059128
1757662232,364572776
1757662232,367329144
1757662232,369697336
1757662232,380939736
1757662232,385313576
1757662232,388206984
1757662232,393921752
1757662232,403896376
1757662232,405330008
1757662232,411448056
1757662232,445354840
1757662232,447764920
1757662232,460522024
1757662232,473873944
1757662232,475602808
1757662232,538337448
1757662232,545182184
1757662232,561791592
1757662232,564796824
1757662232,571224616
1757662232,589330920
1757662232,596374568
1757662232,636121624
1757662232,650500872
1757662232,663640632
1757662232,684370440
1757662232,695189928
1757662232,714177416
1757662232,723575240
1757662232,727760200
1757662232,740800088
1757662232,749474328
1757662232,761267544
1757662232,776863112
1757662232,793010104
1757662232,812099352
1757662232,830077928
1757662232,878498600
1757662232,891526232
1757662232,902782456
1757662232,918078216
1757662232,919434264
1757662232,920837448
1757662232,932459752
1757662232,934615368
1757662232,950781432
1757662232,959887752
1757662232,967761704
1757662232,972641368
1757662232,980218552
1757662233,5707400
1757662233,26488072
1757662233,29516616
1757662233,47621000
1757662233,70599688
1757662233,78118744
1757662233,79742424
1757662233,91013800
1757662233,94082840
1757662233,104906024
1757662233,106768584
1757662233,115126216
1757662233,125525512
1757662233,146291752
1757662233,165013192
1757662233,185898936
1757662233,230184168
1757662233,264425752
1757662233,273702968
1757662233,279009112
1757662233,315126120
1757662233,358441736
1757662233,360368216
1757662233,391691704
1757662233,423279800
1757662233,446307144
1757662233,447782312
1757662233,493407192
1757662233,508683592
1757662233,517555192
1757662233,519755848
1757662233,528187288
1757662233,541876808
1757662233,556978344
1757662233,608327688
1757662233,610545688
1757662233,613289464
1757662233,624565320
1757662233,634087048
1757662233,644031480
1757662233,705700344
1757662233,727653992
1757662233,730525576
1757662233,759667448
1757662233,798027720
1757662233,812404440
1757662233,851651224
1757662233,866814824
1757662233,883486632
1757662233,938363016
1757662233,951039864
1757662233,998390040
1757662234,5190424
1757662234,23351448
1757662234,38836072
1757662234,74809544
1757662234,79257928
1757662234,91896904
1757662234,119861672
1757662234,124951896
1757662234,128260808
1757662234,148901832
1757662234,165607544
1757662234,167951000
1757662234,192732280
1757662234,200043064
1757662234,204487464
1757662234,216279528
1757662234,233014584
1757662234,235809736
1757662234,250453320
1757662234,252891912
1757662234,258845976
1757662234,276702568
1757662234,290308424
1757662234,333432328
1757662234,334995208
1757662234,359014792
1757662234,369837688
1757662234,373081000
1757662234,386173608
1757662234,407503800
1757662234,417869624
1757662234,424638552
1757662234,453275640
1757662234,466404616
1757662234,478576232
1757662234,482606312
1757662234,484634728
1757662234,491844984
1757662234,501476328
1757662234,509604584
1757662234,511407080
1757662234,520820568
1757662234,525933416
1757662234,533342504
1757662234,568649928
1757662234,570131112
1757662234,576641160
1757662234,578072056
1757662234,582951432
1757662234,595857848
1757662234,598128904
1757662234,615484600
1757662234,645478904
1757662234,665894360
1757662234,668130984
1757662234,678647336
1757662234,693901032
1757662234,707027112
1757662234,714601720
1757662234,732360056
1757662234,733973832
1757662234,748425032
1757662234,778801400
1757662234,785632744
1757662234,795743752
1757662234,799649896
1757662234,807193672
1757662234,858375352
1757662234,888842776
1757662234,892882312
1757662234,911879912
1757662234,914808296
1757662234,916424088
1757662234,918271544
1757662234,953879624
1757662234,958056616
1757662234,971084440
1757662234,976720184
1757662234,980010024
1757662235,10271752
1757662235,24663304
1757662235,57169032
1757662235,86868312
1757662235,88006616
1757662235,101441752
1757662235,122996200
1757662235,137499208
1757662235,147922280
1757662235,159835192
1757662235,166646600
1757662235,172264488
1757662235,188098632
1757662235,206951720
1757662235,215565640
1757662235,225809624
1757662235,234835656
1757662235,258056104
1757662235,285537848
1757662235,300424840
1757662235,305404696
1757662235,312304664
1757662235,316611304
1757662235,317627272
1757662235,324146680
1757662235,331862696
1757662235,361509480
1757662235,364732664
1757662235,380608232
1757662235,390789816
1757662235,403801496
1757662235,413488456
1757662235,432173096
1757662235,437164936
1757662235,439174584
1757662235,472855576
1757662235,515595704
1757662235,519840376
1757662235,538725000
1757662235,543811496
1757662235,547044232
1757662235,550559144
1757662235,551821864
1757662235,565950376
1757662235,603507368
1757662235,608540168
1757662235,645946744
1757662235,660542888
1757662235,663229192
1757662235,674453048
1757662235,678663640
1757662235,690683400
1757662235,712779784
1757662235,740740360
1757662235,750455048
1757662235,752491960
1757662235,754107640
1757662235,805660568
1757662235,814288296
1757662235,818676504
1757662235,834492168
1757662235,840807016
1757662235,846379608
1757662235,864330120
1757662235,883461576
1757662235,886347928
1757662235,888400552
1757662235,920949128
1757662235,925701416
1757662235,938084680
1757662235,944409960
1757662235,951813464
1757662235,967122008
1757662235,969607896
1757662236,19138120
1757662236,32561224
1757662236,58112264
1757662236,82321960
1757662236,108660248
1757662236,114463672
1757662236,132707160
1757662236,141837512
1757662236,143116296
1757662236,194064952
1757662236,200359992
1757662236,216105320
1757662236,285727032
1757662236,297156936
1757662236,304977272
1757662236,310769144
1757662236,314254616
1757662236,328935240
1757662236,345906168
1757662236,367581880
1757662236,369839656
1757662236,376560696
1757662236,380532152
1757662236,387811448
1757662236,410295560
1757662236,417128456
1757662236,422609016
1757662236,426700920
1757662236,447828632
1757662236,477065912
1757662236,482511896
1757662236,491061848
1757662236,508395304
1757662236,519126888
1757662236,541973352
1757662236,551763160
1757662236,608749352
1757662236,618475944
1757662236,659392696
1757662236,681369960
1757662236,693174168
1757662236,696509128
1757662236,707350536
1757662236,725115512
1757662236,733795528
1757662236,747666888
1757662236,772264408
1757662236,796999368
1757662236,801774728
1757662236,804028136
1757662236,813930584
1757662236,827988200
1757662236,834790408
1757662236,867429832
1757662236,876352904
1757662236,899386648
1757662236,911734280
1757662236,918977544
1757662236,928946120
1757662236,954824440
1757662236,967368712
1757662236,975626856
1757662236,982639512
1757662236,986370984
1757662236,990323624
1757662237,13793064
1757662237,26090776
1757662237,49396200
1757662237,55337960
1757662237,63878440
1757662237,76310280
1757662237,82144584
1757662237,107454856
1757662237,110695320
1757662237,112540312
1757662237,127676712
1757662237,130797256
1757662237,154811960
1757662237,171458056
1757662237,187765576
1757662237,210039720
1757662237,218142472
1757662237,242180616
1757662237,246167240
1757662237,247881192
1757662237,259701400
1757662237,271307256
1757662237,290175096
1757662237,322247976
1757662237,328102856
1757662237,338595240
1757662237,343994008
1757662237,348033496
1757662237,357251048
1757662237,372322472
1757662237,375762616
1757662237,380772216
1757662237,403163048
1757662237,430053848
1757662237,457666856
1757662237,462240936
1757662237,466682760
1757662237,497580744
1757662237,499818136
1757662237,507537608
1757662237,509225624
1757662237,518740616
1757662237,528867656
1757662237,555442232
1757662237,574705880
1757662237,587723048
1757662237,608463128
1757662237,619969832
1757662237,634306552
1757662237,636099688
1757662237,673736984
1757662237,684910024
1757662237,686412392
1757662237,690680056
1757662237,714833704
1757662237,738284280
1757662237,739712568
1757662237,747013896
1757662237,779138504
1757662237,798727624
1757662237,807930760
1757662237,822939432
1757662237,834020792
1757662237,909712936
1757662237,911604472
1757662237,916809432
1757662237,932533496
1757662237,940036152
1757662237,975650312
1757662237,978840520
1757662237,987737704
1757662238,4926648
1757662238,58914904
1757662238,65732008
1757662238,68052424
1757662238,90320616
1757662238,92776120
1757662238,117662376
1757662238,156703592
1757662238,160005160
1757662238,163940312
1757662238,170984792
1757662238,193626888
1757662238,258593336
1757662238,265838728
1757662238,269158344
1757662238,273446488
1757662238,278437896
1757662238,286712120
1757662238,301197816
1757662238,304269688
1757662238,305779592
1757662238,309310696
1757662238,313806984
1757662238,321647752
1757662238,331438440
1757662238,341117624
1757662238,363576152
1757662238,374966216
1757662238,377667640
1757662238,385626792
1757662238,398315512
1757662238,402680824
1757662238,425780680
1757662238,439275800
1757662238,441849672
1757662238,470483800
1757662238,485996824
1757662238,491334088
1757662238,507382120
1757662238,513239048
1757662238,514433560
1757662238,515975288
1757662238,521567736
1757662238,523426024
1757662238,525174632
1757662238,533179224
1757662238,572579528
1757662238,577767400
1757662238,580383720
1757662238,584215656
1757662238,586390552
1757662238,594298888
1757662238,619981240
1757662238,660221352
1757662238,689436104
1757662238,696631848
1757662238,709460008
1757662238,725870552
1757662238,740882360
1757662238,779642728
1757662238,791774680
1757662238,836837384
1757662238,852922120
1757662238,874179800
1757662238,877214184
1757662238,879544056
1757662238,892971736
1757662238,897387384
1757662238,905206776
1757662238,943757960
1757662238,957379896
1757662238,981076904
1757662238,986165400
1757662238,987926488
1757662238,995363768
1757662238,996425496
1757662239,2470312
1757662239,54949672
1757662239,68909528
1757662239,70420936
1757662239,73081176
1757662239,81134040
1757662239,99417160
1757662239,107680488
1757662239,125448664
1757662239,151634952
1757662239,153612552
1757662239,161390472
1757662239,179093592
1757662239,181376088
1757662239,183879432
1757662239,193355832
1757662239,258426440
1757662239,286355160
1757662239,298498872
1757662239,306526648
1757662239,317617336
1757662239,319320952
1757662239,355592008
1757662239,361704408
1757662239,384387512
1757662239,404005208
1757662239,450220008
1757662239,472517720
1757662239,480041480
1757662239,484694616
1757662239,512364536
1757662239,524300616
1757662239,538683336
1757662239,558084472
1757662239,577420936
1757662239,583149976
1757662239,590327912
1757662239,599311688
1757662239,602305992
1757662239,609673240
1757662239,613310232
1757662239,615304216
1757662239,619000728
1757662239,620930824
1757662239,654293768
1757662239,664425128
1757662239,692010584
1757662239,695296056
1757662239,709568888
1757662239,734297144
1757662239,759046632
1757662239,778581304
1757662239,817231704
1757662239,823123320
1757662239,826525080
1757662239,842714488
1757662239,860584632
1757662239,863390696
1757662239,867757752
1757662239,882677960
1757662239,902192264
1757662239,912265496
1757662239,920003768
1757662239,927055032
1757662239,940510568
1757662239,946997720
1757662239,961483608
1757662239,964137784
1757662239,988295336
1757662239,990303496
1757662239,995165592
1757662239,996409352
1757662239,999046920
1757662240,2362248
1757662240,7436120
1757662240,9953752
1757662240,16897480
1757662240,25198488
1757662240,34294600
1757662240,37048216
1757662240,43310040
1757662240,45270072
1757662240,91020808
1757662240,97772376
1757662240,109721240
1757662240,122163560
1757662240,130011384
1757662240,142582920
1757662240,170498136
1757662240,180332904
1757662240,185330792
1757662240,195296824
1757662240,200617688
1757662240,209832440
1757662240,223299384
1757662240,234462216
1757662240,243428680
1757662240,268624248
1757662240,275776120
1757662240,294897672
1757662240,328955016
1757662240,356778296
1757662240,366909048
1757662240,371796328
1757662240,400538088
1757662240,408063496
1757662240,419093624
1757662240,457803992
1757662240,461506536
1757662240,469712712
1757662240,473172072
1757662240,502087656
1757662240,506962056
1757662240,516767928
1757662240,584407464
1757662240,595653400
1757662240,599351240
1757662240,602813048
1757662240,605129112
1757662240,651655656
1757662240,663827032
1757662240,671477208
1757662240,684332056
1757662240,692123352
1757662240,695117688
1757662240,699571288
1757662240,712844440
1757662240,715315432
1757662240,747590088
1757662240,756011368
1757662240,760378648
1757662240,768038920
1757662240,773820344
1757662240,778482056
1757662240,806453352
1757662240,814268520
1757662240,828683016
1757662240,842994168
1757662240,855450840
1757662240,858027224
1757662240,874438952
1757662240,880256216
1757662240,944291256
1757662240,966899128
1757662240,971743640
1757662240,977314680
1757662240,999643800
1757662241,30896696
1757662241,48867592
1757662241,50283400
1757662241,62529224
1757662241,101050968
1757662241,110614600
1757662241,115362184
1757662241,132489192
1757662241,140256248
1757662241,147478840
1757662241,154811288
1757662241,181270152
1757662241,186679752
1757662241,207214920
1757662241,220738360
1757662241,227488600
1757662241,231866344
1757662241,247252472
1757662241,261939576
1757662241,265098440
1757662241,271816280
1757662241,314355576
1757662241,318500168
1757662241,348604472
1757662241,364217208
1757662241,383219064
1757662241,420949080
1757662241,435392696
1757662241,454518952
1757662241,468379352
1757662241,477405832
1757662241,496690712
1757662241,619198104
1757662241,621279320
1757662241,624439528
1757662241,625977672
1757662241,661126424
1757662241,693752184
1757662241,711042824
1757662241,715208456
1757662241,748213432
1757662241,753411800
1757662241,802864952
1757662241,813360440
1757662241,838516584
1757662241,841382888
1757662241,861791368
1757662241,866332632
1757662241,885528600
1757662241,895764584
1757662241,896845352
1757662241,947719816
1757662241,954940008
1757662241,960351704
1757662241,970106168
1757662241,974563592
1757662241,993200568
1757662242,2621464
1757662242,18125048
1757662242,32575800
1757662242,59289608
1757662242,73070584
1757662242,96347304
1757662242,99163672
1757662242,129711896
1757662242,134573912
1757662242,139274280
1757662242,140660872
1757662242,148844072
1757662242,172012808
1757662242,197662872
1757662242,209734856
1757662242,216726856
1757662242,225140744
1757662242,235811784
1757662242,260282136
1757662242,272340152
1757662242,310620376
1757662242,346324584
1757662242,373831672
1757662242,392351816
1757662242,395186344
1757662242,419953112
1757662242,423018424
1757662242,437144152
1757662242,480533800
1757662242,486797720
1757662242,495997128
1757662242,521596312
1757662242,549180584
1757662242,552797880
1757662242,562878504
1757662242,588230616
1757662242,604257304
1757662242,613926120
1757662242,625741384
1757662242,651170680
1757662242,676520472
1757662242,720342808
1757662242,724130328
1757662242,758891496
1757662242,767789096
1757662242,769745944
1757662242,773936952
1757662242,790162344
1757662242,814195720
1757662242,865343960
1757662242,867645064
1757662242,889744824
1757662242,902448664
1757662242,910582200
1757662242,921984360
1757662242,931211880
1757662242,937176440
1757662242,940664168
1757662242,953479416
1757662243,14419960
1757662243,58558728
1757662243,119291848
1757662243,154645016
1757662243,166462904
1757662243,169689480
1757662243,183425656
1757662243,195787672
1757662243,200441000
1757662243,216015816
1757662243,246719336
1757662243,248063336
1757662243,254347000
1757662243,262758776
1757662243,265493592
1757662243,269766376
1757662243,284014504
1757662243,290040632
1757662243,313474344
1757662243,319691048
1757662243,359752088
1757662243,360885528
1757662243,372422856
1757662243,417993016
1757662243,423201416
1757662243,425638504
1757662243,442526312
1757662243,486431800
1757662243,491574792
1757662243,502959144
1757662243,506830792
1757662243,519450264
1757662243,548063800
1757662243,561758264
1757662243,563454792
1757662243,572374552
1757662243,576442872
1757662243,578412056
1757662243,580352664
1757662243,600767608
1757662243,602420488
1757662243,629233944
1757662243,641511544
1757662243,665292600
1757662243,676864360
1757662243,686446376
1757662243,692047656
1757662243,697131192
1757662243,734385256
1757662243,743194872
1757662243,762069352
1757662243,766221400
1757662243,769735736
1757662243,773595736
1757662243,784801592
1757662243,787489752
1757662243,792545336
1757662243,794935480
1757662243,801309368
1757662243,829455400
1757662243,874099304
1757662243,894642136
1757662243,899548792
1757662243,934343960
1757662243,954987960
1757662243,991529896
1757662244,26021080
1757662244,32482152
1757662244,43429816
1757662244,48623112
1757662244,61146248
1757662244,63001976
1757662244,67448936
1757662244,80983768
1757662244,117719960
1757662244,120624792
1757662244,127390584
1757662244,129248808
1757662244,166179880
1757662244,183743240
1757662244,197630584
1757662244,218347368
1757662244,231870392
1757662244,244417880
1757662244,249012104
1757662244,250204744
1757662244,268758472
1757662244,274243768
1757662244,297469304
1757662244,299167080
1757662244,304585224
1757662244,305682184
1757662244,310176328
1757662244,333341576
1757662244,356387272
1757662244,429166456
1757662244,444027592
1757662244,459271416
1757662244,467372712
1757662244,473762776
1757662244,478455224
1757662244,532761144
1757662244,578232344
1757662244,604093448
1757662244,624764024
1757662244,630077176
1757662244,660524472
1757662244,675675768
1757662244,680916696
1757662244,683696552
1757662244,688986856
1757662244,692933432
1757662244,717461704
1757662244,725945576
1757662244,738252920
1757662244,758298072
1757662244,761522136
1757662244,770841896
1757662244,782409208
1757662244,797845736
1757662244,803096264
1757662244,832014600
1757662244,846868248
1757662244,848494392
1757662244,864225144
1757662244,872132664
1757662244,877082440
1757662244,916043400
1757662244,924033928
1757662244,961439016
1757662244,965324072
1757662244,968588936
1757662244,994211832
1757662245,15629672
1757662245,37663000
1757662245,44063560
1757662245,69419512
1757662245,71823784
1757662245,79170600
1757662245,88758120
1757662245,94383544
1757662245,161709992
1757662245,171596664
1757662245,206221240
1757662245,242325512
1757662245,280601256
1757662245,284757960
1757662245,314417336
1757662245,319293048
1757662245,352088616
1757662245,377990136
1757662245,381624840
1757662245,386782168
1757662245,388409624
1757662245,400007192
1757662245,448862024
1757662245,465990568
1757662245,467488008
1757662245,472763544
1757662245,489967064
1757662245,521840952
1757662245,534103032
1757662245,542726616
1757662245,545823832
1757662245,550893976
1757662245,561485720
1757662245,568024216
1757662245,573325752
1757662245,579810024
1757662245,581060328
1757662245,593726824
1757662245,614905928
1757662245,618131816
1757662245,626968120
1757662245,632102008
1757662245,642548376
1757662245,677357352
1757662245,690947640
1757662245,709470072
1757662245,745076728
1757662245,752653880
1757662245,779497160
1757662245,815311160
1757662245,818093800
1757662245,820245240
1757662245,825733992
1757662245,837688344
1757662245,872631384
1757662245,908556824
1757662245,913763560
1757662245,946314808
1757662245,951020872
1757662245,952982984
1757662245,956521160
1757662245,961063544
1757662245,967660280
1757662245,977214072
1757662245,980473144
1757662246,57638296
1757662246,61657400
1757662246,70414664
1757662246,93805592
1757662246,117433320
1757662246,132110024
1757662246,135330872
1757662246,138483784
1757662246,141039080
1757662246,147200216
1757662246,151322296
1757662246,153872296
1757662246,164728472
1757662246,171342936
1757662246,179957448
1757662246,185381496
1757662246,193172792
1757662246,215218104
1757662246,228071032
1757662246,234921384
1757662246,236061976
1757662246,249101208
1757662246,254464360
1757662246,256646120
1757662246,263576840
1757662246,270604968
1757662246,271925112
1757662246,273593352
1757662246,277749240
1757662246,314240248
1757662246,323740136
1757662246,343895704
1757662246,379363992
1757662246,406951032
1757662246,415905000
1757662246,418880936
1757662246,421860712
1757662246,471293928
1757662246,476679160
1757662246,491887576
1757662246,521283608
1757662246,529226808
1757662246,530411080
1757662246,549817640
1757662246,572260152
1757662246,591293448
1757662246,604254920
1757662246,613814392
1757662246,622226296
1757662246,631816248
1757662246,645877208
1757662246,669904920
1757662246,678130360
1757662246,687149208
1757662246,694427944
1757662246,722736968
1757662246,732644792
1757662246,751144984
1757662246,756536488
1757662246,761398056
1757662246,775100760
1757662246,836243352
1757662246,837988552
1757662246,853065240
1757662246,857498440
1757662246,877503880
1757662246,890042344
1757662246,903009320
1757662246,905191720
1757662246,908688728
1757662246,942723400
1757662246,965482760
1757662246,979769800
1757662246,982431864
1757662246,984361256
1757662246,995374488
1757662247,233416
1757662247,44510760
1757662247,51549704
1757662247,60272456
1757662247,64200776
1757662247,95258888
1757662247,102015144
1757662247,194723400
1757662247,201099496
1757662247,210834024
1757662247,231376616
1757662247,235981960
1757662247,253479528
1757662247,282073400
1757662247,292255432
1757662247,295026440
1757662247,300999976
1757662247,305345576
1757662247,307163720
1757662247,318575192
1757662247,339876696
1757662247,364215320
1757662247,366978664
1757662247,371028728
1757662247,374585752
1757662247,380499064
1757662247,400187720
1757662247,403286472
1757662247,406030216
1757662247,425150136
1757662247,443332264
1757662247,461340696
1757662247,469969208
1757662247,474038168
1757662247,477361720
1757662247,481225032
1757662247,491619896
1757662247,525661656
1757662247,559390072
1757662247,574653496
1757662247,597969512
1757662247,636002168
1757662247,648331608
1757662247,655892872
1757662247,659587048
1757662247,682533096
1757662247,684062328
1757662247,713351368
1757662247,717395144
1757662247,720725256
1757662247,744430776
1757662247,749695416
1757662247,750939256
1757662247,761531016
1757662247,803234488
1757662247,821927016
1757662247,834063560
1757662247,863062456
1757662247,878436088
1757662247,900405272
1757662247,932764200
1757662247,950434824
1757662247,956297704
1757662247,966984424
1757662247,970047064
1757662247,976334072
1757662247,978707384
1757662248,90856
1757662248,9714584
1757662248,77787768
1757662248,85052264
1757662248,98122536
1757662248,99852312
1757662248,125866808
1757662248,172829672
1757662248,198413864
1757662248,203163288
1757662248,229055352
1757662248,260996680
1757662248,262418280
1757662248,271326872
1757662248,276140344
1757662248,292704760
1757662248,327052936
1757662248,349683080
1757662248,354794536
1757662248,357682312
1757662248,363445416
1757662248,389503512
1757662248,410063432
1757662248,413984632
1757662248,419088792
1757662248,421666552
1757662248,431913336
1757662248,435677320
1757662248,460614888
1757662248,483169224
1757662248,493372584
1757662248,501333560
1757662248,510674296
1757662248,515285448
1757662248,535377272
1757662248,538358440
1757662248,564382024
1757662248,567745144
1757662248,582590456
1757662248,591962168
1757662248,595944408
1757662248,611406712
1757662248,625144136
1757662248,648786808
1757662248,662623320
1757662248,676033848
1757662248,677872136
1757662248,683172920
1757662248,700115752
1757662248,702641416
1757662248,715941944
1757662248,719888024
1757662248,760854696
1757662248,762022040
1757662248,777343960
1757662248,782314440
1757662248,787495672
1757662248,795377816
1757662248,822715656
1757662248,833427176
1757662248,839557784
1757662248,852669864
1757662248,858000104
1757662248,871363944
1757662248,894952792
1757662248,931270904
1757662249,4351816
1757662249,31028856
1757662249,41569928
1757662249,51442568
1757662249,60425592
1757662249,105502408
1757662249,125026344
1757662249,134522008
1757662249,177902296
1757662249,199764024
1757662249,203623736
1757662249,220925800
1757662249,225021928
1757662249,235742152
1757662249,249278680
1757662249,252092296
1757662249,267821880
1757662249,330887128
1757662249,332891000
1757662249,351571048
1757662249,380902792
1757662249,392958312
1757662249,397213512
1757662249,400115800
1757662249,410162936
1757662249,422508760
1757662249,425165256
1757662249,431337704
1757662249,432765528
1757662249,435392728
1757662249,451299128
1757662249,459668664
1757662249,471068216
1757662249,480417080
1757662249,499487112
1757662249,537555512
1757662249,542140760
1757662249,553080424
1757662249,568061192
1757662249,570422872
1757662249,572994392
1757662249,575320360
1757662249,601950056
1757662249,628063208
1757662249,637229800
1757662249,643793496
1757662249,647387064
1757662249,696705096
1757662249,701076248
1757662249,702346824
1757662249,745532072
1757662249,753240008
1757662249,773609544
1757662249,776733560
1757662249,788427960
1757662249,794828888
1757662249,816809384
1757662249,831156184
1757662249,836895848
1757662249,856070968
1757662249,859187336
1757662249,860676120
1757662249,867828840
1757662249,876853544
1757662249,880920888
1757662249,891319720
1757662249,910085480
1757662249,913846520
1757662249,939481560
1757662249,942230824
1757662249,953705528
1757662249,960804616
1757662249,969335544
1757662249,989370104
1757662249,992755576
1757662249,993950088
1757662250,32920
1757662250,12015672
1757662250,18755960
1757662250,20106488
1757662250,30682264
1757662250,45390520
1757662250,60035032
1757662250,75386712
1757662250,86026456
1757662250,94546312
1757662250,104035032
1757662250,123397592
1757662250,138927064
1757662250,146244392
1757662250,147780056
1757662250,177492824
1757662250,179743560
1757662250,205491784
1757662250,208434600
1757662250,210717272
1757662250,219807048
1757662250,227152008
1757662250,248261096
1757662250,252536216
1757662250,313389448
1757662250,314917272
1757662250,324188728
1757662250,347808712
1757662250,351656808
1757662250,361732312
1757662250,390761048
1757662250,400401048
1757662250,422485368
1757662250,424173848
1757662250,450644600
1757662250,476165448
1757662250,501591320
1757662250,519931096
1757662250,521323928
1757662250,527302472
1757662250,529361144
1757662250,532706184
1757662250,556411880
1757662250,558454760
1757662250,581270120
1757662250,584663096
1757662250,593050616
1757662250,617544312
1757662250,651483608
1757662250,666194824
1757662250,679486616
1757662250,685588056
1757662250,712623704
1757662250,720731832
1757662250,728406824
1757662250,731607480
1757662250,735597208
1757662250,738630584
1757662250,754677704
1757662250,765416376
1757662250,795462312
1757662250,799950568
1757662250,801552776
1757662250,804236616
1757662250,832832904
1757662250,842338504
1757662250,847453208
1757662250,856774408
1757662250,870199720
1757662250,891406536
1757662250,914255736
1757662250,951901768
1757662250,966989800
1757662250,984827208
1757662251,4771864
1757662251,14693656
1757662251,77117272
1757662251,78994424
1757662251,95852840
1757662251,104644456
1757662251,114630664
1757662251,121926824
1757662251,146945256
1757662251,148325208
1757662251,150671576
1757662251,157823384
1757662251,192085720
1757662251,208054568
1757662251,224217688
1757662251,240780872
1757662251,250456968
1757662251,288479496
1757662251,304933880
1757662251,308861576
1757662251,326015608
1757662251,333077336
1757662251,339357176
1757662251,374680424
1757662251,398588728
1757662251,405360968
1757662251,414278856
1757662251,433000296
1757662251,440605960
1757662251,464559784
1757662251,495479096
1757662251,497775624
1757662251,503910216
1757662251,514618360
1757662251,536402200
1757662251,539392040
1757662251,543054280
1757662251,545175784
1757662251,547739512
1757662251,558633368
1757662251,605091816
1757662251,611986328
1757662251,641970536
1757662251,647409320
1757662251,669805288
1757662251,715406904
1757662251,778602200
1757662251,835978520
1757662251,886520536
1757662251,890367928
1757662251,901532008
1757662251,972691816
1757662251,974381704
1757662251,993235144
1757662252,2032200
1757662252,11615208
1757662252,25727736
1757662252,36631000
1757662252,46562824
1757662252,48212136
1757662252,53685672
1757662252,83259832
1757662252,126801096
1757662252,143151896
1757662252,144998552
1757662252,165607752
1757662252,167462456
1757662252,170489576
1757662252,180447128
1757662252,186795416
1757662252,188756328
1757662252,194328920
1757662252,203293320
1757662252,239442680
1757662252,259077720
1757662252,260807848
1757662252,262746200
1757662252,277285480
1757662252,315796888
1757662252,327106552
1757662252,342845640
1757662252,349776360
1757662252,380389544
1757662252,385211592
1757662252,408933816
1757662252,414727160
1757662252,421200936
1757662252,425099720
1757662252,488894424
1757662252,497074648
1757662252,505732168
1757662252,515265544
1757662252,531269144
1757662252,548775864
1757662252,580073912
1757662252,593094072
1757662252,596782632
1757662252,642766024
1757662252,644144472
1757662252,652420856
1757662252,675123288
1757662252,691772360
1757662252,702242856
1757662252,713791400
1757662252,728494616
1757662252,749284696
1757662252,754799320
1757662252,764682712
1757662252,767270216
1757662252,774941912
1757662252,785907992
1757662252,801709784
1757662252,803586024
1757662252,804848488
1757662252,820898520
1757662252,831307064
1757662252,881189608
1757662252,886246632
1757662252,891108744
1757662252,922637576
1757662252,942711176
1757662252,944389160
1757662252,949188856
1757662252,956013192
1757662252,966251400
1757662252,977975128
1757662252,980851720
1757662253,21236888
1757662253,46511704
1757662253,68988168
1757662253,75991416
1757662253,77208040
1757662253,85186904
1757662253,87527272
1757662253,92754984
1757662253,94899208
1757662253,110049064
1757662253,119614920
1757662253,124465208
1757662253,171395416
1757662253,189002168
1757662253,208070296
1757662253,225461944
1757662253,237055592
1757662253,265811400
1757662253,269559624
1757662253,275500888
1757662253,288465864
1757662253,302006232
1757662253,341700008
1757662253,344291000
1757662253,346914248
1757662253,392736408
1757662253,396503128
1757662253,398051432
1757662253,414393496
1757662253,417701528
1757662253,437145896
1757662253,461050632
1757662253,484003816
1757662253,515703224
1757662253,522661240
1757662253,528732328
1757662253,535620792
1757662253,540659736
1757662253,564480904
1757662253,578498360
1757662253,582687128
1757662253,587335800
1757662253,592290840
1757662253,596927624
1757662253,603179176
1757662253,620483928
1757662253,631689752
1757662253,649808408
1757662253,652065352
1757662253,671306440
1757662253,678190520
1757662253,679498488
1757662253,687723720
1757662253,711760888
1757662253,721748616
1757662253,724544344
1757662253,730867720
1757662253,770163016
1757662253,774422280
1757662253,778631496
1757662253,808706216
1757662253,858790184
1757662253,865534072
1757662253,874975928
1757662253,882094056
1757662253,913531752
1757662253,915068808
1757662253,921193320
1757662253,924622456
1757662253,927019208
1757662253,928760424
1757662253,937137368
1757662253,942636248
1757662253,947091688
1757662253,954342168
1757662253,959896504
1757662254,3072648
1757662254,4937336
1757662254,36758936
1757662254,74317816
1757662254,75632840
1757662254,95514824
1757662254,99792680
1757662254,127047560
1757662254,157575800
1757662254,196898456
1757662254,202024104
1757662254,215586024
1757662254,235396648
1757662254,239581400
1757662254,269197800
1757662254,277234488
1757662254,287852584
1757662254,317081992
1757662254,334678424
1757662254,351783992
1757662254,377355656
1757662254,383385784
1757662254,417075992
1757662254,420848040
1757662254,424769480
1757662254,427105480
1757662254,445647576
1757662254,459202296
1757662254,494108696
1757662254,498227032
1757662254,533643752
1757662254,549888744
1757662254,561167416
1757662254,606666056
1757662254,621921944
1757662254,624154168
1757662254,635704648
1757662254,665662120
1757662254,700651160
1757662254,707756808
1757662254,734563112
1757662254,738911096
1757662254,749176792
1757662254,762696488
1757662254,789831224
1757662254,809086152
1757662254,831460872
1757662254,846428568
1757662254,862323048
1757662254,866575304
1757662254,887075000
1757662254,911187944
1757662254,913749960
1757662254,914806904
1757662254,930772312
1757662254,944575768
1757662254,946721256
1757662254,959725768
1757662254,966118904
1757662254,986929864
1757662255,10330568
1757662255,15705048
1757662255,32451816
1757662255,46604056
1757662255,51437880
1757662255,61509096
1757662255,71968712
1757662255,74231848
1757662255,79691000
1757662255,94889528
1757662255,123122504
1757662255,129702360
1757662255,140713128
1757662255,149256072
1757662255,170477752
1757662255,183503288
1757662255,216798840
1757662255,239722744
1757662255,274005320
1757662255,276690168
1757662255,302288328
1757662255,305698344
1757662255,311366248
1757662255,313571496
1757662255,316709000
1757662255,336942376
1757662255,378791208
1757662255,382896344
1757662255,387918984
1757662255,391828136
1757662255,402172840
1757662255,414437624
1757662255,420565528
1757662255,506103752
1757662255,509816248
1757662255,528991112
1757662255,532455576
1757662255,549859320
1757662255,568806920
1757662255,623826808
1757662255,629982216
1757662255,633207992
1757662255,640693656
1757662255,650017784
1757662255,663771112
1757662255,705253448
1757662255,711723864
1757662255,713262680
1757662255,728805640
1757662255,731111992
1757662255,734293544
1757662255,736457944
1757662255,744628424
1757662255,754372056
1757662255,769132952
1757662255,797084888
1757662255,808294184
1757662255,840729592
1757662255,849060168
1757662255,863302248
1757662255,872491208
1757662255,886231608
1757662255,889673384
1757662255,897150888
1757662255,901212760
1757662255,955529592
1757662255,963800344
1757662255,975079976
1757662256,25870376
1757662256,33273304
1757662256,36778568
1757662256,42239320
1757662256,58302504
1757662256,60177960
1757662256,66116632
1757662256,68062040
1757662256,70898392
1757662256,96282024
1757662256,107439560
1757662256,139815720
1757662256,191797080
1757662256,195081128
1757662256,196782472
1757662256,206008312
1757662256,209056392
1757662256,268450776
1757662256,269713544
1757662256,273571320
1757662256,276406088
1757662256,293445752
1757662256,300506216
1757662256,350593624
1757662256,356864776
1757662256,357931032
1757662256,362294632
1757662256,368800760
1757662256,371002408
1757662256,405664232
1757662256,422548104
1757662256,425776712
1757662256,430218440
1757662256,434563288
1757662256,442384808
1757662256,476515592
1757662256,486454136
1757662256,527456712
1757662256,534405944
1757662256,561988344
1757662256,570804152
1757662256,573745720
1757662256,579507592
1757662256,581839192
1757662256,593400984
1757662256,596595112
1757662256,598065992
1757662256,615000616
1757662256,665342328
1757662256,703488104
1757662256,726194904
1757662256,746621176
1757662256,786134648
1757662256,792461336
1757662256,798910616
1757662256,801317656
1757662256,819761496
1757662256,834732872
1757662256,835980488
1757662256,856996584
1757662256,898276024
1757662256,904889496
1757662256,908520360
1757662256,922472392
1757662256,939006744
1757662256,946175848
1757662256,970923240
1757662256,981176504
1757662256,988505704
1757662257,36220840
1757662257,42051768
1757662257,62226008
1757662257,65769000
1757662257,85684440
1757662257,87927288
1757662257,128599912
1757662257,137316264
1757662257,147908600
1757662257,168063736
1757662257,198742136
1757662257,228120056
1757662257,231267352
1757662257,342781048
1757662257,419386696
1757662257,440687256
1757662257,462816872
1757662257,469058040
1757662257,489573736
1757662257,537725688
1757662257,553970520
1757662257,563629800
1757662257,587835704
1757662257,602343768
1757662257,619379768
1757662257,629880968
1757662257,661559672
1757662257,676586632
1757662257,689792600
1757662257,708984952
1757662257,721264536
1757662257,724467464
1757662257,726372120
1757662257,765774840
1757662257,771860680
1757662257,798391752
1757662257,805637928
1757662257,824815928
1757662257,860314616
1757662257,875788440
1757662257,883609512
1757662257,913510744
1757662257,915720648
1757662257,920149496
1757662257,949971688
1757662257,978825208
1757662257,985273400
1757662257,994547512
1757662257,995940440
1757662257,998466728
1757662258,23267624
1757662258,26657192
1757662258,69365688
1757662258,72714248
1757662258,96391832
1757662258,110271352
1757662258,169953960
1757662258,172843416
1757662258,179511464
1757662258,204515016
1757662258,212148856
1757662258,221576824
1757662258,248630408
1757662258,257491272
1757662258,262155288
1757662258,265255544
1757662258,269073576
1757662258,271493160
1757662258,274085400
1757662258,291514904
1757662258,322032792
1757662258,355682712
1757662258,395462920
1757662258,406308568
1757662258,442013288
1757662258,463298552
1757662258,474724376
1757662258,495692456
1757662258,527731480
1757662258,557687720
1757662258,578096104
1757662258,583349064
1757662258,620696600
1757662258,629984968
1757662258,635027976
1757662258,649041608
1757662258,666320680
1757662258,677893624
1757662258,706210328
1757662258,727893976
1757662258,729132904
1757662258,744267416
1757662258,745973944
1757662258,751310600
1757662258,762870696
1757662258,780082312
1757662258,794418424
1757662258,835490472
1757662258,864008984
1757662258,868499816
1757662258,900982920
1757662258,912502440
1757662258,915904888
1757662258,923404328
1757662258,929081976
1757662258,940780664
1757662258,962830040
1757662258,974926152
1757662258,977984616
1757662258,995511944
1757662259,623368
1757662259,12212440
1757662259,18237352
1757662259,44629560
1757662259,58133896
1757662259,66576440
1757662259,75226840
1757662259,83193976
1757662259,123793624
1757662259,145030936
1757662259,159113192
1757662259,174430840
1757662259,181459928
1757662259,187293272
1757662259,192891432
1757662259,195033224
1757662259,257993400
1757662259,263322488
1757662259,265688024
1757662259,271719576
1757662259,277022120
1757662259,284514392
1757662259,306805048
1757662259,344992024
1757662259,361700504
1757662259,364620952
1757662259,377691352
1757662259,416707080
1757662259,445522856
1757662259,449732856
1757662259,464933176
1757662259,472958168
1757662259,481065208
1757662259,489689496
1757662259,502019544
1757662259,512026696
1757662259,560309128
1757662259,568387784
1757662259,574901096
1757662259,601059656
1757662259,646969752
1757662259,648192968
1757662259,650214312
1757662259,656531064
1757662259,673517272
1757662259,679098024
1757662259,681654136
1757662259,697083192
1757662259,719570168
1757662259,778258872
1757662259,799335256
1757662259,807796072
1757662259,842367464
1757662259,867853096
1757662259,897606536
1757662259,937215384
1757662259,939372520
1757662260,11113256
1757662260,29233128
1757662260,33646856
1757662260,63057832
1757662260,70887944
1757662260,76240152
1757662260,101992952
1757662260,110283400
1757662260,138518616
1757662260,141095000
1757662260,166469224
1757662260,181558840
1757662260,199557784
1757662260,236336952
1757662260,246359160
1757662260,264119768
1757662260,277214568
1757662260,279558552
1757662260,286887400
1757662260,294387176
1757662260,312797176
1757662260,320033768
1757662260,366961128
1757662260,388429224
1757662260,396002536
1757662260,405926312
1757662260,431267560
1757662260,433152808
1757662260,468248456
1757662260,473367736
1757662260,485283096
1757662260,544559368
1757662260,555015480
1757662260,561661656
1757662260,564779592
1757662260,580892024
1757662260,591995432
1757662260,597274184
1757662260,612699976
1757662260,619030760
1757662260,620777224
1757662260,651965240
1757662260,659085096
1757662260,670852296
1757662260,674873688
1757662260,679174136
1757662260,692098744
1757662260,724422680
1757662260,731212952
1757662260,764283800
1757662260,774587048
1757662260,784818504
1757662260,813167288
1757662260,840879288
1757662260,859126392
1757662260,862000408
1757662260,893507576
1757662260,898697992
1757662260,917934776
1757662260,919687032
1757662260,946586536
1757662260,951848456
1757662260,957698408
1757662260,968427384
1757662261,8179176
1757662261,23743640
1757662261,38546488
1757662261,50941816
1757662261,55407688
1757662261,92586200
1757662261,94518056
1757662261,119284824
1757662261,132176904
1757662261,139857784
1757662261,154091720
1757662261,157621720
1757662261,192581224
1757662261,213807464
1757662261,220627640
1757662261,222260504
1757662261,223454776
1757662261,225148600
1757662261,233919416
1757662261,254447032
1757662261,268704408
1757662261,269884760
1757662261,282315688
1757662261,307302712
1757662261,315305944
1757662261,318329480
1757662261,321301528
1757662261,323926296
1757662261,327775672
1757662261,331671368
1757662261,346310536
1757662261,351657656
1757662261,370688632
1757662261,382405960
1757662261,384137784
1757662261,395792776
1757662261,423573320
1757662261,441952424
1757662261,445301544
1757662261,458892056
1757662261,485079432
1757662261,497504856
1757662261,498673656
1757662261,507823544
1757662261,532973288
1757662261,577082744
1757662261,618510520
1757662261,620522360
1757662261,644333832
1757662261,651079976
1757662261,693347992
1757662261,698209224
1757662261,699854200
1757662261,712560360
1757662261,720010584
1757662261,724515480
1757662261,763169880
1757662261,782658520
1757662261,792729000
1757662261,794456920
1757662261,837526888
1757662261,844179080
1757662261,877438344
1757662261,911951912
1757662261,913906424
1757662261,923567704
1757662261,928756456
1757662261,943771224
1757662261,960553704
1757662261,973737736
1757662261,981629336
1757662261,993153288
1757662261,996691672
1757662262,16381000
1757662262,21595048
1757662262,43392808
1757662262,56194152
1757662262,83485560
1757662262,89337080
1757662262,100534088
1757662262,117615512
1757662262,148326760
1757662262,197390504
1757662262,213611128
1757662262,220520984
1757662262,234664360
1757662262,254666504
1757662262,286313672
1757662262,294066024
1757662262,310000232
1757662262,320391816
1757662262,348360280
1757662262,361992824
1757662262,367587240
1757662262,383200008
1757662262,401302168
1757662262,416726792
1757662262,439731720
1757662262,450487400
1757662262,453938584
1757662262,458119608
1757662262,464734200
1757662262,484498216
1757662262,510301304
1757662262,516085976
1757662262,519228632
1757662262,529372216
1757662262,545461768
1757662262,572003048
1757662262,573635384
1757662262,580079992
1757662262,584503704
1757662262,595055560
1757662262,604346824
1757662262,609670984
1757662262,623347880
1757662262,650852552
1757662262,658983576
1757662262,665145752
1757662262,667543544
1757662262,671461560
1757662262,676482696
1757662262,681741336
1757662262,699428056
1757662262,741652808
1757662262,753401112
1757662262,770362856
1757662262,772420920
1757662262,773795448
1757662262,776244136
1757662262,809293256
1757662262,817819656
1757662262,819523784
1757662262,823894552
1757662262,832635432
1757662262,841655480
1757662262,861387048
1757662262,867878984
1757662262,874805336
1757662262,883765480
1757662262,885841864
1757662262,904710168
1757662262,911651352
1757662262,919932232
1757662262,952341672
1757662262,963113880
1757662262,976804392
1757662262,977919560
1757662262,996188664
1757662263,17064744
1757662263,25752728
1757662263,35183240
1757662263,37147624
1757662263,45932664
1757662263,67204120
1757662263,94241384
1757662263,95587832
1757662263,104800408
1757662263,111342344
1757662263,133422888
1757662263,138913960
1757662263,150992424
1757662263,152575240
1757662263,159354360
1757662263,185095528
1757662263,188326456
1757662263,191046008
1757662263,203283208
1757662263,204575496
1757662263,233753672
1757662263,239343288
1757662263,259889496
1757662263,276269464
1757662263,287165528
1757662263,341071640
1757662263,346504760
1757662263,351038856
1757662263,364420008
1757662263,389929640
1757662263,394685288
1757662263,413080536
1757662263,424800504
1757662263,431350152
1757662263,438066600
1757662263,443881896
1757662263,449182264
1757662263,456741752
1757662263,464821416
1757662263,476240504
1757662263,521132872
1757662263,524886248
1757662263,538135608
1757662263,567840472
1757662263,658863064
1757662263,669038776
1757662263,682913080
1757662263,684625400
1757662263,738341112
1757662263,742610696
1757662263,751762232
1757662263,794663656
1757662263,799971208
1757662263,803938504
1757662263,817517448
1757662263,822639496
1757662263,845492712
1757662263,897529096
1757662263,946343112
1757662263,980980216
1757662263,988389960
1757662264,4184424
1757662264,9566360
1757662264,16708184
1757662264,19309320
1757662264,25859576
1757662264,38607080
1757662264,58835992
1757662264,69795656
1757662264,89078456
1757662264,92018776
1757662264,98300104
1757662264,133590456
1757662264,145017224
1757662264,179334008
1757662264,210930472
1757662264,226082104
1757662264,231195256
1757662264,232518824
1757662264,243801752
1757662264,250908344
1757662264,254142568
1757662264,299645528
1757662264,308693832
1757662264,339985064
1757662264,347942712
1757662264,351262808
1757662264,359017160
1757662264,390773544
1757662264,395255400
1757662264,400484728
1757662264,410122472
1757662264,420915656
1757662264,437190120
1757662264,440406744
1757662264,444082008
1757662264,447838984
1757662264,453175496
1757662264,461069480
1757662264,462666376
1757662264,487223160
1757662264,488641560
1757662264,510098616
1757662264,511726536
1757662264,541241784
1757662264,552933512
1757662264,561762488
1757662264,580385240
1757662264,616731256
1757662264,626421032
1757662264,628055096
1757662264,629556488
1757662264,635906232
1757662264,641164440
1757662264,653785368
1757662264,662249864
1757662264,684800888
1757662264,697888728
1757662264,733429800
1757662264,751556616
1757662264,779390744
1757662264,825378392
1757662264,843468200
1757662264,858883848
1757662264,872869112
1757662264,888350776
1757662264,892426616
1757662264,898222472
1757662264,901943416
1757662264,932248248
1757662264,964672344
1757662264,977481080
1757662265,40249960
1757662265,50862200
1757662265,66999592
1757662265,94696552
1757662265,113528600
1757662265,155861656
1757662265,160409304
1757662265,169422824
1757662265,245832248
1757662265,248557784
1757662265,259663400
1757662265,262605816
1757662265,278433624
1757662265,291081352
1757662265,305886232
1757662265,337551608
1757662265,339484408
1757662265,352816456
1757662265,376822024
1757662265,388455016
1757662265,395410888
1757662265,431524072
1757662265,457830008
1757662265,481089272
1757662265,509741160
1757662265,531389032
1757662265,566728776
1757662265,578760376
1757662265,587002696
1757662265,591205048
1757662265,594116920
1757662265,598055704
1757662265,602181912
1757662265,610437944
1757662265,615783816
1757662265,618268952
1757662265,672654856
1757662265,684340968
1757662265,714503352
1757662265,728507976
1757662265,753584072
1757662265,763082488
1757662265,774786712
1757662265,795041224
1757662265,838286744
1757662265,841440424
1757662265,909877896
1757662265,918599240
1757662265,921518488
1757662265,929441336
1757662265,961670488
1757662265,971815432
1757662265,979739112
1757662265,993889864
1757662266,3205080
1757662266,10765768
1757662266,12682968
1757662266,16942856
1757662266,18088904
1757662266,22792984
1757662266,24199496
1757662266,63442584
1757662266,66668120
1757662266,80552824
1757662266,106312328
1757662266,108531688
1757662266,120751512
1757662266,136292488
1757662266,150546952
1757662266,161986760
1757662266,170728696
1757662266,211805368
1757662266,213538712
1757662266,241094248
1757662266,251010296
1757662266,254393304
1757662266,284006424
1757662266,295961720
1757662266,314215928
1757662266,336429448
1757662266,368434472
1757662266,394205528
1757662266,404932408
1757662266,414097656
1757662266,428489448
1757662266,442574232
1757662266,467306232
1757662266,474755320
1757662266,509716488
1757662266,541594024
1757662266,546143000
1757662266,548349704
1757662266,553823736
1757662266,558740728
1757662266,570956744
1757662266,581462552
1757662266,603306824
1757662266,627653784
1757662266,631977112
1757662266,637473144
1757662266,649332984
1757662266,675097304
1757662266,681599288
1757662266,695102968
1757662266,705683512
1757662266,722967528
1757662266,726059448
1757662266,732091160
1757662266,752259144
1757662266,762413624
1757662266,771619112
1757662266,775639960
1757662266,781593512
1757662266,788470968
1757662266,805870680
1757662266,824574600
1757662266,826981608
1757662266,832008936
1757662266,835244936
1757662266,839479272
1757662266,842515480
1757662266,849671752
1757662266,862798504
1757662266,878320328
1757662266,899592936
1757662266,912699272
1757662266,930295656
1757662266,950485304
1757662266,992509352
1757662266,993925352
1757662266,997272136
1757662267,51040808
1757662267,56830264
1757662267,59021800
1757662267,64791256
1757662267,82923784
1757662267,126738616
1757662267,146230872
1757662267,156158792
1757662267,185995576
1757662267,207336440
1757662267,210744424
1757662267,245821400
1757662267,263081784
1757662267,304422024
1757662267,324464776
1757662267,326499016
1757662267,340340744
1757662267,388219432
1757662267,401937256
1757662267,413147928
1757662267,438640072
1757662267,460061336
1757662267,469535912
1757662267,471744904
1757662267,504173368
1757662267,526612744
1757662267,528201928
1757662267,557409912
1757662267,578679464
1757662267,598448312
1757662267,600635448
1757662267,611596568
1757662267,655528184
1757662267,698660248
1757662267,719287944
1757662267,728707656
1757662267,737634088
1757662267,738906472
1757662267,749166936
1757662267,750929944
1757662267,761067480
1757662267,773594696
1757662267,775660280
1757662267,808181976
1757662267,810899880
1757662267,818800504
1757662267,843824216
1757662267,862665352
1757662267,886952664
1757662267,892579464
1757662267,895395336
1757662267,897445224
1757662267,913656904
1757662267,947320968
1757662267,965321224
1757662267,972142792
1757662267,974396808
1757662267,981699464
1757662267,996590408
1757662268,1413704
1757662268,7111544
1757662268,13275816
1757662268,27300232
1757662268,49284744
1757662268,63993160
1757662268,75603864
1757662268,86763896
1757662268,91350824
1757662268,99802760
1757662268,127752552
1757662268,153278264
1757662268,158923192
1757662268,179024024
1757662268,193874760
1757662268,220336440
1757662268,237448616
1757662268,243874344
1757662268,253829240
1757662268,265239288
1757662268,267627368
1757662268,294964888
1757662268,297346088
1757662268,315372168
1757662268,336228536
1757662268,348869576
1757662268,351666200
1757662268,363079096
1757662268,384355688
1757662268,419602424
1757662268,429452696
1757662268,435062456
1757662268,463702536
1757662268,465059464
1757662268,482634504
1757662268,483692808
1757662268,512042520
1757662268,523185016
1757662268,534772776
1757662268,563299384
1757662268,586953240
1757662268,594567736
1757662268,622162232
1757662268,665124264
1757662268,719114488
1757662268,753832680
1757662268,771682552
1757662268,788484088
1757662268,795177816
1757662268,812250488
1757662268,817817032
1757662268,835699848
1757662268,842647080
1757662268,850796776
1757662268,878586408
1757662268,888089624
1757662268,922530264
1757662268,925378872
1757662268,963244440
1757662268,972160904
1757662268,980205208
1757662268,996126952
1757662269,4016696
1757662269,16294568
1757662269,38942808
1757662269,57816872
1757662269,67683800
1757662269,70245784
1757662269,73521400
1757662269,99530904
1757662269,115668488
1757662269,118287976
1757662269,138080456
1757662269,206584648
1757662269,253885304
1757662269,260723256
1757662269,266477096
1757662269,274230184
1757662269,289817608
1757662269,304035160
1757662269,311456392
1757662269,340829640
1757662269,350488744
1757662269,354536312
1757662269,357434440
1757662269,362970824
1757662269,372251400
1757662269,374938936
1757662269,401498344
1757662269,416861944
1757662269,422175640
1757662269,425793112
1757662269,432905240
1757662269,438243000
1757662269,462547576
1757662269,483448792
1757662269,491869368
1757662269,535784664
1757662269,672509656
1757662269,684899848
1757662269,688022680
1757662269,693050408
1757662269,695904536
1757662269,706012472
1757662269,716321128
1757662269,719318104
1757662269,762637688
1757662269,764244888
1757662269,778548616
1757662269,784561016
1757662269,795856840
1757662269,797883864
1757662269,803607928
1757662269,821984888
1757662269,830998968
1757662269,869934376
1757662269,878011528
1757662269,883441928
1757662269,887022280
1757662269,894993896
1757662269,905649016
1757662269,918150328
1757662269,940341288
1757662269,954349944
1757662269,959283576
1757662269,961989656
1757662269,971589608
1757662269,990940088
1757662270,6593576
1757662270,8709032
1757662270,41551432
1757662270,73657960
1757662270,97551672
1757662270,107310680
1757662270,114948296
1757662270,159070808
1757662270,167105768
1757662270,224003624
1757662270,230826344
1757662270,301426232
1757662270,305279592
1757662270,324678824
1757662270,334605144
1757662270,351993336
1757662270,356005304
1757662270,358664376
1757662270,371193384
1757662270,374367272
1757662270,377079640
1757662270,378576904
1757662270,381123016
1757662270,399325544
1757662270,468996744
1757662270,473162792
1757662270,480108152
1757662270,483613800
1757662270,495616104
1757662270,511559048
1757662270,540488136
1757662270,542105368
1757662270,578531688
1757662270,581763752
1757662270,590038440
1757662270,595317768
1757662270,606454328
1757662270,621849192
1757662270,624299208
1757662270,626149272
1757662270,638971448
1757662270,644177512
1757662270,648795560
1757662270,651124728
1757662270,654670680
1757662270,705716200
1757662270,715848456
1757662270,721621960
1757662270,727815080
1757662270,738347576
1757662270,741072600
1757662270,744327528
1757662270,753621736
1757662270,797478760
1757662270,806599480
1757662270,810873160
1757662270,847539368
1757662270,875079688
1757662270,882081320
1757662270,883463496
1757662270,905926024
1757662270,925595560
1757662270,929247464
1757662270,936812840
1757662270,989401608
1757662270,994381848
1757662271,21882312
1757662271,54656408
1757662271,57142504
1757662271,71993016
1757662271,95575544
1757662271,102325112
1757662271,109262728
1757662271,129588776
1757662271,166857080
1757662271,187779000
1757662271,190895544
1757662271,203679544
1757662271,212538264
1757662271,219559368
1757662271,222255960
1757662271,231549576
1757662271,259603880
1757662271,263208280
1757662271,284124184
1757662271,298993096
1757662271,337367496
1757662271,359691336
1757662271,441323624
1757662271,453589496
1757662271,489650344
1757662271,572676872
1757662271,577229096
1757662271,588463368
1757662271,609981416
1757662271,631308584
1757662271,636878024
1757662271,640550776
1757662271,653405672
1757662271,670718520
1757662271,704036152
1757662271,722625192
1757662271,766993768
1757662271,812715944
1757662271,820022568
1757662271,835781592
1757662271,844605768
1757662271,860959528
1757662271,873108280
1757662271,880721192
1757662271,881820312
1757662271,890041512
1757662271,924577960
1757662271,940827320
1757662271,943486472
1757662271,954358024
1757662271,968260136
1757662272,7293928
1757662272,20297192
1757662272,37543192
1757662272,53938600
1757662272,59361080
1757662272,75222984
1757662272,93734648
1757662272,101710568
1757662272,123773272
1757662272,139432088
1757662272,163897752
1757662272,174647128
1757662272,196238040
1757662272,197514440
1757662272,202787256
1757662272,232586504
1757662272,249985720
1757662272,254225016
1757662272,286016168
1757662272,302587272
1757662272,310664200
1757662272,321047032
1757662272,367869224
1757662272,489921096
1757662272,491128520
1757662272,535473704
1757662272,557394200
1757662272,565411528
1757662272,576289304
1757662272,590655240
1757662272,600762424
1757662272,601928584
1757662272,605346008
1757662272,607805016
1757662272,634095416
1757662272,636253336
1757662272,638997864
1757662272,642838136
1757662272,695041128
1757662272,719084792
1757662272,739742872
1757662272,744203144
1757662272,766571208
1757662272,810702728
1757662272,814705160
1757662272,828056040
1757662272,832467096
1757662272,836210856
1757662272,846735736
1757662272,853429976
1757662272,857836120
1757662272,867627480
1757662272,891002344
1757662272,897371320
1757662272,912401704
1757662272,920741816
1757662272,928344232
1757662272,938842040
1757662272,940097720
1757662272,947960536
1757662272,989304488
1757662273,2963016
1757662273,7796136
1757662273,54503608
1757662273,88643896
1757662273,104130152
1757662273,121206440
1757662273,140234264
1757662273,148885784
1757662273,171830152
1757662273,192642200
1757662273,243328824
1757662273,288475032
1757662273,296533528
1757662273,312167944
1757662273,330885208
1757662273,348009800
1757662273,350249256
1757662273,352664536
1757662273,359467784
1757662273,376441128
1757662273,386293096
1757662273,428905208
1757662273,433399000
1757662273,436739704
1757662273,458198280
1757662273,481840776
1757662273,489843576
1757662273,502378664
1757662273,506344296
1757662273,507506280
1757662273,508779336
1757662273,521790504
1757662273,554504504
1757662273,576915096
1757662273,606454504
1757662273,625286168
1757662273,692707560
1757662273,695920456
1757662273,716045720
1757662273,737224296
1757662273,784103688
1757662273,788998024
1757662273,793216488
1757662273,796401560
1757662273,804620760
1757662273,816880024
1757662273,822933576
1757662273,829431432
1757662273,831963784
1757662273,855691224
1757662273,861303912
1757662273,870870248
1757662273,881987288
1757662273,912255960
1757662273,915303976
1757662273,925972072
1757662273,942173992
1757662273,944535496
1757662273,947995592
1757662273,951174200
1757662273,953905304
1757662273,983932136
1757662274,148584
1757662274,6257720
1757662274,49814120
1757662274,53751368
1757662274,73064616
1757662274,82189128
1757662274,90430152
1757662274,100258632
1757662274,101749832
1757662274,103386904
1757662274,105746888
1757662274,111030136
1757662274,113981544
1757662274,156991640
1757662274,223314712
1757662274,247187336
1757662274,249535864
1757662274,277863976
1757662274,291786136
1757662274,324557048
1757662274,329899944
1757662274,351690136
1757662274,388625880
1757662274,391463448
1757662274,398366472
1757662274,403836840
1757662274,408689096
1757662274,410807912
1757662274,442733720
1757662274,447671240
1757662274,457689912
1757662274,475660648
1757662274,501317304
1757662274,518026968
1757662274,561404280
1757662274,570258648
1757662274,594491432
1757662274,623344712
1757662274,637851608
1757662274,639958488
1757662274,641714120
1757662274,657994264
1757662274,701750632
1757662274,723342872
1757662274,730731432
1757662274,752122552
1757662274,769047208
1757662274,834908280
1757662274,859934712
1757662274,865687048
1757662274,872312264
1757662274,873832456
1757662274,908825896
1757662274,911303800
1757662274,926973192
1757662274,934666456
1757662274,944264344
1757662274,987501224
1757662275,20193432
1757662275,62774504
1757662275,85179448
1757662275,111249336
1757662275,142713928
1757662275,149597048
1757662275,182330952
1757662275,184852280
1757662275,187547512
1757662275,200328744
1757662275,206849448
1757662275,288336200
1757662275,319944472
1757662275,377978888
1757662275,406654728
1757662275,419431688
1757662275,446770984
1757662275,475006152
1757662275,476756888
1757662275,487246808
1757662275,568088056
1757662275,581373464
1757662275,600242984
1757662275,607872008
1757662275,612095000
1757662275,633563304
1757662275,654480424
1757662275,659164504
1757662275,663024264
1757662275,686939416
1757662275,698031336
1757662275,700809688
1757662275,746699880
1757662275,749798936
1757662275,812820840
1757662275,815105672
1757662275,822433368
1757662275,827559128
1757662275,853027864
1757662275,860633464
1757662275,868377832
1757662275,892982056
1757662275,894144264
1757662275,907942872
1757662275,919320520
1757662275,929008008
1757662275,939340184
1757662275,954053064
1757662275,957040808
1757662275,963411416
1757662275,972826760
1757662276,236760
1757662276,17872040
1757662276,56253416
1757662276,65348168
1757662276,82131608
1757662276,86525416
1757662276,90554776
1757662276,106120632
1757662276,114459688
1757662276,116932136
1757662276,122909064
1757662276,144099784
1757662276,146078472
1757662276,153996520
1757662276,160995992
1757662276,164917272
1757662276,169745496
1757662276,202279768
1757662276,255713720
1757662276,273634040
1757662276,291610584
1757662276,348863688
1757662276,352552376
1757662276,359670408
1757662276,370190520
1757662276,398433176
1757662276,413475864
1757662276,435487304
1757662276,448664440
1757662276,470517608
1757662276,473047336
1757662276,497723544
1757662276,527176136
1757662276,562434760
1757662276,566793896
1757662276,574219016
1757662276,616925592
1757662276,649660040
1757662276,655948056
1757662276,682596920
1757662276,718249736
1757662276,725659960
1757662276,737040488
1757662276,748958824
1757662276,757769480
1757662276,763259672
1757662276,780448456
1757662276,800305000
1757662276,815469320
1757662276,834575000
1757662276,835833288
1757662276,879187240
1757662276,905036712
1757662276,933700728
1757662276,966563816
1757662277,25010472
1757662277,51770760
1757662277,88065464
1757662277,113596552
1757662277,115266856
1757662277,125226792
1757662277,139227208
1757662277,145287688
1757662277,176962040
1757662277,263593528
1757662277,290574792
1757662277,301814344
1757662277,306591640
1757662277,311507304
1757662277,320701224
1757662277,332080808
1757662277,333274040
1757662277,354778456
1757662277,416627224
1757662277,418252712
1757662277,433742344
1757662277,449564824
1757662277,474511304
1757662277,481969624
1757662277,505934616
1757662277,515416136
1757662277,518794936
1757662277,521251784
1757662277,532974984
1757662277,535247096
1757662277,567051304
1757662277,581153384
1757662277,647063640
1757662277,664595048
1757662277,688692200
1757662277,710849784
1757662277,716076152
1757662277,719311608
1757662277,763531544
1757662277,779580328
1757662277,781677976
1757662277,787950168
1757662277,789890920
1757662277,803818376
1757662277,816583448
1757662277,860409512
1757662277,870231336
1757662277,884161080
1757662277,893626248
1757662277,895174632
1757662277,910236216
1757662277,914952984
1757662277,919027816
1757662277,959907928
1757662277,974617064
1757662277,985706728
1757662277,990937224
1757662278,1012984
1757662278,35468808
1757662278,60830648
1757662278,89716840
1757662278,91429976
1757662278,108463304
1757662278,117589048
1757662278,125158200
1757662278,168191512
1757662278,188040360
1757662278,195195144
1757662278,204227464
1757662278,215644136
1757662278,227242760
1757662278,257110056
1757662278,281299192
1757662278,310885416
1757662278,346407320
1757662278,369463912
1757662278,375590280
1757662278,408022744
1757662278,422727112
1757662278,447107480
1757662278,489088152
1757662278,492319640
1757662278,495891400
1757662278,540129560
1757662278,548780232
1757662278,559474696
1757662278,600078536
1757662278,634157736
1757662278,643135032
1757662278,671227720
1757662278,682622552
1757662278,699803864
1757662278,711283080
1757662278,717849432
1757662278,770688392
1757662278,798296264
1757662278,805542696
1757662278,812497304
1757662278,843867960
1757662278,855802408
1757662278,858563256
1757662278,875544056
1757662278,880375896
1757662278,889664376
1757662278,906099368
1757662278,908961800
1757662278,958373176
1757662278,982394872
1757662278,993326408
1757662279,7064024
1757662279,12030312
1757662279,21391656
1757662279,27165224
1757662279,44434200
1757662279,45711496
1757662279,61485064
1757662279,73967768
1757662279,86880712
1757662279,88775752
1757662279,90183160
1757662279,93755336
1757662279,103381816
1757662279,120044232
1757662279,125141400
1757662279,148621576
1757662279,158148568
1757662279,186599448
1757662279,204176776
1757662279,226530424
1757662279,249521720
1757662279,283331896
1757662279,295610072
1757662279,318491320
1757662279,329116184
1757662279,332297928
1757662279,433702072
1757662279,436784136
1757662279,439586168
1757662279,489252264
1757662279,495040504
1757662279,496856168
1757662279,512240104
1757662279,523886456
1757662279,525305288
1757662279,547754472
1757662279,560402248
1757662279,573665160
1757662279,593441576
1757662279,618120840
1757662279,637218840
1757662279,652903048
1757662279,654034312
1757662279,696339608
1757662279,705055288
1757662279,730265560
1757662279,733999352
1757662279,743993000
1757662279,748293800
1757662279,750578776
1757662279,774951128
1757662279,784294872
1757662279,800974888
1757662279,810133592
1757662279,828588664
1757662279,833446776
1757662279,839776120
1757662279,843985032
1757662279,846868824
1757662279,870558792
1757662279,880908232
1757662279,894672024
1757662279,939458984
1757662279,946159512
1757662279,968772184
1757662279,975298056
1757662279,979735320
1757662279,982018280
1757662279,987183256
1757662279,992872056
1757662280,11773032
1757662280,48436280
1757662280,81539800
1757662280,95063880
1757662280,107415144
1757662280,156903256
1757662280,169728616
1757662280,201549560
1757662280,202676248
1757662280,207099336
1757662280,213330168
1757662280,222098616
1757662280,262879752
1757662280,272730232
1757662280,282096472
1757662280,287005096
1757662280,363617512
1757662280,374321704
1757662280,398483208
1757662280,407671032
1757662280,423879080
1757662280,447381512
1757662280,452085000
1757662280,543550136
1757662280,567223304
1757662280,574366088
1757662280,584158568
1757662280,600875816
1757662280,625167816
1757662280,640328056
1757662280,661426744
1757662280,670113192
1757662280,671744936
1757662280,688539000
1757662280,717687240
1757662280,745215816
1757662280,747617256
1757662280,770688728
1757662280,781393992
1757662280,792994152
1757662280,797220808
1757662280,813456936
1757662280,852619304
1757662280,855891528
1757662280,866895560
1757662280,870130152
1757662280,874058744
1757662280,876652088
1757662280,884239464
1757662280,888676632
1757662280,912077368
1757662280,918944152
1757662280,926615112
1757662280,969273640
1757662280,985735352
1757662281,136712
1757662281,12082952
1757662281,33435032
1757662281,37675816
1757662281,39459768
1757662281,121727416
1757662281,129538376
1757662281,137097880
1757662281,180641432
1757662281,186593816
1757662281,214543896
1757662281,231007176
1757662281,250395448
1757662281,263618424
1757662281,291501800
1757662281,321602920
1757662281,348779528
1757662281,359975544
1757662281,379746840
1757662281,381097592
1757662281,389473928
1757662281,392766488
1757662281,405880232
1757662281,413879496
1757662281,434182840
1757662281,435328024
1757662281,439253896
1757662281,495688696
1757662281,513274184
1757662281,524764376
1757662281,528536200
1757662281,541099560
1757662281,545328568
1757662281,589322680
1757662281,598402408
1757662281,605794952
1757662281,611628968
1757662281,636232840
1757662281,645807416
1757662281,666259224
1757662281,667923000
1757662281,681745320
1757662281,695979992
1757662281,697875432
1757662281,699847768
1757662281,747903736
1757662281,762557912
1757662281,764117448
1757662281,797748136
1757662281,818454472
1757662281,824298200
1757662281,826640664
1757662281,835726984
1757662281,840857400
1757662281,862627912
1757662281,894751352
1757662281,917938072
1757662281,929517496
1757662281,957534440
1757662281,975935672
1757662281,982462504
1757662281,997836056
1757662282,3217592
1757662282,22073032
1757662282,29614792
1757662282,34404744
1757662282,52640952
1757662282,55561656
1757662282,63698712
1757662282,72049416
1757662282,90160056
1757662282,107627032
1757662282,110260728
1757662282,114802488
1757662282,120955272
1757662282,150624024
1757662282,191122856
1757662282,194660936
1757662282,201718392
1757662282,203579800
1757662282,211940328
1757662282,225850472
1757662282,230418200
1757662282,234900440
1757662282,238924088
1757662282,240245400
1757662282,262206856
1757662282,265345896
1757662282,299875464
1757662282,321376184
1757662282,337276728
1757662282,347604664
1757662282,350372216
1757662282,389517000
1757662282,429049912
1757662282,439597272
1757662282,458917960
1757662282,465701704
1757662282,469592104
1757662282,476885448
1757662282,493286264
1757662282,527322744
1757662282,540035480
1757662282,562942184
1757662282,569615208
1757662282,579601368
1757662282,598979592
1757662282,606701272
1757662282,683229512
1757662282,691591688
1757662282,718157656
1757662282,733271624
1757662282,738445096
1757662282,745810584
1757662282,749839208
1757662282,774494152
1757662282,849006904
1757662282,858979352
1757662282,889836376
1757662282,898268520
1757662282,906666008
1757662282,919428536
1757662282,928416440
1757662282,930717640
1757662282,954929496
1757662282,972553400
1757662282,977659032
1757662282,988962216
1757662283,2085624
1757662283,21811000
1757662283,45219288
1757662283,52847320
1757662283,71684456
1757662283,82559176
1757662283,89323992
1757662283,108128936
1757662283,132035816
1757662283,136577768
1757662283,140992312
1757662283,149401272
1757662283,167355624
1757662283,173108680
1757662283,191877016
1757662283,220582792
1757662283,222031544
1757662283,233454008
1757662283,242538088
1757662283,255047848
1757662283,258324744
1757662283,279187400
1757662283,283256408
1757662283,299469192
1757662283,310381944
1757662283,319500008
1757662283,335527800
1757662283,366130152
1757662283,377026024
1757662283,390894968
1757662283,398181816
1757662283,410180488
1757662283,431404264
1757662283,450243112
1757662283,466542616
1757662283,479394056
1757662283,490334296
1757662283,503821272
1757662283,523077128
1757662283,528958424
1757662283,531058136
1757662283,533219768
1757662283,543194360
1757662283,545301208
1757662283,547451208
1757662283,570999272
1757662283,584383576
1757662283,598405032
1757662283,599869720
1757662283,611545272
1757662283,622531672
1757662283,624216184
1757662283,628379704
1757662283,649197864
1757662283,651725704
1757662283,654300600
1757662283,659309528
1757662283,673703528
1757662283,675135080
1757662283,687182872
1757662283,693333288
1757662283,696057304
1757662283,712036152
1757662283,715509800
1757662283,728405720
1757662283,731688920
1757662283,736780056
1757662283,748982840
1757662283,801455448
1757662283,816608120
1757662283,830013768
1757662283,839011816
1757662283,851978856
1757662283,895722088
1757662283,902541704
1757662283,908755432
1757662283,918032600
1757662283,922109000
1757662283,942093672
1757662283,955332584
1757662283,970904568
1757662283,974626712
1757662283,988238264
1757662283,997027864
1757662284,766824
1757662284,10650968
1757662284,15790392
1757662284,18002328
1757662284,33598488
1757662284,40445176
1757662284,41935208
1757662284,68764600
1757662284,101163448
1757662284,124005176
1757662284,125363880
1757662284,161137688
1757662284,175608984
1757662284,181846312
1757662284,197041336
1757662284,213220808
1757662284,249778376
1757662284,256231304
1757662284,258878264
1757662284,285627608
1757662284,303185288
1757662284,315877912
1757662284,325185560
1757662284,335065672
1757662284,338493912
1757662284,370798360
1757662284,394871112
1757662284,403065864
1757662284,407197560
1757662284,424679048
1757662284,486502536
1757662284,495498424
1757662284,502922392
1757662284,504913528
1757662284,511559192
1757662284,545966648
1757662284,557241064
1757662284,560542696
1757662284,576508456
1757662284,595788392
1757662284,609289384
1757662284,612070232
1757662284,629302792
1757662284,748152616
1757662284,771510072
1757662284,790379128
1757662284,815098120
1757662284,836381720
1757662284,863275128
1757662284,865251720
1757662284,915674040
1757662284,920338040
1757662284,935249256
1757662284,957317016
1757662284,961052968
1757662284,973342680
1757662284,979661816
1757662285,1152312
1757662285,66036184
1757662285,68786152
1757662285,108500648
1757662285,141522632
1757662285,148727560
1757662285,161476152
1757662285,166978408
1757662285,171102808
1757662285,181256152
1757662285,186737272
1757662285,189663064
1757662285,191417704
1757662285,210552440
1757662285,223518040
1757662285,239393672
1757662285,282886472
1757662285,295427944
1757662285,298535240
1757662285,352767800
1757662285,357543032
1757662285,409534312
1757662285,421841944
1757662285,432563368
1757662285,446913928
1757662285,475249256
1757662285,491063576
1757662285,507497400
1757662285,509081880
1757662285,536054904
1757662285,570283560
1757662285,654996648
1757662285,672773080
1757662285,693189944
1757662285,713015896
1757662285,719559720
1757662285,742260168
1757662285,747081320
1757662285,770496440
1757662285,773729176
1757662285,782811688
1757662285,802517864
1757662285,806258296
1757662285,813081496
1757662285,827243400
1757662285,845080984
1757662285,851904136
1757662285,874053624
1757662285,906222104
1757662285,919848104
1757662285,922393032
1757662285,940998840
1757662285,971602232
1757662285,983240872
1757662285,991086936
1757662286,6820184
1757662286,14542616
1757662286,23594248
1757662286,26826568
1757662286,36807480
1757662286,40649096
1757662286,84195656
1757662286,111280712
1757662286,128302712
1757662286,141839880
1757662286,148087096
1757662286,155065576
1757662286,183995848
1757662286,192559160
1757662286,200152712
1757662286,204834824
1757662286,208449624
1757662286,240976184
1757662286,246490552
1757662286,259368968
1757662286,266437272
1757662286,268993176
1757662286,287730344
1757662286,298864648
1757662286,308302104
1757662286,321373880
1757662286,333106584
1757662286,350634376
1757662286,370998264
1757662286,418912168
1757662286,421707496
1757662286,425021288
1757662286,431184952
1757662286,458899208
1757662286,461708040
1757662286,463791832
1757662286,480979800
1757662286,490008920
1757662286,495262264
1757662286,504052344
1757662286,529224296
1757662286,548186232
1757662286,563939688
1757662286,566011096
1757662286,570127864
1757662286,571662344
1757662286,589376680
1757662286,593574312
1757662286,610876872
1757662286,616231432
1757662286,618440184
1757662286,624175032
1757662286,637109688
1757662286,662036744
1757662286,684863368
1757662286,698148808
1757662286,717587432
1757662286,726694520
1757662286,728190424
1757662286,736721032
1757662286,754238216
1757662286,759208664
1757662286,786343768
1757662286,792040776
1757662286,817011864
1757662286,825350968
1757662286,833687832
1757662286,838193736
1757662286,839556248
1757662286,847098632
1757662286,849439272
1757662286,857080360
1757662286,870806120
1757662286,872473272
1757662286,885880216
1757662286,912714024
1757662286,965159288
1757662286,995334568
1757662287,28263768
1757662287,31677976
1757662287,65081208
1757662287,71096968
1757662287,74081800
1757662287,78208664
1757662287,82433400
1757662287,84881560
1757662287,108264648
1757662287,128339640
1757662287,135382200
1757662287,149862504
1757662287,153806488
1757662287,164022392
1757662287,168059432
1757662287,193706584
1757662287,206760872
1757662287,211527256
1757662287,225992008
1757662287,232506808
1757662287,293119064
1757662287,313470888
1757662287,363993000
1757662287,365278904
1757662287,375524824
1757662287,390895768
1757662287,396333224
1757662287,429897256
1757662287,431333768
1757662287,445701816
1757662287,509979976
1757662287,527271976
1757662287,547078216
1757662287,553446088
1757662287,563460600
1757662287,565669384
1757662287,576265368
1757662287,586928712
1757662287,590484200
1757662287,639954808
1757662287,642297832
1757662287,655798504
1757662287,661542792
1757662287,677107096
1757662287,701449208
1757662287,741271912
1757662287,755889896
1757662287,760013704
1757662287,762301816
1757662287,764551656
1757662287,776661816
1757662287,780961032
1757662287,824067592
1757662287,845669528
1757662287,853573160
1757662287,868560744
1757662287,876400136
1757662287,883942280
1757662287,891434360
1757662287,915650760
1757662287,919923176
1757662287,922651800
1757662287,958112456
1757662288,12535288
1757662288,21633832
1757662288,25302408
1757662288,52975880
1757662288,58166328
1757662288,73244936
1757662288,78423992
1757662288,80396296
1757662288,95157672
1757662288,97503784
1757662288,134341800
1757662288,156644808
1757662288,187863768
1757662288,189850168
1757662288,192711720
1757662288,195112616
1757662288,209570744
1757662288,212453256
1757662288,215395960
1757662288,227917528
1757662288,240336376
1757662288,260663016
1757662288,279370344
1757662288,288973784
1757662288,298712136
1757662288,315330440
1757662288,325690120
1757662288,341283128
1757662288,375248008
1757662288,410520584
1757662288,441967256
1757662288,444880568
1757662288,453036232
1757662288,472854040
1757662288,495511400
1757662288,499284680
1757662288,571934456
1757662288,590127320
1757662288,609629416
1757662288,647063832
1757662288,649065880
1757662288,651905144
1757662288,665039512
1757662288,667782312
1757662288,687001960
1757662288,702159944
1757662288,733491816
1757662288,751449608
1757662288,813548840
1757662288,821658280
1757662288,823244552
1757662288,853457944
1757662288,883351000
1757662288,914194232
1757662288,920825944
1757662288,929167784
1757662288,938877320
1757662288,946080264
1757662288,957063448
1757662288,966771208
1757662288,973234232
1757662288,990043096
1757662288,993849144
1757662288,997260280
1757662289,46268120
1757662289,52476072
1757662289,63280104
1757662289,81635112
1757662289,93403224
1757662289,109145448
1757662289,112061288
1757662289,156018280
1757662289,160476456
1757662289,186203896
1757662289,195269688
1757662289,213045400
1757662289,244364792
1757662289,251931048
1757662289,274596200
1757662289,285585224
1757662289,352762696
1757662289,355879608
1757662289,364915400
1757662289,383509432
1757662289,424041752
1757662289,428546808
1757662289,432225224
1757662289,438541576
1757662289,444747304
1757662289,470244856
1757662289,477958744
1757662289,479782312
1757662289,495126808
1757662289,499073208
1757662289,529617112
1757662289,543885128
1757662289,554812760
1757662289,556775768
1757662289,561087144
1757662289,568721848
1757662289,572979848
1757662289,606832808
1757662289,610730152
1757662289,614282248
1757662289,622512008
1757662289,625160536
1757662289,631374824
1757662289,638288456
1757662289,670617000
1757662289,676640744
1757662289,690496872
1757662289,696025576
1757662289,698193016
1757662289,726315384
1757662289,752907960
1757662289,786971336
1757662289,792099928
1757662289,795395896
1757662289,803389928
1757662289,812585400
1757662289,855008408
1757662289,857333704
1757662289,873096760
1757662289,881390136
1757662289,939904792
1757662289,957479320
1757662289,959607128
1757662289,973276840
1757662290,5419848
1757662290,64806856
1757662290,70951496
1757662290,89377240
1757662290,119796344
1757662290,143519208
1757662290,148299112
1757662290,162131080
1757662290,164972536
1757662290,175917144
1757662290,194318552
1757662290,228711128
1757662290,235938552
1757662290,244674888
1757662290,256047224
1757662290,273907784
1757662290,299643368
1757662290,302954312
1757662290,333424264
1757662290,344075832
1757662290,360315752
1757662290,375305752
1757662290,389797320
1757662290,403176056
1757662290,466678968
1757662290,479700024
1757662290,489688376
1757662290,514483560
1757662290,520137528
1757662290,525315336
1757662290,541822520
1757662290,553105016
1757662290,556132792
1757662290,565338440
1757662290,567760072
1757662290,578554792
1757662290,579996600
1757662290,620194376
1757662290,625190152
1757662290,628579784
1757662290,661088760
1757662290,690743464
1757662290,704123304
1757662290,718335432
1757662290,737204440
1757662290,755135880
1757662290,762312424
1757662290,781140216
1757662290,798279624
1757662290,816637736
1757662290,819725480
1757662290,825614072
1757662290,842803384
1757662290,845647656
1757662290,879330680
1757662290,884436248
1757662290,918321304
1757662290,925290856
1757662290,938092440
1757662290,940382568
1757662290,947842808
1757662290,958423608
1757662291,3815688
1757662291,9626520
1757662291,17634648
1757662291,33298408
1757662291,44774072
1757662291,47427736
1757662291,48822664
1757662291,53400856
1757662291,55874968
1757662291,78593976
1757662291,118795992
1757662291,151303496
1757662291,166592808
1757662291,203568744
1757662291,226512776
1757662291,228075944
1757662291,235645448
1757662291,238896712
1757662291,243603496
1757662291,268261096
1757662291,296823976
1757662291,316271176
1757662291,332501400
1757662291,339638232
1757662291,351651064
1757662291,384115320
1757662291,425998136
1757662291,463224888
1757662291,464725656
1757662291,470183000
1757662291,487708968
1757662291,521029912
1757662291,528300104
1757662291,532705016
1757662291,556335976
1757662291,559006616
1757662291,567064680
1757662291,571051064
1757662291,601599784
1757662291,620615608
1757662291,634378456
1757662291,636395320
1757662291,683082472
1757662291,685755512
1757662291,692021176
1757662291,694313720
1757662291,696166920
1757662291,708685240
1757662291,747626552
1757662291,749886840
1757662291,754149336
1757662291,756476328
1757662291,761741608
1757662291,763345928
1757662291,777169624
1757662291,801995208
1757662291,804703976
1757662291,819438936
1757662291,847480680
1757662291,860814408
1757662291,862345448
1757662291,878615864
1757662291,901225160
1757662291,903867144
1757662291,916529160
1757662291,925208744
1757662291,926497944
1757662291,941970648
1757662291,945208680
1757662291,947881256
1757662291,949822120
1757662291,973158872
1757662291,982506760
1757662291,998364952
1757662292,10497144
1757662292,12830728
1757662292,21233208
1757662292,53949928
1757662292,91130024
1757662292,132867992
1757662292,142777304
1757662292,147929720
1757662292,163073336
1757662292,205171144
1757662292,208926456
1757662292,211982328
1757662292,220734632
1757662292,255469672
1757662292,292087672
1757662292,336541208
1757662292,346258472
1757662292,350734760
1757662292,352604632
1757662292,396805336
1757662292,398068872
1757662292,441352552
1757662292,448619464
1757662292,456426120
1757662292,463286360
1757662292,474468152
1757662292,534149528
1757662292,542293304
1757662292,559230120
1757662292,584114760
1757662292,608302648
1757662292,612429064
1757662292,633767176
1757662292,641920152
1757662292,650315368
1757662292,670088824
1757662292,677470568
1757662292,685002136
1757662292,763981912
1757662292,767825016
1757662292,790324360
1757662292,838500984
1757662292,840194280
1757662292,842468648
1757662292,859201960
1757662292,877760376
1757662292,923562024
1757662293,2271784
1757662293,10480440
1757662293,17238728
1757662293,23401160
1757662293,27882552
1757662293,36608312
1757662293,42688472
1757662293,65908104
1757662293,69559032
1757662293,73007208
1757662293,79586632
1757662293,94499688
1757662293,103249960
1757662293,114212840
1757662293,124178856
1757662293,128649240
1757662293,147605640
1757662293,172038472
1757662293,175432728
1757662293,187337768
1757662293,201366568
1757662293,204569304
1757662293,215346312
1757662293,224975576
1757662293,273002312
1757662293,278001528
1757662293,283491096
1757662293,300818040
1757662293,308165800
1757662293,309545864
1757662293,342930008
1757662293,372113672
1757662293,380856072
1757662293,407151512
1757662293,410604600
1757662293,432965928
1757662293,434946184
1757662293,453150632
1757662293,468048296
1757662293,480049464
1757662293,502885432
1757662293,518172888
1757662293,542694600
1757662293,545251080
1757662293,552348488
1757662293,573165592
1757662293,577145176
1757662293,604980408
1757662293,606392008
1757662293,624004824
1757662293,626951192
1757662293,628212456
1757662293,636396712
1757662293,662482456
1757662293,690782936
1757662293,693285864
1757662293,707882056
1757662293,722798344
1757662293,739291464
1757662293,754476968
1757662293,766181048
1757662293,772136584
1757662293,777761896
1757662293,795358200
1757662293,798838488
1757662293,813323848
1757662293,845905384
1757662293,850383096
1757662293,904793032
1757662293,921986808
1757662293,927968344
1757662293,933920904
1757662293,948918872
1757662293,955912936
1757662293,967990200
1757662293,969284296
1757662294,955368
1757662294,8047848
1757662294,88596760
1757662294,94693240
1757662294,105878296
1757662294,110466600
1757662294,123343256
1757662294,162039064
1757662294,188933000
1757662294,228148568
1757662294,251965480
1757662294,255530952
1757662294,294431672
1757662294,302727064
1757662294,305575496
1757662294,324494264
1757662294,328419640
1757662294,337511304
1757662294,354662680
1757662294,360054008
1757662294,361275608
1757662294,372989544
1757662294,392746904
1757662294,400578408
1757662294,427418648
1757662294,456966984
1757662294,491675592
1757662294,505669176
1757662294,530028072
1757662294,531368312
1757662294,534401624
1757662294,538515864
1757662294,558565912
1757662294,572477272
1757662294,577956200
1757662294,630112232
1757662294,643349944
1757662294,662682440
1757662294,667555896
1757662294,669010504
1757662294,681572696
1757662294,690681224
1757662294,691938568
1757662294,695825608
1757662294,713389800
1757662294,722971368
1757662294,725933144
1757662294,737595944
1757662294,766425368
1757662294,781515288
1757662294,790069144
1757662294,792763928
1757662294,823328760
1757662294,826807512
1757662294,846914184
1757662294,867398696
1757662294,885833400
1757662294,915147544
1757662294,922380552
1757662294,953806248
1757662294,956133592
1757662294,964547256
1757662294,966422472
1757662294,974410424
1757662294,984946504
1757662294,989082664
1757662295,2135144
1757662295,7080008
1757662295,28713560
1757662295,30208552
1757662295,63018984
1757662295,97562296
1757662295,118831176
1757662295,151906696
1757662295,154841880
1757662295,158127192
1757662295,185264264
1757662295,189497288
1757662295,228568280
1757662295,253953784
1757662295,272050264
1757662295,304835560
1757662295,306651784
1757662295,313970296
1757662295,316746200
1757662295,321430520
1757662295,323840072
1757662295,328639848
1757662295,333673864
1757662295,361475336
1757662295,375028872
1757662295,391575288
1757662295,413426584
1757662295,425361368
1757662295,429143944
1757662295,459415432
1757662295,468856360
1757662295,484023080
1757662295,486389384
1757662295,503212152
1757662295,511185352
1757662295,519067144
1757662295,529817848
1757662295,533434008
1757662295,568802168
1757662295,572689688
1757662295,577803592
1757662295,584695432
1757662295,603878136
1757662295,606367768
1757662295,609395960
1757662295,621323544
1757662295,624684760
1757662295,650706168
1757662295,666138920
1757662295,682658088
1757662295,692230664
1757662295,758504264
1757662295,771942824
1757662295,775113480
1757662295,804499096
1757662295,859849096
1757662295,881312824
1757662295,901647528
1757662295,904281752
1757662295,910976232
1757662295,916779992
1757662295,918471384
1757662295,962301400
1757662295,970283192
1757662295,990892056
1757662295,995581624
1757662296,29721192
1757662296,36551304
1757662296,41623672
1757662296,52558808
1757662296,59973960
1757662296,119324856
1757662296,126024856
1757662296,162054648
1757662296,175194440
1757662296,184366536
1757662296,192639432
1757662296,200014568
1757662296,214028360
1757662296,224754344
1757662296,226589640
1757662296,238176360
1757662296,254572424
1757662296,283301160
1757662296,299740408
1757662296,317761288
1757662296,322758472
1757662296,334922440
1757662296,343204168
1757662296,349660664
1757662296,351282856
1757662296,355574568
1757662296,397990600
1757662296,412539784
1757662296,415559912
1757662296,457031720
1757662296,466100680
1757662296,477622056
1757662296,518862376
1757662296,520373624
1757662296,530045608
1757662296,556078600
1757662296,571261400
1757662296,574819304
1757662296,579777064
1757662296,581745656
1757662296,584470136
1757662296,604538952
1757662296,606591720
1757662296,696546584
1757662296,712997304
1757662296,719828680
1757662296,732797704
1757662296,737041528
1757662296,817764664
1757662296,849180616
1757662296,867189464
1757662296,872158280
1757662296,901195080
1757662296,903993064
1757662296,924681064
1757662296,944309432
1757662296,954645704
1757662296,998829752
1757662297,5331720
1757662297,11830200
1757662297,17806584
1757662297,41273768
1757662297,50794616
1757662297,93025656
1757662297,98253992
1757662297,113681464
1757662297,130043000
1757662297,138660952
1757662297,145734952
1757662297,174399608
1757662297,180205608
1757662297,186978392
1757662297,189866072
1757662297,205841448
1757662297,232402936
1757662297,242776792
1757662297,264038888
1757662297,266630056
1757662297,271511752
1757662297,284323432
1757662297,294086984
1757662297,298268232
1757662297,302218792
1757662297,304600344
1757662297,316964776
1757662297,319201096
1757662297,321942392
1757662297,339203256
1757662297,363375320
1757662297,367648968
1757662297,373616440
1757662297,414597736
1757662297,430420200
1757662297,433694984
1757662297,492667176
1757662297,501430520
1757662297,505381208
1757662297,520460184
1757662297,521821560
1757662297,534947560
1757662297,540924552
1757662297,571350696
1757662297,575421000
1757662297,582268680
1757662297,620195528
1757662297,639079368
1757662297,642872200
1757662297,666483016
1757662297,681350168
1757662297,687751528
1757662297,695116616
1757662297,705566392
1757662297,731954008
1757662297,733588840
1757662297,744683528
1757662297,751795176
1757662297,766123432
1757662297,791242008
1757662297,799776440
1757662297,806092296
1757662297,811565704
1757662297,824988312
1757662297,826513080
1757662297,831783400
1757662297,896621000
1757662297,898600248
1757662297,916137480
1757662297,933329096
1757662297,953381240
1757662298,1401752
1757662298,7646248
1757662298,10514104
1757662298,42868968
1757662298,62817704
1757662298,75498056
1757662298,99965528
1757662298,134151544
1757662298,135951000
1757662298,138066168
1757662298,141220072
1757662298,145629704
1757662298,199759928
1757662298,214919080
1757662298,216300072
1757662298,221555496
1757662298,236968840
1757662298,242769400
1757662298,260143048
1757662298,286347528
1757662298,305697864
1757662298,308711272
1757662298,314442056
1757662298,322529048
1757662298,368625656
1757662298,384779688
1757662298,405907016
1757662298,414223400
1757662298,417491672
1757662298,431737304
1757662298,446713608
1757662298,469976664
1757662298,492609976
1757662298,512485384
1757662298,527686632
1757662298,530731016
1757662298,532720104
1757662298,582460232
1757662298,602452616
1757662298,607596872
1757662298,611113656
1757662298,615973880
1757662298,633473096
1757662298,640395800
1757662298,648277032
1757662298,669979352
1757662298,727373736
1757662298,760311016
1757662298,770675944
1757662298,776369080
1757662298,780856712
1757662298,784622120
1757662298,830406904
1757662298,841697528
1757662298,866291336
1757662298,868406712
1757662298,886461752
1757662298,922149688
1757662298,926048664
1757662298,932040328
1757662298,956281528
1757662298,972998568
1757662299,21676904
1757662299,34282712
1757662299,76127688
1757662299,80383480
1757662299,105165704
1757662299,109340680
1757662299,137679896
1757662299,147909144
1757662299,149366984
1757662299,160199944
1757662299,189523288
1757662299,209537784
1757662299,214117928
1757662299,225010456
1757662299,228020952
1757662299,243119784
1757662299,281023064
1757662299,291558728
1757662299,306712824
1757662299,317209560
1757662299,342102232
1757662299,380834264
1757662299,386902248
1757662299,394925160
1757662299,407777304
1757662299,453746904
1757662299,506998392
1757662299,509917272
1757662299,511809768
1757662299,538815816
1757662299,566314472
1757662299,568897256
1757662299,596444776
1757662299,605799336
1757662299,609633528
1757662299,623160456
1757662299,625381560
1757662299,651621368
1757662299,668244168
1757662299,669598792
1757662299,675805368
1757662299,710665752
1757662299,725069496
1757662299,735902280
1757662299,737504920
1757662299,752708120
1757662299,770713128
1757662299,774272808
1757662299,776974600
1757662299,778800568
1757662299,786511960
1757662299,818037416
1757662299,819472872
1757662299,869215368
1757662299,881608968
1757662299,932658744
1757662299,943547544
1757662299,954098344
1757662299,965817768
1757662299,986719672
1757662300,9510776
1757662300,23218424
1757662300,83823432
1757662300,102547352
1757662300,111363592
1757662300,119284344
1757662300,150753544
1757662300,176060408
1757662300,233019144
1757662300,277097704
1757662300,285409592
1757662300,301379832
1757662300,303234552
1757662300,309512696
1757662300,339578120
1757662300,351538520
1757662300,380073000
1757662300,385752408
1757662300,393108056
1757662300,410756648
1757662300,486635336
1757662300,509439400
1757662300,546413304
1757662300,557955208
1757662300,579902424
1757662300,616876120
1757662300,619706840
1757662300,647893304
1757662300,652536968
1757662300,668727992
1757662300,681773256
1757662300,685937160
1757662300,706287752
1757662300,733724904
1757662300,750865640
1757662300,754148216
1757662300,764652312
1757662300,768748504
1757662300,773670760
1757662300,791069912
1757662300,810136120
1757662300,826321032
1757662300,862319704
1757662300,864930728
1757662300,868100568
1757662300,883823064
1757662300,895396616
1757662300,909128904
1757662300,926853496
1757662300,930578856
1757662300,933394776
1757662300,934981416
1757662300,940436552
1757662300,966301112
1757662301,20222232
1757662301,76089208
1757662301,79915368
1757662301,85948728
1757662301,87854328
1757662301,93003176
1757662301,95066328
1757662301,96428936
1757662301,112104024
1757662301,141554712
1757662301,151144392
1757662301,181817688
1757662301,189667624
1757662301,212303384
1757662301,235823128
1757662301,243867816
1757662301,263820072
1757662301,310388344
1757662301,321508152
1757662301,326921912
1757662301,334641544
1757662301,350275064
1757662301,381083016
1757662301,384015992
1757662301,405910472
1757662301,415987144
1757662301,417790072
1757662301,443078520
1757662301,496870392
1757662301,501485224
1757662301,554503256
1757662301,583521720
1757662301,605570744
1757662301,618735512
1757662301,627208040
1757662301,657017272
1757662301,666363352
1757662301,696969752
1757662301,722832856
1757662301,760257608
1757662301,772195864
1757662301,777194360
1757662301,822596584
1757662301,824674312
1757662301,834719896
1757662301,835889832
1757662301,906892872
1757662301,909975896
1757662301,918957960
1757662301,925955032
1757662301,955298888
1757662301,982210072
1757662301,985264712
1757662301,993991064
1757662302,754856
1757662302,3534664
1757662302,28903416
1757662302,37141800
1757662302,48931624
1757662302,57465096
1757662302,95102040
1757662302,106101848
1757662302,126230856
1757662302,168434232
1757662302,170277000
1757662302,172431768
1757662302,179614680
1757662302,194033816
1757662302,212062184
1757662302,237249064
1757662302,315453576
1757662302,327148888
1757662302,344884904
1757662302,348981000
1757662302,363015768
1757662302,389923944
1757662302,398939240
1757662302,420770808
1757662302,455592664
1757662302,458932536
1757662302,467647624
1757662302,481059192
1757662302,489488440
1757662302,503014264
1757662302,546059464
1757662302,553211656
1757662302,558326168
1757662302,564199832
1757662302,576576936
1757662302,582171320
1757662302,616452472
1757662302,630122120
1757662302,631502648
1757662302,639986488
1757662302,647824040
1757662302,649128488
1757662302,651259304
1757662302,672533608
1757662302,700966152
1757662302,736318872
1757662302,738925688
1757662302,765695272
1757662302,777606904
1757662302,836920744
1757662302,851644904
1757662302,865738136
1757662302,866858888
1757662302,903787416
1757662302,922460104
1757662302,944484776
1757662302,949624456
1757662302,959355992
1757662302,969843304
1757662302,985256680
1757662303,5913880
1757662303,9692088
1757662303,15825544
1757662303,21011816
1757662303,40844936
1757662303,58486232
1757662303,59755704
1757662303,62894024
1757662303,71716920
1757662303,79433160
1757662303,116990296
1757662303,137099768
1757662303,148250984
1757662303,151308376
1757662303,195702488
1757662303,212497912
1757662303,218162104
1757662303,229354120
1757662303,246738584
1757662303,274565304
1757662303,281012168
1757662303,288226808
1757662303,304901720
1757662303,314609816
1757662303,337499384
1757662303,341208600
1757662303,389023208
1757662303,416073064
1757662303,446469336
1757662303,449376984
1757662303,460450424
1757662303,472224008
1757662303,476215384
1757662303,477847576
1757662303,491681736
1757662303,507614168
1757662303,512526408
1757662303,514710088
1757662303,558737800
1757662303,570554584
1757662303,573173096
1757662303,602581848
1757662303,617059592
1757662303,634631640
1757662303,702269960
1757662303,720548232
1757662303,748753192
1757662303,790752568
1757662303,794929928
1757662303,806157128
1757662303,813242904
1757662303,834026936
1757662303,858872248
1757662303,869641048
1757662303,876982056
1757662303,889642424
1757662303,896100344
1757662303,928938344
1757662303,943606856
1757662303,947460904
1757662303,956732856
1757662303,985533576
1757662304,9330776
1757662304,12417432
1757662304,46071512
1757662304,102996328
1757662304,110052392
1757662304,114644280
1757662304,123574856
1757662304,129349896
1757662304,141042904
1757662304,149391352
1757662304,153161336
1757662304,154735832
1757662304,164533256
1757662304,215940840
1757662304,221263048
1757662304,224770968
1757662304,276056760
1757662304,339902952
1757662304,365566840
1757662304,368338104
1757662304,383973912
1757662304,386984488
1757662304,393067752
1757662304,418331128
1757662304,475636328
1757662304,544826632
1757662304,547094856
1757662304,549039848
1757662304,586977000
1757662304,606813208
1757662304,625655752
1757662304,663047976
1757662304,691831288
1757662304,701394808
1757662304,704984152
1757662304,709155048
1757662304,768626392
1757662304,796487416
1757662304,809475080
1757662304,821582536
1757662304,849041320
1757662304,865960840
1757662304,895075960
1757662304,940798984
1757662304,964007608
1757662304,971212040
1757662304,974682728
1757662304,979046952
1757662305,972376
1757662305,6858712
1757662305,14775224
1757662305,40491528
1757662305,49096360
1757662305,61027816
1757662305,86842712
1757662305,88542424
1757662305,100877576
1757662305,108134008
1757662305,120375720
1757662305,138905368
1757662305,143245320
1757662305,153297368
1757662305,175671016
1757662305,181831032
1757662305,191052952
1757662305,194101608
1757662305,195621288
1757662305,203546264
1757662305,240128920
1757662305,248485544
1757662305,274144904
1757662305,275495096
1757662305,342220824
1757662305,377305624
1757662305,382717944
1757662305,442909912
1757662305,448400216
1757662305,450034968
1757662305,492536376
1757662305,509802040
1757662305,519969448
1757662305,526490408
1757662305,534114232
1757662305,593398744
1757662305,604415432
1757662305,614592376
1757662305,620567352
1757662305,637476472
1757662305,671852232
1757662305,694504584
1757662305,735496376
1757662305,736709560
1757662305,760977352
1757662305,796130936
1757662305,801086536
1757662305,855724328
1757662305,876654664
1757662305,892625592
1757662305,901306120
1757662305,909272664
1757662305,919264568
1757662305,922456088
1757662305,931468040
1757662305,973861144
1757662305,978809768
1757662305,993341352
1757662306,21353432
1757662306,34132568
1757662306,55754312
1757662306,67883192
1757662306,81055704
1757662306,108472568
1757662306,119631656
1757662306,146021032
1757662306,163216968
1757662306,176639080
1757662306,178532840
1757662306,186937800
1757662306,192250472
1757662306,204778728
1757662306,239609768
1757662306,280348968
1757662306,282520904
1757662306,302678616
1757662306,311468104
1757662306,315276904
1757662306,328352600
1757662306,337766920
1757662306,370685128
1757662306,373147144
1757662306,408663336
1757662306,426394360
1757662306,446484424
1757662306,477613448
1757662306,487557832
1757662306,500590024
1757662306,510052600
1757662306,540171656
1757662306,542082216
1757662306,544634328
1757662306,570914280
1757662306,573755608
1757662306,581394120
1757662306,605559240
1757662306,633223192
1757662306,648506104
1757662306,652383976
1757662306,662393256
1757662306,731742888
1757662306,743581688
1757662306,787453736
1757662306,791710312
1757662306,817762008
1757662306,821305928
1757662306,830035048
1757662306,853041672
1757662306,878427384
1757662306,899978024
1757662306,902407144
1757662306,908503800
1757662306,915801368
1757662306,918420456
1757662306,959224008
1757662307,30482872
1757662307,39208056
1757662307,41772584
1757662307,77654024
1757662307,86531704
1757662307,140363320
1757662307,144184200
1757662307,170253160
1757662307,197180120
1757662307,233830872
1757662307,258152744
1757662307,270274920
1757662307,272571912
1757662307,280356040
1757662307,282414792
1757662307,296875768
1757662307,319833544
1757662307,332433624
1757662307,335126920
1757662307,346073400
1757662307,379599096
1757662307,399519160
1757662307,416501960
1757662307,486037736
1757662307,490901064
1757662307,492321608
1757662307,511310456
1757662307,520795816
1757662307,534611256
1757662307,549799800
1757662307,559758552
1757662307,561990952
1757662307,566601320
1757662307,573620472
1757662307,574973416
1757662307,587917384
1757662307,631268728
1757662307,654130488
1757662307,668092184
1757662307,679055960
1757662307,693366520
1757662307,714966776
1757662307,724262632
1757662307,735072264
1757662307,751635336
1757662307,790908776
1757662307,796949432
1757662307,820885720
1757662307,839641368
1757662307,844999464
1757662307,848818744
1757662307,863991928
1757662307,866335016
1757662307,872980104
1757662307,874439592
1757662307,886240088
1757662307,905628024
1757662307,916371784
1757662307,920690584
1757662307,929338872
1757662307,944869560
1757662307,988475704
1757662307,994755160
1757662308,12620552
1757662308,25915000
1757662308,50339560
1757662308,91327560
1757662308,111992872
1757662308,113815304
1757662308,122738440
1757662308,137853480
1757662308,139514056
1757662308,146343400
1757662308,159239832
1757662308,160802968
1757662308,164357592
1757662308,182953560
1757662308,213357592
1757662308,221254712
1757662308,253268872
1757662308,273422840
1757662308,276079432
1757662308,289658168
1757662308,311572872
1757662308,317377624
1757662308,324496376
1757662308,331729256
1757662308,346060280
1757662308,367925240
1757662308,403249704
1757662308,408652616
1757662308,431744056
1757662308,481094504
1757662308,483187608
1757662308,497807320
1757662308,504786648
1757662308,515117928
1757662308,517589704
1757662308,527412520
1757662308,557252264
1757662308,559157288
1757662308,580195672
1757662308,596749560
1757662308,601709512
1757662308,625099544
1757662308,633978392
1757662308,671169976
1757662308,677402088
1757662308,700392136
1757662308,703218152
1757662308,711738552
1757662308,713239912
1757662308,717650680
1757662308,748731368
1757662308,799271944
1757662308,801451192
1757662308,802961336
1757662308,814093736
1757662308,833727240
1757662308,836156440
1757662308,838055704
1757662308,857821832
1757662308,865195032
1757662308,897663128
1757662308,920538808
1757662308,967461400
1757662308,969546008
1757662308,981644088
1757662308,998666328
1757662308,999947816
1757662309,12882872
1757662309,17594968
1757662309,23944712
1757662309,29388792
1757662309,40031304
1757662309,81378504
1757662309,103219528
1757662309,112255016
1757662309,113707368
1757662309,116609384
1757662309,166939400
1757662309,171905640
1757662309,207781512
1757662309,255034456
1757662309,263510696
1757662309,287961736
1757662309,293707528
1757662309,301120200
1757662309,311240760
1757662309,349382008
1757662309,364037736
1757662309,387900040
1757662309,400446792
1757662309,435449752
1757662309,442259928
1757662309,447995256
1757662309,473725768
1757662309,492596744
1757662309,509150088
1757662309,511321528
1757662309,532981336
1757662309,570296584
1757662309,578482152
1757662309,599360600
1757662309,632577128
1757662309,651285368
1757662309,678802264
1757662309,704638456
1757662309,723809768
1757662309,740749864
1757662309,773377928
1757662309,794568536
1757662309,828242680
1757662309,835304888
1757662309,840647880
1757662309,855984968
1757662309,885754808
1757662309,890163176
1757662309,925357496
1757662309,951692792
1757662309,958463064
1757662309,980503112
1757662310,1148792
1757662310,14758872
1757662310,15801896
1757662310,43220120
1757662310,48795704
1757662310,57101032
1757662310,86450072
1757662310,103526920
1757662310,142431624
1757662310,143652392
1757662310,149233192
1757662310,179930568
1757662310,185046568
1757662310,209665656
1757662310,216538648
1757662310,226586984
1757662310,228343976
1757662310,235489832
1757662310,241138344
1757662310,252766344
1757662310,273984760
1757662310,298844696
1757662310,316350824
1757662310,322651256
1757662310,328245048
1757662310,333886296
1757662310,353146312
1757662310,420778872
1757662310,425730792
1757662310,464170760
1757662310,473070952
1757662310,502211896
1757662310,505406136
1757662310,507084360
1757662310,508587704
1757662310,526334088
1757662310,535483608
1757662310,576764296
1757662310,581863912
1757662310,594038168
1757662310,596020696
1757662310,598115864
1757662310,611536952
1757662310,632676664
1757662310,645006808
1757662310,649579560
1757662310,686271176
1757662310,698309640
1757662310,745631064
1757662310,748283512
1757662310,755853624
1757662310,780330664
1757662310,795172200
1757662310,796599032
1757662310,804847416
1757662310,818688648
1757662310,823501864
1757662310,827711496
1757662310,856239960
1757662310,860786168
1757662310,863596328
1757662310,892824888
1757662310,944667704
1757662310,961076648
1757662310,964876808
1757662310,976129256
1757662310,988687080
1757662311,3959496
1757662311,32221928
1757662311,41453240
1757662311,50392792
1757662311,81888728
1757662311,104344184
1757662311,120089800
1757662311,128348120
1757662311,160587528
1757662311,164794472
1757662311,170233368
1757662311,234653192
1757662311,238492936
1757662311,249755016
1757662311,267130136
1757662311,293253160
1757662311,301081896
1757662311,322700856
1757662311,326972328
1757662311,328785496
1757662311,347141928
1757662311,350155096
1757662311,359615240
1757662311,363615624
1757662311,374938824
1757662311,395377544
1757662311,400068888
1757662311,429668856
1757662311,462393736
1757662311,471757656
1757662311,478703960
1757662311,486492552
1757662311,513354840
1757662311,628541400
1757662311,650404504
1757662311,674329096
1757662311,685464696
1757662311,698890408
1757662311,702546632
1757662311,714493448
1757662311,733981816
1757662311,735359912
1757662311,743221304
1757662311,750137912
1757662311,752300648
1757662311,759686936
1757662311,760863704
1757662311,783673368
1757662311,792235560
1757662311,803723736
1757662311,817370968
1757662311,832529256
1757662311,855027784
1757662311,889393432
1757662311,910657992
1757662311,926432552
1757662311,927985384
1757662311,936921832
1757662311,950270232
1757662311,963711496
1757662311,984978232
1757662312,4541816
1757662312,31372792
1757662312,44536856
1757662312,56778984
1757662312,67529960
1757662312,82099448
1757662312,93131896
1757662312,96691064
1757662312,129046072
1757662312,157937720
1757662312,184131608
1757662312,189050504
1757662312,238331576
1757662312,245608856
1757662312,251616312
1757662312,297224936
1757662312,308796200
1757662312,339466568
1757662312,341135496
1757662312,351593512
1757662312,376878168
1757662312,387753736
1757662312,392179832
1757662312,427208184
1757662312,429712088
1757662312,433789160
1757662312,441447720
1757662312,481435848
1757662312,492388696
1757662312,559593976
1757662312,576223720
1757662312,585283240
1757662312,596338296
1757662312,603817032
1757662312,610684040
1757662312,612278680
1757662312,613645832
1757662312,618296792
1757662312,660563208
1757662312,683307048
1757662312,692027432
1757662312,694053640
1757662312,711519160
1757662312,717148104
1757662312,727020440
1757662312,736890040
1757662312,739324072
1757662312,767002392
1757662312,856003048
1757662312,868228904
1757662312,871124216
1757662312,880936840
1757662312,912734792
1757662312,946316408
1757662312,987855096
1757662313,52728
1757662313,2185384
1757662313,3853832
1757662313,11641544
1757662313,39520504
1757662313,43502968
1757662313,44784456
1757662313,60651304
1757662313,72178856
1757662313,80015160
1757662313,109998312
1757662313,130861864
1757662313,163803800
1757662313,178204632
1757662313,187349496
1757662313,199082024
1757662313,221849192
1757662313,224142328
1757662313,239340584
1757662313,240591224
1757662313,242508296
1757662313,279111704
1757662313,286592888
1757662313,296827032
1757662313,302341096
1757662313,306106664
1757662313,309356216
1757662313,323695912
1757662313,339347064
1757662313,341671240
1757662313,343798808
1757662313,361783320
1757662313,366842536
1757662313,381359176
1757662313,393670440
1757662313,394943272
1757662313,448420664
1757662313,466334456
1757662313,471367496
1757662313,496005512
1757662313,533454872
1757662313,538533064
1757662313,541218856
1757662313,543905528
1757662313,571109400
1757662313,574494312
1757662313,601037368
1757662313,611011752
1757662313,627146552
1757662313,682506056
1757662313,709353016
1757662313,713869080
1757662313,715415576
1757662313,722369608
1757662313,724120456
1757662313,733443832
1757662313,734657688
1757662313,737687816
1757662313,739427768
1757662313,741594520
1757662313,753263800
1757662313,762450600
1757662313,765451544
1757662313,770704632
1757662313,772522472
1757662313,818979560
1757662313,822895304
1757662313,874842184
1757662313,884618648
1757662313,888915448
1757662313,952531032
1757662313,984161368
1757662314,103896
1757662314,27620840
1757662314,29443528
1757662314,35124664
1757662314,65487560
1757662314,94066696
1757662314,155924776
1757662314,164751704
1757662314,173951464
1757662314,183991912
1757662314,197391352
1757662314,207865992
1757662314,224949944
1757662314,232513704
1757662314,239428584
1757662314,245911192
1757662314,253332392
1757662314,290411912
1757662314,317783528
1757662314,324882264
1757662314,371374520
1757662314,375616056
1757662314,377673464
1757662314,380350120
1757662314,394735016
1757662314,404214152
1757662314,413233672
1757662314,436965480
1757662314,448781016
1757662314,454217272
1757662314,491769240
1757662314,504485384
1757662314,524858472
1757662314,527926728
1757662314,531718088
1757662314,549041080
1757662314,553836520
1757662314,562618104
1757662314,574638600
1757662314,590829464
1757662314,595769736
1757662314,611657016
1757662314,623765224
1757662314,642055656
1757662314,659461688
1757662314,661387864
1757662314,677481512
1757662314,686260728
1757662314,692904392
1757662314,723543784
1757662314,731735048
1757662314,741568696
1757662314,747858872
1757662314,750562088
1757662314,802267144
1757662314,814469448
1757662314,828736952
1757662314,874449896
1757662314,892991048
1757662314,902279080
1757662314,925662664
1757662314,933339016
1757662314,942865640
1757662314,957396120
1757662314,981119880
1757662314,983359368
1757662314,989009336
1757662315,505416
1757662315,11546680
1757662315,25049736
1757662315,29699272
1757662315,60898680
1757662315,109237768
1757662315,116853544
1757662315,132911640
1757662315,172177464
1757662315,202508168
1757662315,210890760
1757662315,218081192
1757662315,228886952
1757662315,230527304
1757662315,232964392
1757662315,247595400
1757662315,259852744
1757662315,267259144
1757662315,284916760
1757662315,288523880
1757662315,340963656
1757662315,352448680
1757662315,353961320
1757662315,374732040
1757662315,377748280
1757662315,414838952
1757662315,423529320
1757662315,429706728
1757662315,477274200
1757662315,490872296
1757662315,492748760
1757662315,495076200
1757662315,504340088
1757662315,509005400
1757662315,523850008
1757662315,525661224
1757662315,532677496
1757662315,549611816
1757662315,555077192
1757662315,558397976
1757662315,587213224
1757662315,611374488
1757662315,614295832
1757662315,629310984
1757662315,636893160
1757662315,662490936
1757662315,665933144
1757662315,675165160
1757662315,694942520
1757662315,701882680
1757662315,720000328
1757662315,737210104
1757662315,742752888
1757662315,750115768
1757662315,768130456
1757662315,774871560
1757662315,798655016
1757662315,818213736
1757662315,846144600
1757662315,860577048
1757662315,865252728
1757662315,868493752
1757662315,893231288
1757662315,899163608
1757662315,906798744
1757662315,932010744
1757662315,943612440
1757662315,945221304
1757662315,947465176
1757662315,968094424
1757662315,981278600
1757662316,8509096
1757662316,12078392
1757662316,15630808
1757662316,36807048
1757662316,47953784
1757662316,51309000
1757662316,64162600
1757662316,94219256
1757662316,101403944
1757662316,115278616
1757662316,122580520
1757662316,130193304
1757662316,136066792
1757662316,142771112
1757662316,149236056
1757662316,161790024
1757662316,164395528
1757662316,185503400
1757662316,191506904
1757662316,200994360
1757662316,233900056
1757662316,252073848
1757662316,269223000
1757662316,275004024
1757662316,279394728
1757662316,284450904
1757662316,285937192
1757662316,290132472
1757662316,334509480
1757662316,355732360
1757662316,358074232
1757662316,359713368
1757662316,367969016
1757662316,373642296
1757662316,395130952
1757662316,398145560
1757662316,403152424
1757662316,450833832
1757662316,511680664
1757662316,545059208
1757662316,548373944
1757662316,557067112
1757662316,570731096
1757662316,589581064
1757662316,600337464
1757662316,657144280
1757662316,686678008
1757662316,696475192
1757662316,714371352
1757662316,731008984
1757662316,765501288
1757662316,779725160
1757662316,803428184
1757662316,809199176
1757662316,813737272
1757662316,816641608
1757662316,831912136
1757662316,838089144
1757662316,843812440
1757662316,859412056
1757662316,872451656
1757662316,881759112
1757662316,892360456
1757662316,930091560
1757662316,933184904
1757662316,940702760
1757662316,983899768
1757662316,987487992
1757662316,988796376
1757662316,993323832
1757662317,13922120
1757662317,35657176
1757662317,38918552
1757662317,64386648
1757662317,93089688
1757662317,112182392
1757662317,145459576
1757662317,222189160
1757662317,244478712
1757662317,278631800
1757662317,302907048
1757662317,337839720
1757662317,386103096
1757662317,389081448
1757662317,392781336
1757662317,395300968
1757662317,399351720
1757662317,400974488
1757662317,439377656
1757662317,442456584
1757662317,455054920
1757662317,461269816
1757662317,471210648
1757662317,479995112
1757662317,489480024
1757662317,493927480
1757662317,522859464
1757662317,587168520
1757662317,593490584
1757662317,596308840
1757662317,607935032
1757662317,623497384
1757662317,626514168
1757662317,631602200
1757662317,636866328
1757662317,663916728
1757662317,681699064
1757662317,689471048
1757662317,703135064
1757662317,769570504
1757662317,780949448
1757662317,791053736
1757662317,818954200
1757662317,828040824
1757662317,834736072
1757662317,853765576
1757662317,863449720
1757662317,902587784
1757662317,909829384
1757662317,913171064
1757662317,948802680
1757662317,955250360
1757662317,957313832
1757662318,26290904
1757662318,37948904
1757662318,41606872
1757662318,51064968
1757662318,83936392
1757662318,100463016
1757662318,108976536
1757662318,116635592
1757662318,118786616
1757662318,220252984
1757662318,227238664
1757662318,259096952
1757662318,260925192
1757662318,265967800
1757662318,342614232
1757662318,345341576
1757662318,357494424
1757662318,374469032
1757662318,414073848
1757662318,447693656
1757662318,469522632
1757662318,482627080
1757662318,497506648
1757662318,502772360
1757662318,512781384
1757662318,536696600
1757662318,538249976
1757662318,541754232
1757662318,560884200
1757662318,585652680
1757662318,599007192
1757662318,605461944
1757662318,619722232
1757662318,659969400
1757662318,671743848
1757662318,720500008
1757662318,722231784
1757662318,730268152
1757662318,751279512
1757662318,758133336
1757662318,769930216
1757662318,771596600
1757662318,797161688
1757662318,820644760
1757662318,824003336
1757662318,843548488
1757662318,847542632
1757662318,852029528
1757662318,881888808
1757662318,898002200
1757662318,907209832
1757662318,919231128
1757662318,923137592
1757662318,924390856
1757662318,942190632
1757662318,950161976
1757662318,957816536
1757662318,960547272
1757662318,967351544
1757662318,979264376
1757662318,999193304
1757662319,18855464
1757662319,26793560
1757662319,29536008
1757662319,67784200
1757662319,73830536
1757662319,103499464
1757662319,125707800
1757662319,128370280
1757662319,133198744
1757662319,173251944
1757662319,175060520
1757662319,226448040
1757662319,236980360
1757662319,245606104
1757662319,249784040
1757662319,264213032
1757662319,288253832
1757662319,308896200
1757662319,323857528
1757662319,331658008
1757662319,354441960
1757662319,358482328
1757662319,364678568
1757662319,367339832
1757662319,370715832
1757662319,372663784
1757662319,377633752
1757662319,380998824
1757662319,383137832
1757662319,409456392
1757662319,411894184
1757662319,414695384
1757662319,422165000
1757662319,435055672
1757662319,442811016
1757662319,457223800
1757662319,482781672
1757662319,491223800
1757662319,503639304
1757662319,507651368
1757662319,526988904
1757662319,532758632
1757662319,543195528
1757662319,562905272
1757662319,571847368
1757662319,584572408
1757662319,629942744
1757662319,638019480
1757662319,643842488
1757662319,651047080
1757662319,658338040
1757662319,705123112
1757662319,713342312
1757662319,717655432
1757662319,726662120
1757662319,728504408
1757662319,748696904
1757662319,774235512
1757662319,777478424
1757662319,789047784
1757662319,797190040
1757662319,803398824
1757662319,808838712
1757662319,817427304
1757662319,843247288
1757662319,871000968
1757662319,885821288
1757662319,891249432
1757662319,896167624
1757662319,925504008
1757662319,952822536
1757662319,957064216
1757662319,962059240
1757662319,970383176
1757662319,973302872
1757662319,976429016
1757662319,998783544
1757662320,33408296
1757662320,67713208
1757662320,75979432
1757662320,96714168
1757662320,107812536
1757662320,137932952
1757662320,142521240
1757662320,146038216
1757662320,158018872
1757662320,166784632
1757662320,192877272
1757662320,198674808
1757662320,226006008
1757662320,270903112
1757662320,287874136
1757662320,294368008
1757662320,313527752
1757662320,323539224
1757662320,327479016
1757662320,343895816
1757662320,352018680
1757662320,373613608
1757662320,386036712
1757662320,406423608
1757662320,448630568
1757662320,451183928
1757662320,454051816
1757662320,456627208
1757662320,462557928
1757662320,486153608
1757662320,518765208
1757662320,521392840
1757662320,573618232
1757662320,597855224
1757662320,601449160
1757662320,651458072
1757662320,669352120
1757662320,705304824
1757662320,711434776
1757662320,712740424
1757662320,740938568
1757662320,770299096
1757662320,777961080
1757662320,817754808
1757662320,820807816
1757662320,832110248
1757662320,839891864
1757662320,865479432
1757662320,884193528
1757662320,895839048
1757662320,903668664
1757662320,930392440
1757662320,936391352
1757662320,941035528
1757662320,958191240
1757662320,972635976
1757662320,998513448
1757662321,4468680
1757662321,8616696
1757662321,17129752
1757662321,40606152
1757662321,44024040
1757662321,54778312
1757662321,57877800
1757662321,60449096
1757662321,106655352
1757662321,115421784
1757662321,152871000
1757662321,166096440
1757662321,177680584
1757662321,190705448
1757662321,204245944
1757662321,206641016
1757662321,211257768
1757662321,217197192
1757662321,219948312
1757662321,228699368
1757662321,238649336
1757662321,290894904
1757662321,292777720
1757662321,297435400
1757662321,302587656
1757662321,304219368
1757662321,315743784
1757662321,331584744
1757662321,346528568
1757662321,380289128
1757662321,391185928
1757662321,401182072
1757662321,406940680
1757662321,424135736
1757662321,429545064
1757662321,431124024
1757662321,434597736
1757662321,440592552
1757662321,469733560
1757662321,482206296
1757662321,509615704
1757662321,529769336
1757662321,551117032
1757662321,553240248
1757662321,631442664
1757662321,633472712
1757662321,645206520
1757662321,664152616
1757662321,676483512
1757662321,691360824
1757662321,704090536
1757662321,717176632
1757662321,743778184
1757662321,755984296
1757662321,799555528
1757662321,824277480
1757662321,836750440
1757662321,849231400
1757662321,877717000
1757662321,887782344
1757662321,889825320
1757662321,894544584
1757662321,896002440
1757662321,901586456
1757662321,911720216
1757662321,914205640
1757662321,921431160
1757662321,925811640
1757662321,932550552
1757662321,936625896
1757662321,948475848
1757662321,981217240
1757662321,982799176
1757662321,999830408
1757662322,3523352
1757662322,20825352
1757662322,22940088
1757662322,69380936
1757662322,74361240
1757662322,105249976
1757662322,107997176
1757662322,141890280
1757662322,147365960
1757662322,185419336
1757662322,194217720
1757662322,201249128
1757662322,222757480
1757662322,251101768
1757662322,257864456
1757662322,284110520
1757662322,303800584
1757662322,326365096
1757662322,328664552
1757662322,334191176
1757662322,347718552
1757662322,355785400
1757662322,376502392
1757662322,388626920
1757662322,392963640
1757662322,413265688
1757662322,415024328
1757662322,418145112
1757662322,447887832
1757662322,454232248
1757662322,458849112
1757662322,475637272
1757662322,491921752
1757662322,501798568
1757662322,510321832
1757662322,515986840
1757662322,528900344
1757662322,540006936
1757662322,596046104
1757662322,608798760
1757662322,618086184
1757662322,641933208
1757662322,644270216
1757662322,675057960
1757662322,678237784
1757662322,741450056
1757662322,752950776
1757662322,771393880
1757662322,809031048
1757662322,845772600
1757662322,860812888
1757662322,871276632
1757662322,930803736
1757662322,952869640
1757662322,981459896
1757662322,990285224
1757662322,993770584
1757662322,996409736
1757662323,4050520
1757662323,40726376
1757662323,152619912
1757662323,170320344
1757662323,202574840
1757662323,218865048
1757662323,261751752
1757662323,268013960
1757662323,273994104
1757662323,276475704
1757662323,311257928
1757662323,322893352
1757662323,326109528
1757662323,329475816
1757662323,335364664
1757662323,421476888
1757662323,431251864
1757662323,434411688
1757662323,438430376
1757662323,453684536
1757662323,493904728
1757662323,496194488
1757662323,521969272
1757662323,523582488
1757662323,542540680
1757662323,578766648
1757662323,606132408
1757662323,615434664
1757662323,624887624
1757662323,628150808
1757662323,629478104
1757662323,657850200
1757662323,674316712
1757662323,676139560
1757662323,684964136
1757662323,701111592
1757662323,706048984
1757662323,751443640
1757662323,754378152
1757662323,778365288
1757662323,786535208
1757662323,794063896
1757662323,854844440
1757662323,862462856
1757662323,867151336
1757662323,886546696
1757662323,902206312
1757662323,903930968
1757662323,906696024
1757662323,909202984
1757662323,913112616
1757662323,921946152
1757662323,957691880
1757662323,985601288
1757662324,24538488
1757662324,28705640
1757662324,38705960
1757662324,51455480
1757662324,68465976
1757662324,85199112
1757662324,122972456
1757662324,130490168
1757662324,200940184
1757662324,217310984
1757662324,232009944
1757662324,239047720
1757662324,242991736
1757662324,245067864
1757662324,247018136
1757662324,323064680
1757662324,342502200
1757662324,356407624
1757662324,363970760
1757662324,387750936
1757662324,440867576
1757662324,464380296
1757662324,474135752
1757662324,477183832
1757662324,508726536
1757662324,510988888
1757662324,520701272
1757662324,554926712
1757662324,560197000
1757662324,570027096
1757662324,604992376
1757662324,606195096
1757662324,615661112
1757662324,631476216
1757662324,651966264
1757662324,672921960
1757662324,680569896
1757662324,684400376
1757662324,703239352
1757662324,728338152
1757662324,744304456
1757662324,755787752
1757662324,759712136
1757662324,762564488
1757662324,769345304
1757662324,819133272
1757662324,825492696
1757662324,894645736
1757662324,911644840
1757662324,916310232
1757662324,939806744
1757662324,981744952
1757662324,986569480
1757662324,995507416
1757662325,711576
1757662325,10402008
1757662325,14219848
1757662325,36214616
1757662325,41406232
1757662325,64421240
1757662325,84448552
1757662325,90239656
1757662325,94158696
1757662325,104593320
1757662325,130320728
1757662325,141065736
1757662325,160689304
1757662325,201444088
1757662325,254897544
1757662325,286255208
1757662325,329455112
1757662325,334238648
1757662325,339196072
1757662325,342717592
1757662325,349877480
1757662325,397895832
1757662325,403887832
1757662325,411967672
1757662325,421124632
1757662325,443733768
1757662325,453470136
1757662325,459560568
1757662325,463216744
1757662325,466489848
1757662325,474608584
1757662325,498226824
1757662325,505037192
1757662325,527365672
1757662325,533879928
1757662325,553307608
1757662325,556594376
1757662325,563624872
1757662325,597298696
1757662325,601104968
1757662325,605789720
1757662325,615149144
1757662325,622408664
1757662325,637005512
1757662325,643604040
1757662325,645430600
1757662325,646930024
1757662325,658902504
1757662325,668959080
1757662325,687643624
1757662325,696178408
1757662325,699045832
1757662325,700720408
1757662325,702195720
1757662325,712425528
1757662325,730141784
1757662325,758698840
1757662325,760312840
1757662325,778275176
1757662325,788255400
1757662325,843209768
1757662325,847208328
1757662325,858783256
1757662325,863882488
1757662325,866354328
1757662325,867941688
1757662325,874717160
1757662325,878915064
1757662325,894898152
1757662325,897874840
1757662325,916035128
1757662325,927737784
1757662325,930880008
1757662325,958089784
1757662325,963203048
1757662325,971535864
1757662325,982676248
1757662325,996180680
1757662326,19291880
1757662326,29244632
1757662326,40921016
1757662326,53163304
1757662326,73543032
1757662326,99049352
1757662326,135360648
1757662326,138621496
1757662326,153266072
1757662326,159075768
1757662326,164120648
1757662326,198280456
1757662326,215119176
1757662326,226967960
1757662326,229685608
1757662326,247933672
1757662326,265920200
1757662326,267045656
1757662326,280669544
1757662326,294314488
1757662326,337829992
1757662326,339941048
1757662326,359797144
1757662326,419013960
1757662326,422439640
1757662326,431688216
1757662326,463098584
1757662326,475240216
1757662326,476640984
1757662326,491144968
1757662326,499052552
1757662326,504673944
1757662326,506955240
1757662326,514620088
1757662326,532859672
1757662326,535660664
1757662326,536891592
1757662326,538154680
1757662326,541092456
1757662326,545168552
1757662326,616961512
1757662326,624904360
1757662326,650982888
1757662326,706313400
1757662326,708063800
1757662326,713418424
1757662326,722718296
1757662326,725079928
1757662326,750303480
1757662326,827833976
1757662326,831614904
1757662326,840510840
1757662326,845037032
1757662326,910533432
1757662326,912944312
1757662326,915753832
1757662326,938038760
1757662326,962107656
1757662326,974140632
1757662326,992510696
1757662327,5861736
1757662327,17747464
1757662327,50724024
1757662327,92256936
1757662327,97830616
1757662327,116262872
1757662327,119811240
1757662327,138069128
1757662327,171236712
1757662327,183814504
1757662327,190739704
1757662327,201904728
1757662327,206258472
1757662327,212929624
1757662327,216209016
1757662327,219946760
1757662327,223534200
1757662327,241472872
1757662327,250806872
1757662327,257822984
1757662327,263911352
1757662327,272246392
1757662327,283431832
1757662327,309402024
1757662327,333397928
1757662327,348370664
1757662327,355864280
1757662327,366191000
1757662327,377928408
1757662327,420600408
1757662327,424761832
1757662327,435244536
1757662327,458490344
1757662327,539318568
1757662327,542600936
1757662327,564070792
1757662327,570195960
1757662327,577242008
1757662327,581412120
1757662327,587598984
1757662327,590290008
1757662327,629949368
1757662327,634771704
1757662327,742910184
1757662327,759866600
1757662327,841211048
1757662327,846701128
1757662327,871460664
1757662327,881452504
1757662327,895430440
1757662327,897023576
1757662327,904920040
1757662327,921727368
1757662327,922897208
1757662327,983314728
1757662327,994075752
1757662327,997752488
1757662328,28154744
1757662328,34026024
1757662328,49683672
1757662328,55421352
1757662328,69472632
1757662328,87770600
1757662328,90744856
1757662328,94711304
1757662328,108501560
1757662328,117218392
1757662328,129665208
1757662328,140485256
1757662328,142781432
1757662328,155283448
1757662328,189837464
1757662328,213601608
1757662328,260943960
1757662328,314138760
1757662328,320422328
1757662328,361236424
1757662328,371975592
1757662328,377747208
1757662328,388630216
1757662328,397763768
1757662328,402601640
1757662328,405974616
1757662328,411235608
1757662328,412683240
1757662328,423896680
1757662328,425856552
1757662328,430145544
1757662328,436685224
1757662328,444222168
1757662328,445951464
1757662328,448203512
1757662328,458212856
1757662328,475747160
1757662328,490576568
1757662328,499947464
1757662328,502970296
1757662328,528219528
1757662328,549502440
1757662328,558445512
1757662328,570265240
1757662328,593949880
1757662328,614166456
1757662328,635014760
1757662328,639408856
1757662328,657657512
1757662328,670310360
1757662328,688410712
1757662328,695520680
1757662328,699800872
1757662328,737089576
1757662328,754943784
1757662328,765458520
1757662328,819361736
1757662328,830553912
1757662328,849915816
1757662328,871082952
1757662328,897838696
1757662328,903612136
1757662328,919196424
1757662328,922641240
1757662328,933913832
1757662328,948067864
1757662328,966266936
1757662328,976256504
1757662328,981365256
1757662328,996343624
1757662329,1267576
1757662329,12722120
1757662329,35062984
1757662329,44148216
1757662329,56209784
1757662329,65451656
1757662329,67699352
1757662329,76593624
1757662329,81283016
1757662329,100639048
1757662329,110070840
1757662329,128453416
1757662329,129747128
1757662329,144646632
1757662329,146292152
1757662329,153303944
1757662329,163024696
1757662329,171889992
1757662329,192380296
1757662329,233986328
1757662329,244774856
1757662329,247280376
1757662329,249996712
1757662329,259673976
1757662329,262706872
1757662329,273383912
1757662329,292830360
1757662329,299830376
1757662329,302686712
1757662329,324169096
1757662329,325824840
1757662329,337427288
1757662329,348757192
1757662329,365039400
1757662329,366715416
1757662329,407953064
1757662329,419088104
1757662329,421197016
1757662329,437979800
1757662329,447500840
1757662329,461658200
1757662329,483412456
1757662329,532945000
1757662329,538516568
1757662329,553131608
1757662329,554756328
1757662329,557216344
1757662329,570999256
1757662329,672761576
1757662329,718317048
1757662329,725430440
1757662329,740158216
1757662329,750373048
1757662329,759091592
1757662329,765703368
1757662329,778623528
1757662329,793248680
1757662329,807504552
1757662329,811034552
1757662329,855006200
1757662329,857356008
1757662329,861867752
1757662329,863749096
1757662329,870621992
1757662329,888683880
1757662329,913918200
1757662329,916518392
1757662329,933925720
1757662329,940377176
1757662329,942834200
1757662329,971402184
1757662329,980221432
1757662329,983668664
1757662329,999091464
1757662330,44255944
1757662330,51724200
1757662330,54214120
1757662330,57940328
1757662330,63858536
1757662330,68258200
1757662330,97710632
1757662330,120077000
1757662330,132701592
1757662330,139613848
1757662330,142635576
1757662330,152351144
1757662330,164482552
1757662330,202747144
1757662330,205004840
1757662330,207217432
1757662330,224761576
1757662330,229268648
1757662330,257756152
1757662330,263117656
1757662330,281194664
1757662330,296224328
1757662330,316415752
1757662330,342455272
1757662330,344707864
1757662330,354594664
1757662330,368473896
1757662330,384058872
1757662330,416842696
1757662330,448309768
1757662330,460662456
1757662330,474787448
1757662330,490654184
1757662330,508959528
1757662330,529541688
1757662330,564227144
1757662330,571214456
1757662330,591415304
1757662330,597093528
1757662330,600794248
1757662330,614372888
1757662330,618390328
1757662330,620757544
1757662330,627235080
1757662330,661467304
1757662330,665521560
1757662330,670019656
1757662330,691621080
1757662330,726697736
1757662330,740690872
1757662330,763723080
1757662330,771565896
1757662330,772732424
1757662330,776296888
1757662330,788486584
1757662330,796931704
1757662330,799112776
1757662330,812258552
1757662330,827436520
1757662330,837075576
1757662330,838376696
1757662330,846983032
1757662330,854868232
1757662330,872256648
1757662330,873849048
1757662330,892593912
1757662330,910006600
1757662330,914988024
1757662330,922663720
1757662330,933092136
1757662330,937203992
1757662330,941725144
1757662330,954367128
1757662330,977767336
1757662330,999858152
1757662331,22114440
1757662331,28026120
1757662331,36082264
1757662331,68105528
1757662331,70028520
1757662331,79172072
1757662331,83403416
1757662331,84802680
1757662331,90339224
1757662331,106985192
1757662331,126936216
1757662331,136590936
1757662331,152003576
1757662331,163096856
1757662331,185665912
1757662331,192907320
1757662331,215962216
1757662331,223494456
1757662331,230887256
1757662331,253067368
1757662331,275642520
1757662331,279326808
1757662331,280482328
1757662331,284095432
1757662331,293904664
1757662331,309016440
1757662331,314065768
1757662331,385070600
1757662331,387004232
1757662331,392415256
1757662331,393709352
1757662331,429584552
1757662331,435727368
1757662331,457775704
1757662331,469785416
1757662331,504327672
1757662331,524306152
1757662331,550217848
1757662331,560260984
1757662331,564931976
1757662331,571039384
1757662331,589167496
1757662331,591130632
1757662331,601120616
1757662331,603111640
1757662331,606527768
1757662331,616566632
1757662331,635773800
1757662331,658195752
1757662331,666682264
1757662331,676533368
1757662331,690389256
1757662331,700601752
1757662331,722364120
1757662331,724959416
1757662331,738407672
1757662331,767170536
1757662331,780178424
1757662331,801084296
1757662331,805983480
1757662331,824432520
1757662331,870015256
1757662331,883826648
1757662331,890414408
1757662331,897903032
1757662331,900090040
1757662331,937088312
1757662331,953374216
1757662331,973454360
1757662331,990106552
1757662331,995778424
1757662332,12507976
1757662332,27573320
1757662332,28819256
1757662332,44172584
1757662332,54189064
1757662332,55801144
1757662332,86844616
1757662332,96066168
1757662332,125507640
1757662332,129115448
1757662332,135396872
1757662332,158426792
1757662332,164698024
1757662332,170904520
1757662332,182351416
1757662332,191618072
1757662332,194122696
1757662332,199669400
1757662332,201368920
1757662332,280473608
1757662332,314209736
1757662332,316087464
1757662332,325375048
1757662332,379928600
1757662332,394440136
1757662332,414424200
1757662332,417262744
1757662332,420931560
1757662332,436787784
1757662332,470333944
1757662332,487839624
1757662332,493059480
1757662332,504008888
1757662332,529550184
1757662332,532767400
1757662332,541952376
1757662332,572023992
1757662332,575439304
1757662332,590926392
1757662332,602991320
1757662332,619713416
1757662332,634121320
1757662332,642107384
1757662332,659521592
1757662332,687775384
1757662332,701751448
1757662332,720043272
1757662332,723185816
1757662332,733798408
1757662332,740532184
1757662332,745737896
1757662332,758356184
1757662332,778393688
1757662332,779788936
1757662332,783077224
1757662332,792747960
1757662332,798198776
1757662332,799795640
1757662332,804733784
1757662332,811256296
1757662332,816838152
1757662332,843618776
1757662332,850117512
1757662332,854270056
1757662332,859855272
1757662332,866603480
1757662332,879748168
1757662332,881688152
1757662332,892833160
1757662332,910235448
1757662332,936317112
1757662332,950525368
1757662332,964248632
1757662332,974342776
1757662332,978762056
1757662332,981510712
1757662332,986556344
1757662333,21854184
1757662333,46639960
1757662333,61123048
1757662333,69598648
1757662333,74129176
1757662333,128468136
1757662333,130491480
1757662333,146032632
1757662333,149169720
1757662333,154489944
1757662333,163235448
1757662333,173305176
1757662333,221188760
1757662333,223490392
1757662333,256800488
1757662333,317979560
1757662333,324215928
1757662333,328690360
1757662333,331597240
1757662333,343314760
1757662333,431413400
1757662333,442736360
1757662333,443862728
1757662333,464331624
1757662333,487272040
1757662333,491210776
1757662333,498711720
1757662333,518796840
1757662333,530948136
1757662333,535529800
1757662333,537385592
1757662333,547585768
1757662333,560745688
1757662333,601035736
1757662333,605155432
1757662333,607760776
1757662333,644331272
1757662333,662197256
1757662333,672795192
1757662333,716976408
1757662333,721440040
1757662333,723197864
1757662333,728177560
1757662333,743736136
1757662333,745168504
1757662333,772707096
1757662333,782182312
1757662333,798709592
1757662333,832965192
1757662333,875764392
1757662333,894341624
1757662333,913939272
1757662333,923170104
1757662333,939458008
1757662333,940945192
1757662333,942773768
1757662333,958289768
1757662333,962617928
1757662333,968847432
1757662333,974043080
1757662333,980567960
1757662334,3562680
1757662334,4794568
1757662334,6244600
1757662334,15283032
1757662334,19703560
1757662334,48128440
1757662334,51207560
1757662334,61444856
1757662334,68791768
1757662334,87064808
1757662334,103249224
1757662334,172482008
1757662334,180957304
1757662334,193654616
1757662334,238202456
1757662334,282744536
1757662334,290580552
1757662334,300972120
1757662334,307807176
1757662334,334159672
1757662334,343649736
1757662334,347785672
1757662334,349262984
1757662334,351430808
1757662334,376201032
1757662334,394320184
1757662334,401343832
1757662334,421475416
1757662334,459532408
1757662334,486153224
1757662334,510969080
1757662334,522137512
1757662334,524817048
1757662334,544289416
1757662334,555201000
1757662334,568499512
1757662334,602964040
1757662334,607679368
1757662334,622795384
1757662334,675826856
1757662334,678724728
1757662334,704809288
1757662334,709289384
1757662334,715585192
1757662334,730953480
1757662334,736075256
1757662334,744691912
1757662334,754282616
1757662334,793450936
1757662334,795036856
1757662334,805970312
1757662334,811695272
1757662334,824893528
1757662334,835559256
1757662334,880584984
1757662334,887200568
1757662334,903810760
1757662334,910863480
1757662334,933646648
1757662334,948327576
1757662334,953599672
1757662334,997256696
1757662335,38662376
1757662335,42850920
1757662335,64101384
1757662335,89908776
1757662335,96992856
1757662335,125015992
1757662335,161451896
1757662335,167227608
1757662335,219123144
1757662335,228683464
1757662335,238682488
1757662335,242158440
1757662335,264717592
1757662335,267420152
1757662335,276050552
1757662335,282466712
1757662335,312449192
1757662335,323665960
1757662335,331412072
1757662335,342519992
1757662335,377869256
1757662335,403463752
1757662335,465762344
1757662335,466881864
1757662335,483323608
1757662335,521116616
1757662335,522296760
1757662335,541587816
1757662335,558559800
1757662335,585704376
1757662335,593953160
1757662335,597027752
1757662335,612529384
1757662335,623308216
1757662335,633546616
1757662335,654021784
1757662335,663210280
1757662335,699982040
1757662335,702362360
1757662335,725409032
1757662335,731736072
1757662335,736989400
1757662335,760594616
1757662335,771260840
1757662335,772488120
1757662335,774076424
1757662335,792304264
1757662335,797613496
1757662335,800745080
1757662335,805506168
1757662335,810243960
1757662335,845691384
1757662335,859379784
1757662335,862413240
1757662335,942136136
1757662335,995451720
1757662336,20603592
1757662336,28869864
1757662336,30569096
1757662336,52884968
1757662336,70843304
1757662336,94555896
1757662336,106634392
1757662336,109868776
1757662336,117934632
1757662336,122464792
1757662336,131154408
1757662336,159009544
1757662336,161511848
1757662336,185863816
1757662336,196199880
1757662336,220250888
1757662336,239474664
1757662336,241740632
1757662336,254997256
1757662336,351311368
1757662336,361483576
1757662336,379099960
1757662336,418821240
1757662336,430674072
1757662336,462070648
1757662336,464905176
1757662336,467273384
1757662336,468676712
1757662336,481962200
1757662336,502086952
1757662336,510722296
1757662336,517053000
1757662336,526710360
1757662336,535230136
1757662336,542173800
1757662336,550236296
1757662336,554470696
1757662336,563407736
1757662336,594873064
1757662336,602289336
1757662336,622586552
1757662336,629981288
1757662336,636221208
1757662336,638829224
1757662336,645072808
1757662336,666571208
1757662336,679790136
1757662336,691545464
1757662336,697866664
1757662336,707267912
1757662336,721243816
1757662336,736193768
1757662336,764141544
1757662336,770622280
1757662336,778952408
1757662336,780966632
1757662336,782458152
1757662336,834386072
1757662336,838340808
1757662336,842301640
1757662336,858456120
1757662336,878046984
1757662336,938384504
1757662336,949126344
1757662336,976669288
1757662336,990264664
1757662336,993164376
1757662336,997336648
1757662337,218648
1757662337,1930264
1757662337,5347208
1757662337,14731448
1757662337,17702712
1757662337,82894728
1757662337,84075880
1757662337,111071992
1757662337,149141512
1757662337,160226760
1757662337,180069976
1757662337,186668952
1757662337,196377432
1757662337,225403160
1757662337,240101272
1757662337,253095720
1757662337,260491928
1757662337,274842200
1757662337,276549064
1757662337,301149912
1757662337,310747352
1757662337,314469656
1757662337,358839608
1757662337,362025272
1757662337,363357112
1757662337,376597432
1757662337,378978200
1757662337,406404072
1757662337,414948600
1757662337,420734024
1757662337,433950968
1757662337,452658360
1757662337,476127144
1757662337,524610472
1757662337,529844440
1757662337,539582648
1757662337,569172904
1757662337,597787512
1757662337,619619688
1757662337,621422632
1757662337,625410760
1757662337,628793528
1757662337,641246888
1757662337,646641096
1757662337,692674696
1757662337,697036840
1757662337,700833128
1757662337,711358408
1757662337,738080040
1757662337,747584872
1757662337,753839160
1757662337,757680696
1757662337,761361624
1757662337,776405960
1757662337,805119144
1757662337,808257000
1757662337,832159400
1757662337,912625112
1757662337,924324312
1757662337,939416168
1757662337,955590200
1757662337,965339096
1757662337,982501080
1757662338,17107976
1757662338,35232968
1757662338,37329912
1757662338,38595736
1757662338,43767544
1757662338,61915352
1757662338,64494248
1757662338,80531080
1757662338,84110360
1757662338,86657320
1757662338,120347768
1757662338,149966328
1757662338,151310360
1757662338,160694376
1757662338,171288904
1757662338,187674360
1757662338,193987896
1757662338,212550280
1757662338,233577048
1757662338,250120232
1757662338,297669832
1757662338,351491480
1757662338,414416792
1757662338,416781848
1757662338,421177896
1757662338,423243960
1757662338,449446792
1757662338,488851832
1757662338,491680232
1757662338,493131128
1757662338,499218728
1757662338,505318456
1757662338,527881560
1757662338,581302888
1757662338,583526792
1757662338,596224728
1757662338,611797416
1757662338,649147240
1757662338,652416136
1757662338,717615608
1757662338,721337528
1757662338,724734232
1757662338,757694120
1757662338,764915304
1757662338,814256312
1757662338,819086360
1757662338,829142664
1757662338,830644744
1757662338,839769400
1757662338,885049352
1757662338,895801864
1757662338,908920856
1757662338,918909288
1757662338,921367416
1757662338,948097896
1757662338,967134312
1757662338,978771608
1757662338,980613496
1757662338,988506168
1757662338,989787528
1757662338,998317272
1757662339,3631464
1757662339,38644840
1757662339,59754952
1757662339,82182072
1757662339,88611192
1757662339,125122280
1757662339,141514744
1757662339,145017320
1757662339,164281896
1757662339,176432888
1757662339,197970872
1757662339,204098872
1757662339,222484904
1757662339,282213576
1757662339,287160616
1757662339,306859480
1757662339,323158632
1757662339,346175912
1757662339,348357912
1757662339,351409176
1757662339,357769064
1757662339,385703336
1757662339,388247288
1757662339,391094504
1757662339,392616632
1757662339,409063416
1757662339,413478072
1757662339,420099928
1757662339,446365224
1757662339,466386648
1757662339,482116232
1757662339,483979000
1757662339,490795400
1757662339,512556264
1757662339,532190568
1757662339,533620504
1757662339,583573080
1757662339,602261736
1757662339,637544952
1757662339,648481080
1757662339,653331048
1757662339,655623704
1757662339,657883592
1757662339,669347640
1757662339,674564824
1757662339,728916552
1757662339,739636376
1757662339,744873864
1757662339,761885864
1757662339,763920392
1757662339,772424264
1757662339,774342024
1757662339,791984984
1757662339,799572744
1757662339,803161464
1757662339,805771448
1757662339,815580264
1757662339,985468024
1757662339,993725864
1757662339,994867432
1757662339,999572152
1757662340,11301336
1757662340,21263112
1757662340,42303832
1757662340,63313960
1757662340,82042200
1757662340,141378344
1757662340,165257304
1757662340,203167320
1757662340,209353224
1757662340,220466472
1757662340,245601368
1757662340,247859656
1757662340,267770248
1757662340,273276104
1757662340,306191352
1757662340,336529720
1757662340,344803768
1757662340,377003096
1757662340,414260504
1757662340,430039224
1757662340,513591640
1757662340,537392232
1757662340,553877800
1757662340,556273544
1757662340,576239016
1757662340,588091688
1757662340,629121608
1757662340,655186168
1757662340,662213880
1757662340,690319320
1757662340,711458008
1757662340,740787688
1757662340,744408536
1757662340,755708136
1757662340,758179496
1757662340,765223448
1757662340,797155448
1757662340,801580536
1757662340,879038264
1757662340,894936440
1757662340,908065528
1757662340,925781208
1757662340,930494712
1757662340,948013288
1757662340,971892072
1757662340,997997256
1757662341,6019544
1757662341,16982696
1757662341,21456200
1757662341,27505672
1757662341,44036616
1757662341,47914072
1757662341,53576104
1757662341,84665128
1757662341,127682600
1757662341,178604664
1757662341,185822264
1757662341,219210680
1757662341,221084552
1757662341,229088792
1757662341,235727560
1757662341,283662488
1757662341,322846888
1757662341,329955528
1757662341,378527304
1757662341,380217992
1757662341,391074792
1757662341,410045064
1757662341,430448968
1757662341,445893016
1757662341,450507624
1757662341,467195000
1757662341,479982968
1757662341,519750776
1757662341,527325352
1757662341,550906472
1757662341,563314280
1757662341,584638392
1757662341,601606216
1757662341,614183560
1757662341,637738328
1757662341,641089640
1757662341,653681512
1757662341,662573608
1757662341,670888840
1757662341,673618088
1757662341,676188008
1757662341,684797272
1757662341,715030232
1757662341,720751944
1757662341,762654824
1757662341,773059304
1757662341,813434824
1757662341,818407416
1757662341,848659048
1757662341,863675848
1757662341,876612664
1757662341,882662408
1757662341,896265528
1757662341,907310648
1757662341,932879080
1757662341,936233192
1757662341,945705672
1757662341,995374024
1757662342,21282200
1757662342,61323784
1757662342,67564056
1757662342,74175848
1757662342,77728312
1757662342,79424456
1757662342,84493320
1757662342,103032328
1757662342,105188744
1757662342,114800520
1757662342,127921144
1757662342,131694504
1757662342,154030568
1757662342,157497864
1757662342,183795512
1757662342,201063400
1757662342,219862712
1757662342,238326952
1757662342,240222760
1757662342,247272760
1757662342,250749448
1757662342,258266712
1757662342,303039544
1757662342,336718760
1757662342,339687192
1757662342,349248952
1757662342,360915800
1757662342,363414616
1757662342,387971688
1757662342,393413656
1757662342,401624952
1757662342,445215288
1757662342,492497656
1757662342,507039048
1757662342,526627432
1757662342,530484920
1757662342,532598696
1757662342,536756040
1757662342,547690872
1757662342,571663400
1757662342,578724008
1757662342,591976280
1757662342,597964616
1757662342,624575448
1757662342,666161960
1757662342,681882376
1757662342,684306856
1757662342,695327752
1757662342,703019704
1757662342,705969160
1757662342,799842136
1757662342,802538248
1757662342,838729928
1757662342,844087416
1757662342,846317000
1757662342,871341624
1757662342,897782312
1757662342,932218728
1757662342,958824728
1757662342,966773960
1757662342,972399160
1757662342,978965208
1757662342,984149000
1757662342,993963848
1757662343,13770296
1757662343,37413656
1757662343,40476600
1757662343,50554600
1757662343,53709112
1757662343,55046136
1757662343,96403976
1757662343,98428456
1757662343,111225000
1757662343,113091864
1757662343,152771352
1757662343,155073720
1757662343,156249352
1757662343,163333720
1757662343,174977688
1757662343,179430168
1757662343,221424168
1757662343,247195000
1757662343,261229960
1757662343,289251544
1757662343,333811176
1757662343,363218408
1757662343,431524376
1757662343,434683064
1757662343,440536584
1757662343,445233432
1757662343,454626648
1757662343,476362072
1757662343,482660616
1757662343,501470264
1757662343,521909208
1757662343,542109512
1757662343,589154584
1757662343,610815320
1757662343,617454856
1757662343,632325688
1757662343,633704488
1757662343,640295672
1757662343,657465176
1757662343,691977784
1757662343,730808152
1757662343,753554712
1757662343,767584840
1757662343,770426904
1757662343,774701032
1757662343,786288312
1757662343,802710232
1757662343,811799080
1757662343,860665224
1757662343,867852728
1757662343,883205976
1757662343,886251720
1757662343,889657768
1757662343,930034536
1757662343,951751480
1757662343,962628104
1757662343,971929304
1757662343,999619976
1757662344,23327800
1757662344,37360328
1757662344,57874056
1757662344,60944072
1757662344,71562152
1757662344,75595672
1757662344,79773176
1757662344,106015768
1757662344,116426776
1757662344,124583000
1757662344,127499368
1757662344,143989592
1757662344,154143080
1757662344,169283496
1757662344,186029352
1757662344,229996808
1757662344,236931528
1757662344,251395176
1757662344,255787624
1757662344,268705208
1757662344,270078984
1757662344,289096984
1757662344,313834072
1757662344,330445304
1757662344,336527624
1757662344,342421320
1757662344,356559288
1757662344,363305880
1757662344,371422632
1757662344,377426088
1757662344,379865816
1757662344,445798792
1757662344,456908728
1757662344,463924424
1757662344,494461352
1757662344,503309688
1757662344,510874280
1757662344,536985976
1757662344,539202296
1757662344,553725720
1757662344,573696904
1757662344,577283336
1757662344,582005672
1757662344,590833912
1757662344,600505448
1757662344,604215480
1757662344,618328600
1757662344,621100072
1757662344,623948952
1757662344,633235400
1757662344,657899048
1757662344,660963320
1757662344,681005560
1757662344,686661384
1757662344,688424216
1757662344,707378440
1757662344,753123128
1757662344,772944072
1757662344,806193752
1757662344,824397624
1757662344,849523864
1757662344,855995032
1757662344,868124616
1757662344,872670120
1757662344,887865528
1757662344,896799736
1757662344,910238648
1757662344,920050776
1757662344,929727352
1757662344,965064536
1757662344,969954312
1757662344,972579848
1757662344,978447048
1757662344,989997832
1757662345,26479592
1757662345,49386072
1757662345,55718968
1757662345,86155528
1757662345,158725176
1757662345,175621960
1757662345,204674824
1757662345,239019160
1757662345,245589784
1757662345,266092312
1757662345,269445016
1757662345,271108840
1757662345,274671416
1757662345,281568328
1757662345,293462024
1757662345,299820904
1757662345,301881000
1757662345,303929416
1757662345,313080712
1757662345,342169704
1757662345,344837688
1757662345,347436520
1757662345,369469800
1757662345,377507480
1757662345,436121784
1757662345,440519416
1757662345,468964056
1757662345,484366616
1757662345,511489144
1757662345,527122648
1757662345,555174472
1757662345,561570552
1757662345,567477000
1757662345,571058056
1757662345,584381720
1757662345,616982408
1757662345,621541320
1757662345,669153064
1757662345,675843240
1757662345,695314616
1757662345,703305976
1757662345,717447720
1757662345,724002824
1757662345,738486664
1757662345,758239448
1757662345,763278472
1757662345,774693080
1757662345,799103528
1757662345,801947944
1757662345,825970616
1757662345,836375592
1757662345,842923976
1757662345,852104456
1757662345,882017496
1757662345,896314168
1757662345,915739096
1757662345,921493176
1757662345,936821368
1757662345,960614552
1757662345,967655640
1757662345,983073016
1757662345,984761880
1757662346,28100296
1757662346,35916888
1757662346,50192184
1757662346,54874216
1757662346,60226552
1757662346,80111160
1757662346,124902376
1757662346,127708696
1757662346,132012456
1757662346,151450936
1757662346,170340840
1757662346,176887208
1757662346,208447880
1757662346,210371400
1757662346,216740552
1757662346,253042856
1757662346,254167176
1757662346,261702808
1757662346,263456392
1757662346,292532600
1757662346,302676104
1757662346,311625240
1757662346,326158936
1757662346,348734632
1757662346,358675896
1757662346,370749208
1757662346,426747624
1757662346,440318952
1757662346,457398616
1757662346,525421560
1757662346,557676680
1757662346,581874200
1757662346,592115128
1757662346,593870280
1757662346,603950552
1757662346,609651448
1757662346,617211944
1757662346,637547304
1757662346,654356328
1757662346,679817880
1757662346,696044664
1757662346,707905816
1757662346,713748440
1757662346,726577992
1757662346,735019576
1757662346,740807176
1757662346,744628312
1757662346,759392584
1757662346,763304072
1757662346,778970232
1757662346,787932824
1757662346,838116376
1757662346,850908232
1757662346,863439928
1757662346,875199240
1757662346,904247464
1757662346,914575352
1757662346,955948600
1757662346,958411480
1757662346,963034024
1757662346,969278328
1757662346,986842280
1757662346,991167016
1757662346,998318584
1757662347,3405784
1757662347,25716440
1757662347,27003256
1757662347,39507256
1757662347,50598024
1757662347,86271576
1757662347,133609688
1757662347,135800344
1757662347,148867640
1757662347,161394088
1757662347,170257576
1757662347,178992296
1757662347,191188712
1757662347,199109048
1757662347,201054504
1757662347,217010136
1757662347,220113320
1757662347,230329000
1757662347,234874264
1757662347,240332120
1757662347,252381480
1757662347,271775048
1757662347,273784360
1757662347,281972872
1757662347,288222968
1757662347,293007352
1757662347,296456408
1757662347,324753144
1757662347,344237560
1757662347,357811016
1757662347,367998152
1757662347,382184216
1757662347,449691288
1757662347,474326856
1757662347,488127448
1757662347,496029336
1757662347,514891864
1757662347,525709112
1757662347,549235592
1757662347,564696648
1757662347,579993768
1757662347,589727704
1757662347,600314520
1757662347,604025896
1757662347,620504328
1757662347,622015128
1757662347,633550920
1757662347,648598776
1757662347,670264040
1757662347,674512568
1757662347,680219608
1757662347,697633576
1757662347,698961896
1757662347,714768264
1757662347,722155480
1757662347,725571960
1757662347,733943896
1757662347,737481960
1757662347,739527128
1757662347,757324216
1757662347,827352152
1757662347,860007480
1757662347,867206424
1757662347,871592424
1757662347,874851800
1757662347,911746872
1757662347,923930744
1757662347,966277320
1757662347,979925272
1757662347,985300760
1757662348,2083848
1757662348,6776600
1757662348,8582136
1757662348,9722840
1757662348,18237880
1757662348,28574216
1757662348,40922936
1757662348,54591560
1757662348,56334168
1757662348,60960040
1757662348,128831960
1757662348,134837624
1757662348,178895288
1757662348,184277320
1757662348,210947416
1757662348,226425416
1757662348,229295304
1757662348,258141672
1757662348,267034872
1757662348,283443240
1757662348,287572984
1757662348,299479096
1757662348,321625496
1757662348,332662168
1757662348,364008808
1757662348,374840712
1757662348,390362120
1757662348,405843976
1757662348,422858968
1757662348,443029320
1757662348,445820008
1757662348,486442056
1757662348,506957592
1757662348,515743128
1757662348,522599736
1757662348,534441080
1757662348,557158408
1757662348,560933656
1757662348,573177272
1757662348,576420248
1757662348,624280680
1757662348,632322904
1757662348,672146920
1757662348,673514968
1757662348,678174744
1757662348,718184968
1757662348,741819368
1757662348,759022296
1757662348,760601672
1757662348,796544232
1757662348,803107816
1757662348,805911816
1757662348,809101000
1757662348,813387128
1757662348,820994536
1757662348,827753560
1757662348,833383496
1757662348,836163016
1757662348,861186744
1757662348,871790328
1757662348,888328632
1757662348,912581832
1757662348,914253752
1757662348,919081016
1757662348,927158600
1757662348,943670456
1757662349,15502376
1757662349,36539112
1757662349,50449896
1757662349,63522568
1757662349,92288168
1757662349,106489720
1757662349,109129944
1757662349,113920152
1757662349,121747304
1757662349,148110152
1757662349,171235224
1757662349,220087656
1757662349,256274824
1757662349,266703784
1757662349,270483928
1757662349,287382296
1757662349,295414040
1757662349,306123784
1757662349,332544536
1757662349,336361096
1757662349,348122840
1757662349,350095112
1757662349,364002856
1757662349,378149976
1757662349,381125768
1757662349,392546056
1757662349,444823912
1757662349,449545160
1757662349,453964792
1757662349,457312824
1757662349,466880824
1757662349,468989496
1757662349,481316392
1757662349,497860456
1757662349,532204792
1757662349,558584424
1757662349,579713048
1757662349,598487016
1757662349,605379592
1757662349,615336088
1757662349,619831848
1757662349,632840008
1757662349,636262408
1757662349,664823400
1757662349,667608888
1757662349,691247448
1757662349,694924072
1757662349,697620536
1757662349,719879560
1757662349,742895704
1757662349,808608232
1757662349,812802360
1757662349,833405976
1757662349,867937208
1757662349,880012872
1757662349,887148184
1757662349,911758904
1757662349,913738232
1757662349,944950856
1757662349,951395704
1757662349,974288152
1757662349,991145704
1757662349,998242616
1757662350,3705064
1757662350,12387208
1757662350,25763736
1757662350,33689176
1757662350,40159720
1757662350,48888744
1757662350,54742120
1757662350,56707272
1757662350,60830296
1757662350,68107352
1757662350,82918312
1757662350,84755224
1757662350,86655560
1757662350,113448904
1757662350,116121672
1757662350,117785256
1757662350,162251032
1757662350,175945896
1757662350,198301288
1757662350,200838792
1757662350,219151304
1757662350,232589848
1757662350,233916360
1757662350,239089464
1757662350,252531304
1757662350,255602136
1757662350,276183912
1757662350,289929624
1757662350,295302120
1757662350,297209896
1757662350,307951000
1757662350,316835192
1757662350,326147112
1757662350,336942312
1757662350,344482296
1757662350,351675544
1757662350,360725896
1757662350,364698872
1757662350,371543992
1757662350,379440984
1757662350,384072056
1757662350,387977544
1757662350,402880296
1757662350,416125800
1757662350,434343864
1757662350,465974376
1757662350,473165816
1757662350,492628104
1757662350,528683224
1757662350,538013432
1757662350,542229960
1757662350,550050408
1757662350,557646232
1757662350,558858904
1757662350,578563016
1757662350,582705752
1757662350,593523784
1757662350,602424568
1757662350,623958024
1757662350,651821112
1757662350,676969384
1757662350,709453960
1757662350,711711704
1757662350,723643464
1757662350,742307080
1757662350,746877240
1757662350,753048536
1757662350,759954136
1757662350,778243176
1757662350,784918600
1757662350,822096632
1757662350,838257592
1757662350,842925256
1757662350,869013688
1757662350,874903400
1757662350,880534488
1757662350,889256680
1757662350,894688216
1757662350,946277560
1757662350,952380040
1757662351,28166952
1757662351,29566712
1757662351,47949448
1757662351,52561688
1757662351,54506488
1757662351,70587096
1757662351,92562040
1757662351,135967784
1757662351,141935224
1757662351,169916952
1757662351,172620488
1757662351,173846056
1757662351,192682888
1757662351,228866872
1757662351,245169496
1757662351,265238024
1757662351,268990424
1757662351,278267448
1757662351,289242872
1757662351,293144216
1757662351,303527848
1757662351,324818680
1757662351,352690872
1757662351,356870472
1757662351,370152072
1757662351,390651720
1757662351,409849960
1757662351,412988408
1757662351,415711576
1757662351,472856312
1757662351,506061688
1757662351,513551672
1757662351,514730776
1757662351,542770456
1757662351,550394904
1757662351,562976232
1757662351,577750808
1757662351,585561544
1757662351,590285960
1757662351,677069944
1757662351,738977032
1757662351,744343784
1757662351,749102504
1757662351,769397336
1757662351,774136472
1757662351,785867768
1757662351,831267368
1757662351,840041464
1757662351,852650424
1757662351,866844808
1757662351,872102808
1757662351,877272408
1757662351,887947640
1757662351,890244712
1757662351,893725528
1757662351,902272200
1757662351,916419976
1757662351,932344072
1757662351,949069736
1757662351,958456232
1757662351,984541112
1757662351,998678504
1757662352,44880632
1757662352,50138520
1757662352,52347000
1757662352,53998968
1757662352,55299784
1757662352,69953272
1757662352,81194648
1757662352,89535720
1757662352,113581144
1757662352,121376520
1757662352,127644280
1757662352,137772328
1757662352,140075960
1757662352,149140488
1757662352,172107656
1757662352,188939272
1757662352,196345864
1757662352,203821256
1757662352,213783672
1757662352,234819064
1757662352,241554840
1757662352,245111272
1757662352,247815432
1757662352,261790824
1757662352,263925160
1757662352,265419176
1757662352,270087896
1757662352,284470872
1757662352,288170904
1757662352,303921560
1757662352,308335128
1757662352,337247640
1757662352,347352712
1757662352,364532360
1757662352,382399544
1757662352,391887752
1757662352,408834216
1757662352,411080504
1757662352,421048408
1757662352,426116760
1757662352,444725544
1757662352,454232296
1757662352,457123704
1757662352,468047320
1757662352,520677128
1757662352,529007512
1757662352,537483624
1757662352,560348424
1757662352,561957384
1757662352,609371592
1757662352,617508488
1757662352,619925768
1757662352,628247688
1757662352,633610056
1757662352,636719240
1757662352,642126600
1757662352,688251400
1757662352,701953800
1757662352,705737672
1757662352,706803896
1757662352,708568664
1757662352,712896968
1757662352,745304568
1757662352,764256328
1757662352,778599400
1757662352,785895608
1757662352,814387064
1757662352,828934664
1757662352,851732328
1757662352,859608552
1757662352,885630200
1757662352,893457784
1757662352,900680936
1757662352,911178920
1757662352,952903080
1757662353,12841336
1757662353,28897368
1757662353,34788232
1757662353,51668680
1757662353,75852744
1757662353,112960040
1757662353,116366040
1757662353,124820072
1757662353,128930200
1757662353,131884760
1757662353,202571048
1757662353,210249592
1757662353,242762120
1757662353,261394808
1757662353,289627992
1757662353,335071368
1757662353,345273480
1757662353,355803064
1757662353,368386760
1757662353,370319768
1757662353,374640728
1757662353,381946872
1757662353,384971320
1757662353,429030520
1757662353,447449464
1757662353,453781656
1757662353,481754280
1757662353,504318152
1757662353,507236648
1757662353,522215960
1757662353,529121624
1757662353,535660920
1757662353,542547096
1757662353,548278392
1757662353,555614136
1757662353,585864456
1757662353,639322968
1757662353,652283816
1757662353,654083704
1757662353,663613768
1757662353,674175800
1757662353,686563176
1757662353,688660744
1757662353,694598120
1757662353,813133064
1757662353,850112024
1757662353,854033688
1757662353,888797880
1757662353,897962488
1757662353,905117368
1757662353,929109112
1757662353,989321944
1757662354,49358104
1757662354,54558440
1757662354,67954920
1757662354,91845064
1757662354,101484520
1757662354,103036568
1757662354,109194344
1757662354,121143432
1757662354,140027848
1757662354,172398424
1757662354,177417816
1757662354,210136696
1757662354,231514616
1757662354,237598376
1757662354,254900936
1757662354,273470312
1757662354,328664152
1757662354,332090152
1757662354,339435192
1757662354,340679064
1757662354,343062776
1757662354,344852296
1757662354,348794168
1757662354,363068568
1757662354,385457848
1757662354,412214072
1757662354,428769704
1757662354,444677640
1757662354,447034584
1757662354,451731720
1757662354,457485160
1757662354,461876264
1757662354,498251928
1757662354,503058776
1757662354,522772760
1757662354,548170600
1757662354,590130392
1757662354,593836312
1757662354,604146024
1757662354,609313864
1757662354,614897928
1757662354,643544120
1757662354,701567992
1757662354,707104328
1757662354,730162728
1757662354,741426040
1757662354,761243192
1757662354,768661688
1757662354,800322792
1757662354,816433688
1757662354,831887608
1757662354,844827912
1757662354,865764168
1757662354,868066408
1757662354,874731832
1757662354,877487288
1757662354,931345224
1757662354,934718088
1757662354,958287560
1757662354,983023368
1757662355,4716872
1757662355,10454200
1757662355,12252552
1757662355,21370040
1757662355,47256680
1757662355,56641560
1757662355,76797688
1757662355,81488696
1757662355,87031784
1757662355,98033496
1757662355,120696040
1757662355,125160936
1757662355,133792744
1757662355,140797048
1757662355,157262056
1757662355,195300648
1757662355,244121688
1757662355,251915864
1757662355,283421048
1757662355,305809096
1757662355,307533976
1757662355,309239688
1757662355,313104424
1757662355,344068808
1757662355,350197032
1757662355,359310600
1757662355,371578504
1757662355,375027736
1757662355,393053176
1757662355,417692136
1757662355,445604040
1757662355,448839224
1757662355,478696808
1757662355,495278200
1757662355,509851160
1757662355,531693736
1757662355,548852936
1757662355,601188024
1757662355,638058696
1757662355,639678424
1757662355,642273704
1757662355,647079128
1757662355,659633640
1757662355,662706696
1757662355,664285304
1757662355,681907464
1757662355,728509272
1757662355,743454328
1757662355,771239976
1757662355,795898744
1757662355,805494136
1757662355,812595368
1757662355,818360904
1757662355,823884280
1757662355,853541496
1757662355,863298424
1757662355,866651352
1757662355,874799944
1757662355,877209448
1757662355,910706152
1757662355,926780936
1757662355,948987704
1757662355,956867384
1757662356,4701816
1757662356,24622664
1757662356,37644152
1757662356,55115848
1757662356,93129640
1757662356,108835896
1757662356,119548056
1757662356,148941640
1757662356,157545624
1757662356,166577400
1757662356,194335704
1757662356,220819912
1757662356,268045112
1757662356,290950680
1757662356,292294184
1757662356,296926040
1757662356,313403800
1757662356,320300392
1757662356,343415768
1757662356,350652888
1757662356,359241000
1757662356,366461384
1757662356,381041496
1757662356,389412968
1757662356,394561592
1757662356,399778552
1757662356,403148264
1757662356,407756616
1757662356,418622968
1757662356,425236696
1757662356,426948440
1757662356,430532072
1757662356,444002760
1757662356,447743592
1757662356,450045288
1757662356,486233144
1757662356,494513768
1757662356,502070680
1757662356,516606248
1757662356,528206408
1757662356,533488712
1757662356,544760664
1757662356,561213320
1757662356,569511272
1757662356,570935032
1757662356,581925096
1757662356,606511016
1757662356,611389640
1757662356,633319816
1757662356,647450456
1757662356,649997096
1757662356,654010040
1757662356,657523128
1757662356,661843880
1757662356,670666152
1757662356,679484296
1757662356,711523896
1757662356,728711384
1757662356,743039928
1757662356,744415128
1757662356,765203368
1757662356,792960248
1757662356,799469032
1757662356,820360280
1757662356,827037176
1757662356,829418312
1757662356,832101224
1757662356,834881736
1757662356,849450360
1757662356,852993640
1757662356,860667176
1757662356,877281704
1757662356,878734168
1757662356,885798376
1757662356,895035320
1757662356,943413816
1757662356,955293720
1757662356,959161784
1757662356,965204152
1757662356,988716376
1757662357,29479816
1757662357,34036136
1757662357,58546712
1757662357,75465832
1757662357,79549416
1757662357,102173048
1757662357,114996248
1757662357,118038120
1757662357,126528728
1757662357,139792424
1757662357,143902792
1757662357,160205480
1757662357,180313608
1757662357,191903688
1757662357,195257720
1757662357,197555464
1757662357,228559256
1757662357,244125304
1757662357,291336152
1757662357,300794984
1757662357,311728552
1757662357,322833320
1757662357,334073784
1757662357,350309592
1757662357,365520792
1757662357,371312984
1757662357,394746984
1757662357,397693928
1757662357,440263272
1757662357,453673000
1757662357,475881720
1757662357,503879640
1757662357,511616728
1757662357,527324968
1757662357,553891432
1757662357,568494632
1757662357,594009048
1757662357,608647528
1757662357,634867848
1757662357,662234136
1757662357,665084536
1757662357,671733720
1757662357,675294968
1757662357,716457080
1757662357,761507368
1757662357,764607992
1757662357,772576776
1757662357,810063768
1757662357,822325720
1757662357,829123832
1757662357,837748968
1757662357,845740536
1757662357,860072552
1757662357,871890264
1757662357,878601064
1757662357,881255016
1757662357,898450408
1757662357,901703080
1757662357,902948296
1757662357,921427608
1757662357,960954008
1757662357,984921688
1757662358,18395880
1757662358,22508552
1757662358,36200440
1757662358,39269400
1757662358,54632200
1757662358,59184328
1757662358,81798264
1757662358,95794696
1757662358,102031928
1757662358,109355336
1757662358,111894856
1757662358,147377288
1757662358,151543976
1757662358,168803784
1757662358,174695544
1757662358,221365000
1757662358,271830712
1757662358,282234920
1757662358,305769128
1757662358,333916168
1757662358,337285272
1757662358,359548248
1757662358,364754440
1757662358,384417528
1757662358,399691112
1757662358,421364552
1757662358,427217192
1757662358,436401864
1757662358,447701512
1757662358,449001944
1757662358,452134040
1757662358,480976168
1757662358,492898584
1757662358,522221912
1757662358,525715816
1757662358,529865256
1757662358,542244760
1757662358,565593224
1757662358,573700776
1757662358,581949944
1757662358,590269624
1757662358,594170696
1757662358,628212008
1757662358,638276216
1757662358,649802120
1757662358,658487816
1757662358,686372808
1757662358,741501096
1757662358,746080296
1757662358,748423064
1757662358,773563480
1757662358,778789672
1757662358,783702584
1757662358,795244216
1757662358,811061656
1757662358,844188472
1757662358,852577928
1757662358,855824376
1757662358,861135256
1757662358,893024344
1757662358,911624728
1757662358,935065144
1757662358,954806776
1757662359,2399336
1757662359,9539912
1757662359,23703640
1757662359,30527672
1757662359,43387016
1757662359,63901816
1757662359,70872632
1757662359,74454040
1757662359,80108344
1757662359,101733560
1757662359,104689624
1757662359,111975048
1757662359,115845592
1757662359,119843320
1757662359,135555080
1757662359,156195032
1757662359,160689272
1757662359,167083320
1757662359,193457544
1757662359,207565848
1757662359,228579000
1757662359,236203880
1757662359,239374328
1757662359,259655096
1757662359,264256136
1757662359,271511080
1757662359,281129544
1757662359,304920728
1757662359,308430920
1757662359,316640632
1757662359,331308248
1757662359,342831000
1757662359,372231752
1757662359,389776632
1757662359,421967448
1757662359,521321736
1757662359,525044248
1757662359,528193352
1757662359,557335128
1757662359,558621320
1757662359,567539240
1757662359,570563032
1757662359,598886360
1757662359,622085512
1757662359,626243768
1757662359,707960232
1757662359,714835688
1757662359,716489160
1757662359,718879640
1757662359,728722376
1757662359,752406216
1757662359,777821960
1757662359,816562856
1757662359,833593032
1757662359,846259976
1757662359,855114152
1757662359,860685464
1757662359,863959784
1757662359,873103512
1757662359,881069592
1757662359,905308200
1757662359,915329192
1757662359,938041592
1757662359,948955384
1757662359,955072360
1757662359,973131528
1757662359,977286520
1757662359,982553224
1757662359,992420424
1757662360,8424936
1757662360,24792376
1757662360,26856888
1757662360,39145656
1757662360,42904968
1757662360,44349368
1757662360,52421656
1757662360,66745480
1757662360,123653352
1757662360,127638408
1757662360,134330328
1757662360,155730072
1757662360,159382376
1757662360,161472648
1757662360,178581064
1757662360,191272824
1757662360,214207096
1757662360,218081416
1757662360,222284488
1757662360,226629640
1757662360,234172536
1757662360,241742984
1757662360,248264008
1757662360,285520984
1757662360,296231512
1757662360,300463080
1757662360,335795192
1757662360,350584104
1757662360,391840536
1757662360,398069144
1757662360,424501032
1757662360,431760472
1757662360,463812792
1757662360,468365640
1757662360,470737768
1757662360,482918312
1757662360,498003544
1757662360,502831304
1757662360,504582952
1757662360,509390424
1757662360,567481224
1757662360,573277240
1757662360,575583624
1757662360,583083048
1757662360,590256168
1757662360,596678792
1757662360,640890424
1757662360,662477496
1757662360,665521720
1757662360,691739672
1757662360,696295496
1757662360,755961832
1757662360,764864648
1757662360,768954728
1757662360,802573512
1757662360,807096136
1757662360,824546696
1757662360,828879048
1757662360,863818296
1757662360,874592200
1757662360,878002728
1757662360,890922888
1757662360,893071912
1757662360,941966136
1757662360,960160264
1757662360,980427016
1757662360,985989608
1757662361,18007160
1757662361,24487432
1757662361,32391912
1757662361,48580424
1757662361,74260712
1757662361,77463416
1757662361,84125048
1757662361,100683576
1757662361,103533352
1757662361,113133944
1757662361,116296920
1757662361,153114888
1757662361,189598472
1757662361,211982376
1757662361,213102472
1757662361,225484808
1757662361,235454456
1757662361,287403432
1757662361,295256760
1757662361,299434456
1757662361,305132504
1757662361,328595496
1757662361,330149240
1757662361,369143960
1757662361,391872520
1757662361,430081032
1757662361,452338184
1757662361,472702792
1757662361,481532920
1757662361,495700888
1757662361,499930360
1757662361,501102328
1757662361,519815224
1757662361,566780664
1757662361,584120120
1757662361,596827960
1757662361,648884280
1757662361,666535496
1757662361,693678568
1757662361,739139192
1757662361,760558216
1757662361,773742968
1757662361,784357720
1757662361,820651304
1757662361,883643656
1757662361,892540456
1757662361,903674392
1757662361,908176600
1757662361,952238488
1757662361,956285144
1757662361,977164488
1757662362,26963848
1757662362,31610632
1757662362,33901816
1757662362,47708440
1757662362,49068680
1757662362,59171336
1757662362,66651368
1757662362,73286408
1757662362,85097096
1757662362,87348456
1757662362,90906824
1757662362,121905560
1757662362,135987112
1757662362,148725352
1757662362,163943560
1757662362,167415496
1757662362,177611336
1757662362,215314248
1757662362,217951336
1757662362,219520728
1757662362,236543160
1757662362,243593752
1757662362,250014232
1757662362,266373944
1757662362,284076536
1757662362,285190184
1757662362,293999608
1757662362,321142136
1757662362,323035240
1757662362,324885016
1757662362,334278072
1757662362,412356536
1757662362,451068136
1757662362,458067112
1757662362,466989208
1757662362,469917512
1757662362,473072024
1757662362,497490936
1757662362,500577016
1757662362,502686312
1757662362,513316408
1757662362,524346312
1757662362,542126376
1757662362,569506888
1757662362,575215944
1757662362,580913016
1757662362,592928152
1757662362,606213704
1757662362,618652872
1757662362,641812632
1757662362,663912968
1757662362,683643544
1757662362,685970184
1757662362,697904840
1757662362,738540520
1757662362,756997288
1757662362,758465400
1757662362,791356312
1757662362,796274040
1757662362,825698376
1757662362,846588664
1757662362,855572728
1757662362,858000648
1757662362,914537480
1757662362,916162952
1757662362,950835816
1757662362,962725480
1757662362,966871368
1757662362,969862584
1757662362,978010952
1757662362,993177688
1757662363,28097240
1757662363,35529976
1757662363,49203960
1757662363,51821928
1757662363,56437720
1757662363,92397592
1757662363,95149848
1757662363,96657480
1757662363,106034200
1757662363,117040360
1757662363,132975096
1757662363,146017704
1757662363,150833272
1757662363,157112792
1757662363,163031416
1757662363,172439240
1757662363,181011048
1757662363,190573896
1757662363,193234968
1757662363,199251224
1757662363,215139512
1757662363,223807048
1757662363,232614712
1757662363,239253192
1757662363,245460776
1757662363,275870856
1757662363,284724056
1757662363,292658984
1757662363,297170536
1757662363,304567080
1757662363,336308168
1757662363,344409160
1757662363,361320072
1757662363,363184872
1757662363,366051800
1757662363,372937464
1757662363,391923848
1757662363,406664088
1757662363,427513400
1757662363,429231544
1757662363,434752984
1757662363,438214936
1757662363,452107816
1757662363,476506728
1757662363,498073208
1757662363,516870280
1757662363,535604600
1757662363,571854120
1757662363,573913080
1757662363,595376536
1757662363,604114584
1757662363,607688744
1757662363,617963384
1757662363,634269912
1757662363,645419720
1757662363,646611960
1757662363,654275288
1757662363,662043304
1757662363,671040408
1757662363,679476520
1757662363,702659464
1757662363,721398952
1757662363,760083704
1757662363,812121560
1757662363,814848872
1757662363,816836472
1757662363,823692952
1757662363,826269128
1757662363,836438648
1757662363,850186328
1757662363,884913880
1757662363,893183640
1757662363,899320680
1757662363,916564760
1757662363,936751864
1757662363,966840136
1757662363,983804744
1757662364,10846056
1757662364,14926872
1757662364,23164696
1757662364,35729144
1757662364,56061528
1757662364,74165320
1757662364,87437240
1757662364,108722328
1757662364,173495256
1757662364,179512456
1757662364,183367352
1757662364,205127208
1757662364,214110136
1757662364,220959544
1757662364,223165464
1757662364,229712776
1757662364,253770584
1757662364,304392952
1757662364,324358712
1757662364,337276968
1757662364,344607400
1757662364,347481656
1757662364,360786536
1757662364,397938664
1757662364,448398296
1757662364,474812360
1757662364,491984120
1757662364,493474968
1757662364,496257704
1757662364,515105752
1757662364,551887576
1757662364,634140984
1757662364,637566696
1757662364,665257272
1757662364,696075688
1757662364,703946200
1757662364,707565608
1757662364,715033208
1757662364,720292632
1757662364,746111736
1757662364,749181944
1757662364,757571640
1757662364,809805016
1757662364,853711432
1757662364,882816728
1757662364,891938696
1757662364,913778440
1757662364,916255608
1757662364,934063096
1757662364,953901864
1757662364,976944008
1757662364,984591112
1757662365,28331560
1757662365,35412440
1757662365,42110552
1757662365,65057560
1757662365,66802520
1757662365,73109992
1757662365,82861416
1757662365,97364408
1757662365,110488488
1757662365,133893960
1757662365,171919960
1757662365,181027640
1757662365,224214696
1757662365,239144408
1757662365,256780232
1757662365,268824344
1757662365,282482984
1757662365,292074344
1757662365,346480440
1757662365,347758904
1757662365,357279816
1757662365,374363848
1757662365,377684584
1757662365,382325320
1757662365,400781224
1757662365,412348664
1757662365,432952088
1757662365,439973752
1757662365,444599368
1757662365,453450072
1757662365,457708440
1757662365,461383464
1757662365,479118136
1757662365,480982808
1757662365,495528568
1757662365,504037784
1757662365,515599000
1757662365,529185272
1757662365,549646568
1757662365,553783480
1757662365,555363848
1757662365,581897272
1757662365,593983464
1757662365,600062328
1757662365,601222840
1757662365,607529704
1757662365,613411032
1757662365,618063368
1757662365,644683784
1757662365,650980168
1757662365,682041864
1757662365,718695704
1757662365,726879224
1757662365,737201112
1757662365,770500264
1757662365,775007560
1757662365,792408648
1757662365,794671096
1757662365,841908072
1757662365,847745256
1757662365,851180824
1757662365,866716664
1757662365,868912024
1757662365,886956216
1757662365,893855800
1757662365,910504568
1757662365,919147896
1757662365,927409752
1757662365,935242552
1757662365,940364104
1757662365,959935416
1757662365,968144376
1757662365,985420104
1757662365,993984424
1757662365,999581880
1757662366,30317816
1757662366,39491384
1757662366,55699096
1757662366,58520488
1757662366,70117656
1757662366,72768232
1757662366,84010696
1757662366,86176648
1757662366,107430392
1757662366,140269224
1757662366,155340376
1757662366,181578392
1757662366,183614664
1757662366,190270776
1757662366,218431480
1757662366,238341816
1757662366,262998184
1757662366,266201656
1757662366,328720008
1757662366,339530104
1757662366,358874968
1757662366,360909768
1757662366,406072328
1757662366,413228136
1757662366,441874664
1757662366,452075592
1757662366,459680424
1757662366,465065304
1757662366,483954824
1757662366,519490648
1757662366,542088504
1757662366,566116760
1757662366,585984632
1757662366,606213240
1757662366,634766296
1757662366,670603480
1757662366,692205000
1757662366,693581896
1757662366,716457416
1757662366,747390616
1757662366,779920472
1757662366,806717992
1757662366,814982088
1757662366,826966984
1757662366,850930360
1757662366,853979096
1757662366,855940280
1757662366,859116024
1757662366,862014168
1757662366,864467352
1757662366,884122696
1757662366,915033352
1757662366,983726088
1757662367,3247656
1757662367,15520440
1757662367,20591864
1757662367,21958600
1757662367,42357224
1757662367,60260216
1757662367,78058712
1757662367,81557160
1757662367,86640776
1757662367,93312664
1757662367,95474184
1757662367,112456680
1757662367,119518280
1757662367,121853208
1757662367,190057784
1757662367,191837144
1757662367,211359448
1757662367,226207240
1757662367,241003528
1757662367,295771272
1757662367,308912760
1757662367,341002904
1757662367,355691992
1757662367,375072936
1757662367,377142856
1757662367,385331416
1757662367,395818280
1757662367,401196200
1757662367,405505240
1757662367,415142344
1757662367,439109256
1757662367,449939528
1757662367,453280648
1757662367,470388440
1757662367,482510680
1757662367,517503080
1757662367,542350776
1757662367,582702920
1757662367,589915112
1757662367,595380600
1757662367,598225288
1757662367,616564008
1757662367,633619480
1757662367,636040504
1757662367,651777864
1757662367,675971800
1757662367,678255480
1757662367,690135624
1757662367,704920200
1757662367,712238888
1757662367,748940312
1757662367,750635192
1757662367,754205048
1757662367,758446744
1757662367,775517064
1757662367,781451384
1757662367,848773160
1757662367,853118584
1757662367,878117336
1757662367,881608024
1757662367,889064120
1757662367,892463656
1757662367,900479096
1757662367,952910840
1757662367,982365960
1757662367,992861688
1757662368,1590936
1757662368,13519592
1757662368,47137624
1757662368,51205704
1757662368,79165368
1757662368,80218344
1757662368,85837704
1757662368,96435224
1757662368,120788520
1757662368,123606936
1757662368,125047992
1757662368,129181384
1757662368,154221928
1757662368,158916536
1757662368,197856344
1757662368,200202792
1757662368,207082440
1757662368,208715304
1757662368,215200024
1757662368,225054440
1757662368,260985736
1757662368,280043432
1757662368,300405480
1757662368,355116216
1757662368,377321752
1757662368,383602440
1757662368,390717160
1757662368,400762744
1757662368,410928472
1757662368,418066872
1757662368,435389800
1757662368,454739272
1757662368,459826968
1757662368,491322504
1757662368,511376344
1757662368,516264264
1757662368,540550936
1757662368,551108728
1757662368,585512472
1757662368,618077576
1757662368,619721912
1757662368,624205224
1757662368,630178312
1757662368,636831960
1757662368,638729592
1757662368,659133272
1757662368,694157272
1757662368,701405800
1757662368,713311832
1757662368,725231688
1757662368,727391064
1757662368,733149320
1757662368,793032216
1757662368,803474792
1757662368,808787912
1757662368,810430184
1757662368,814430280
1757662368,817947928
1757662368,830573944
1757662368,847183304
1757662368,851582264
1757662368,858263048
1757662368,864026344
1757662368,903848360
1757662368,908902376
1757662368,910629976
1757662368,921678440
1757662368,924775208
1757662368,936879816
1757662368,950232488
1757662368,958367688
1757662368,998507720
1757662369,2496584
1757662369,22164456
1757662369,58691720
1757662369,60970520
1757662369,78730024
1757662369,107808888
1757662369,111971256
1757662369,115146648
1757662369,117762408
1757662369,130343736
1757662369,143185576
1757662369,146080200
1757662369,155294760
1757662369,200953992
1757662369,205842552
1757662369,217427784
1757662369,281539544
1757662369,288971864
1757662369,298827944
1757662369,308177976
1757662369,312949480
1757662369,337095000
1757662369,339216696
1757662369,341494536
1757662369,358423128
1757662369,366451480
1757662369,374959816
1757662369,378251608
1757662369,406270984
1757662369,431364984
1757662369,446897272
1757662369,598909400
1757662369,656730424
1757662369,663691864
1757662369,701122664
1757662369,705193032
1757662369,738985288
1757662369,772421032
1757662369,776578952
1757662369,793020328
1757662369,820633416
1757662369,823111704
1757662369,831351352
1757662369,846567784
1757662369,861923048
1757662369,872633192
1757662369,906507048
1757662369,911584152
1757662369,939756184
1757662369,943333256
1757662369,970351800
1757662369,971672200
1757662369,987089896
1757662369,994374728
1757662369,996633576
1757662370,46476248
1757662370,56289960
1757662370,120842824
1757662370,123157320
1757662370,168745224
1757662370,182122216
1757662370,243726552
1757662370,274518920
1757662370,275743976
1757662370,285196488
1757662370,313720504
1757662370,319853112
1757662370,342644392
1757662370,357434120
1757662370,370681976
1757662370,392223256
1757662370,401412792
1757662370,403247928
1757662370,457914472
1757662370,480735432
1757662370,512984696
1757662370,524278728
1757662370,537391112
1757662370,600162712
1757662370,616546232
1757662370,626975032
1757662370,672264824
1757662370,680581656
1757662370,683060392
1757662370,703566968
1757662370,713961960
1757662370,754156760
1757662370,794248984
1757662370,804909208
1757662370,863605416
1757662370,914311976
1757662370,931557768
1757662370,952403288
1757662370,958657992
1757662370,970294696
1757662370,974837528
1757662370,977584600
1757662370,979312136
1757662370,987570168
1757662370,991992104
1757662371,58776
1757662371,2034712
1757662371,11078920
1757662371,13248232
1757662371,22695160
1757662371,27136552
1757662371,40263848
1757662371,56840456
1757662371,58566808
1757662371,85953816
1757662371,94141640
1757662371,97494312
1757662371,103253000
1757662371,130940360
1757662371,170349080
1757662371,173503192
1757662371,175770104
1757662371,179131064
1757662371,184328488
1757662371,209210472
1757662371,213341896
1757662371,240009480
1757662371,276183544
1757662371,302827032
1757662371,305463512
1757662371,321102552
1757662371,352661768
1757662371,398219464
1757662371,409585496
1757662371,410655608
1757662371,424789672
1757662371,430014968
1757662371,447502136
1757662371,455957608
1757662371,473516248
1757662371,475373512
1757662371,483759528
1757662371,505629096
1757662371,520083896
1757662371,525774792
1757662371,532099000
1757662371,558753176
1757662371,609997848
1757662371,614892584
1757662371,644968040
1757662371,682660808
1757662371,711585720
1757662371,728642568
1757662371,731763512
1757662371,776588200
1757662371,804577032
1757662371,816273928
1757662371,836541944
1757662371,854862232
1757662371,886268216
1757662371,888300168
1757662371,898336984
1757662371,939732808
1757662371,946357224
1757662371,948438456
1757662371,951629400
1757662371,974738216
1757662372,1546680
1757662372,19467448
1757662372,33170120
1757662372,45756008
1757662372,102789688
1757662372,179125736
1757662372,208767192
1757662372,222509704
1757662372,237566776
1757662372,244406232
1757662372,251985160
1757662372,278145720
1757662372,281839832
1757662372,306053816
1757662372,365325496
1757662372,418914168
1757662372,464916472
1757662372,471086248
1757662372,473854408
1757662372,509432744
1757662372,512206808
1757662372,530750776
1757662372,556068008
1757662372,605854232
1757662372,631921368
1757662372,634319192
1757662372,664127016
1757662372,672225784
1757662372,675768968
1757662372,679284472
1757662372,692350200
1757662372,704301304
1757662372,717563048
1757662372,727245640
1757662372,780904552
1757662372,787039192
1757662372,794797640
1757662372,798320248
1757662372,802963080
1757662372,825792760
1757662372,838197032
1757662372,841799192
1757662372,843902616
1757662372,845109976
1757662372,858520504
1757662372,863916184
1757662372,885497736
1757662372,893754456
1757662372,934392856
1757662372,964659304
1757662372,975052360
1757662372,977146312
1757662372,981796072
1757662372,988672488
1757662373,1669768
1757662373,23528472
1757662373,94990248
1757662373,96788888
1757662373,115652968
1757662373,127412584
1757662373,149900856
1757662373,153388392
1757662373,169465576
1757662373,216266552
1757662373,239163416
1757662373,292256952
1757662373,304904024
1757662373,322119176
1757662373,324312664
1757662373,328212728
1757662373,330095816
1757662373,345240792
1757662373,347483384
1757662373,352005048
1757662373,359474792
1757662373,376527320
1757662373,379409720
1757662373,399650280
1757662373,405259880
1757662373,407978968
1757662373,410899048
1757662373,415667656
1757662373,439828536
1757662373,447129736
1757662373,449818648
1757662373,464587800
1757662373,483026920
1757662373,485065912
1757662373,496661688
1757662373,505246776
1757662373,506713848
1757662373,565828792
1757662373,627352216
1757662373,665640952
1757662373,668748952
1757662373,679859880
1757662373,693111128
1757662373,696919720
1757662373,710202968
1757662373,714995816
1757662373,718465128
1757662373,745460040
1757662373,758762024
1757662373,782789608
1757662373,821032088
1757662373,825629544
1757662373,833474472
1757662373,836101800
1757662373,847625768
1757662373,855119976
1757662373,868898792
1757662373,897274552
1757662373,915315176
1757662373,934288408
1757662373,938750184
1757662373,949425240
1757662373,971777320
1757662373,984564312
1757662373,995770344
1757662374,18552200
1757662374,55473944
1757662374,70535416
1757662374,85932856
1757662374,89539720
1757662374,91062344
1757662374,99664600
1757662374,110013208
1757662374,125636728
1757662374,145279672
1757662374,146926024
1757662374,162484072
1757662374,165251672
1757662374,181263240
1757662374,203202264
1757662374,212020424
1757662374,226198680
1757662374,245091848
1757662374,251669656
1757662374,253185592
1757662374,267688792
1757662374,314873544
1757662374,335680328
1757662374,348518616
1757662374,350740104
1757662374,397432120
1757662374,406166424
1757662374,408022840
1757662374,429002152
1757662374,489878168
1757662374,501007800
1757662374,532197848
1757662374,533853880
1757662374,553277720
1757662374,561022696
1757662374,563397240
1757662374,568576280
1757662374,586811384
1757662374,590803416
1757662374,593272408
1757662374,596332840
1757662374,644379032
1757662374,649609912
1757662374,662190520
1757662374,678879896
1757662374,683362776
1757662374,690033320
1757662374,753218200
1757662374,774583976
1757662374,792505000
1757662374,849506712
1757662374,869245928
1757662374,877711016
1757662374,884015848
1757662374,890481304
1757662374,901147864
1757662374,937093336
1757662374,946011944
1757662374,951761496
1757662374,975517544
1757662374,979793656
1757662374,984528872
1757662374,996603144
1757662375,6091944
1757662375,29634744
1757662375,31801240
1757662375,56627864
1757662375,73645624
1757662375,78935352
1757662375,88415176
1757662375,104918952
1757662375,107230216
1757662375,147516856
1757662375,191104296
1757662375,225536504
1757662375,231656232
1757662375,247413112
1757662375,252340312
1757662375,254439992
1757662375,264581176
1757662375,294040904
1757662375,308533416
1757662375,336024888
1757662375,350036808
1757662375,389280456
1757662375,407235240
1757662375,414872856
1757662375,434313880
1757662375,454721512
1757662375,467694808
1757662375,473336024
1757662375,481760536
1757662375,543362440
1757662375,545841960
1757662375,584426824
1757662375,617026344
1757662375,632837816
1757662375,658161368
1757662375,697531160
1757662375,708395992
1757662375,715125128
1757662375,759629416
1757662375,770056904
1757662375,772368472
1757662375,798839208
1757662375,838274312
1757662375,958274008
1757662375,972764120
1757662375,999791096
1757662376,2185752
1757662376,4174360
1757662376,5964680
1757662376,21762232
1757662376,26297864
1757662376,39049544
1757662376,82465768
1757662376,90018984
1757662376,96467480
1757662376,132030824
1757662376,133304584
1757662376,150115736
1757662376,162932872
1757662376,172281944
1757662376,200841912
1757662376,205426456
1757662376,211304552
1757662376,222558936
1757662376,230916760
1757662376,235423336
1757662376,245795512
1757662376,254434792
1757662376,262204296
1757662376,271474280
1757662376,280828328
1757662376,297408760
1757662376,324349416
1757662376,351698712
1757662376,353511192
1757662376,361129256
1757662376,381233288
1757662376,385610296
1757662376,391821800
1757662376,419201000
1757662376,444579080
1757662376,452628536
1757662376,468190920
1757662376,470885304
1757662376,473354872
1757662376,482880248
1757662376,491067928
1757662376,502195448
1757662376,505693864
1757662376,523695112
1757662376,526994456
1757662376,534715480
1757662376,539147976
1757662376,543092712
1757662376,563068200
1757662376,572044424
1757662376,581855368
1757662376,592204792
1757662376,599941384
1757662376,610632648
1757662376,620044168
1757662376,641400792
1757662376,668944200
1757662376,673656904
1757662376,682989016
1757662376,687396872
1757662376,689987368
1757662376,708988696
1757662376,713218696
1757662376,716862120
1757662376,718364040
1757662376,726685544
1757662376,747306776
1757662376,765420936
1757662376,779509096
1757662376,790110088
1757662376,821069768
1757662376,828110120
1757662376,834628312
1757662376,868977320
1757662376,879932616
1757662376,881812936
1757662376,890068760
1757662376,918977144
1757662376,942757960
1757662376,948131272
1757662376,956760920
1757662376,968598200
1757662376,976091096
1757662376,995189656
1757662377,3034312
1757662377,18169400
1757662377,26786872
1757662377,36562728
1757662377,40174280
1757662377,42183752
1757662377,52755928
1757662377,90474392
1757662377,97485336
1757662377,120732488
1757662377,134103336
1757662377,136312456
1757662377,177829624
1757662377,190216392
1757662377,193645672
1757662377,196844136
1757662377,218645240
1757662377,227940168
1757662377,237001384
1757662377,289426760
1757662377,304694968
1757662377,307704584
1757662377,320458344
1757662377,326310616
1757662377,328433768
1757662377,366824840
1757662377,384804792
1757662377,398177816
1757662377,405993256
1757662377,437504344
1757662377,444844680
1757662377,447990072
1757662377,458019960
1757662377,462873080
1757662377,475235128
1757662377,489872776
1757662377,539125624
1757662377,542047624
1757662377,546064104
1757662377,563782232
1757662377,567362696
1757662377,585663976
1757662377,589563784
1757662377,593395272
1757662377,605747176
1757662377,609119720
1757662377,616143608
1757662377,641782936
1757662377,651898488
1757662377,691321448
1757662377,694882760
1757662377,735658504
1757662377,747244712
1757662377,754651592
1757662377,757699272
1757662377,764607400
1757662377,791796536
1757662377,799805016
1757662377,800881800
1757662377,841253832
1757662377,886284488
1757662377,904595848
1757662377,920327832
1757662377,921692888
1757662377,926636088
1757662377,933936344
1757662377,942003768
1757662377,955338408
1757662377,968488856
1757662378,3664888
1757662378,10626152
1757662378,24442872
1757662378,50440520
1757662378,76612568
1757662378,87519704
1757662378,107403544
1757662378,117423976
1757662378,136335656
1757662378,158768408
1757662378,162691864
1757662378,175783720
1757662378,177991304
1757662378,186264792
1757662378,193811992
1757662378,196775832
1757662378,210979480
1757662378,214965736
1757662378,222950008
1757662378,236680264
1757662378,239328776
1757662378,250922152
1757662378,255528152
1757662378,257382632
1757662378,266588792
1757662378,313161048
1757662378,318126840
1757662378,339651752
1757662378,344465000
1757662378,387014856
1757662378,396634248
1757662378,429647624
1757662378,442175208
1757662378,468022424
1757662378,489560200
1757662378,501996696
1757662378,518737016
1757662378,536583496
1757662378,540858520
1757662378,541925016
1757662378,613387592
1757662378,617787992
1757662378,658496696
1757662378,666872040
1757662378,676453432
1757662378,689996008
1757662378,711840120
1757662378,717171576
1757662378,721765896
1757662378,739021160
1757662378,742232200
1757662378,764603160
1757662378,778177064
1757662378,784348264
1757662378,803431992
1757662378,804557336
1757662378,806744392
1757662378,809066376
1757662378,825205352
1757662378,843955016
1757662378,847553048
1757662378,856589816
1757662378,859134360
1757662378,869985704
1757662378,887045368
1757662378,890193928
1757662378,906828712
1757662378,912627208
1757662378,942112920
1757662378,948208952
1757662378,949417512
1757662378,971641064
1757662378,999588040
1757662379,2952536
1757662379,4920232
1757662379,24698280
1757662379,30662696
1757662379,36634152
1757662379,73857704
1757662379,75707848
1757662379,80190056
1757662379,88653992
1757662379,94871400
1757662379,105989624
1757662379,147863592
1757662379,172875528
1757662379,177443944
1757662379,180106648
1757662379,182495768
1757662379,188487544
1757662379,213244168
1757662379,240709656
1757662379,246832616
1757662379,247948600
1757662379,254128072
1757662379,261169208
1757662379,267658776
1757662379,273899464
1757662379,284280120
1757662379,298974408
1757662379,347339704
1757662379,362946536
1757662379,390224824
1757662379,399449576
1757662379,416317192
1757662379,456499640
1757662379,462388680
1757662379,489075528
1757662379,496125928
1757662379,531377080
1757662379,564070440
1757662379,569616088
1757662379,574867160
1757662379,594811640
1757662379,607112536
1757662379,610048968
1757662379,612280696
1757662379,617936040
1757662379,631606664
1757662379,637095048
1757662379,641703672
1757662379,643363304
1757662379,660193144
1757662379,677421096
1757662379,680167384
1757662379,686066168
1757662379,748271704
1757662379,753924024
1757662379,758228760
1757662379,775924744
1757662379,779248232
1757662379,806925096
1757662379,809446152
1757662379,832554152
1757662379,833908984
1757662379,877788392
1757662379,885144280
1757662379,895426152
1757662379,912084216
1757662379,933357832
1757662379,949174744
1757662379,973144904
1757662380,5448984
1757662380,10614296
1757662380,16432424
1757662380,31240616
1757662380,55701000
1757662380,59673672
1757662380,101630152
1757662380,110913064
1757662380,116464200
1757662380,147828248
1757662380,168329752
1757662380,199126984
1757662380,205814808
1757662380,233400536
1757662380,236713160
1757662380,243118808
1757662380,268001032
1757662380,269535752
1757662380,298576152
1757662380,333463496
1757662380,345114504
1757662380,352534328
1757662380,367328344
1757662380,411513288
1757662380,432343656
1757662380,434764136
1757662380,459887768
1757662380,467596440
1757662380,490124152
1757662380,505733640
1757662380,511126712
1757662380,516986200
1757662380,519596392
1757662380,526997224
1757662380,536481336
1757662380,543953992
1757662380,551092904
1757662380,568262952
1757662380,586108168
1757662380,628051752
1757662380,677496680
1757662380,685443848
1757662380,704354136
1757662380,723388776
1757662380,725176264
1757662380,787502888
1757662380,832017432
1757662380,889361016
1757662380,892635608
1757662380,909428760
1757662380,925130824
1757662380,926542952
1757662380,929668824
1757662380,938831720
1757662380,959774296
1757662380,961789512
1757662380,979781224
1757662381,1576008
1757662381,18517016
1757662381,19988008
1757662381,22353176
1757662381,35695592
1757662381,46324312
1757662381,55236056
1757662381,64334888
1757662381,83044408
1757662381,91759976
1757662381,106711192
1757662381,155433768
1757662381,176978728
1757662381,205720936
1757662381,210757032
1757662381,223528088
1757662381,249180776
1757662381,254097000
1757662381,263302488
1757662381,271357448
1757662381,312791240
1757662381,314679080
1757662381,319240360
1757662381,330117048
1757662381,331403848
1757662381,355883832
1757662381,357916872
1757662381,359113080
1757662381,366146216
1757662381,375520264
1757662381,385886376
1757662381,427758168
1757662381,443786216
1757662381,449485896
1757662381,460934840
1757662381,465117816
1757662381,472326456
1757662381,475799896
1757662381,480986712
1757662381,483757960
1757662381,492759640
1757662381,527041832
1757662381,539559240
1757662381,545930296
1757662381,549656200
1757662381,557128504
1757662381,601659688
1757662381,609372984
1757662381,636620840
1757662381,646648776
1757662381,682692632
1757662381,712682680
1757662381,718806600
1757662381,724514232
1757662381,727089640
1757662381,773555496
1757662381,781971448
1757662381,806536840
1757662381,820710664
1757662381,827766488
1757662381,847640632
1757662381,858737672
1757662381,864260936
1757662381,891746264
1757662381,904913288
1757662381,924120440
1757662381,928878168
1757662381,954612712
1757662381,957896456
1757662381,980067048
1757662381,985717912
1757662382,14138344
1757662382,54210728
1757662382,64780088
1757662382,70058664
1757662382,139372088
1757662382,148913176
1757662382,155220808
1757662382,162936488
1757662382,172774664
1757662382,175000744
1757662382,192594328
1757662382,207715880
1757662382,213896616
1757662382,218260200
1757662382,223799304
1757662382,227568056
1757662382,260390888
1757662382,266517912
1757662382,268967848
1757662382,272294088
1757662382,277219464
1757662382,283023112
1757662382,317722024
1757662382,323943352
1757662382,336041256
1757662382,344053096
1757662382,373208616
1757662382,377265720
1757662382,382627288
1757662382,395760584
1757662382,406466792
1757662382,444725784
1757662382,450598376
1757662382,463162488
1757662382,468557160
1757662382,489118072
1757662382,562491784
1757662382,574787640
1757662382,583389672
1757662382,589689624
1757662382,604412968
1757662382,606278984
1757662382,620977704
1757662382,631202424
1757662382,640801848
1757662382,669697032
1757662382,675865224
1757662382,694045432
1757662382,708935336
1757662382,722362392
1757662382,736234552
1757662382,741872504
1757662382,750982456
1757662382,779107512
1757662382,787516216
1757662382,793234120
1757662382,868324872
1757662382,916396760
1757662382,943308968
1757662382,958564136
1757662382,976445400
1757662382,989433512
1757662383,14005800
1757662383,55487400
1757662383,60812824
1757662383,64048232
1757662383,67476952
1757662383,74087560
1757662383,80816312
1757662383,94706040
1757662383,98167928
1757662383,146887880
1757662383,148646904
1757662383,166979208
1757662383,198692888
1757662383,208724552
1757662383,252987800
1757662383,263696488
1757662383,267204008
1757662383,276892904
1757662383,331645528
1757662383,333280760
1757662383,339727112
1757662383,359651432
1757662383,413887992
1757662383,420585912
1757662383,429916024
1757662383,432651032
1757662383,440243528
1757662383,474385656
1757662383,483286888
1757662383,511410680
1757662383,549267688
1757662383,574079176
1757662383,581920792
1757662383,594116552
1757662383,597642440
1757662383,599212664
1757662383,605580552
1757662383,624336584
1757662383,625830808
1757662383,627963944
1757662383,634990024
1757662383,642272920
1757662383,648083192
1757662383,654198408
1757662383,675031352
1757662383,686568984
1757662383,704381608
1757662383,706001688
1757662383,712994632
1757662383,729774760
1757662383,754719080
1757662383,778468648
1757662383,780680984
1757662383,804743800
1757662383,832376760
1757662383,842662168
1757662383,849861064
1757662383,851692776
1757662383,861983112
1757662383,864252936
1757662383,874577128
1757662383,878390488
1757662383,893315304
1757662383,898803688
1757662383,942102632
1757662383,952550840
1757662383,956083656
1757662383,967508680
1757662383,984641176
1757662383,993019096
1757662384,2401832
1757662384,22807208
1757662384,50440920
1757662384,56594600
1757662384,64534680
1757662384,75136760
1757662384,122854024
1757662384,167433192
1757662384,176192040
1757662384,177575496
1757662384,200479096
1757662384,217198104
1757662384,226950872
1757662384,304609640
1757662384,325173976
1757662384,331917944
1757662384,371264616
1757662384,376026776
1757662384,379136040
1757662384,385514392
1757662384,406170792
1757662384,413496696
1757662384,439518536
1757662384,448975368
1757662384,464342712
1757662384,485836664
1757662384,491566280
1757662384,510962264
1757662384,512318200
1757662384,520322168
1757662384,524429816
1757662384,534015560
1757662384,541388712
1757662384,543337944
1757662384,570409992
1757662384,604301256
1757662384,612922664
1757662384,619072152
1757662384,624568568
1757662384,627981208
1757662384,643359048
1757662384,661916392
1757662384,663612056
1757662384,665717880
1757662384,666936264
1757662384,698864728
1757662384,712213048
1757662384,731754104
1757662384,737020712
1757662384,777434296
1757662384,812766600
1757662384,818020616
1757662384,838494584
1757662384,849225768
1757662384,859079336
1757662384,875847784
1757662384,879647816
1757662384,891375960
1757662384,902774024
1757662384,906586808
1757662384,909885960
1757662384,918390712
1757662384,928090312
1757662384,939477880
1757662384,947128840
1757662384,965618904
1757662384,967826616
1757662384,970610312
1757662384,984120200
1757662384,995495528
1757662384,998676344
1757662385,14693848
1757662385,41548520
1757662385,67346440
1757662385,70117944
1757662385,71750824
1757662385,77423080
1757662385,90549880
1757662385,99736840
1757662385,114082216
1757662385,118856312
1757662385,133430584
1757662385,134913064
1757662385,195171656
1757662385,203711640
1757662385,219049240
1757662385,224792184
1757662385,228189096
1757662385,259323672
1757662385,261679640
1757662385,293283176
1757662385,297817320
1757662385,315343688
1757662385,321745208
1757662385,345579752
1757662385,354874568
1757662385,358187848
1757662385,402815704
1757662385,404621304
1757662385,423169144
1757662385,436356760
1757662385,441002632
1757662385,445117496
1757662385,467661576
1757662385,484002184
1757662385,516475608
1757662385,543031880
1757662385,548759976
1757662385,572816344
1757662385,581759080
1757662385,588893960
1757662385,590761128
1757662385,594748344
1757662385,609222856
1757662385,638568424
1757662385,644340392
1757662385,655492008
1757662385,676316712
1757662385,685392216
1757662385,700594600
1757662385,720100840
1757662385,730148680
1757662385,753961416
1757662385,755909224
1757662385,776631864
1757662385,781806776
1757662385,783181256
1757662385,801893368
1757662385,805881416
1757662385,856866712
1757662385,868883288
1757662385,893830824
1757662385,919203864
1757662385,936236488
1757662385,938820968
1757662385,969292376
1757662385,988473368
1757662386,6248504
1757662386,72760504
1757662386,101563208
1757662386,133813544
1757662386,161993064
1757662386,164890808
1757662386,185690680
1757662386,207713272
1757662386,255817384
1757662386,257310664
1757662386,263748264
1757662386,280818056
1757662386,286975864
1757662386,314281512
1757662386,318753544
1757662386,345321128
1757662386,374004808
1757662386,381520296
1757662386,387012456
1757662386,391778984
1757662386,393180600
1757662386,413595352
1757662386,420102712
1757662386,422908440
1757662386,453808584
1757662386,458735768
1757662386,467892040
1757662386,478882504
1757662386,481107912
1757662386,512379896
1757662386,514171048
1757662386,521002280
1757662386,525741528
1757662386,536375032
1757662386,537597080
1757662386,541688824
1757662386,554787928
1757662386,571226648
1757662386,574471592
1757662386,591844872
1757662386,603547624
1757662386,605779352
1757662386,607359896
1757662386,645621016
1757662386,696190200
1757662386,697515912
1757662386,722295752
1757662386,725135736
1757662386,733255640
1757662386,735321752
1757662386,794195960
1757662386,843484312
1757662386,844701960
1757662386,856966632
1757662386,859802552
1757662386,880543112
1757662386,890579752
1757662386,900492040
1757662386,912240936
1757662386,917216392
1757662386,929721864
1757662386,933874152
1757662386,939923832
1757662386,949073144
1757662386,998072120
1757662387,3069992
1757662387,6140184
1757662387,7800872
1757662387,28189112
1757662387,29680744
1757662387,76912248
1757662387,93004424
1757662387,144429544
1757662387,158412408
1757662387,160749320
1757662387,229920104
1757662387,258031720
1757662387,262076904
1757662387,271361816
1757662387,282864360
1757662387,285813240
1757662387,293133048
1757662387,306097704
1757662387,321503576
1757662387,341344584
1757662387,349898360
1757662387,367994440
1757662387,418207672
1757662387,447174808
1757662387,448905640
1757662387,474331144
1757662387,482762728
1757662387,515736712
1757662387,535462536
1757662387,570199576
1757662387,614514728
1757662387,620052488
1757662387,666931640
1757662387,680727384
1757662387,689433576
1757662387,723581144
1757662387,745476792
1757662387,752797304
1757662387,771848280
1757662387,815398872
1757662387,825639848
1757662387,833416824
1757662387,838472360
1757662387,845543224
1757662387,886340184
1757662387,896231224
1757662387,922995848
1757662387,933377736
1757662387,944148408
1757662387,945858120
1757662387,960590328
1757662388,47976952
1757662388,52476744
1757662388,60671896
1757662388,65451848
1757662388,68308984
1757662388,69740952
1757662388,81454856
1757662388,85758728
1757662388,98091992
1757662388,104204312
1757662388,109074360
1757662388,147564216
1757662388,152817096
1757662388,163057432
1757662388,180030680
1757662388,190500248
1757662388,193956472
1757662388,255676152
1757662388,265820824
1757662388,268878056
1757662388,276203000
1757662388,300470600
1757662388,310454920
1757662388,313114728
1757662388,315317928
1757662388,317438744
1757662388,352745848
1757662388,375914488
1757662388,378187304
1757662388,411570712
1757662388,421180968
1757662388,425444184
1757662388,447603080
1757662388,463758952
1757662388,472205592
1757662388,515462616
1757662388,525159528
1757662388,535765416
1757662388,555570200
1757662388,595307944
1757662388,597471064
1757662388,612835032
1757662388,629437032
1757662388,719364776
1757662388,723130728
1757662388,740934344
1757662388,755050824
1757662388,762612264
1757662388,839921480
1757662388,854864888
1757662388,864291016
1757662388,879305272
1757662388,881487384
1757662388,897880888
1757662388,901810776
1757662388,933179944
1757662388,982557496
1757662389,3147592
1757662389,9517640
1757662389,15395864
1757662389,21252840
1757662389,42308408
1757662389,44368120
1757662389,52196792
1757662389,56904984
1757662389,60320792
1757662389,65568040
1757662389,66837912
1757662389,78916632
1757662389,100769368
1757662389,115359608
1757662389,129718376
1757662389,144961656
1757662389,150910200
1757662389,165757128
1757662389,183491256
1757662389,203823688
1757662389,208568696
1757662389,217845656
1757662389,258353832
1757662389,263861784
1757662389,275117224
1757662389,314424376
1757662389,324998952
1757662389,346470696
1757662389,377681768
1757662389,391566824
1757662389,398548744
1757662389,413816536
1757662389,419564856
1757662389,421105080
1757662389,433331096
1757662389,453622936
1757662389,462889624
1757662389,535138232
1757662389,549621992
1757662389,565372536
1757662389,591833912
1757662389,595751112
1757662389,600695048
1757662389,622706568
1757662389,637603896
1757662389,666383384
1757662389,683056392
1757662389,711311784
1757662389,729457512
1757662389,740459384
1757662389,745213880
1757662389,753605960
1757662389,767869112
1757662389,791891400
1757662389,798031592
1757662389,821762024
1757662389,842278088
1757662389,850484936
1757662389,852194264
1757662389,854500712
1757662389,888513656
1757662389,921942312
1757662389,933641544
1757662389,945162680
1757662389,958786936
1757662389,964763896
1757662389,977582520
1757662389,994733672
1757662389,998254248
1757662390,12671048
1757662390,21997944
1757662390,23199016
1757662390,36190696
1757662390,38270504
1757662390,41728728
1757662390,46421512
1757662390,66833752
1757662390,82932200
1757662390,88152232
1757662390,99829016
1757662390,107308552
1757662390,117388104
1757662390,120315416
1757662390,162075880
1757662390,166726648
1757662390,178059176
1757662390,181460424
1757662390,185966648
1757662390,189720888
1757662390,218440536
1757662390,235864056
1757662390,248597048
1757662390,279260536
1757662390,283514520
1757662390,300791976
1757662390,303862328
1757662390,333048936
1757662390,355652568
1757662390,374592760
1757662390,375647304
1757662390,380914376
1757662390,392820168
1757662390,409430744
1757662390,437619176
1757662390,453362936
1757662390,520522200
1757662390,526543336
1757662390,528068200
1757662390,529584024
1757662390,601416792
1757662390,612659912
1757662390,622682952
1757662390,667141592
1757662390,674333208
1757662390,713171128
1757662390,775985384
1757662390,778928584
1757662390,791347672
1757662390,821272840
1757662390,857041528
1757662390,883244584
1757662390,900509080
1757662390,902194728
1757662390,914047032
1757662390,919900344
1757662390,943861752
1757662390,948147400
1757662390,960935416
1757662390,968615016
1757662390,976636136
1757662391,6443992
1757662391,31279560
1757662391,45189304
1757662391,46891768
1757662391,48128696
1757662391,60256296
1757662391,99945768
1757662391,107215192
1757662391,115135000
1757662391,145736904
1757662391,152297416
1757662391,176240792
1757662391,191850616
1757662391,205543544
1757662391,223487112
1757662391,236401976
1757662391,242569752
1757662391,265950184
1757662391,267952104
1757662391,284298584
1757662391,379390936
1757662391,387836456
1757662391,419206392
1757662391,429865880
1757662391,436180312
1757662391,490847016
1757662391,504482296
1757662391,515874408
1757662391,517750232
1757662391,535005272
1757662391,551480072
1757662391,554892648
1757662391,570953800
1757662391,579849832
1757662391,603018840
1757662391,623075608
1757662391,625551112
1757662391,631300936
1757662391,649149208
1757662391,653511400
1757662391,665779224
1757662391,687019112
1757662391,712918392
1757662391,720829912
1757662391,723020120
1757662391,726264968
1757662391,733343400
1757662391,741874520
1757662391,782350536
1757662391,788055592
1757662391,793133912
1757662391,804940568
1757662391,837815944
1757662391,849316936
1757662391,867899016
1757662391,876501688
1757662391,896427528
1757662391,905656104
1757662391,911440008
1757662391,919921000
1757662391,947692456
1757662392,5427896
1757662392,12701528
1757662392,32160856
1757662392,41639592
1757662392,72965912
1757662392,91700712
1757662392,95919688
1757662392,106363144
1757662392,114031368
1757662392,118059832
1757662392,134132952
1757662392,149483352
1757662392,151085384
1757662392,154258840
1757662392,188886200
1757662392,196240168
1757662392,207064040
1757662392,230259752
1757662392,231801752
1757662392,238117528
1757662392,258661016
1757662392,286770232
1757662392,293257144
1757662392,311292296
1757662392,313698232
1757662392,328252872
1757662392,334529848
1757662392,341444712
1757662392,361739032
1757662392,414288568
1757662392,435594184
1757662392,442398968
1757662392,446603832
1757662392,454870872
1757662392,460206968
1757662392,462082568
1757662392,468893368
1757662392,499472936
1757662392,501523704
1757662392,517224984
1757662392,527611672
1757662392,553941720
1757662392,555964472
1757662392,562056312
1757662392,570331400
1757662392,576845992
1757662392,584922408
1757662392,591794216
1757662392,616413992
1757662392,648802680
1757662392,662084248
1757662392,682020504
1757662392,711901480
1757662392,721418824
1757662392,730092200
1757662392,736026952
1757662392,744748632
1757662392,761814296
1757662392,779369048
1757662392,793485960
1757662392,824516472
1757662392,837779368
1757662392,842523048
1757662392,857185896
1757662392,867604424
1757662392,869866712
1757662392,893143304
1757662392,895646376
1757662392,898569320
1757662392,921990824
1757662392,934952696
1757662392,939815960
1757662392,955456712
1757662392,956791544
1757662393,1340888
1757662393,31178968
1757662393,35372888
1757662393,40754760
1757662393,42220744
1757662393,61217880
1757662393,73033256
1757662393,92959080
1757662393,104663672
1757662393,113565064
1757662393,116193528
1757662393,119799576
1757662393,125791640
1757662393,162125096
1757662393,178641912
1757662393,192427896
1757662393,211462088
1757662393,214362584
1757662393,228043592
1757662393,240422776
1757662393,272323000
1757662393,283683880
1757662393,294852296
1757662393,325576440
1757662393,366435720
1757662393,377726440
1757662393,385173848
1757662393,401203112
1757662393,437325752
1757662393,465201928
1757662393,474519544
1757662393,485319032
1757662393,494196568
1757662393,496833384
1757662393,504884536
1757662393,576328264
1757662393,599469336
1757662393,658837976
1757662393,669263048
1757662393,691325816
1757662393,694365208
1757662393,707038936
1757662393,718926888
1757662393,727627160
1757662393,736798328
1757662393,744624104
1757662393,767084840
1757662393,825640456
1757662393,827149560
1757662393,832236616
1757662393,856451128
1757662393,867292568
1757662393,921406344
1757662393,945279736
1757662393,955482712
1757662393,962144728
1757662393,964516888
1757662394,78634984
1757662394,79796296
1757662394,91361320
1757662394,119743256
1757662394,131041192
1757662394,145644120
1757662394,153559784
1757662394,178425512
1757662394,191479704
1757662394,283415784
1757662394,293510664
1757662394,307001256
1757662394,311308760
1757662394,323564184
1757662394,338859560
1757662394,356815816
1757662394,358338568
1757662394,360270936
1757662394,408014792
1757662394,437452248
1757662394,461561128
1757662394,500334440
1757662394,508844952
1757662394,514487896
1757662394,517233000
1757662394,544120504
1757662394,548474040
1757662394,558427128
1757662394,568859800
1757662394,601336168
1757662394,605031992
1757662394,606555288
1757662394,636808776
1757662394,668217544
1757662394,681105160
1757662394,721693160
1757662394,730572344
1757662394,735083752
1757662394,736537272
1757662394,757232056
1757662394,774225576
1757662394,783407096
1757662394,789734632
1757662394,793158936
1757662394,794483512
1757662394,842103704
1757662394,846624232
1757662394,848305080
1757662394,852809032
1757662394,867078232
1757662394,876227048
1757662394,880722216
1757662394,900197288
1757662394,937810168
1757662394,967492984
1757662395,13010168
1757662395,15071272
1757662395,50185304
1757662395,81882328
1757662395,83069400
1757662395,97819704
1757662395,112245512
1757662395,121890040
1757662395,132676808
1757662395,133951240
1757662395,136899848
1757662395,157439416
1757662395,170332424
1757662395,185484696
1757662395,199074904
1757662395,217165464
1757662395,230429032
1757662395,256216616
1757662395,257391432
1757662395,264539672
1757662395,271578024
1757662395,288510632
1757662395,297959464
1757662395,311980200
1757662395,327737784
1757662395,335375640
1757662395,343594424
1757662395,357770792
1757662395,359893656
1757662395,366927976
1757662395,381362408
1757662395,382663096
1757662395,385497064
1757662395,402327848
1757662395,403923192
1757662395,408405400
1757662395,460974808
1757662395,474208104
1757662395,491068712
1757662395,518008104
1757662395,565580360
1757662395,571939576
1757662395,596149800
1757662395,598598792
1757662395,605653496
1757662395,623024408
1757662395,637547752
1757662395,657619864
1757662395,664162408
1757662395,666037992
1757662395,675669352
1757662395,680578760
1757662395,704494232
1757662395,706685912
1757662395,725967480
1757662395,743159704
1757662395,788161416
1757662395,816589368
1757662395,823332776
1757662395,836533352
1757662395,840246728
1757662395,857472824
1757662395,858745240
1757662395,862603656
1757662395,863908584
1757662395,875427736
1757662395,883937208
1757662395,902638504
1757662395,918270872
1757662395,923983240
1757662395,927940984
1757662395,930493112
1757662395,943344264
1757662395,945515512
1757662395,948504888
1757662395,950545912
1757662395,952793096
1757662395,961205720
1757662395,965332744
1757662395,984261096
1757662395,993491528
1757662395,996976776
1757662396,26259576
1757662396,31841784
1757662396,41612408
1757662396,53330472
1757662396,64986920
1757662396,88670632
1757662396,90637992
1757662396,183803576
1757662396,198036856
1757662396,202185272
1757662396,204365464
1757662396,210624056
1757662396,215141592
1757662396,216880008
1757662396,233308568
1757662396,249321112
1757662396,266096888
1757662396,298184808
1757662396,313150568
1757662396,351834248
1757662396,378799528
1757662396,397905512
1757662396,399335624
1757662396,451811016
1757662396,454617928
1757662396,471092392
1757662396,519561624
1757662396,529023752
1757662396,545976840
1757662396,547084680
1757662396,554278520
1757662396,580840680
1757662396,598103128
1757662396,603178904
1757662396,637446600
1757662396,651074520
1757662396,660943960
1757662396,668803464
1757662396,670892712
1757662396,685937272
1757662396,693000280
1757662396,697751128
1757662396,711046184
1757662396,717831272
1757662396,720856456
1757662396,723277416
1757662396,726111720
1757662396,736570424
1757662396,751010472
1757662396,764355304
1757662396,770676344
1757662396,797426920
1757662396,819103864
1757662396,828180760
1757662396,832207160
1757662396,841194008
1757662396,864982072
1757662396,872037096
1757662396,921551480
1757662396,928941144
1757662396,930428328
1757662396,932508184
1757662396,940038136
1757662396,962185064
1757662396,970454696
1757662396,973709976
1757662396,979882232
1757662396,994219752
1757662397,14006776
1757662397,26508392
1757662397,27963048
1757662397,34450392
1757662397,52168648
1757662397,60745704
1757662397,69008792
1757662397,91957544
1757662397,93274056
1757662397,100231816
1757662397,114389208
1757662397,115991464
1757662397,144800552
1757662397,148895464
1757662397,152834728
1757662397,159002040
1757662397,163254824
1757662397,171678984
1757662397,184566280
1757662397,229915480
1757662397,243372920
1757662397,250810248
1757662397,286548728
1757662397,325136472
1757662397,326681928
1757662397,368818952
1757662397,400515512
1757662397,444833368
1757662397,455163816
1757662397,461356808
1757662397,477599384
1757662397,489683912
1757662397,499916056
1757662397,501848520
1757662397,533367672
1757662397,539038264
1757662397,579809352
1757662397,606293688
1757662397,636853448
1757662397,675922072
1757662397,677553640
1757662397,682131368
1757662397,683343064
1757662397,696493896
1757662397,729332744
1757662397,740821128
1757662397,747419976
1757662397,750917560
1757662397,765596248
1757662397,781763784
1757662397,823002408
1757662397,849915784
1757662397,864573368
1757662397,880817240
1757662397,886633768
1757662397,903955096
1757662397,910934136
1757662397,921071768
1757662397,938625160
1757662397,943874440
1757662397,956819896
1757662398,10614776
1757662398,20933544
1757662398,23465832
1757662398,29630312
1757662398,37369656
1757662398,42584328
1757662398,75311976
1757662398,85726952
1757662398,118486680
1757662398,120069368
1757662398,121351000
1757662398,130684200
1757662398,142747384
1757662398,181757304
1757662398,189211992
1757662398,211907496
1757662398,241284840
1757662398,246139512
1757662398,253119352
1757662398,257390936
1757662398,263967752
1757662398,267343688
1757662398,281397624
1757662398,287391944
1757662398,291585816
1757662398,333966456
1757662398,335313944
1757662398,340012888
1757662398,366527592
1757662398,381975000
1757662398,389065352
1757662398,391550360
1757662398,444569880
1757662398,448721576
1757662398,451929720
1757662398,457544328
1757662398,483988968
1757662398,512576360
1757662398,516774904
1757662398,518109336
1757662398,519319704
1757662398,536789032
1757662398,544812392
1757662398,571715496
1757662398,589698360
1757662398,599501656
1757662398,620096472
1757662398,635235048
1757662398,658043304
1757662398,667774312
1757662398,688301640
1757662398,689904792
1757662398,695686008
1757662398,699467416
1757662398,709876344
1757662398,716278120
1757662398,723045512
1757662398,741913416
1757662398,759072776
1757662398,770870200
1757662398,797534280
1757662398,799444904
1757662398,835023624
1757662398,851782408
1757662398,860806168
1757662398,883259384
1757662398,903318376
1757662398,919017448
1757662398,938016040
1757662398,956693432
1757662398,960202680
1757662398,967359416
1757662398,984548488
1757662398,996068344
1757662399,22974408
1757662399,37281880
1757662399,89040776
1757662399,91079304
1757662399,93136472
1757662399,94428968
1757662399,95592232
1757662399,114066776
1757662399,118326808
1757662399,135028248
1757662399,139764280
1757662399,153402712
1757662399,221474312
1757662399,224541000
1757662399,249962984
1757662399,252023352
1757662399,263105784
1757662399,274228680
1757662399,281172856
1757662399,293750200
1757662399,300396760
1757662399,321757272
1757662399,368122568
1757662399,371104344
1757662399,385528136
1757662399,390946552
1757662399,391987896
1757662399,412344472
1757662399,414758376
1757662399,416497592
1757662399,476758184
1757662399,485786248
1757662399,489586216
1757662399,497586520
1757662399,517890216
1757662399,533025624
1757662399,534894632
1757662399,540873576
1757662399,544249864
1757662399,651049464
1757662399,661705928
1757662399,664792424
1757662399,675789576
1757662399,704063608
1757662399,710008072
1757662399,715618152
1757662399,720008904
1757662399,734629912
1757662399,740393832
1757662399,743267960
1757662399,780091288
1757662399,790490024
1757662399,796398456
1757662399,808368120
1757662399,815538120
1757662399,817265688
1757662399,818560456
1757662399,827109128
1757662399,834431928
1757662399,848588040
1757662399,876355576
1757662399,877964664
1757662399,879502632
1757662399,915010008
1757662399,935931368
1757662399,952441096
1757662399,954552520
1757662399,972128904
1757662400,11178056
1757662400,18535128
1757662400,22476440
1757662400,30920712
1757662400,37421640
1757662400,48440824
1757662400,55815432
1757662400,59965208
1757662400,63225656
1757662400,76813608
1757662400,79581208
1757662400,96637512
1757662400,103780792
1757662400,113318392
1757662400,121196136
1757662400,129877896
1757662400,138614488
1757662400,141581944
1757662400,148129192
1757662400,150639720
1757662400,153624536
1757662400,192045448
1757662400,210860904
1757662400,239817384
1757662400,247841912
1757662400,270004808
1757662400,278672184
1757662400,281673128
1757662400,283076136
1757662400,306040376
1757662400,311897560
1757662400,333803880
1757662400,340132840
1757662400,351410552
1757662400,355245544
1757662400,367295672
1757662400,375589864
1757662400,387214984
1757662400,394322680
1757662400,422538600
1757662400,431534808
1757662400,440185832
1757662400,454012632
1757662400,460016744
1757662400,473295288
1757662400,483303944
1757662400,500125192
1757662400,528137128
1757662400,541101224
1757662400,573325688
1757662400,596289720
1757662400,625818120
1757662400,628184408
1757662400,631347944
1757662400,642700680
1757662400,693187720
1757662400,694720744
1757662400,697877544
1757662400,699808264
1757662400,728003320
1757662400,736844488
1757662400,749916312
1757662400,777664504
1757662400,789424504
1757662400,808249544
1757662400,823023208
1757662400,831649640
1757662400,832946440
1757662400,850373256
1757662400,863097768
1757662400,866967080
1757662400,870831320
1757662400,877580392
1757662400,902027128
1757662400,917506728
1757662400,919751768
1757662400,925266296
1757662400,932580616
1757662400,975165720
1757662400,984080904
1757662401,27190744
1757662401,61103864
1757662401,64867304
1757662401,71307496
1757662401,86437160
1757662401,89422904
1757662401,91780744
1757662401,109860008
1757662401,128481160
1757662401,135799800
1757662401,158970456
1757662401,163028728
1757662401,166663160
1757662401,200022072
1757662401,205348872
1757662401,209179752
1757662401,224632184
1757662401,246978056
1757662401,259204536
1757662401,263724248
1757662401,267275208
1757662401,275204616
1757662401,279835688
1757662401,282909320
1757662401,302807880
1757662401,305049720
1757662401,307083800
1757662401,330902744
1757662401,340003928
1757662401,349967256
1757662401,351710232
1757662401,373421176
1757662401,386224280
1757662401,400599048
1757662401,404404680
1757662401,406816952
1757662401,437010040
1757662401,469314152
1757662401,475034392
1757662401,485428440
1757662401,528431848
1757662401,533471560
1757662401,539607624
1757662401,545432744
1757662401,566067912
1757662401,579190920
1757662401,588658264
1757662401,596098936
1757662401,603585960
1757662401,605944568
1757662401,608853208
1757662401,622637848
1757662401,624942984
1757662401,630741592
1757662401,637676200
1757662401,642409432
1757662401,648029080
1757662401,653106888
1757662401,666028840
1757662401,683151624
1757662401,687044616
1757662401,691389960
1757662401,698115864
1757662401,701652840
1757662401,714080680
1757662401,724648504
1757662401,757069816
1757662401,760179432
1757662401,765704024
1757662401,768455688
1757662401,787145576
1757662401,807050664
1757662401,814691800
1757662401,817932824
1757662401,848311048
1757662401,859642712
1757662401,891307080
1757662401,897956776
1757662401,925780984
1757662401,928684136
1757662401,933895224
1757662401,946779064
1757662401,972780728
1757662401,982381624
1757662402,21668024
1757662402,54937848
1757662402,60749864
1757662402,63874056
1757662402,68787960
1757662402,86153512
1757662402,92042136
1757662402,100055352
1757662402,104900744
1757662402,151217464
1757662402,165860200
1757662402,172810120
1757662402,184244520
1757662402,187673016
1757662402,239675784
1757662402,244926728
1757662402,268565688
1757662402,290689128
1757662402,321339624
1757662402,325542120
1757662402,364600632
1757662402,382376408
1757662402,411267976
1757662402,414367352
1757662402,435344440
1757662402,436898216
1757662402,439051096
1757662402,446266024
1757662402,506862712
1757662402,546289832
1757662402,557406040
1757662402,571278968
1757662402,586000888
1757662402,592256072
1757662402,608211240
1757662402,610986104
1757662402,620667304
1757662402,631054008
1757662402,659594072
1757662402,664617096
1757662402,675654936
1757662402,685346456
1757662402,706456472
1757662402,752560136
1757662402,829539176
1757662402,831690216
1757662402,850463096
1757662402,863853096
1757662402,865826664
1757662402,905968104
1757662402,934122824
1757662402,941912184
1757662402,943766808
1757662402,956618472
1757662402,962731016
1757662402,981490616
1757662402,985757320
1757662402,989073256
1757662402,994715080
1757662403,5338952
1757662403,42231960
1757662403,90012680
1757662403,108850696
1757662403,114263080
1757662403,115834856
1757662403,122143192
1757662403,125453608
1757662403,140348568
1757662403,149771208
1757662403,171515752
1757662403,186829608
1757662403,204004168
1757662403,209593944
1757662403,218279400
1757662403,219768392
1757662403,266484104
1757662403,277022200
1757662403,280282648
1757662403,284176536
1757662403,326840824
1757662403,343103352
1757662403,354579496
1757662403,356413832
1757662403,367968200
1757662403,382352312
1757662403,453778680
1757662403,469681832
1757662403,477990792
1757662403,507766568
1757662403,538859016
1757662403,567017624
1757662403,576836088
1757662403,583899864
1757662403,601363608
1757662403,611663544
1757662403,613829336
1757662403,644026744
1757662403,672915240
1757662403,685125736
1757662403,690527896
1757662403,731789640
1757662403,740487016
1757662403,741751320
1757662403,765512552
1757662403,766722872
1757662403,773167096
1757662403,792144552
1757662403,805855640
1757662403,854223336
1757662403,866261448
1757662403,901276488
1757662403,914093464
1757662403,932330408
1757662403,953082200
1757662403,958699256
1757662403,993594504
1757662404,17254984
1757662404,18762488
1757662404,40260968
1757662404,46035192
1757662404,76421112
1757662404,117569624
1757662404,133079592
1757662404,136749048
1757662404,144499960
1757662404,163480664
1757662404,169565944
1757662404,176385112
1757662404,193620872
1757662404,207053176
1757662404,212810024
1757662404,225889048
1757662404,232318184
1757662404,239780872
1757662404,257703896
1757662404,283135112
1757662404,284475704
1757662404,323061704
1757662404,375243432
1757662404,389109944
1757662404,409763096
1757662404,492706056
1757662404,519854536
1757662404,527551608
1757662404,533190360
1757662404,547190696
1757662404,574186728
1757662404,586286936
1757662404,589589832
1757662404,601666856
1757662404,603836440
1757662404,617679736
1757662404,619517672
1757662404,633914792
1757662404,635422344
1757662404,638913880
1757662404,654347608
1757662404,660679768
1757662404,675865272
1757662404,690232264
1757662404,700527128
1757662404,703814584
1757662404,720498744
1757662404,730757288
1757662404,749974504
1757662404,780380840
1757662404,781875912
1757662404,788902488
1757662404,792514680
1757662404,818552104
1757662404,871604968
1757662404,910008184
1757662404,926859096
1757662404,933269416
1757662404,960055240
1757662404,975429272
1757662404,987463240
1757662405,26909240
1757662405,38196024
1757662405,40742408
1757662405,42923592
1757662405,50052280
1757662405,67337080
1757662405,86434504
1757662405,96869576
1757662405,131712376
1757662405,135583912
1757662405,138943848
1757662405,168698424
1757662405,170278072
1757662405,172558312
1757662405,175761944
1757662405,195126952
1757662405,198627432
1757662405,217184568
1757662405,244557128
1757662405,303697864
1757662405,318400776
1757662405,320652888
1757662405,343734184
1757662405,359284424
1757662405,371452168
1757662405,373914312
1757662405,380473048
1757662405,388238056
1757662405,391237864
1757662405,400518280
1757662405,409103288
1757662405,415500840
1757662405,423705032
1757662405,442052728
1757662405,452144280
1757662405,482728776
1757662405,498148568
1757662405,527097768
1757662405,538790296
1757662405,542057080
1757662405,580856424
1757662405,586427928
1757662405,589952360
1757662405,604987992
1757662405,612550280
1757662405,634779256
1757662405,639804344
1757662405,656314312
1757662405,693560088
1757662405,703000920
1757662405,730832040
1757662405,732969240
1757662405,745039992
1757662405,752457352
1757662405,754319992
1757662405,805290760
1757662405,813425080
1757662405,840926104
1757662405,856746040
1757662405,872390216
1757662405,876204136
1757662405,919814232
1757662405,925120664
1757662405,947599288
1757662405,950896584
1757662405,952693544
1757662405,967697304
1757662405,969490616
1757662405,993724680
1757662406,5471672
1757662406,55544088
1757662406,77597448
1757662406,100670040
1757662406,159081448
1757662406,165563048
1757662406,180234440
1757662406,190019480
1757662406,194214296
1757662406,209429064
1757662406,212018968
1757662406,223360056
1757662406,226493832
1757662406,234525384
1757662406,268431368
1757662406,276417496
1757662406,296876200
1757662406,314402056
1757662406,344702904
1757662406,378274696
1757662406,381534248
1757662406,400528056
1757662406,409102072
1757662406,430093848
1757662406,443884536
1757662406,451132808
1757662406,476583544
1757662406,483601032
1757662406,487939704
1757662406,493082648
1757662406,507374216
1757662406,509109880
1757662406,510696584
1757662406,514317176
1757662406,522878696
1757662406,525394504
1757662406,544693144
1757662406,546445608
1757662406,554307304
1757662406,556232536
1757662406,560967768
1757662406,564902376
1757662406,568549688
1757662406,573928840
1757662406,580655112
1757662406,604826104
1757662406,644127896
1757662406,648272344
1757662406,681078840
1757662406,699380840
1757662406,706173048
1757662406,711383224
1757662406,713937784
1757662406,716452408
1757662406,727789896
1757662406,773773192
1757662406,784879848
1757662406,789565992
1757662406,820533736
1757662406,845607768
1757662406,872257944
1757662406,895857208
1757662406,897987720
1757662406,921165016
1757662406,929075048
1757662406,935577000
1757662406,960076536
1757662406,985345624
1757662406,993358136
1757662407,88865512
1757662407,101678040
1757662407,113666664
1757662407,117793800
1757662407,143444248
1757662407,170505896
1757662407,175028504
1757662407,188024456
1757662407,194238776
1757662407,207609496
1757662407,218664760
1757662407,254976776
1757662407,309554568
1757662407,315389448
1757662407,317922088
1757662407,322167928
1757662407,375450376
1757662407,381445400
1757662407,385139208
1757662407,394010872
1757662407,409742440
1757662407,415546344
1757662407,419036552
1757662407,442461752
1757662407,453497544
1757662407,474710760
1757662407,530230168
1757662407,541009624
1757662407,557897256
1757662407,576204696
1757662407,587288152
1757662407,628340952
1757662407,649103416
1757662407,653344392
1757662407,682207592
1757662407,690348024
1757662407,705991800
1757662407,756034072
1757662407,761311272
1757662407,775933848
1757662407,780364168
1757662407,796475560
1757662407,806389704
1757662407,812447576
1757662407,813858776
1757662407,819440168
1757662407,823745272
1757662407,827965880
1757662407,849865192
1757662407,890388792
1757662407,932423192
1757662407,946604040
1757662407,965950792
1757662407,987671016
1757662407,991148456
1757662407,997519992
1757662408,8299560
1757662408,13578200
1757662408,30223368
1757662408,33241832
1757662408,35842808
1757662408,39831640
1757662408,57964984
1757662408,74619880
1757662408,82878168
1757662408,117289448
1757662408,119695720
1757662408,123847352
1757662408,130069560
1757662408,137954408
1757662408,157099544
1757662408,201405368
1757662408,209176664
1757662408,248263960
1757662408,268498472
1757662408,273779224
1757662408,300367560
1757662408,305127032
1757662408,308877064
1757662408,314583624
1757662408,317730152
1757662408,330486936
1757662408,338900616
1757662408,389509736
1757662408,401412328
1757662408,431084840
1757662408,435548136
1757662408,439263240
1757662408,456320552
1757662408,470434888
1757662408,481679048
1757662408,499957032
1757662408,509745064
1757662408,520254136
1757662408,548322104
1757662408,555395656
1757662408,576624968
1757662408,601698120
1757662408,609186472
1757662408,626406440
1757662408,714088968
1757662408,715867752
1757662408,724069096
1757662408,727761480
1757662408,740411704
1757662408,742505096
1757662408,750993368
1757662408,754122312
1757662408,777178920
1757662408,791878792
1757662408,812433432
1757662408,832511144
1757662408,858574616
1757662408,870308952
1757662408,875770920
1757662408,906059560
1757662408,919873448
1757662408,938608952
1757662408,991809224
1757662409,37697320
1757662409,40120616
1757662409,57925272
1757662409,72206728
1757662409,82680504
1757662409,95704456
1757662409,106657096
1757662409,127581400
1757662409,158891720
1757662409,181079752
1757662409,209013960
1757662409,237439192
1757662409,287972392
1757662409,316946520
1757662409,327133576
1757662409,347344872
1757662409,354856968
1757662409,385569096
1757662409,392537672
1757662409,403477368
1757662409,427390568
1757662409,430986840
1757662409,470852152
1757662409,479381672
1757662409,483979144
1757662409,489758056
1757662409,498277064
1757662409,502341688
1757662409,523458648
1757662409,544275288
1757662409,547480408
1757662409,552314584
1757662409,558911592
1757662409,560251848
1757662409,578443096
1757662409,583858424
1757662409,588615944
1757662409,614174632
1757662409,623463368
1757662409,656519912
1757662409,667119528
1757662409,683622392
1757662409,698351496
1757662409,699647272
1757662409,705746584
1757662409,709108488
1757662409,732282136
1757662409,751959528
1757662409,805788568
1757662409,810327304
1757662409,845188584
1757662409,898549912
1757662409,905123528
1757662409,930501000
1757662409,956402168
1757662410,5272360
1757662410,44346856
1757662410,49336760
1757662410,50862840
1757662410,67891656
1757662410,72370584
1757662410,83073192
1757662410,170514536
1757662410,172549064
1757662410,173923208
1757662410,184366360
1757662410,193811320
1757662410,197656664
1757662410,224975288
1757662410,267673592
1757662410,285889464
1757662410,296045032
1757662410,301392888
1757662410,340273096
1757662410,342296344
1757662410,345910152
1757662410,391623400
1757662410,400966872
1757662410,404704520
1757662410,406499064
1757662410,411380408
1757662410,448682616
1757662410,510281992
1757662410,564592136
1757662410,572779064
1757662410,574945752
1757662410,586195048
1757662410,588094712
1757662410,600712248
1757662410,620415512
1757662410,627513272
1757662410,632576232
1757662410,643953032
1757662410,649346920
1757662410,651387336
1757662410,758194856
1757662410,760817832
1757662410,817265352
1757662410,842780504
1757662410,845524984
1757662410,919622280
1757662410,927684104
1757662410,952705640
1757662410,977695976
1757662410,996788824
1757662411,30563784
1757662411,61812728
1757662411,63283240
1757662411,71222280
1757662411,104206696
1757662411,109524392
1757662411,128242168
1757662411,130944104
1757662411,154932360
1757662411,162537416
1757662411,187854760
1757662411,191310648
1757662411,198825416
1757662411,210285640
1757662411,231156200
1757662411,234530088
1757662411,246418904
1757662411,251880984
1757662411,271308408
1757662411,315079768
1757662411,334939816
1757662411,339511112
1757662411,341657432
1757662411,359293496
1757662411,386879816
1757662411,399879496
1757662411,406273112
1757662411,408911880
1757662411,418282216
1757662411,422105384
1757662411,444180072
1757662411,456784632
1757662411,463364888
1757662411,482928440
1757662411,496751176
1757662411,575363112
1757662411,595708520
1757662411,597910072
1757662411,627401304
1757662411,634291832
1757662411,665977928
1757662411,668062360
1757662411,690285992
1757662411,715691096
1757662411,725553880
1757662411,742707928
1757662411,754740024
1757662411,799427608
1757662411,812077032
1757662411,832167240
1757662411,849672744
1757662411,866185192
1757662411,877644552
1757662411,894271368
1757662411,940678920
1757662411,945482408
1757662411,957803416
1757662411,961607160
1757662411,989591256
1757662411,993045832
1757662412,2102360
1757662412,5892312
1757662412,7233576
1757662412,11832344
1757662412,24494712
1757662412,29599240
1757662412,48800760
1757662412,55493304
1757662412,57640008
1757662412,63051208
1757662412,100777864
1757662412,102139928
1757662412,111511736
1757662412,127697368
1757662412,136816072
1757662412,187122744
1757662412,192669976
1757662412,196500408
1757662412,200349864
1757662412,211857528
1757662412,222045480
1757662412,266091336
1757662412,275034584
1757662412,301181912
1757662412,313507464
1757662412,362015608
1757662412,372763608
1757662412,381912344
1757662412,395398376
1757662412,406740776
1757662412,424421336
1757662412,431852696
1757662412,441466440
1757662412,490613688
1757662412,493024984
1757662412,508704104
1757662412,515791144
1757662412,519910808
1757662412,525940744
1757662412,548889576
1757662412,553033272
1757662412,559491624
1757662412,572628584
1757662412,574432936
1757662412,590627592
1757662412,648534728
1757662412,665603464
1757662412,757093960
1757662412,803678232
1757662412,817268568
1757662412,829435336
1757662412,839097416
1757662412,845016904
1757662412,858037336
1757662412,859976440
1757662412,861953576
1757662412,879584152
1757662412,892735640
1757662412,936848600
1757662412,953049496
1757662412,956198568
1757662412,995140872
1757662413,10408488
1757662413,43900680
1757662413,58958360
1757662413,80703736
1757662413,93479384
1757662413,95336072
1757662413,134701576
1757662413,150232760
1757662413,160148632
1757662413,166972616
1757662413,193905912
1757662413,223081768
1757662413,231822568
1757662413,241521944
1757662413,247361352
1757662413,256817640
1757662413,258926936
1757662413,270797832
1757662413,277125912
1757662413,281831560
1757662413,284490856
1757662413,288827448
1757662413,301733064
1757662413,316457016
1757662413,324982376
1757662413,338817496
1757662413,352358472
1757662413,368138376
1757662413,374297608
1757662413,385941384
1757662413,399971400
1757662413,414458904
1757662413,423084792
1757662413,450965752
1757662413,484592456
1757662413,508650680
1757662413,517127832
1757662413,531347992
1757662413,542775368
1757662413,558579080
1757662413,581094744
1757662413,585786552
1757662413,601669656
1757662413,607225928
1757662413,629239016
1757662413,634084552
1757662413,638428808
1757662413,690035912
1757662413,721443896
1757662413,749209320
1757662413,780408760
1757662413,797253960
1757662413,829165720
1757662413,834824264
1757662413,837489992
1757662413,852425000
1757662413,865776200
1757662413,897562104
1757662413,900831960
1757662413,911525960
1757662413,927294712
1757662413,946094984
1757662414,14046712
1757662414,29010728
1757662414,41332632
1757662414,102288440
1757662414,113767864
1757662414,125926392
1757662414,130253304
1757662414,138770792
1757662414,145882968
1757662414,148008552
1757662414,165782536
1757662414,178933384
1757662414,233778904
1757662414,258627592
1757662414,265990424
1757662414,267526760
1757662414,287548248
1757662414,300065720
1757662414,333388760
1757662414,335892888
1757662414,378891032
1757662414,380944040
1757662414,385185400
1757662414,391569464
1757662414,401365512
1757662414,409825224
1757662414,438574680
1757662414,457107032
1757662414,494961992
1757662414,511429352
1757662414,530233000
1757662414,541951432
1757662414,551869464
1757662414,559593288
1757662414,562203304
1757662414,577864040
1757662414,586788552
1757662414,614175736
1757662414,638493368
1757662414,653245144
1757662414,658399496
1757662414,682703112
1757662414,689690520
1757662414,716260168
1757662414,775483992
1757662414,811004056
1757662414,826304744
1757662414,830013992
1757662414,832422632
1757662414,854164584
1757662414,859488104
1757662414,864495992
1757662414,865866600
1757662414,875722952
1757662414,939198600
1757662414,951005352
1757662414,960557656
1757662414,967604616
1757662415,3967816
1757662415,12706040
1757662415,21137864
1757662415,86023880
1757662415,88082552
1757662415,91985880
1757662415,99211816
1757662415,114885672
1757662415,121834728
1757662415,125052040
1757662415,129494216
1757662415,171265512
1757662415,195963256
1757662415,238381192
1757662415,271847576
1757662415,276100232
1757662415,278571704
1757662415,290010248
1757662415,332160856
1757662415,337086648
1757662415,351660568
1757662415,386640760
1757662415,393874888
1757662415,410263832
1757662415,432495048
1757662415,439918184
1757662415,445715624
1757662415,464804744
1757662415,466863672
1757662415,473100520
1757662415,476147016
1757662415,493142248
1757662415,498716520
1757662415,517481192
1757662415,523349336
1757662415,530228264
1757662415,533728056
1757662415,541741624
1757662415,547643832
1757662415,576899992
1757662415,624793992
1757662415,639640008
1757662415,656248088
1757662415,657972616
1757662415,691218632
1757662415,693317912
1757662415,701615416
1757662415,721353880
1757662415,728393688
1757662415,729913400
1757662415,739886936
1757662415,748804856
1757662415,790837224
1757662415,793947320
1757662415,797833704
1757662415,805673208
1757662415,835306264
1757662415,840633288
1757662415,884870184
1757662415,955173784
1757662415,957482168
1757662415,967968584
1757662415,972603224
1757662416,6239224
1757662416,13044296
1757662416,25263208
1757662416,33823528
1757662416,43876328
1757662416,67195512
1757662416,75752904
1757662416,81851432
1757662416,97752536
1757662416,116861832
1757662416,153591912
1757662416,179349912
1757662416,183557432
1757662416,188907080
1757662416,225222168
1757662416,227464824
1757662416,239838360
1757662416,277894392
1757662416,301505368
1757662416,307612232
1757662416,327703080
1757662416,337173464
1757662416,362454040
1757662416,382143800
1757662416,432470104
1757662416,454651640
1757662416,456691368
1757662416,458383608
1757662416,518767960
1757662416,526489800
1757662416,586883320
1757662416,595064088
1757662416,598135688
1757662416,604644264
1757662416,634004840
1757662416,650006488
1757662416,660948392
1757662416,670139400
1757662416,684133464
1757662416,690313576
1757662416,692764152
1757662416,714227304
1757662416,719423672
1757662416,743840408
1757662416,759434072
1757662416,763077112
1757662416,804505992
1757662416,883844120
1757662416,887060456
1757662416,897134984
1757662416,899677304
1757662416,917474232
1757662416,928657272
1757662416,931095848
1757662416,949195592
1757662416,977117512
1757662416,985739512
1757662417,35398792
1757662417,37975000
1757662417,44272120
1757662417,67487464
1757662417,85687032
1757662417,99347592
1757662417,133398488
1757662417,135105144
1757662417,138352776
1757662417,139641752
1757662417,142760424
1757662417,155089816
1757662417,158111864
1757662417,184284216
1757662417,189413784
1757662417,205071560
1757662417,226929896
1757662417,231043832
1757662417,236499592
1757662417,238396312
1757662417,240817080
1757662417,286218392
1757662417,289875064
1757662417,304680920
1757662417,307220632
1757662417,343503640
1757662417,346826408
1757662417,357537832
1757662417,368628296
1757662417,381928040
1757662417,406499368
1757662417,420310952
1757662417,445859224
1757662417,448875288
1757662417,454285080
1757662417,463694488
1757662417,515035688
1757662417,526853992
1757662417,529664136
1757662417,547036136
1757662417,564824120
1757662417,566374808
1757662417,597326808
1757662417,598552184
1757662417,633263864
1757662417,646087224
1757662417,660056968
1757662417,691808248
1757662417,698151432
1757662417,700259912
1757662417,715369128
1757662417,717119288
1757662417,727926952
1757662417,732817880
1757662417,814779704
1757662417,821826536
1757662417,840045064
1757662417,845690456
1757662417,852799864
1757662417,868049272
1757662417,893527400
1757662417,894839560
1757662417,902030792
1757662417,908581192
1757662417,918239816
1757662417,938833896
1757662417,943668824
1757662417,949475144
1757662417,973907480
1757662417,988393592
1757662417,990305816
1757662417,993097448
1757662418,12993288
1757662418,45623064
1757662418,49906952
1757662418,60597896
1757662418,71819928
1757662418,89975640
1757662418,128285096
1757662418,143007464
1757662418,175231048
1757662418,184430328
1757662418,190619096
1757662418,193581176
1757662418,218316712
1757662418,237474392
1757662418,242467080
1757662418,245860360
1757662418,254240200
1757662418,259294392
1757662418,277254232
1757662418,300430088
1757662418,310327080
1757662418,318113592
1757662418,356518472
1757662418,364238040
1757662418,372112344
1757662418,379177368
1757662418,391431640
1757662418,393124008
1757662418,397579128
1757662418,412847064
1757662418,448774440
1757662418,452885960
1757662418,463312648
1757662418,468922888
1757662418,470720088
1757662418,486662296
1757662418,493594088
1757662418,529097368
1757662418,531916040
1757662418,537304968
1757662418,579732200
1757662418,629551400
1757662418,636381544
1757662418,645598328
1757662418,657772920
1757662418,683398792
1757662418,722597880
1757662418,783553128
1757662418,787101336
1757662418,816097160
1757662418,818992616
1757662418,852113912
1757662418,880940520
1757662418,891652088
1757662418,928472472
1757662418,934542392
1757662418,939419224
1757662418,949704600
1757662418,954816056
1757662418,959585048
1757662418,989218040
1757662419,22784072
1757662419,36002376
1757662419,38760840
1757662419,50675416
1757662419,59041752
1757662419,65899800
1757662419,68038488
1757662419,76823560
1757662419,78677416
1757662419,92599704
1757662419,96242616
1757662419,102011016
1757662419,134051288
1757662419,151165272
1757662419,155418040
1757662419,174335848
1757662419,182933944
1757662419,209117576
1757662419,259950584
1757662419,295354616
1757662419,355887304
1757662419,366407624
1757662419,382165800
1757662419,383996248
1757662419,403418680
1757662419,407826840
1757662419,412061608
1757662419,428322408
1757662419,446324120
1757662419,456789912
1757662419,468200280
1757662419,471919704
1757662419,483138680
1757662419,495612408
1757662419,498460568
1757662419,510816376
1757662419,536955336
1757662419,544252296
1757662419,590457496
1757662419,602946376
1757662419,640338376
1757662419,680451240
1757662419,710732888
1757662419,713055944
1757662419,722512168
1757662419,751909240
1757662419,761477864
1757662419,773359576
1757662419,803087880
1757662419,848701224
1757662419,862281000
1757662419,875725944
1757662419,880637928
1757662419,902570152
1757662419,904370152
1757662419,919636968
1757662419,937742616
1757662419,955178776
1757662419,964361256
1757662420,4422264
1757662420,24198584
1757662420,26209992
1757662420,35139304
1757662420,62848456
1757662420,64417944
1757662420,70400488
1757662420,91310888
1757662420,98376104
1757662420,129288312
1757662420,139826824
1757662420,153292152
1757662420,159995192
1757662420,180182264
1757662420,182754312
1757662420,204027704
1757662420,211667288
1757662420,216782984
1757662420,221253128
1757662420,238147720
1757662420,239899432
1757662420,251197544
1757662420,258622920
1757662420,268564088
1757662420,271603224
1757662420,273447704
1757662420,291199160
1757662420,312001496
1757662420,321872936
1757662420,341272168
1757662420,376305464
1757662420,392774472
1757662420,402776760
1757662420,411105480
1757662420,412187320
1757662420,418614216
1757662420,427386584
1757662420,437893848
1757662420,462788728
1757662420,471459352
1757662420,482673960
1757662420,494279400
1757662420,499827336
1757662420,506986200
1757662420,522077240
1757662420,528252296
1757662420,549529464
1757662420,576418024
1757662420,595478280
1757662420,598771032
1757662420,606383112
1757662420,615802456
1757662420,633079336
1757662420,639363256
1757662420,646385352
1757662420,653694360
1757662420,655555480
1757662420,678899080
1757662420,698831016
1757662420,709968568
1757662420,768941128
1757662420,794859416
1757662420,824022024
1757662420,860871224
1757662420,888699832
1757662420,908956376
1757662420,934104568
1757662420,954051592
1757662420,966697016
1757662420,968517704
1757662420,983559224
1757662420,999725288
1757662421,42789768
1757662421,47387784
1757662421,54500280
1757662421,60646504
1757662421,92120808
1757662421,104915528
1757662421,106801560
1757662421,118435992
1757662421,133818488
1757662421,136852744
1757662421,145627848
1757662421,149606104
1757662421,172838824
1757662421,175685368
1757662421,184286728
1757662421,203027592
1757662421,207890264
1757662421,209427000
1757662421,222515064
1757662421,238364968
1757662421,278584568
1757662421,280201608
1757662421,310700632
1757662421,340403336
1757662421,346138616
1757662421,359679944
1757662421,374615400
1757662421,406773336
1757662421,438217592
1757662421,512661640
1757662421,541123672
1757662421,545877752
1757662421,549071432
1757662421,553913416
1757662421,556037864
1757662421,561113768
1757662421,566171192
1757662421,584505416
1757662421,604012872
1757662421,616423416
1757662421,628103672
1757662421,652385672
1757662421,658033672
1757662421,673890008
1757662421,683783368
1757662421,689958152
1757662421,705709032
1757662421,721930264
1757662421,723611864
1757662421,734355448
1757662421,743352776
1757662421,751713528
1757662421,773280104
1757662421,781558808
1757662421,807039880
1757662421,822928232
1757662421,887326344
1757662421,924328408
1757662421,925459160
1757662421,929188264
1757662421,934598216
1757662421,941834344
1757662421,947995448
1757662421,950487256
1757662421,970900856
1757662421,972988872
1757662422,17988584
1757662422,20573048
1757662422,56764888
1757662422,80340344
1757662422,107138504
1757662422,113423720
1757662422,128731256
1757662422,154930216
1757662422,173356488
1757662422,174891576
1757662422,186918504
1757662422,206053464
1757662422,209479544
1757662422,212485240
1757662422,224903720
1757662422,280712440
1757662422,312578472
1757662422,342147496
1757662422,366782840
1757662422,378149608
1757662422,386104824
1757662422,394786904
1757662422,400010088
1757662422,406829512
1757662422,413683608
1757662422,417437368
1757662422,429916696
1757662422,431895480
1757662422,460286600
1757662422,462872616
1757662422,487301416
1757662422,491960472
1757662422,493933416
1757662422,509748584
1757662422,526923352
1757662422,555541080
1757662422,586189064
1757662422,609101352
1757662422,617646600
1757662422,631684920
1757662422,635085976
1757662422,646619704
1757662422,657985720
1757662422,663355912
1757662422,674695256
1757662422,682430920
1757662422,730358328
1757662422,760661192
1757662422,768234168
1757662422,769489240
1757662422,776733432
1757662422,802908472
1757662422,815075608
1757662422,831719784
1757662422,838647464
1757662422,840861640
1757662422,845723784
1757662422,851285592
1757662422,861008984
1757662422,868296136
1757662422,871113656
1757662422,878989912
1757662422,885687064
1757662422,887104296
1757662422,909099416
1757662422,915898744
1757662422,940818200
1757662422,943621320
1757662422,944968984
1757662422,948362872
1757662422,980597592
1757662422,987128808
1757662422,995066760
1757662423,3928008
1757662423,14702600
1757662423,29138744
1757662423,33174744
1757662423,40479096
1757662423,60844632
1757662423,72278008
1757662423,75034776
1757662423,88436344
1757662423,98780104
1757662423,103667352
1757662423,135443928
1757662423,158115416
1757662423,162416104
1757662423,164193320
1757662423,168253672
1757662423,173009848
1757662423,187893864
1757662423,235556664
1757662423,261138792
1757662423,274051640
1757662423,289584808
1757662423,296913672
1757662423,315480376
1757662423,318111448
1757662423,328485400
1757662423,329825896
1757662423,333554840
1757662423,342758520
1757662423,363742840
1757662423,387611720
1757662423,391412408
1757662423,393457752
1757662423,396693176
1757662423,407122168
1757662423,412439816
1757662423,422871352
1757662423,429692616
1757662423,435478344
1757662423,449576808
1757662423,462729880
1757662423,488693336
1757662423,567404952
1757662423,624257784
1757662423,642433608
1757662423,643722568
1757662423,658613560
1757662423,675620424
1757662423,679053320
1757662423,729668824
1757662423,742723144
1757662423,760030744
1757662423,762195160
1757662423,779583624
1757662423,795152648
1757662423,813311080
1757662423,822650424
1757662423,849092216
1757662423,864352856
1757662423,867229736
1757662423,872850520
1757662423,881307240
1757662423,900289976
1757662423,943082936
1757662423,947463064
1757662423,953202280
1757662423,974203544
1757662423,980944056
1757662423,989933416
1757662424,4241976
1757662424,6578808
1757662424,9806712
1757662424,13254152
1757662424,25523496
1757662424,29062360
1757662424,56245016
1757662424,79437096
1757662424,81672936
1757662424,100306120
1757662424,114015976
1757662424,123171240
1757662424,127830392
1757662424,166548152
1757662424,174858376
1757662424,193206856
1757662424,200691096
1757662424,230685528
1757662424,239049480
1757662424,243768136
1757662424,272446616
1757662424,279688056
1757662424,281195240
1757662424,282819624
1757662424,285385080
1757662424,286601224
1757662424,324831832
1757662424,326414168
1757662424,331260520
1757662424,342733752
1757662424,375077848
1757662424,391113016
1757662424,400602728
1757662424,408827944
1757662424,412381576
1757662424,471520360
1757662424,480188200
1757662424,484087736
1757662424,511323352
1757662424,524202168
1757662424,536538040
1757662424,558666536
1757662424,576218184
1757662424,590413240
1757662424,605685112
1757662424,624101160
1757662424,647646904
1757662424,659072648
1757662424,696694120
1757662424,730739720
1757662424,805057912
1757662424,811667640
1757662424,830620952
1757662424,844006392
1757662424,859788616
1757662424,874795880
1757662424,880737832
1757662424,882246472
1757662424,894254232
1757662424,903129592
1757662424,919472680
1757662424,923715784
1757662424,927593992
1757662424,935252776
1757662424,939355704
1757662424,945483416
1757662424,946947736
1757662424,953055368
1757662424,957507144
1757662424,964123256
1757662425,8823112
1757662425,12961976
1757662425,40279896
1757662425,41849656
1757662425,66758664
1757662425,74649096
1757662425,112603336
1757662425,114921720
1757662425,118080472
1757662425,124396120
1757662425,132147112
1757662425,158597080
1757662425,159953592
1757662425,167630456
1757662425,210118520
1757662425,230427768
1757662425,242978792
1757662425,249943848
1757662425,251737640
1757662425,278133160
1757662425,293509800
1757662425,296177640
1757662425,305744920
1757662425,326313304
1757662425,334082152
1757662425,346712408
1757662425,347942456
1757662425,405985432
1757662425,412733064
1757662425,430571768
1757662425,434338616
1757662425,448062136
1757662425,462539960
1757662425,473823688
1757662425,476307048
1757662425,490540664
1757662425,525750312
1757662425,564593736
1757662425,574840296
1757662425,577909608
1757662425,588748712
1757662425,591281080
1757662425,609715272
1757662425,618786312
1757662425,621077416
1757662425,639640328
1757662425,643040712
1757662425,663430152
1757662425,673890536
1757662425,688181816
1757662425,694966856
1757662425,709372648
1757662425,742776408
1757662425,757374760
1757662425,786195000
1757662425,798033064
1757662425,807675624
1757662425,810363368
1757662425,815133112
1757662425,824486712
1757662425,845072296
1757662425,863460696
1757662425,872705896
1757662425,928193112
1757662425,942443352
1757662425,949829720
1757662425,956226856
1757662425,978371176
1757662426,14024040
1757662426,19683560
1757662426,42017640
1757662426,63300040
1757662426,74375400
1757662426,94017512
1757662426,123842664
1757662426,126173464
1757662426,142660280
1757662426,157426024
1757662426,169338936
1757662426,175005976
1757662426,191898808
1757662426,197284120
1757662426,215192856
1757662426,220720024
1757662426,278630872
1757662426,289187592
1757662426,301981176
1757662426,336577304
1757662426,344127176
1757662426,355561288
1757662426,358020184
1757662426,361483448
1757662426,364621224
1757662426,366884952
1757662426,407498024
1757662426,412146040
1757662426,414254984
1757662426,415950408
1757662426,428381512
1757662426,458765992
1757662426,522124232
1757662426,524175320
1757662426,531662008
1757662426,535541912
1757662426,564907368
1757662426,573468552
1757662426,576337640
1757662426,599462520
1757662426,627889624
1757662426,631794904
1757662426,633118920
1757662426,659720856
1757662426,680444648
1757662426,681472792
1757662426,689656536
1757662426,703579960
1757662426,710485720
1757662426,731918456
1757662426,734109816
1757662426,735505416
1757662426,753265992
1757662426,782960888
1757662426,799253672
1757662426,816966696
1757662426,836561368
1757662426,857309288
1757662426,900458792
1757662426,906442600
1757662426,912292728
1757662426,920838200
1757662426,947302216
1757662426,956454136
1757662426,960087512
1757662426,969744920
1757662426,972792328
1757662427,2167720
1757662427,3733704
1757662427,8124264
1757662427,11624296
1757662427,12886376
1757662427,18212216
1757662427,49097336
1757662427,96504664
1757662427,121334856
1757662427,128715432
1757662427,147219928
1757662427,163527720
1757662427,165387496
1757662427,166790968
1757662427,176891160
1757662427,185257832
1757662427,189603064
1757662427,218011112
1757662427,219503192
1757662427,220969832
1757662427,230887448
1757662427,238267800
1757662427,242941704
1757662427,261890856
1757662427,272602120
1757662427,292276376
1757662427,303752088
1757662427,320499432
1757662427,338550136
1757662427,341409208
1757662427,358232104
1757662427,372093848
1757662427,386028968
1757662427,390801208
1757662427,429002568
1757662427,444288216
1757662427,481527752
1757662427,483930024
1757662427,512102760
1757662427,519410648
1757662427,539255592
1757662427,542844472
1757662427,565589416
1757662427,571824344
1757662427,609408280
1757662427,647481448
1757662427,684118952
1757662427,705294728
1757662427,710204440
1757662427,716436616
1757662427,717649784
1757662427,730185448
1757662427,733433000
1757662427,745930936
1757662427,751507352
1757662427,754406536
1757662427,764901608
1757662427,770306120
1757662427,793656296
1757662427,841559384
1757662427,872044408
1757662427,897769784
1757662427,900970488
1757662427,903432632
1757662427,907204440
1757662427,908284616
1757662427,911039240
1757662427,933063016
1757662427,941478376
1757662427,970142632
1757662427,975321080
1757662427,981641624
1757662427,983574072
1757662428,2441480
1757662428,43654888
1757662428,68043784
1757662428,69088104
1757662428,72649912
1757662428,80857752
1757662428,91365992
1757662428,97212920
1757662428,141443816
1757662428,157287656
1757662428,159716856
1757662428,169775560
1757662428,171912152
1757662428,180000536
1757662428,185571048
1757662428,194575112
1757662428,195990728
1757662428,200152056
1757662428,234657304
1757662428,244112008
1757662428,252432264
1757662428,254992744
1757662428,269495176
1757662428,302533176
1757662428,304631816
1757662428,309593368
1757662428,311877336
1757662428,327759672
1757662428,361562296
1757662428,390920344
1757662428,436663576
1757662428,452486888
1757662428,498459496
1757662428,504118456
1757662428,511075128
1757662428,531878392
1757662428,610118328
1757662428,613452680
1757662428,624781288
1757662428,671635512
1757662428,690293304
1757662428,694396472
1757662428,705168168
1757662428,744027432
1757662428,754317032
1757662428,757363784
1757662428,778119768
1757662428,793884840
1757662428,811946504
1757662428,815221384
1757662428,820924488
1757662428,824507144
1757662428,827595992
1757662428,831196632
1757662428,841179064
1757662428,846365752
1757662428,851785032
1757662428,873721064
1757662428,878604952
1757662428,900447640
1757662428,926510424
1757662428,928753240
1757662428,942055256
1757662428,967714072
1757662428,984446888
1757662428,996247560
1757662429,18071432
1757662429,38602760
1757662429,47977464
1757662429,62024376
1757662429,88496616
1757662429,107759048
1757662429,114469864
1757662429,136252728
1757662429,139815768
1757662429,150269432
1757662429,161517848
1757662429,163788248
1757662429,168372856
1757662429,171709528
1757662429,176370344
1757662429,181736024
1757662429,185124680
1757662429,188180728
1757662429,203680104
1757662429,205742248
1757662429,250849080
1757662429,257056744
1757662429,259377832
1757662429,270363000
1757662429,290118696
1757662429,293531288
1757662429,302719192
1757662429,308634168
1757662429,318181640
1757662429,331603848
1757662429,344261768
1757662429,368265624
1757662429,369921624
1757662429,375235816
1757662429,386014984
1757662429,389381032
1757662429,413255288
1757662429,448256504
1757662429,456653288
1757662429,459867320
1757662429,465304712
1757662429,481004936
1757662429,506071608
1757662429,530713240
1757662429,564800200
1757662429,573451000
1757662429,585981624
1757662429,592013160
1757662429,607618200
1757662429,621440632
1757662429,627352616
1757662429,636303976
1757662429,640133176
1757662429,649442632
1757662429,653044760
1757662429,657562920
1757662429,675479224
1757662429,683247784
1757662429,690036872
1757662429,703731976
1757662429,716071208
1757662429,765466360
1757662429,774707448
1757662429,780450312
1757662429,808083752
1757662429,829357864
1757662429,833386152
1757662429,838573000
1757662429,875180056
1757662429,923786600
1757662429,931643464
1757662429,943372696
1757662429,991658696
1757662430,15811064
1757662430,21635960
1757662430,36167016
1757662430,44410008
1757662430,83816360
1757662430,86964632
1757662430,101352344
1757662430,127073320
1757662430,141018072
1757662430,155962200
1757662430,187249432
1757662430,188685064
1757662430,194478856
1757662430,204952632
1757662430,208089752
1757662430,211497208
1757662430,215335096
1757662430,230372712
1757662430,247085928
1757662430,266465160
1757662430,289430760
1757662430,309805880
1757662430,311505576
1757662430,319345832
1757662430,324025944
1757662430,345503384
1757662430,378529736
1757662430,381683864
1757662430,416293656
1757662430,424890216
1757662430,434034056
1757662430,441218600
1757662430,452471784
1757662430,456393768
1757662430,468878104
1757662430,483170040
1757662430,484768504
1757662430,489382248
1757662430,505907256
1757662430,517738792
1757662430,526781736
1757662430,529987496
1757662430,535110280
1757662430,543930824
1757662430,551603144
1757662430,559812904
1757662430,588517128
1757662430,592851608
1757662430,629969944
1757662430,636991400
1757662430,645484760
1757662430,661674600
1757662430,664538936
1757662430,665909432
1757662430,686279736
1757662430,692724232
1757662430,725957000
1757662430,743281416
1757662430,759799208
1757662430,780067240
1757662430,790930504
1757662430,816771864
1757662430,822558856
1757662430,829673128
1757662430,859519272
1757662430,872037848
1757662430,876547928
1757662430,903559720
1757662430,922424712
1757662430,924374104
1757662430,933289624
1757662430,942423208
1757662430,945172440
1757662430,951123432
1757662430,968200216
1757662430,982325064
1757662430,987368760
1757662431,6219128
1757662431,10468520
1757662431,61424056
1757662431,73111464
1757662431,100474152
1757662431,147450536
1757662431,157519144
1757662431,181929256
1757662431,219807128
1757662431,237812856
1757662431,240133768
1757662431,243288376
1757662431,259310600
1757662431,263553864
1757662431,302526552
1757662431,309251528
1757662431,327115800
1757662431,402034328
1757662431,416892696
1757662431,421456008
1757662431,446267240
1757662431,447862504
1757662431,450863912
1757662431,453531848
1757662431,475688936
1757662431,489871768
1757662431,518014296
1757662431,519854312
1757662431,542425416
1757662431,546224760
1757662431,563291576
1757662431,565718200
1757662431,568853560
1757662431,576075192
1757662431,588010248
1757662431,589355000
1757662431,613923528
1757662431,631063464
1757662431,644367992
1757662431,656860808
1757662431,672251192
1757662431,684307608
1757662431,690426120
1757662431,695167384
1757662431,700999640
1757662431,702412504
1757662431,715364952
1757662431,727195912
1757662431,744642456
1757662431,752485080
1757662431,763884424
1757662431,765560360
1757662431,769732248
1757662431,771745592
1757662431,773127064
1757662431,777508280
1757662431,783466120
1757662431,788170440
1757662431,821013128
1757662431,836881368
1757662431,858235640
1757662431,860386168
1757662431,865365256
1757662431,876846904
1757662431,884887784
1757662431,898240152
1757662431,919551032
1757662431,947862392
1757662431,977485288
1757662432,2392296
1757662432,15461832
1757662432,30723112
1757662432,39623608
1757662432,91827000
1757662432,138791112
1757662432,141018424
1757662432,157038632
1757662432,167526360
1757662432,172062072
1757662432,192088792
1757662432,208072024
1757662432,213370168
1757662432,228224808
1757662432,231713208
1757662432,238721944
1757662432,269314168
1757662432,288725096
1757662432,297227240
1757662432,301311064
1757662432,306989816
1757662432,338559528
1757662432,355783224
1757662432,405792536
1757662432,411037768
1757662432,419146072
1757662432,423010440
1757662432,424683000
1757662432,432008840
1757662432,433395272
1757662432,457088088
1757662432,469359512
1757662432,509099144
1757662432,510809400
1757662432,522523928
1757662432,538266792
1757662432,563125768
1757662432,566524632
1757662432,568508792
1757662432,589611608
1757662432,593110888
1757662432,594502552
1757662432,598503224
1757662432,648666552
1757662432,660647880
1757662432,680082600
1757662432,699670504
1757662432,703560952
1757662432,715367160
1757662432,769558280
1757662432,781497304
1757662432,796013880
1757662432,804233880
1757662432,837985272
1757662432,839812408
1757662432,848061288
1757662432,862015976
1757662432,865946520
1757662432,879157240
1757662432,890532888
1757662432,892477448
1757662432,910398008
1757662432,915671208
1757662432,920481560
1757662432,925903160
1757662432,932057688
1757662432,948843592
1757662432,955479400
1757662432,995839096
1757662433,2662168
1757662433,19610456
1757662433,34948408
1757662433,39005800
1757662433,56982584
1757662433,65425624
1757662433,96349384
1757662433,116868776
1757662433,131902552
1757662433,159219784
1757662433,194078488
1757662433,210724472
1757662433,218431944
1757662433,221098104
1757662433,229215672
1757662433,232362680
1757662433,257530312
1757662433,260825640
1757662433,288747528
1757662433,310728152
1757662433,322969416
1757662433,349185560
1757662433,385809048
1757662433,389566808
1757662433,407226488
1757662433,431759912
1757662433,440152680
1757662433,441635672
1757662433,447173032
1757662433,454806856
1757662433,472453624
1757662433,477771240
1757662433,478965640
1757662433,480551432
1757662433,484326024
1757662433,485642344
1757662433,519690184
1757662433,524425880
1757662433,537448632
1757662433,571717464
1757662433,580811320
1757662433,607362824
1757662433,618296472
1757662433,628864696
1757662433,641424984
1757662433,650778424
1757662433,654604824
1757662433,707860024
1757662433,709292568
1757662433,718206680
1757662433,720957880
1757662433,783923448
1757662433,824023240
1757662433,850506776
1757662433,852338984
1757662433,859232792
1757662433,867217736
1757662433,878014120
1757662433,881161352
1757662433,889376232
1757662433,891236152
1757662433,909588808
1757662433,913886456
1757662433,919024584
1757662433,929746472
1757662433,934994904
1757662433,942683000
1757662433,944252808
1757662433,949611960
1757662433,951906248
1757662433,978208440
1757662434,26966232
1757662434,46990616
1757662434,93700504
1757662434,100039768
1757662434,114297160
1757662434,115708392
1757662434,120720776
1757662434,143843928
1757662434,172856728
1757662434,183497800
1757662434,195580728
1757662434,199539224
1757662434,217037192
1757662434,230174776
1757662434,248733416
1757662434,255202984
1757662434,259514056
1757662434,263315768
1757662434,265186856
1757662434,272433160
1757662434,302716472
1757662434,313476712
1757662434,325635912
1757662434,332333000
1757662434,334812712
1757662434,346397928
1757662434,347695096
1757662434,390814728
1757662434,417931112
1757662434,419323720
1757662434,431891496
1757662434,506230952
1757662434,515065768
1757662434,529204616
1757662434,543480152
1757662434,567329800
1757662434,578681048
1757662434,581741416
1757662434,583055512
1757662434,585813880
1757662434,600400264
1757662434,601632312
1757662434,672750824
1757662434,702147576
1757662434,717758296
1757662434,772801400
1757662434,789608920
1757662434,802723272
1757662434,816806280
1757662434,821983160
1757662434,825879288
1757662434,833735224
1757662434,841287880
1757662434,842981896
1757662434,860871016
1757662434,900812680
1757662434,904407592
1757662434,911937224
1757662434,915595896
1757662434,927046280
1757662434,956521144
1757662434,968935992
1757662434,971751560
1757662434,976061080
1757662435,1096344
1757662435,2975032
1757662435,34360616
1757662435,36248760
1757662435,48470504
1757662435,71665240
1757662435,77048616
1757662435,84030968
1757662435,102842344
1757662435,108152632
1757662435,166222296
1757662435,176558920
1757662435,178780584
1757662435,185234456
1757662435,191224168
1757662435,239722056
1757662435,261787560
1757662435,263599480
1757662435,271770952
1757662435,278615912
1757662435,289656248
1757662435,300565416
1757662435,318073128
1757662435,331994264
1757662435,334486984
1757662435,339379768
1757662435,341612280
1757662435,356759000
1757662435,372459880
1757662435,376109928
1757662435,383682392
1757662435,390036008
1757662435,405387320
1757662435,409659272
1757662435,440002664
1757662435,441802728
1757662435,443743640
1757662435,483884520
1757662435,491763848
1757662435,504053336
1757662435,566739720
1757662435,568343192
1757662435,606436744
1757662435,611747816
1757662435,616719992
1757662435,624966328
1757662435,642331352
1757662435,649933976
1757662435,660287992
1757662435,670649688
1757662435,681768344
1757662435,738435464
1757662435,759554744
1757662435,761971688
1757662435,771914104
1757662435,801142488
1757662435,803304232
1757662435,823191880
1757662435,852978200
1757662435,862733400
1757662435,894273256
1757662435,897854104
1757662435,904200264
1757662435,909968936
1757662435,911506216
1757662435,917540872
1757662435,924510904
1757662435,947220232
1757662435,967668584
1757662436,13910232
1757662436,18751512
1757662436,47173304
1757662436,62764824
1757662436,76110456
1757662436,88072216
1757662436,115295208
1757662436,135886264
1757662436,142061960
1757662436,149642648
1757662436,155807784
1757662436,167640232
1757662436,181964440
1757662436,224596184
1757662436,255357304
1757662436,282541800
1757662436,308682744
1757662436,325031944
1757662436,351504792
1757662436,361776840
1757662436,386359848
1757662436,437971544
1757662436,453041368
1757662436,471196520
1757662436,483705960
1757662436,485040328
1757662436,489328408
1757662436,490939304
1757662436,506934744
1757662436,528353512
1757662436,560602232
1757662436,576999880
1757662436,591710968
1757662436,598137512
1757662436,626163784
1757662436,648450280
1757662436,656782776
1757662436,680149288
1757662436,688598184
1757662436,692112104
1757662436,719562136
1757662436,736895128
1757662436,743074984
1757662436,755689688
1757662436,773828568
1757662436,777562920
1757662436,794987768
1757662436,802350408
1757662436,832638952
1757662436,848277864
1757662436,861313880
1757662436,901013592
1757662436,911922840
1757662436,919907368
1757662436,925400952
1757662436,941898520
1757662436,987978920
1757662436,996950088
1757662436,999875704
1757662437,5868392
1757662437,9084936
1757662437,14177256
1757662437,30654648
1757662437,36277752
1757662437,76727176
1757662437,113751256
1757662437,121298616
1757662437,135947784
1757662437,138993144
1757662437,164135448
1757662437,201382968
1757662437,220139464
1757662437,233605432
1757662437,244399160
1757662437,255048600
1757662437,266555048
1757662437,268502360
1757662437,294662360
1757662437,322148184
1757662437,329904360
1757662437,344704824
1757662437,348170312
1757662437,357255688
1757662437,365737032
1757662437,367827224
1757662437,375199128
1757662437,378095144
1757662437,382685976
1757662437,406043592
1757662437,433675960
1757662437,516524040
1757662437,518565880
1757662437,528795560
1757662437,541052728
1757662437,549161864
1757662437,565658872
1757662437,571918056
1757662437,580046904
1757662437,592565768
1757662437,608513464
1757662437,610555304
1757662437,612474152
1757662437,616601848
1757662437,683505192
1757662437,700699688
1757662437,769613064
1757662437,794080920
1757662437,798145464
1757662437,814444792
1757662437,869706456
1757662437,873083528
1757662437,883755432
1757662437,937591192
1757662437,955389272
1757662437,967197928
1757662437,972217208
1757662437,977858472
1757662437,992325640
1757662438,10455496
1757662438,40717400
1757662438,42498056
1757662438,44115128
1757662438,61004344
1757662438,88249272
1757662438,95806168
1757662438,117309800
1757662438,136149416
1757662438,140147000
1757662438,148318440
1757662438,151742888
1757662438,157376840
1757662438,182506968
1757662438,190787560
1757662438,203772184
1757662438,215201032
1757662438,219959848
1757662438,228213336
1757662438,255038888
1757662438,270325272
1757662438,283635944
1757662438,295951288
1757662438,306087960
1757662438,319682248
1757662438,325186424
1757662438,403855528
1757662438,453457368
1757662438,458481800
1757662438,480073208
1757662438,481439800
1757662438,544458408
1757662438,548337176
1757662438,551854904
1757662438,556094648
1757662438,574421416
1757662438,646123544
1757662438,660171240
1757662438,675314456
1757662438,676939848
1757662438,720723784
1757662438,745549896
1757662438,755919672
1757662438,790600744
1757662438,797403144
1757662438,809143704
1757662438,827037576
1757662438,835163176
1757662438,839100120
1757662438,846252776
1757662438,850279432
1757662438,862950424
1757662438,864940776
1757662438,892798104
1757662438,900792504
1757662438,911657128
1757662438,919457256
1757662438,924462424
1757662438,951240248
1757662438,966177640
1757662438,980087144
1757662438,998679608
1757662439,1814120
1757662439,17705832
1757662439,41954712
1757662439,48417912
1757662439,50637848
1757662439,52803944
1757662439,60008600
1757662439,66562360
1757662439,135816024
1757662439,146742904
1757662439,149247416
1757662439,156774680
1757662439,185916792
1757662439,191899080
1757662439,200405096
1757662439,204291224
1757662439,229172696
1757662439,276622216
1757662439,300941320
1757662439,310807656
1757662439,343047480
1757662439,352869704
1757662439,361297112
1757662439,374719608
1757662439,383609832
1757662439,396962952
1757662439,407620216
1757662439,418811752
1757662439,431345896
1757662439,439286072
1757662439,441772680
1757662439,449898440
1757662439,500753928
1757662439,540963544
1757662439,553759992
1757662439,559196248
1757662439,564288632
1757662439,586961528
1757662439,618181224
1757662439,623317944
1757662439,627079192
1757662439,636639384
1757662439,639050600
1757662439,644831752
1757662439,653980456
1757662439,663518472
1757662439,675181000
1757662439,696253112
1757662439,699814008
1757662439,713632952
1757662439,734926616
1757662439,745890008
1757662439,750589432
1757662439,772048392
1757662439,777071416
1757662439,806784072
1757662439,810198728
1757662439,832130984
1757662439,855468696
1757662439,875064312
1757662439,877945992
1757662439,888950200
1757662439,909883096
1757662439,933487752
1757662439,937327112
1757662439,938958728
1757662439,944642696
1757662439,956156696
1757662439,967462712
1757662439,977369384
1757662439,981574408
1757662440,3676984
1757662440,25382632
1757662440,27390952
1757662440,35435944
1757662440,65993096
1757662440,72878968
1757662440,74914232
1757662440,77308232
1757662440,78383544
1757662440,88014632
1757662440,93710216
1757662440,96984728
1757662440,109467736
1757662440,112883880
1757662440,117940312
1757662440,121175912
1757662440,123758216
1757662440,126292120
1757662440,168883224
1757662440,196440728
1757662440,209024488
1757662440,249945368
1757662440,257454392
1757662440,265585208
1757662440,275010472
1757662440,303454088
1757662440,329305768
1757662440,330707128
1757662440,338125368
1757662440,340241480
1757662440,359482680
1757662440,361267192
1757662440,388744680
1757662440,391484168
1757662440,408737704
1757662440,430363464
1757662440,463286952
1757662440,485295464
1757662440,524649512
1757662440,530466216
1757662440,539342616
1757662440,560613544
1757662440,575138776
1757662440,584305944
1757662440,592510696
1757662440,594669992
1757662440,599455816
1757662440,601996968
1757662440,633923080
1757662440,638124248
1757662440,646385304
1757662440,659200264
1757662440,688114120
1757662440,695949864
1757662440,702258472
1757662440,704306904
1757662440,714628648
1757662440,725858056
1757662440,745859480
1757662440,766916264
1757662440,787047800
1757662440,788396904
1757662440,791783400
1757662440,821750888
1757662440,834859816
1757662440,844335144
1757662440,857965768
1757662440,869764504
1757662440,884104040
1757662440,891663784
1757662440,903311000
1757662440,916176072
1757662440,921358440
1757662440,934833848
1757662440,951631720
1757662440,955213432
1757662440,965538008
1757662440,970299608
1757662440,983512104
1757662440,986034264
1757662440,994358168
1757662440,997262632
1757662441,3623688
1757662441,20369560
1757662441,22889848
1757662441,55878776
1757662441,65385000
1757662441,119783928
1757662441,149982168
1757662441,156546920
1757662441,183379704
1757662441,216761544
1757662441,228348232
1757662441,231624104
1757662441,245039624
1757662441,296325208
1757662441,334261208
1757662441,386805784
1757662441,402405688
1757662441,405237448
1757662441,409496152
1757662441,414766824
1757662441,417370504
1757662441,429469400
1757662441,435564856
1757662441,444715096
1757662441,448487176
1757662441,485993384
1757662441,488403448
1757662441,517615656
1757662441,533428120
1757662441,548690808
1757662441,550284616
1757662441,579331752
1757662441,606448488
1757662441,614049096
1757662441,620411864
1757662441,643933432
1757662441,649516584
1757662441,672257864
1757662441,682784472
1757662441,696087480
1757662441,731759000
1757662441,736316712
1757662441,740276904
1757662441,746581304
1757662441,774483256
1757662441,800142632
1757662441,819063992
1757662441,828872024
1757662441,844883464
1757662441,846449464
1757662441,875953240
1757662441,884987816
1757662441,904435352
1757662441,926307816
1757662441,932393944
1757662441,951853848
1757662441,960462840
1757662441,965298824
1757662442,1265112
1757662442,19012584
1757662442,58600648
1757662442,62764632
1757662442,64996760
1757662442,67838360
1757662442,69978344
1757662442,81195224
1757662442,86085720
1757662442,117313336
1757662442,119645064
1757662442,134631080
1757662442,186145848
1757662442,197685096
1757662442,203436120
1757662442,227851848
1757662442,240745592
1757662442,329464392
1757662442,350022232
1757662442,355467720
1757662442,358457000
1757662442,392221944
1757662442,398282776
1757662442,411081880
1757662442,427278504
1757662442,444376440
1757662442,470693704
1757662442,477101688
1757662442,491035640
1757662442,506221992
1757662442,536827624
1757662442,542658504
1757662442,558485544
1757662442,569618568
1757662442,571229624
1757662442,586654536
1757662442,588152008
1757662442,599367368
1757662442,622091048
1757662442,661105800
1757662442,669874248
1757662442,714024088
1757662442,725095000
1757662442,727993320
1757662442,730267032
1757662442,766846280
1757662442,769040008
1757662442,772336664
1757662442,773697224
1757662442,808857848
1757662442,820367768
1757662442,836954472
1757662442,839469384
1757662442,866054392
1757662442,868084824
1757662442,870186456
1757662442,875276584
1757662442,963338808
1757662443,8928632
1757662443,14226312
1757662443,53887736
1757662443,56671496
1757662443,67186856
1757662443,73858520
1757662443,75424440
1757662443,82410184
1757662443,92232664
1757662443,115824888
1757662443,117562552
1757662443,134580744
1757662443,135795336
1757662443,150418296
1757662443,168067160
1757662443,173402744
1757662443,196314616
1757662443,202752424
1757662443,205059208
1757662443,214309752
1757662443,216278392
1757662443,225504216
1757662443,229183112
1757662443,239882216
1757662443,258714120
1757662443,260400824
1757662443,263740648
1757662443,282021752
1757662443,291303512
1757662443,298054936
1757662443,302508904
1757662443,342908312
1757662443,345544648
1757662443,348074776
1757662443,365280488
1757662443,388836440
1757662443,403701256
1757662443,411579032
1757662443,413631880
1757662443,436339032
1757662443,449993688
1757662443,459912808
1757662443,467341304
1757662443,489806536
1757662443,497069256
1757662443,509329048
1757662443,511012440
1757662443,521684424
1757662443,530194392
1757662443,537395672
1757662443,546677912
1757662443,556991480
1757662443,565542632
1757662443,567424088
1757662443,572642664
1757662443,579138088
1757662443,599553000
1757662443,601997528
1757662443,604507944
1757662443,615412920
1757662443,622022744
1757662443,629040584
1757662443,632948392
1757662443,660848120
1757662443,721884440
1757662443,765421080
1757662443,789916520
1757662443,794201800
1757662443,802841048
1757662443,808102824
1757662443,819570376
1757662443,822807784
1757662443,829663960
1757662443,853078088
1757662443,858989432
1757662443,873937384
1757662443,885156920
1757662443,893871960
1757662443,910134920
1757662443,915031432
1757662443,985722248
1757662444,13660024
1757662444,15006232
1757662444,29642040
1757662444,31593736
1757662444,53029480
1757662444,57163864
1757662444,64678504
1757662444,69705224
1757662444,105634616
1757662444,108398744
1757662444,118618376
1757662444,140806856
1757662444,150084264
1757662444,201567576
1757662444,211203816
1757662444,225070152
1757662444,231878952
1757662444,253352552
1757662444,259133720
1757662444,267957080
1757662444,277483192
1757662444,284279592
1757662444,293027928
1757662444,311999752
1757662444,322887800
1757662444,338705736
1757662444,347493448
1757662444,376615720
1757662444,379407928
1757662444,413048168
1757662444,439022776
1757662444,441011640
1757662444,442270376
1757662444,486708920
1757662444,501923848
1757662444,533660744
1757662444,548789416
1757662444,550093384
1757662444,551519144
1757662444,559841496
1757662444,618801784
1757662444,621018344
1757662444,632878008
1757662444,732309976
1757662444,753890872
1757662444,762909368
1757662444,771381016
1757662444,784467768
1757662444,797380184
1757662444,811011448
1757662444,814916376
1757662444,820491576
1757662444,832005368
1757662444,843422008
1757662444,848874936
1757662444,853582552
1757662444,864793512
1757662444,871577544
1757662444,886343448
1757662444,891763208
1757662444,906897528
1757662444,922826312
1757662444,927042024
1757662444,967959208
1757662444,972624312
1757662445,20988712
1757662445,32318360
1757662445,60994728
1757662445,75747352
1757662445,90525352
1757662445,139297352
1757662445,219918328
1757662445,229490840
1757662445,233068584
1757662445,237594456
1757662445,283300696
1757662445,285472648
1757662445,291091736
1757662445,293050552
1757662445,295095560
1757662445,304348440
1757662445,336876856
1757662445,367365688
1757662445,382964040
1757662445,393187800
1757662445,398922008
1757662445,415234792
1757662445,449122712
1757662445,466863192
1757662445,471808088
1757662445,478919576
1757662445,499119736
1757662445,504276104
1757662445,509306936
1757662445,532550552
1757662445,539187384
1757662445,547273656
1757662445,594519496
1757662445,615410504
1757662445,620528936
1757662445,624213688
1757662445,632629400
1757662445,640002392
1757662445,675381192
1757662445,717733656
1757662445,734273976
1757662445,769548920
1757662445,771259608
1757662445,788669944
1757662445,813506968
1757662445,819736440
1757662445,833226616
1757662445,876896808
1757662445,911784312
1757662445,936415368
1757662445,959883176
1757662446,24943480
1757662446,28431512
1757662446,64444584
1757662446,75445400
1757662446,85323736
1757662446,104785080
1757662446,120417256
1757662446,164391608
1757662446,168384136
1757662446,174704216
1757662446,184220600
1757662446,231631992
1757662446,249967080
1757662446,259642984
1757662446,309006920
1757662446,316322184
1757662446,322146808
1757662446,324310872
1757662446,329196552
1757662446,370622248
1757662446,384435560
1757662446,388190616
1757662446,393066328
1757662446,400315352
1757662446,415770472
1757662446,428457688
1757662446,492231064
1757662446,494942760
1757662446,501146248
1757662446,516802984
1757662446,520367928
1757662446,549210344
1757662446,597349416
1757662446,601288152
1757662446,617036376
1757662446,639575080
1757662446,655543736
1757662446,674824120
1757662446,684431528
1757662446,686259640
1757662446,699055608
1757662446,704299192
1757662446,728180904
1757662446,750935832
1757662446,752909272
1757662446,758671592
1757662446,796105000
1757662446,807201544
1757662446,817409512
1757662446,839116808
1757662446,844185368
1757662446,856693720
1757662446,896702568
1757662446,906080328
1757662446,922233144
1757662446,933504136
1757662446,965765528
1757662446,970779496
1757662446,976651512
1757662446,990340120
1757662447,28679944
1757662447,54190792
1757662447,60434696
1757662447,69933848
1757662447,90582104
1757662447,98237416
1757662447,103391336
1757662447,109284152
1757662447,124358040
1757662447,134496456
1757662447,142766536
1757662447,149867544
1757662447,151717144
1757662447,157731880
1757662447,161063352
1757662447,194387544
1757662447,235584936
1757662447,264687400
1757662447,269011848
1757662447,279193480
1757662447,303730872
1757662447,317400792
1757662447,326695160
1757662447,349319592
1757662447,352468440
1757662447,358891464
1757662447,413892088
1757662447,417941112
1757662447,419565656
1757662447,430563720
1757662447,435699912
1757662447,446775832
1757662447,449594712
1757662447,453140680
1757662447,455223416
1757662447,468070152
1757662447,478904504
1757662447,499140984
1757662447,542316776
1757662447,557054408
1757662447,558440328
1757662447,593748232
1757662447,602634696
1757662447,609455768
1757662447,640200936
1757662447,650477288
1757662447,652023096
1757662447,654151272
1757662447,658470824
1757662447,691298584
1757662447,697468408
1757662447,699355752
1757662447,702981160
1757662447,705036776
1757662447,759600104
1757662447,765765240
1757662447,770587384
1757662447,781865544
1757662447,801484920
1757662447,818175080
1757662447,819542456
1757662447,823896184
1757662447,864412376
1757662447,867717832
1757662447,923609192
1757662447,933943368
1757662447,943979480
1757662447,951035960
1757662447,959146888
1757662447,970308312
1757662447,997986024
1757662448,2464760
1757662448,42919688
1757662448,44375624
1757662448,45871400
1757662448,108407624
1757662448,110163256
1757662448,120815048
1757662448,154363128
1757662448,156949496
1757662448,180413288
1757662448,185536920
1757662448,190472568
1757662448,197661400
1757662448,215330968
1757662448,219087272
1757662448,240327608
1757662448,242166712
1757662448,257886040
1757662448,276098328
1757662448,291689560
1757662448,294757944
1757662448,339577656
1757662448,344337480
1757662448,352117048
1757662448,367770680
1757662448,374788856
1757662448,377243624
1757662448,383197960
1757662448,384985016
1757662448,386589992
1757662448,414952712
1757662448,430633992
1757662448,432960536
1757662448,468119768
1757662448,479325720
1757662448,483817736
1757662448,485298504
1757662448,522026120
1757662448,550419944
1757662448,551966888
1757662448,574916536
1757662448,576778392
1757662448,585792520
1757662448,589081016
1757662448,595600152
1757662448,607237864
1757662448,623069896
1757662448,626525416
1757662448,639498104
1757662448,644818376
1757662448,664514488
1757662448,697593624
1757662448,721337928
1757662448,727152984
1757662448,729314904
1757662448,731915432
1757662448,752452712
1757662448,788771656
1757662448,803951656
1757662448,810378808
1757662448,864758728
1757662448,888863448
1757662448,919595480
1757662448,927615864
1757662448,946533096
1757662448,952311944
1757662448,954332776
1757662448,979071560
1757662448,981042936
1757662449,10384280
1757662449,29771608
1757662449,35150408
1757662449,37973688
1757662449,61104120
1757662449,98930376
1757662449,101391928
1757662449,135059240
1757662449,176519208
1757662449,191690456
1757662449,206954632
1757662449,209039800
1757662449,232083304
1757662449,257100312
1757662449,279315800
1757662449,290745560
1757662449,331732584
1757662449,334900232
1757662449,340811560
1757662449,355214920
1757662449,372947432
1757662449,378388376
1757662449,392925016
1757662449,400414232
1757662449,410532280
1757662449,412486840
1757662449,425017112
1757662449,431904408
1757662449,449903608
1757662449,451225528
1757662449,459368008
1757662449,460990008
1757662449,494126520
1757662449,508044776
1757662449,514589864
1757662449,517201720
1757662449,571037208
1757662449,598883112
1757662449,614771848
1757662449,623075224
1757662449,624460280
1757662449,633923656
1757662449,675202488
1757662449,694996888
1757662449,701298632
1757662449,702811240
1757662449,710063432
1757662449,726874168
1757662449,743993336
1757662449,754806216
1757662449,791904088
1757662449,822546584
1757662449,847885384
1757662449,880639240
1757662449,891593832
1757662449,898550664
1757662449,947783400
1757662449,953135720
1757662449,955253048
1757662449,969661576
1757662449,973872424
1757662449,988771688
1757662450,1970360
1757662450,4877032
1757662450,8190376
1757662450,9776872
1757662450,25822888
1757662450,37495192
1757662450,42662008
1757662450,54960600
1757662450,67466392
1757662450,87227672
1757662450,97608920
1757662450,102263352
1757662450,110099928
1757662450,120965976
1757662450,133202216
1757662450,176135912
1757662450,179847656
1757662450,191659720
1757662450,220524536
1757662450,233585416
1757662450,239151640
1757662450,241079224
1757662450,251040424
1757662450,289243080
1757662450,298698392
1757662450,306225576
1757662450,321023336
1757662450,331972136
1757662450,334989832
1757662450,364234904
1757662450,408311832
1757662450,409835560
1757662450,423494456
1757662450,427674040
1757662450,447658792
1757662450,461865912
1757662450,465695992
1757662450,475782728
1757662450,488797352
1757662450,506353128
1757662450,519712568
1757662450,540494552
1757662450,556330584
1757662450,560747496
1757662450,562603416
1757662450,577577784
1757662450,588284168
1757662450,597575160
1757662450,620858632
1757662450,654881576
1757662450,685081144
1757662450,689808216
1757662450,698089784
1757662450,705278264
1757662450,725468920
1757662450,791870632
1757662450,796252808
1757662450,820839064
1757662450,835225752
1757662450,840171912
1757662450,851077240
1757662450,878951576
1757662450,887126808
1757662450,891730360
1757662450,928362056
1757662450,935182120
1757662450,944100936
1757662450,946953032
1757662450,989928360
1757662450,991326216
1757662451,3374680
1757662451,17556456
1757662451,24988072
1757662451,45644040
1757662451,59378408
1757662451,66334296
1757662451,79683048
1757662451,86415896
1757662451,91655352
1757662451,95726856
1757662451,104691912
1757662451,107281528
1757662451,142882904
1757662451,144351576
1757662451,165825384
1757662451,167729848
1757662451,185786792
1757662451,189961224
1757662451,208489432
1757662451,217268904
1757662451,225926968
1757662451,267110376
1757662451,272119864
1757662451,308354856
1757662451,309876392
1757662451,316121416
1757662451,318586008
1757662451,327988824
1757662451,347212792
1757662451,349489512
1757662451,364450472
1757662451,393212024
1757662451,408671912
1757662451,422353912
1757662451,424706376
1757662451,441454024
1757662451,447449704
1757662451,476495064
1757662451,493912488
1757662451,506981720
1757662451,510938472
1757662451,527084712
1757662451,538559192
1757662451,565464968
1757662451,600167368
1757662451,604640120
1757662451,612467976
1757662451,627890712
1757662451,665064600
1757662451,666647976
1757662451,671813032
1757662451,677055112
1757662451,688859800
1757662451,696365160
1757662451,707640376
1757662451,721500792
1757662451,733726488
1757662451,745453240
1757662451,753504024
1757662451,763088968
1757662451,768084264
1757662451,771611784
1757662451,812023416
1757662451,829415400
1757662451,837430984
1757662451,871348456
1757662451,886851480
1757662451,896416120
1757662451,902746232
1757662451,908399592
1757662451,911123128
1757662451,951831704
1757662452,26912040
1757662452,33793992
1757662452,38572024
1757662452,59201672
1757662452,62939160
1757662452,88239816
1757662452,115813928
1757662452,135545528
1757662452,143147768
1757662452,146450952
1757662452,148666744
1757662452,158595672
1757662452,164615704
1757662452,215969416
1757662452,227170424
1757662452,257619448
1757662452,275310792
1757662452,277161656
1757662452,281580968
1757662452,292514984
1757662452,340544168
1757662452,345684584
1757662452,354099576
1757662452,358158488
1757662452,368412488
1757662452,374561560
1757662452,415242072
1757662452,434330728
1757662452,442323240
1757662452,454444616
1757662452,457257976
1757662452,465355304
1757662452,486960984
1757662452,490847864
1757662452,491911272
1757662452,506902776
1757662452,530983592
1757662452,543532200
1757662452,579425560
1757662452,591364664
1757662452,598391704
1757662452,602348056
1757662452,631483704
1757662452,644595160
1757662452,647624984
1757662452,685256232
1757662452,716452984
1757662452,729938104
1757662452,740644168
1757662452,764368184
1757662452,769963528
1757662452,771850008
1757662452,787440696
1757662452,795119672
1757662452,802855512
1757662452,813128856
1757662452,814547864
1757662452,822145672
1757662452,853863000
1757662452,865188040
1757662452,866700936
1757662452,868572472
1757662452,879347224
1757662452,883200824
1757662452,893092952
1757662452,905665960
1757662452,921052904
1757662452,929875928
1757662452,939699816
1757662452,949892776
1757662453,3811192
1757662453,5938328
1757662453,46213816
1757662453,48926376
1757662453,71392392
1757662453,104772792
1757662453,109198680
1757662453,110727592
1757662453,127635064
1757662453,157067800
1757662453,253881224
1757662453,271012040
1757662453,280608872
1757662453,287527144
1757662453,289831784
1757662453,310465144
1757662453,317047464
1757662453,327264536
1757662453,328926712
1757662453,336135368
1757662453,361222056
1757662453,370001768
1757662453,384980712
1757662453,426037416
1757662453,431258824
1757662453,439652312
1757662453,441505528
1757662453,482705384
1757662453,494898008
1757662453,496819544
1757662453,506271944
1757662453,513477288
1757662453,518864424
1757662453,522484344
1757662453,531345784
1757662453,541599064
1757662453,563900680
1757662453,569768680
1757662453,587308760
1757662453,627181880
1757662453,654713864
1757662453,670104968
1757662453,671134520
1757662453,673415512
1757662453,682720360
1757662453,701392184
1757662453,715665320
1757662453,755603736
1757662453,762462280
1757662453,778221896
1757662453,783826968
1757662453,785982120
1757662453,791256296
1757662453,816011384
1757662453,821340472
1757662453,848619160
1757662453,852420024
1757662453,875137784
1757662453,891325960
1757662453,895443464
1757662453,917797944
1757662453,921712008
1757662453,936167048
1757662453,941741016
1757662453,956692424
1757662453,968956376
1757662453,988003560
1757662454,3434776
1757662454,11462312
1757662454,24084920
1757662454,35627240
1757662454,37924472
1757662454,46137752
1757662454,47641960
1757662454,55888024
1757662454,90342440
1757662454,93574312
1757662454,102982248
1757662454,106195976
1757662454,109899656
1757662454,113810264
1757662454,123351848
1757662454,135237544
1757662454,143786504
1757662454,150835272
1757662454,157850648
1757662454,176955032
1757662454,187996808
1757662454,209758856
1757662454,212179752
1757662454,245970424
1757662454,249130136
1757662454,256031256
1757662454,283935144
1757662454,301432760
1757662454,304018072
1757662454,310787864
1757662454,335418264
1757662454,344401992
1757662454,357382872
1757662454,369640072
1757662454,380370024
1757662454,419789816
1757662454,424479448
1757662454,460366392
1757662454,463868200
1757662454,474697720
1757662454,478644440
1757662454,486942456
1757662454,495718744
1757662454,506087048
1757662454,512277624
1757662454,528987064
1757662454,534276968
1757662454,535607560
1757662454,604872920
1757662454,607252632
1757662454,620897368
1757662454,627156856
1757662454,648395192
1757662454,677848248
1757662454,693594664
1757662454,695781160
1757662454,718606328
1757662454,722296008
1757662454,743854136
1757662454,776274280
1757662454,827929336
1757662454,829409704
1757662454,838277288
1757662454,847124072
1757662454,853347640
1757662454,877506712
1757662454,883852744
1757662454,886837752
1757662454,908012488
1757662454,920202248
1757662454,951588264
1757662454,965569128
1757662454,979406920
1757662454,994821352
1757662454,996902248
1757662455,21547032
1757662455,46992376
1757662455,51557864
1757662455,60548488
1757662455,82480648
1757662455,88617352
1757662455,91195336
1757662455,92685544
1757662455,125763080
1757662455,145538168
1757662455,190163288
1757662455,211561000
1757662455,228976184
1757662455,274000424
1757662455,283399544
1757662455,286662072
1757662455,329617400
1757662455,339127016
1757662455,353701416
1757662455,355492184
1757662455,363701784
1757662455,375505000
1757662455,401356808
1757662455,425583144
1757662455,450904792
1757662455,524092728
1757662455,531416904
1757662455,541250456
1757662455,544793096
1757662455,552712040
1757662455,567727912
1757662455,572608232
1757662455,580046696
1757662455,585819368
1757662455,591763192
1757662455,597621272
1757662455,599135880
1757662455,647933128
1757662455,649715928
1757662455,652552472
1757662455,655528744
1757662455,657326424
1757662455,667824392
1757662455,677194184
1757662455,702762744
1757662455,712021640
1757662455,722535688
1757662455,730869480
1757662455,753766600
1757662455,759299288
1757662455,777761176
1757662455,792938888
1757662455,796951432
1757662455,804824888
1757662455,817647960
1757662455,822572392
1757662455,853975336
1757662455,887993720
1757662455,894152296
1757662455,912741304
1757662455,914349608
1757662455,946497512
1757662455,965975288
1757662455,974400248
1757662455,985215064
1757662455,987817016
1757662455,994740152
1757662456,9851160
1757662456,33392776
1757662456,60379048
1757662456,66026664
1757662456,107464472
1757662456,117286904
1757662456,144587256
1757662456,163459416
1757662456,173261096
1757662456,185407224
1757662456,240782856
1757662456,243525480
1757662456,246595048
1757662456,282334008
1757662456,298286536
1757662456,302305032
1757662456,315037592
1757662456,316929048
1757662456,337919800
1757662456,348159672
1757662456,386604824
1757662456,408016424
1757662456,411617320
1757662456,415078104
1757662456,425285464
1757662456,437863592
1757662456,444566456
1757662456,513021416
1757662456,518341720
1757662456,521893352
1757662456,539668824
1757662456,576455640
1757662456,585838088
1757662456,596829688
1757662456,604294024
1757662456,612788680
1757662456,632935480
1757662456,635246440
1757662456,647756552
1757662456,664859064
1757662456,709012104
1757662456,718924856
1757662456,741210792
1757662456,747337192
1757662456,768989288
1757662456,770852920
1757662456,783819400
1757662456,813330184
1757662456,841410488
1757662456,844374584
1757662456,860355656
1757662456,866789464
1757662456,870230248
1757662456,881398776
1757662456,885536568
1757662456,896681048
1757662456,900760600
1757662456,911719064
1757662456,912922776
1757662456,936459208
1757662456,973348920
1757662457,7259144
1757662457,13223592
1757662457,33815672
1757662457,60041640
1757662457,65382104
1757662457,79408152
1757662457,85677816
1757662457,90876472
1757662457,97925752
1757662457,110171832
1757662457,122388888
1757662457,126549272
1757662457,134631864
1757662457,137938680
1757662457,148295544
1757662457,155662728
1757662457,162458280
1757662457,175094840
1757662457,183537416
1757662457,191042008
1757662457,206220776
1757662457,213638520
1757662457,236699976
1757662457,275826520
1757662457,290512472
1757662457,311085672
1757662457,324474792
1757662457,330924872
1757662457,340609032
1757662457,350495512
1757662457,385101496
1757662457,412727864
1757662457,417876712
1757662457,421673224
1757662457,437008328
1757662457,438679352
1757662457,440339064
1757662457,470963544
1757662457,483755512
1757662457,506165208
1757662457,513492440
1757662457,516513192
1757662457,528561592
1757662457,542541560
1757662457,570295848
1757662457,591812056
1757662457,595157080
1757662457,596603000
1757662457,610197416
1757662457,614339288
1757662457,625176584
1757662457,627340840
1757662457,648688520
1757662457,651814456
1757662457,668234616
1757662457,675936776
1757662457,680081048
1757662457,683116232
1757662457,696492136
1757662457,721486520
1757662457,732758184
1757662457,737378968
1757662457,773322232
1757662457,782746456
1757662457,801137992
1757662457,815487736
1757662457,840435896
1757662457,854219048
1757662457,864771352
1757662457,887704840
1757662457,888752680
1757662457,890835368
1757662457,893654904
1757662457,913969368
1757662457,926523176
1757662457,931029816
1757662457,942608168
1757662457,947069640
1757662457,957168360
1757662457,958379672
1757662457,967991304
1757662457,976805512
1757662457,984018328
1757662458,27480
1757662458,10796280
1757662458,15280760
1757662458,23232024
1757662458,33879992
1757662458,44849224
1757662458,71465352
1757662458,73743032
1757662458,94914088
1757662458,102232552
1757662458,114942680
1757662458,129267000
1757662458,130649080
1757662458,153293224
1757662458,179097768
1757662458,215631848
1757662458,219355880
1757662458,220545080
1757662458,222528872
1757662458,271378824
1757662458,298669256
1757662458,312066216
1757662458,351655656
1757662458,355388680
1757662458,367931448
1757662458,382313512
1757662458,399072696
1757662458,400834312
1757662458,410675032
1757662458,444336792
1757662458,474190200
1757662458,481332264
1757662458,514686552
1757662458,538978552
1757662458,543793112
1757662458,556236984
1757662458,563906664
1757662458,566321736
1757662458,567513624
1757662458,585247128
1757662458,593858632
1757662458,595444472
1757662458,614480200
1757662458,645397192
1757662458,659227480
1757662458,692001144
1757662458,710109880
1757662458,711353304
1757662458,714170584
1757662458,742108648
1757662458,747493352
1757662458,752017528
1757662458,775358824
1757662458,784230104
1757662458,796585000
1757662458,826392664
1757662458,843658696
1757662458,849175576
1757662458,855261640
1757662458,858361976
1757662458,862225992
1757662458,864203064
1757662458,869082648
1757662458,876178424
1757662458,877723032
1757662458,882044872
1757662458,916752808
1757662458,933197528
1757662458,935907912
1757662458,937634856
1757662458,948644728
1757662458,987201480
1757662458,994525272
1757662459,9232952
1757662459,14820040
1757662459,29939432
1757662459,32606216
1757662459,52956104
1757662459,96771272
1757662459,102270920
1757662459,110014424
1757662459,122575656
1757662459,145271080
1757662459,151949688
1757662459,175833704
1757662459,218360936
1757662459,237261672
1757662459,243633304
1757662459,267595624
1757662459,270284552
1757662459,294452456
1757662459,319444824
1757662459,323430808
1757662459,346894536
1757662459,352458280
1757662459,358032472
1757662459,394945192
1757662459,396081576
1757662459,400143032
1757662459,408325400
1757662459,492195976
1757662459,493815320
1757662459,512115240
1757662459,513677448
1757662459,516159912
1757662459,533324056
1757662459,547960600
1757662459,549476552
1757662459,561334936
1757662459,564471656
1757662459,570399640
1757662459,576573080
1757662459,580970936
1757662459,588017096
1757662459,600369800
1757662459,602385736
1757662459,611478776
1757662459,615587080
1757662459,618032616
1757662459,626331640
1757662459,650619448
1757662459,678193112
1757662459,686534360
1757662459,747673368
1757662459,759840616
1757662459,771394696
1757662459,781516696
1757662459,792448440
1757662459,812515560
1757662459,815166952
1757662459,827868680
1757662459,841657880
1757662459,859450488
1757662459,861019112
1757662459,864851496
1757662459,875507336
1757662459,942614008
1757662459,950081272
1757662459,956635640
1757662459,960236328
1757662459,995493144
1757662460,8387272
1757662460,16296536
1757662460,42591496
1757662460,58518552
1757662460,62572776
1757662460,64289240
1757662460,68083096
1757662460,80608696
1757662460,112818648
1757662460,115489960
1757662460,117188376
1757662460,133948344
1757662460,176726520
1757662460,236043032
1757662460,243050040
1757662460,284295672
1757662460,286419576
1757662460,302846376
1757662460,317273192
1757662460,323616824
1757662460,342151800
1757662460,369234776
1757662460,389812088
1757662460,432925608
1757662460,456837464
1757662460,488111720
1757662460,490507560
1757662460,501288008
1757662460,503509048
1757662460,512737912
1757662460,523731688
1757662460,526550376
1757662460,590232616
1757662460,612186104
1757662460,623065624
1757662460,625186760
1757662460,627136920
1757662460,637502296
1757662460,644563560
1757662460,653264152
1757662460,663652152
1757662460,665951336
1757662460,677315096
1757662460,682647112
1757662460,683977608
1757662460,692990632
1757662460,699547288
1757662460,701508472
1757662460,708214504
1757662460,715168456
1757662460,726301320
1757662460,731620248
1757662460,749021192
1757662460,772615208
1757662460,778517496
1757662460,808443144
1757662460,827875272
1757662460,832660968
1757662460,834230296
1757662460,860606824
1757662460,874576440
1757662460,881632744
1757662460,896183464
1757662460,899286008
1757662460,908377464
1757662460,935918472
1757662460,950569896
1757662460,955217704
1757662460,976177448
1757662460,983140600
1757662460,991642856
1757662461,28596552
1757662461,30173112
1757662461,39177624
1757662461,43515224
1757662461,58844712
1757662461,60309368
1757662461,65522056
1757662461,68242184
1757662461,70269496
1757662461,74445064
1757662461,96451288
1757662461,112300696
1757662461,122001336
1757662461,128199240
1757662461,131566408
1757662461,157955224
1757662461,168658680
1757662461,206343160
1757662461,263835176
1757662461,274138696
1757662461,362072120
1757662461,394713864
1757662461,397348216
1757662461,401656216
1757662461,412127400
1757662461,421104392
1757662461,430499720
1757662461,434439784
1757662461,437796984
1757662461,443711400
1757662461,446388456
1757662461,448158584
1757662461,454114456
1757662461,458660344
1757662461,464778408
1757662461,466870296
1757662461,475738440
1757662461,479310856
1757662461,488943336
1757662461,490863928
1757662461,504757576
1757662461,511919528
1757662461,530096280
1757662461,541235736
1757662461,571278808
1757662461,586745512
1757662461,588288056
1757662461,591830104
1757662461,606454600
1757662461,651161400
1757662461,657305176
1757662461,672100712
1757662461,675060520
1757662461,683641352
1757662461,686513464
1757662461,704892312
1757662461,734339912
1757662461,737171944
1757662461,746571672
1757662461,752136344
1757662461,768785032
1757662461,833703992
1757662461,842378520
1757662461,845603864
1757662461,892699928
1757662461,926984808
1757662461,951012392
1757662461,979941816
1757662461,995336056
1757662462,1732920
1757662462,26066424
1757662462,30957720
1757662462,44256360
1757662462,57976280
1757662462,68246600
1757662462,75508344
1757662462,88216888
1757662462,95407880
1757662462,115663480
1757662462,120529592
1757662462,134308056
1757662462,168679176
1757662462,180633784
1757662462,192150888
1757662462,216289576
1757662462,225846632
1757662462,238274456
1757662462,257522408
1757662462,260096200
1757662462,275947112
1757662462,282166088
1757662462,288992440
1757662462,298158216
1757662462,301126392
1757662462,311875320
1757662462,315076920
1757662462,317147864
1757662462,324952840
1757662462,331107560
1757662462,370431240
1757662462,373150552
1757662462,380778456
1757662462,389020968
1757662462,399952872
1757662462,404355192
1757662462,415859640
1757662462,417868968
1757662462,489869848
1757662462,526552984
1757662462,538131912
1757662462,578231496
1757662462,611067704
1757662462,632116072
1757662462,645421320
1757662462,660842248
1757662462,682506104
1757662462,684397128
1757662462,693947528
1757662462,698247800
1757662462,701877544
1757662462,721487192
1757662462,735709592
1757662462,753941368
1757662462,757962984
1757662462,768465720
1757662462,783415688
1757662462,786218664
1757662462,793245976
1757662462,794255688
1757662462,808911656
1757662462,818713288
1757662462,830846184
1757662462,834887512
1757662462,837175192
1757662462,855600776
1757662462,864025416
1757662462,870579048
1757662462,876453640
1757662462,887866760
1757662462,917744984
1757662462,927808792
1757662462,946216568
1757662462,957072552
1757662462,977312792
1757662462,983837096
1757662463,133384
1757662463,1909784
1757662463,19382680
1757662463,25773720
1757662463,27648920
1757662463,31325656
1757662463,74518088
1757662463,77014072
1757662463,82631560
1757662463,90309272
1757662463,96214968
1757662463,110227816
1757662463,111476760
1757662463,114421944
1757662463,117824824
1757662463,142000648
1757662463,146788808
1757662463,156090744
1757662463,160482840
1757662463,176197704
1757662463,178407944
1757662463,194001560
1757662463,207773016
1757662463,225257032
1757662463,246296200
1757662463,262035096
1757662463,266248840
1757662463,283210568
1757662463,308812776
1757662463,313643336
1757662463,316730536
1757662463,319839640
1757662463,356170440
1757662463,365281800
1757662463,374852712
1757662463,423218264
1757662463,425576088
1757662463,490695800
1757662463,491936536
1757662463,494007400
1757662463,518638520
1757662463,553419592
1757662463,560001640
1757662463,570077016
1757662463,603721848
1757662463,640784280
1757662463,662589304
1757662463,675464328
1757662463,686489784
1757662463,691810568
1757662463,696076024
1757662463,701608296
1757662463,703450440
1757662463,714859560
1757662463,727619192
1757662463,729857720
1757662463,736799400
1757662463,741717640
1757662463,743918904
1757662463,749272376
1757662463,759225608
1757662463,766651256
1757662463,779396312
1757662463,788901208
1757662463,796534456
1757662463,837546648
1757662463,840042280
1757662463,853590088
1757662463,858322216
1757662463,875370696
1757662463,902376088
1757662463,932965192
1757662463,945765336
1757662463,981158872
1757662463,993832808
1757662464,1335000
1757662464,10144824
1757662464,28600968
1757662464,30288376
1757662464,34138568
1757662464,45538968
1757662464,50316632
1757662464,61954392
1757662464,71941336
1757662464,80882680
1757662464,91560920
1757662464,93511672
1757662464,99740168
1757662464,123666184
1757662464,129914952
1757662464,138290376
1757662464,150185688
1757662464,208385352
1757662464,209626424
1757662464,213497208
1757662464,220512856
1757662464,223649144
1757662464,245679896
1757662464,249937256
1757662464,268890712
1757662464,278914216
1757662464,282845064
1757662464,296069352
1757662464,317631576
1757662464,359037640
1757662464,402987880
1757662464,412361640
1757662464,422593864
1757662464,438179880
1757662464,478139288
1757662464,491486056
1757662464,504908856
1757662464,515608376
1757662464,527872984
1757662464,574589688
1757662464,577157496
1757662464,587883672
1757662464,590320408
1757662464,591637928
1757662464,598740760
1757662464,671929400
1757662464,679739368
1757662464,709254648
1757662464,710642424
1757662464,732945384
1757662464,748726008
1757662464,764001816
1757662464,768439688
1757662464,789008280
1757662464,805206472
1757662464,820448104
1757662464,849228520
1757662464,853813192
1757662464,862962520
1757662464,868419688
1757662464,900282744
1757662464,909976520
1757662464,919552328
1757662464,935383336
1757662464,946231128
1757662464,974011800
1757662464,979964600
1757662464,983233320
1757662464,992588632
1757662465,656152
1757662465,14333416
1757662465,47443736
1757662465,50644792
1757662465,52501496
1757662465,70139640
1757662465,83038328
1757662465,84499208
1757662465,113720088
1757662465,145814664
1757662465,155308408
1757662465,156988296
1757662465,192977640
1757662465,207762760
1757662465,210864728
1757662465,216323640
1757662465,221544776
1757662465,244209320
1757662465,246551128
1757662465,257580712
1757662465,259512792
1757662465,273201128
1757662465,280334488
1757662465,283713816
1757662465,285815848
1757662465,323610600
1757662465,332168936
1757662465,335660504
1757662465,352931160
1757662465,372151912
1757662465,380636504
1757662465,383669096
1757662465,407184104
1757662465,410332552
1757662465,434682792
1757662465,471427816
1757662465,481300744
1757662465,486332360
1757662465,490856952
1757662465,493082104
1757662465,498081976
1757662465,503292552
1757662465,504691016
1757662465,505924600
1757662465,521241224
1757662465,523138936
1757662465,524702744
1757662465,527216760
1757662465,529264392
1757662465,531136824
1757662465,551376120
1757662465,560142216
1757662465,570685032
1757662465,586563080
1757662465,602752344
1757662465,619702376
1757662465,620950904
1757662465,632352200
1757662465,637877480
1757662465,642456264
1757662465,651081896
1757662465,652435128
1757662465,653725000
1757662465,669548232
1757662465,690732456
1757662465,694609656
1757662465,701376824
1757662465,799631640
1757662465,825681096
1757662465,843373656
1757662465,855843512
1757662465,862549848
1757662465,866199816
1757662465,885956968
1757662465,887660616
1757662465,907012392
1757662465,912302920
1757662465,917464072
1757662465,938838184
1757662465,951631976
1757662465,978015816
1757662465,987213448
1757662465,997287064
1757662466,2439848
1757662466,21714168
1757662466,25056600
1757662466,42982248
1757662466,98090456
1757662466,119561880
1757662466,135940168
1757662466,163648008
1757662466,170073400
1757662466,179206328
1757662466,185828456
1757662466,187742632
1757662466,211629576
1757662466,228363560
1757662466,245385672
1757662466,248196680
1757662466,260306408
1757662466,264339192
1757662466,282570440
1757662466,303217704
1757662466,305013992
1757662466,317270184
1757662466,319911752
1757662466,341420344
1757662466,351995160
1757662466,371970216
1757662466,377611192
1757662466,388250312
1757662466,390135064
1757662466,393607656
1757662466,399443640
1757662466,419736360
1757662466,443988344
1757662466,489222440
1757662466,493789832
1757662466,499673336
1757662466,501669320
1757662466,505295752
1757662466,526542600
1757662466,535365384
1757662466,556901576
1757662466,564485320
1757662466,597920216
1757662466,599348584
1757662466,610092136
1757662466,624051832
1757662466,705259144
1757662466,717288296
1757662466,732271192
1757662466,750682616
1757662466,762467080
1757662466,804059304
1757662466,816316312
1757662466,819328424
1757662466,837925656
1757662466,861126888
1757662466,884098632
1757662466,911190696
1757662466,913286248
1757662466,915202216
1757662466,942455672
1757662466,948041656
1757662466,958432408
1757662466,998610696
1757662467,70519864
1757662467,89766472
1757662467,127695624
1757662467,162221400
1757662467,169819176
1757662467,190337352
1757662467,207685096
1757662467,209602280
1757662467,223469496
1757662467,255864840
1757662467,278152232
1757662467,305877832
1757662467,335225304
1757662467,350304264
1757662467,353181416
1757662467,355537688
1757662467,371335000
1757662467,391627496
1757662467,403906712
1757662467,426537960
1757662467,437061224
1757662467,456161096
1757662467,458299816
1757662467,460332904
1757662467,462733448
1757662467,464259032
1757662467,509539432
1757662467,525377064
1757662467,537549464
1757662467,544089928
1757662467,559933528
1757662467,581569048
1757662467,586207848
1757662467,639634040
1757662467,648802648
1757662467,674730568
1757662467,680133272
1757662467,681773800
1757662467,722685848
1757662467,736148312
1757662467,737657928
1757662467,742011384
1757662467,749780120
1757662467,758847192
1757662467,778270680
1757662467,795627128
1757662467,811088392
1757662467,823101864
1757662467,848691640
1757662467,905894008
1757662467,913531208
1757662467,937934280
1757662467,945546024
1757662467,952061496
1757662467,986364264
1757662468,32272024
1757662468,46987944
1757662468,71118728
1757662468,93134792
1757662468,104842584
1757662468,109911512
1757662468,152120008
1757662468,163015432
1757662468,175719608
1757662468,184598600
1757662468,186800696
1757662468,207222888
1757662468,223075864
1757662468,242547944
1757662468,246305784
1757662468,258986120
1757662468,275037032
1757662468,320831272
1757662468,323559304
1757662468,342176760
1757662468,357328232
1757662468,427298584
1757662468,452398568
1757662468,462344360
1757662468,482870808
1757662468,507580744
1757662468,518058248
1757662468,579516936
1757662468,592984088
1757662468,604939400
1757662468,606587448
1757662468,643463816
1757662468,674326440
1757662468,687368408
1757662468,703388392
1757662468,715330904
1757662468,718636504
1757662468,772093112
1757662468,781000328
1757662468,782288040
1757662468,799414984
1757662468,803540712
1757662468,824999096
1757662468,842237192
1757662468,855131576
1757662468,857249224
1757662468,884276376
1757662468,902932456
1757662468,938601528
1757662468,957722152
1757662468,990010584
1757662469,1819064
1757662469,9004264
1757662469,13803704
1757662469,20829240
1757662469,61259272
1757662469,75159560
1757662469,79435448
1757662469,81192488
1757662469,217811256
1757662469,222389784
1757662469,230163880
1757662469,238375784
1757662469,251791656
1757662469,258465736
1757662469,263227512
1757662469,267463032
1757662469,321626856
1757662469,334472392
1757662469,345120904
1757662469,363080904
1757662469,382827880
1757662469,386605768
1757662469,427519592
1757662469,434240440
1757662469,439005272
1757662469,442777016
1757662469,475082600
1757662469,492389448
1757662469,504998440
1757662469,542894392
1757662469,554573544
1757662469,591261912
1757662469,607521272
1757662469,617444584
1757662469,646633384
1757662469,651775528
1757662469,653566840
1757662469,661747624
1757662469,671332360
1757662469,673408664
1757662469,675297880
1757662469,710543496
1757662469,711839960
1757662469,724361928
1757662469,762294232
1757662469,786161608
1757662469,798742680
1757662469,806280264
1757662469,810162520
1757662469,825832792
1757662469,832277352
1757662469,846922264
1757662469,895524504
1757662469,935409784
1757662469,952880008
1757662469,962295144
1757662469,968640776
1757662469,997729272
1757662470,33059816
1757662470,50621752
1757662470,72828616
1757662470,102110312
1757662470,120153512
1757662470,131527944
1757662470,159224248
1757662470,164086984
1757662470,170078600
1757662470,197741512
1757662470,229115496
1757662470,237097736
1757662470,239337880
1757662470,258422440
1757662470,303347288
1757662470,334881592
1757662470,342375048
1757662470,349302760
1757662470,352306632
1757662470,408763128
1757662470,414351080
1757662470,417171976
1757662470,435600584
1757662470,445220840
1757662470,450693480
1757662470,463543544
1757662470,473554856
1757662470,496496872
1757662470,507166616
1757662470,511518328
1757662470,518810648
1757662470,548141880
1757662470,579683320
1757662470,590893672
1757662470,598034504
1757662470,658187192
1757662470,662840584
1757662470,687344728
1757662470,688986568
1757662470,695919880
1757662470,717163560
1757662470,731936040
1757662470,755453320
1757662470,761704184
1757662470,779400104
1757662470,788073336
1757662470,812501288
1757662470,830816552
1757662470,839592744
1757662470,841624568
1757662470,845601176
1757662470,859954696
1757662470,876231208
1757662470,907864952
1757662470,950546152
1757662470,963331016
1757662470,965221752
1757662470,980601048
1757662471,39440088
1757662471,44559384
1757662471,60776360
1757662471,68225480
1757662471,72328120
1757662471,84243032
1757662471,101932680
1757662471,104310008
1757662471,109179368
1757662471,111768904
1757662471,115415448
1757662471,127231560
1757662471,130703160
1757662471,146642824
1757662471,157443336
1757662471,164126472
1757662471,165555416
1757662471,175160376
1757662471,194486760
1757662471,197488968
1757662471,209452776
1757662471,212605800
1757662471,217532168
1757662471,221576376
1757662471,227129384
1757662471,261229448
1757662471,286547176
1757662471,292021016
1757662471,296082504
1757662471,297936648
1757662471,309654728
1757662471,311395352
1757662471,316075848
1757662471,341295944
1757662471,350252104
1757662471,358754136
1757662471,372321672
1757662471,386267416
1757662471,407001672
1757662471,412434088
1757662471,431862872
1757662471,462419496
1757662471,497023944
1757662471,524894696
1757662471,546307224
1757662471,583435736
1757662471,590019528
1757662471,599016376
1757662471,604636648
1757662471,626047624
1757662471,636819736
1757662471,644083608
1757662471,657523160
1757662471,671518232
1757662471,703366184
1757662471,753925960
1757662471,759057368
1757662471,772135704
1757662471,781942792
1757662471,790734376
1757662471,793781336
1757662471,799706408
1757662471,816872616
1757662471,820051288
1757662471,825909800
1757662471,864236664
1757662471,888415416
1757662471,914427352
1757662471,953549816
1757662471,962952328
1757662471,979232504
1757662471,996039432
1757662471,999457208
1757662472,30954248
1757662472,40171992
1757662472,49486328
1757662472,59766920
1757662472,66989080
1757662472,76666328
1757662472,91893080
1757662472,122831016
1757662472,145523448
1757662472,150337496
1757662472,189812664
1757662472,208544888
1757662472,216764456
1757662472,228743352
1757662472,250841544
1757662472,254891896
1757662472,258219992
1757662472,300233240
1757662472,303984040
1757662472,319643656
1757662472,329974888
1757662472,352575240
1757662472,374425160
1757662472,380142632
1757662472,410178392
1757662472,428950216
1757662472,431251400
1757662472,455149928
1757662472,459628856
1757662472,461361752
1757662472,474344728
1757662472,485420120
1757662472,512502360
1757662472,516268088
1757662472,536626088
1757662472,547501832
1757662472,556765592
1757662472,563178408
1757662472,574714488
1757662472,594634104
1757662472,596084120
1757662472,608282248
1757662472,613328472
1757662472,617452856
1757662472,619487640
1757662472,622345880
1757662472,662082504
1757662472,667021640
1757662472,669190280
1757662472,679461320
1757662472,683983880
1757662472,693019992
1757662472,698778424
1757662472,703516712
1757662472,713351224
1757662472,720852568
1757662472,723954952
1757662472,742494744
1757662472,752818952
1757662472,772068696
1757662472,773223384
1757662472,833156504
1757662472,840421112
1757662472,841691336
1757662472,868755496
1757662472,872830808
1757662472,879971080
1757662472,884594232
1757662472,893761112
1757662472,927173144
1757662472,943639784
1757662472,944842312
1757662472,945954504
1757662472,963920920
1757662472,982005880
1757662472,983639672
1757662472,988305800
1757662473,17066904
1757662473,27625016
1757662473,29995432
1757662473,37608536
1757662473,42352008
1757662473,49455352
1757662473,52913528
1757662473,62521976
1757662473,72038840
1757662473,78410136
1757662473,86840920
1757662473,109989032
1757662473,125659880
1757662473,129836152
1757662473,151714152
1757662473,165658104
1757662473,191052968
1757662473,204152328
1757662473,216554696
1757662473,221612664
1757662473,223098888
1757662473,224332280
1757662473,238953080
1757662473,282970648
1757662473,285730280
1757662473,289908216
1757662473,320079528
1757662473,335058088
1757662473,338053192
1757662473,357026328
1757662473,367242040
1757662473,368460600
1757662473,376585336
1757662473,398035592
1757662473,403801256
1757662473,417015048
1757662473,429143560
1757662473,457366952
1757662473,468535768
1757662473,490157912
1757662473,505271256
1757662473,507689416
1757662473,508811288
1757662473,517585480
1757662473,557638072
1757662473,559777496
1757662473,586568680
1757662473,591817240
1757662473,603665464
1757662473,608127752
1757662473,610162824
1757662473,625210456
1757662473,626369608
1757662473,636069064
1757662473,652488168
1757662473,667450072
1757662473,668821480
1757662473,698369848
1757662473,724795464
1757662473,731666712
1757662473,739591528
1757662473,742560504
1757662473,746119944
1757662473,751204120
1757662473,755971272
1757662473,767154696
1757662473,769338952
1757662473,777152136
1757662473,789387752
1757662473,807083592
1757662473,846394008
1757662473,853514120
1757662473,892770664
1757662473,907035672
1757662473,910713272
1757662473,912920264
1757662473,946144936
1757662473,963084024
1757662473,969623016
1757662473,974628232
1757662473,992530744
1757662474,2966136
1757662474,19077400
1757662474,62289320
1757662474,194532072
1757662474,263919512
1757662474,272516664
1757662474,297148808
1757662474,308904360
1757662474,337926792
1757662474,344721896
1757662474,369484120
1757662474,371444328
1757662474,373994504
1757662474,374999992
1757662474,395436248
1757662474,396912248
1757662474,408977144
1757662474,411115944
1757662474,425788504
1757662474,434544104
1757662474,444171688
1757662474,445869960
1757662474,452208520
1757662474,494719608
1757662474,501939880
1757662474,526999032
1757662474,528151720
1757662474,535398984
1757662474,541657496
1757662474,574168920
1757662474,593310488
1757662474,601392024
1757662474,633420536
1757662474,650578904
1757662474,653797656
1757662474,671562280
1757662474,685607304
1757662474,693253032
1757662474,698167448
1757662474,699668200
1757662474,727851112
1757662474,757416104
1757662474,789987864
1757662474,819438984
1757662474,845659656
1757662474,852185464
1757662474,855094808
1757662474,884804184
1757662474,895564248
1757662474,901775000
1757662474,926354456
1757662474,928120552
1757662474,932404744
1757662474,940519192
1757662474,967258168
1757662474,987102376
1757662474,998010968
1757662475,12283112
1757662475,25243640
1757662475,64559896
1757662475,79249544
1757662475,86001512
1757662475,89196072
1757662475,91288520
1757662475,118642744
1757662475,129290488
1757662475,153928536
1757662475,179116024
1757662475,198396376
1757662475,296715288
1757662475,318799816
1757662475,331524744
1757662475,381589576
1757662475,389417256
1757662475,393370328
1757662475,395816312
1757662475,409979416
1757662475,411972376
1757662475,422633384
1757662475,475722936
1757662475,482709592
1757662475,493914840
1757662475,516052632
1757662475,556420824
1757662475,585500904
1757662475,590003736
1757662475,594911144
1757662475,601224952
1757662475,610070920
1757662475,612586008
1757662475,622563864
1757662475,637923640
1757662475,648517640
1757662475,651611048
1757662475,655063656
1757662475,667053128
1757662475,669851672
1757662475,672135656
1757662475,687024344
1757662475,689984024
1757662475,696550920
1757662475,702639560
1757662475,709416952
1757662475,718106872
1757662475,728052360
1757662475,730963960
1757662475,753829992
1757662475,770718568
1757662475,776433848
1757662475,788012696
1757662475,824073032
1757662475,849739224
1757662475,864777192
1757662475,866500008
1757662475,872619944
1757662475,883325544
1757662475,897123032
1757662475,903722968
1757662475,905774088
1757662475,909164968
1757662475,921207064
1757662475,926636248
1757662475,927685752
1757662475,930119288
1757662475,939115256
1757662475,971539064
1757662476,57895208
1757662476,74186120
1757662476,98803096
1757662476,100433864
1757662476,112711048
1757662476,169078792
1757662476,178896072
1757662476,193070360
1757662476,215993128
1757662476,220125768
1757662476,244357800
1757662476,250262888
1757662476,297655080
1757662476,307854744
1757662476,324210808
1757662476,341313000
1757662476,353450200
1757662476,366428856
1757662476,378630856
1757662476,394646168
1757662476,414149128
1757662476,435728216
1757662476,445911608
1757662476,467557064
1757662476,516794584
1757662476,532072104
1757662476,543118648
1757662476,547597080
1757662476,553796984
1757662476,582907688
1757662476,591871784
1757662476,593493752
1757662476,624471288
1757662476,650406328
1757662476,655581832
1757662476,681377720
1757662476,683960200
1757662476,696132264
1757662476,704023800
1757662476,724593800
1757662476,727728168
1757662476,733131240
1757662476,771719128
1757662476,796704984
1757662476,861669960
1757662476,888811848
1757662476,914886440
1757662476,926477048
1757662476,945046216
1757662476,951769704
1757662476,963744088
1757662476,982598392
1757662476,986779960
1757662476,989196232
1757662477,8249112
1757662477,20214776
1757662477,26348120
1757662477,32611992
1757662477,34676184
1757662477,47173032
1757662477,92267224
1757662477,94055640
1757662477,169697976
1757662477,199876536
1757662477,226275176
1757662477,240295240
1757662477,249844680
1757662477,251013096
1757662477,306453768
1757662477,341022536
1757662477,359286808
1757662477,366964808
1757662477,371876392
1757662477,374252920
1757662477,391315992
1757662477,398799608
1757662477,400399096
1757662477,410668888
1757662477,418986104
1757662477,482905320
1757662477,521801368
1757662477,525833560
1757662477,538786888
1757662477,551935704
1757662477,559269272
1757662477,562680872
1757662477,574815960
1757662477,614266536
1757662477,619448392
1757662477,642752408
1757662477,669128776
1757662477,676783560
1757662477,695099256
1757662477,708132760
1757662477,727626584
1757662477,757604424
1757662477,780985112
1757662477,826967848
1757662477,835126824
1757662477,842493720
1757662477,844241672
1757662477,851954264
1757662477,854636504
1757662477,876384248
1757662477,892986248
1757662477,973595608
1757662477,979924104
1757662478,13105848
1757662478,16513256
1757662478,41504616
1757662478,48415208
1757662478,56367128
1757662478,61051096
1757662478,110492264
1757662478,114150872
1757662478,123767496
1757662478,149011336
1757662478,165419528
1757662478,211459112
1757662478,219156408
1757662478,232657880
1757662478,261523096
1757662478,275926216
1757662478,285097624
1757662478,303701384
1757662478,323815416
1757662478,326678472
1757662478,343587656
1757662478,356102648
1757662478,373011864
1757662478,376339608
1757662478,378679288
1757662478,391439784
1757662478,394574232
1757662478,398523096
1757662478,402234520
1757662478,437954328
1757662478,446727272
1757662478,455943704
1757662478,510098440
1757662478,512865640
1757662478,533338408
1757662478,534698472
1757662478,544947880
1757662478,550907752
1757662478,578085048
1757662478,581794824
1757662478,604666888
1757662478,618264248
1757662478,625880440
1757662478,632087832
1757662478,673501752
1757662478,680797640
1757662478,713263848
1757662478,720905000
1757662478,725916344
1757662478,734945160
1757662478,736329992
1757662478,769663608
1757662478,778438936
1757662478,848003736
1757662478,863236424
1757662478,872539064
1757662478,880880856
1757662478,892369064
1757662478,895059464
1757662478,897724552
1757662478,898910744
1757662478,920731016
1757662478,952872424
1757662478,955578216
1757662478,991218744
1757662479,5966744
1757662479,13740712
1757662479,26520152
1757662479,28751128
1757662479,33992376
1757662479,72661704
1757662479,79530744
1757662479,102014504
1757662479,179784600
1757662479,181175576
1757662479,201716680
1757662479,202824888
1757662479,219847496
1757662479,222967784
1757662479,256029832
1757662479,259446040
1757662479,273183272
1757662479,283759192
1757662479,312936680
1757662479,323716264
1757662479,331401544
1757662479,335861192
1757662479,351528904
1757662479,387724184
1757662479,396807496
1757662479,398679304
1757662479,411071896
1757662479,418360968
1757662479,461701208
1757662479,475707544
1757662479,482170872
1757662479,503478440
1757662479,508804120
1757662479,512594456
1757662479,518843080
1757662479,530432120
1757662479,564447624
1757662479,619582728
1757662479,641225368
1757662479,645160344
1757662479,696490984
1757662479,713452040
1757662479,724703704
1757662479,727437976
1757662479,734478392
1757662479,771191576
1757662479,775163032
1757662479,864465128
1757662479,878948584
1757662479,882740152
1757662479,886181320
1757662479,908920680
1757662479,932474088
1757662479,948564072
1757662479,961839704
1757662479,963936808
1757662479,976758344
1757662479,979728440
1757662479,986319720
1757662479,996502088
1757662480,22282808
1757662480,24603512
1757662480,46065912
1757662480,63842376
1757662480,72039240
1757662480,92524616
1757662480,150032776
1757662480,156723512
1757662480,166911736
1757662480,168442456
1757662480,176936088
1757662480,209031848
1757662480,271576248
1757662480,307152424
1757662480,333481416
1757662480,344348040
1757662480,401884840
1757662480,437516792
1757662480,439926568
1757662480,454187608
1757662480,456345384
1757662480,467769544
1757662480,488548232
1757662480,491171448
1757662480,500833080
1757662480,521250440
1757662480,553954248
1757662480,562854376
1757662480,585614568
1757662480,591354280
1757662480,631069352
1757662480,632687288
1757662480,635450152
1757662480,638048968
1757662480,640070088
1757662480,645576296
1757662480,647700648
1757662480,672076200
1757662480,675214264
1757662480,683931432
1757662480,705485832
1757662480,725264424
1757662480,747366296
1757662480,752694488
1757662480,787699224
1757662480,790234120
1757662480,800152552
1757662480,808760792
1757662480,814024600
1757662480,839202504
1757662480,851744696
1757662480,875435000
1757662480,882456808
1757662480,896565224
1757662480,921241288
1757662480,925953496
1757662480,958816984
1757662480,964751912
1757662480,976122936
1757662480,984814664
1757662480,997102840
1757662481,16013448
1757662481,40787720
1757662481,73882984
1757662481,81151160
1757662481,109274712
1757662481,111059448
1757662481,123584712
1757662481,159285800
1757662481,172519320
1757662481,182675592
1757662481,229670552
1757662481,232611960
1757662481,252649192
1757662481,255615272
1757662481,261519688
1757662481,263752408
1757662481,269183400
1757662481,274813464
1757662481,298633096
1757662481,323653160
1757662481,328709080
1757662481,334639288
1757662481,339850456
1757662481,358402952
1757662481,360058904
1757662481,365662984
1757662481,370517672
1757662481,429125416
1757662481,431231272
1757662481,437997256
1757662481,439373384
1757662481,457363192
1757662481,492742376
1757662481,506166120
1757662481,536307800
1757662481,540818600
1757662481,574157128
1757662481,596643688
1757662481,599976584
1757662481,608807608
1757662481,609908520
1757662481,646956520
1757662481,665684680
1757662481,670965768
1757662481,673316488
1757662481,681006792
1757662481,685369608
1757662481,702789352
1757662481,710713640
1757662481,730418136
1757662481,737749352
1757662481,759642904
1757662481,766123048
1757662481,770003656
1757662481,798517304
1757662481,800342008
1757662481,822772456
1757662481,826487976
1757662481,838577976
1757662481,857581464
1757662481,874683624
1757662481,885525320
1757662481,897564584
1757662481,910198744
1757662481,922946072
1757662481,943197240
1757662481,953656872
1757662481,956691304
1757662481,961134712
1757662481,967419624
1757662481,981940040
1757662481,984037704
1757662482,16982664
1757662482,28680408
1757662482,35596856
1757662482,51094632
1757662482,55207800
1757662482,84248088
1757662482,115982248
1757662482,121694008
1757662482,129659752
1757662482,142793480
1757662482,239525176
1757662482,246246808
1757662482,253454216
1757662482,260120808
1757662482,266140936
1757662482,268158136
1757662482,277493096
1757662482,283592200
1757662482,297119096
1757662482,300345304
1757662482,308262632
1757662482,312723400
1757662482,335161768
1757662482,343160184
1757662482,365714280
1757662482,370341672
1757662482,390627848
1757662482,394276888
1757662482,406553128
1757662482,416682232
1757662482,434983256
1757662482,439584712
1757662482,451256152
1757662482,469285848
1757662482,485197176
1757662482,494475752
1757662482,497213752
1757662482,507792280
1757662482,530539720
1757662482,546550776
1757662482,567380936
1757662482,579827656
1757662482,590890728
1757662482,608149848
1757662482,619637128
1757662482,624984984
1757662482,628007192
1757662482,644758584
1757662482,651816216
1757662482,678905528
1757662482,705249192
1757662482,721015496
1757662482,729095912
1757662482,763915240
1757662482,787792088
1757662482,790650936
1757662482,799625752
1757662482,829078280
1757662482,875523624
1757662482,893980520
1757662482,909963624
1757662482,912305224
1757662482,915095784
1757662482,923887304
1757662482,954713608
1757662482,957739176
1757662482,970206568
1757662482,984738744
1757662482,995729336
1757662483,21662456
1757662483,24317544
1757662483,37078120
1757662483,42396440
1757662483,73113864
1757662483,77447976
1757662483,87674072
1757662483,104243880
1757662483,112418920
1757662483,114925544
1757662483,131849176
1757662483,157504040
1757662483,164938376
1757662483,182309480
1757662483,192193864
1757662483,195603000
1757662483,197235560
1757662483,200055096
1757662483,204528440
1757662483,208612616
1757662483,213089640
1757662483,232037352
1757662483,241743096
1757662483,247654328
1757662483,302888232
1757662483,337338312
1757662483,339766488
1757662483,364091832
1757662483,387623256
1757662483,401342760
1757662483,422241128
1757662483,425621272
1757662483,479271352
1757662483,504089096
1757662483,513885784
1757662483,535823960
1757662483,547995416
1757662483,560404072
1757662483,563967432
1757662483,577636392
1757662483,594990840
1757662483,630868536
1757662483,633429704
1757662483,637751096
1757662483,683406856
1757662483,708996232
1757662483,716583208
1757662483,718307384
1757662483,722323096
1757662483,727029720
1757662483,729658472
1757662483,766086904
1757662483,767897240
1757662483,818176376
1757662483,832524024
1757662483,837574504
1757662483,853203704
1757662483,858077128
1757662483,929742824
1757662483,931497432
1757662483,968137848
1757662483,988951192
1757662483,993310424
1757662484,50969224
1757662484,66567160
1757662484,93052040
1757662484,129187752
1757662484,149195640
1757662484,168529864
1757662484,192703064
1757662484,200900120
1757662484,251073304
1757662484,312294504
1757662484,355442792
1757662484,368387976
1757662484,373931288
1757662484,377326968
1757662484,407290104
1757662484,435419176
1757662484,449473528
1757662484,457251560
1757662484,458803656
1757662484,487199528
1757662484,491222408
1757662484,539577432
1757662484,542422232
1757662484,552596424
1757662484,564638968
1757662484,568883064
1757662484,573650792
1757662484,592943336
1757662484,618361208
1757662484,624789960
1757662484,645482712
1757662484,650079096
1757662484,653405240
1757662484,655376440
1757662484,668747864
1757662484,679171240
1757662484,693819256
1757662484,711957160
1757662484,734578632
1757662484,747473720
1757662484,787655960
1757662484,790173832
1757662484,822472360
1757662484,837957080
1757662484,840070696
1757662484,853591992
1757662484,890137992
1757662484,902053208
1757662484,920547896
1757662484,949093288
1757662484,951237656
1757662484,965368856
1757662484,981059496
1757662485,44804376
1757662485,55252968
1757662485,69269416
1757662485,75657832
1757662485,81717608
1757662485,147624024
1757662485,149547000
1757662485,152129160
1757662485,182229048
1757662485,185126904
1757662485,188695464
1757662485,212749816
1757662485,224441352
1757662485,229222456
1757662485,237754792
1757662485,253981160
1757662485,278457304
1757662485,280057736
1757662485,282242280
1757662485,291580552
1757662485,303067448
1757662485,341275672
1757662485,355655912
1757662485,402943176
1757662485,405957384
1757662485,437129688
1757662485,440712536
1757662485,459570584
1757662485,489015688
1757662485,491574632
1757662485,504633064
1757662485,509558296
1757662485,512733352
1757662485,515635784
1757662485,544163912
1757662485,545473144
1757662485,567559704
1757662485,620924696
1757662485,625576888
1757662485,641186136
1757662485,645039720
1757662485,657294696
1757662485,668045128
1757662485,692864856
1757662485,714742360
1757662485,724339912
1757662485,726967656
1757662485,735828776
1757662485,739922200
1757662485,755581992
1757662485,772098392
1757662485,778822152
1757662485,802321400
1757662485,805328632
1757662485,811617304
1757662485,840572632
1757662485,849880056
1757662485,867408696
1757662485,885921192
1757662485,905686728
1757662485,939455208
1757662485,980836456
1757662486,43330936
1757662486,82400696
1757662486,111912600
1757662486,142734088
1757662486,150314600
1757662486,158890536
1757662486,179454648
1757662486,213092024
1757662486,260463480
1757662486,299744296
1757662486,305118264
1757662486,320264712
1757662486,323853976
1757662486,330407384
1757662486,341150248
1757662486,349163800
1757662486,353654776
1757662486,385720776
1757662486,411130552
1757662486,415780504
1757662486,453559832
1757662486,468953032
1757662486,500626696
1757662486,504119416
1757662486,507604280
1757662486,552091176
1757662486,580539704
1757662486,600959592
1757662486,618663336
1757662486,636058760
1757662486,646155736
1757662486,650165400
1757662486,653272104
1757662486,691447112
1757662486,705524104
1757662486,708840888
1757662486,714543800
1757662486,722687560
1757662486,738135544
1757662486,739996904
1757662486,770734536
1757662486,804990872
1757662486,809095160
1757662486,814236168
1757662486,824713000
1757662486,831037128
1757662486,834493656
1757662486,852527880
1757662486,883587960
1757662486,888050472
1757662486,892287000
1757662486,916832216
1757662486,921874216
1757662486,924794424
1757662486,937651144
1757662486,983087816
1757662487,9043160
1757662487,26029256
1757662487,36508024
1757662487,42586840
1757662487,48949336
1757662487,89193960
1757662487,103749320
1757662487,109593256
1757662487,119488328
1757662487,123017032
1757662487,128294856
1757662487,156261208
1757662487,181359208
1757662487,190050584
1757662487,196915384
1757662487,204755640
1757662487,206960872
1757662487,216540408
1757662487,220810936
1757662487,254082344
1757662487,270307080
1757662487,303784648
1757662487,306769144
1757662487,313020952
1757662487,323360248
1757662487,346110152
1757662487,354548536
1757662487,377532264
1757662487,381492360
1757662487,394467352
1757662487,405394920
1757662487,407461336
1757662487,425155192
1757662487,430426504
1757662487,437313016
1757662487,452275224
1757662487,469063752
1757662487,470927336
1757662487,474161976
1757662487,476384760
1757662487,479055480
1757662487,504391192
1757662487,579540824
1757662487,582142392
1757662487,589790232
1757662487,604755608
1757662487,610616184
1757662487,616456520
1757662487,630603160
1757662487,644400296
1757662487,656767656
1757662487,658868584
1757662487,670154584
1757662487,671544440
1757662487,680198200
1757662487,696814376
1757662487,720614328
1757662487,758360536
1757662487,816199992
1757662487,833650680
1757662487,862677464
1757662487,865638184
1757662487,906660104
1757662487,934402296
1757662487,962087336
1757662487,974628312
1757662487,984800472
1757662487,992340200
1757662487,994023528
1757662488,3274424
1757662488,5096536
1757662488,31091304
1757662488,56688344
1757662488,67027864
1757662488,90148184
1757662488,97852744
1757662488,126571864
1757662488,128979496
1757662488,137265768
1757662488,161826904
1757662488,183215160
1757662488,202204952
1757662488,239639992
1757662488,279872968
1757662488,330390360
1757662488,348601288
1757662488,379260008
1757662488,391167976
1757662488,392584888
1757662488,401642728
1757662488,443139080
1757662488,452224840
1757662488,471465560
1757662488,474390296
1757662488,480937864
1757662488,504908312
1757662488,523063832
1757662488,541884904
1757662488,578208008
1757662488,582918536
1757662488,585646936
1757662488,610400728
1757662488,622817480
1757662488,628003240
1757662488,633419432
1757662488,645888824
1757662488,647682472
1757662488,649973768
1757662488,660538760
1757662488,703661896
1757662488,709644888
1757662488,731501384
1757662488,734173992
1757662488,756886392
1757662488,761850264
1757662488,793765512
1757662488,797385272
1757662488,803665816
1757662488,841896072
1757662488,848257544
1757662488,856894184
1757662488,862289432
1757662488,869632840
1757662488,875048664
1757662488,911598408
1757662488,917061640
1757662488,920265752
1757662488,924819656
1757662488,937780952
1757662488,979640088
1757662489,22158440
1757662489,28179864
1757662489,59738104
1757662489,87996456
1757662489,89855912
1757662489,96904728
1757662489,103857992
1757662489,114702632
1757662489,121420328
1757662489,139570360
1757662489,150219608
1757662489,165825928
1757662489,184017128
1757662489,207381848
1757662489,209757192
1757662489,215361256
1757662489,229984840
1757662489,234363576
1757662489,237457784
1757662489,240964104
1757662489,249420808
1757662489,254902968
1757662489,271320840
1757662489,280028808
1757662489,284732600
1757662489,290513912
1757662489,304242216
1757662489,312330872
1757662489,324322632
1757662489,326444808
1757662489,332799832
1757662489,361331784
1757662489,384790488
1757662489,387610024
1757662489,414592504
1757662489,416168360
1757662489,433314136
1757662489,458611416
1757662489,465216536
1757662489,466852216
1757662489,475232008
1757662489,485245544
1757662489,513497448
1757662489,523431320
1757662489,525873752
1757662489,533866712
1757662489,540263560
1757662489,541778184
1757662489,545345448
1757662489,548901816
1757662489,556347736
1757662489,578005912
1757662489,607573608
1757662489,610677464
1757662489,612034168
1757662489,627030904
1757662489,644217288
1757662489,681081768
1757662489,687422424
1757662489,703655992
1757662489,705706008
1757662489,713442824
1757662489,714758888
1757662489,740918792
1757662489,742172280
1757662489,748131512
1757662489,752550744
1757662489,758330136
1757662489,774915944
1757662489,789205480
1757662489,842626088
1757662489,847482968
1757662489,867040424
1757662489,880999800
1757662489,893665864
1757662489,900683560
1757662489,954517304
1757662489,961048328
1757662489,996101112
1757662490,663256
1757662490,19846248
1757662490,46169000
1757662490,75186760
1757662490,115385400
1757662490,129911992
1757662490,156133304
1757662490,191902392
1757662490,211195752
1757662490,215601960
1757662490,235197032
1757662490,249020088
1757662490,250767176
1757662490,269523176
1757662490,283866008
1757662490,307089848
1757662490,321125032
1757662490,324674904
1757662490,335692584
1757662490,350042376
1757662490,359709080
1757662490,392627640
1757662490,398278392
1757662490,410877176
1757662490,418881384
1757662490,424926392
1757662490,436702280
1757662490,438897848
1757662490,445934504
1757662490,453384152
1757662490,462420888
1757662490,480976424
1757662490,522842568
1757662490,549871320
1757662490,552490056
1757662490,585983080
1757662490,597189416
1757662490,611958248
1757662490,614658872
1757662490,639739944
1757662490,643940472
1757662490,648781256
1757662490,653438840
1757662490,670607432
1757662490,674399256
1757662490,688846632
1757662490,691785752
1757662490,707413208
1757662490,718532424
1757662490,721813400
1757662490,737800760
1757662490,746356216
1757662490,814652904
1757662490,825825176
1757662490,848657096
1757662490,858469272
1757662490,862135320
1757662490,886902232
1757662490,890582472
1757662490,906956280
1757662490,911575448
1757662490,917209592
1757662490,919709320
1757662490,932506936
1757662490,945884968
1757662490,947622264
1757662490,954679080
1757662490,959599928
1757662490,981328744
1757662491,7290712
1757662491,27095128
1757662491,62342152
1757662491,95923688
1757662491,120032008
1757662491,134555464
1757662491,191349720
1757662491,201487208
1757662491,229755416
1757662491,325231160
1757662491,328357608
1757662491,332434744
1757662491,350081464
1757662491,361461592
1757662491,385335944
1757662491,390912776
1757662491,410039128
1757662491,414827704
1757662491,422536488
1757662491,443742760
1757662491,474072056
1757662491,487678936
1757662491,489465752
1757662491,503943960
1757662491,532768632
1757662491,541568616
1757662491,551211176
1757662491,571046856
1757662491,580175224
1757662491,583861528
1757662491,588255864
1757662491,603603736
1757662491,607727176
1757662491,629428648
1757662491,701695784
1757662491,726109320
1757662491,730320824
1757662491,732628376
1757662491,758483032
1757662491,762904424
1757662491,764582616
1757662491,768571224
1757662491,785498808
1757662491,813386392
1757662491,828860360
1757662491,831930552
1757662491,833761848
1757662491,844244312
1757662491,856298664
1757662491,865460504
1757662491,870188440
1757662491,873795160
1757662491,875766888
1757662491,896855176
1757662491,920440920
1757662491,933554776
1757662491,962242152
1757662491,976006872
1757662491,983329288
1757662492,18961304
1757662492,56439816
1757662492,73112968
1757662492,74931720
1757662492,77664872
1757662492,85113912
1757662492,114847352
1757662492,121263768
1757662492,145730168
1757662492,160063128
1757662492,178740584
1757662492,201255608
1757662492,215102216
1757662492,226795784
1757662492,232841992
1757662492,250255048
1757662492,304386664
1757662492,311602168
1757662492,354624904
1757662492,367299256
1757662492,369799016
1757662492,375362360
1757662492,381287176
1757662492,387368616
1757662492,389792600
1757662492,402808440
1757662492,411001352
1757662492,436455976
1757662492,486812232
1757662492,525795416
1757662492,558941464
1757662492,569087672
1757662492,599366824
1757662492,622804360
1757662492,630509720
1757662492,643921304
1757662492,659204616
1757662492,699711112
1757662492,722741080
1757662492,730382760
1757662492,741176296
1757662492,746834072
1757662492,758152360
1757662492,794982344
1757662492,808180440
1757662492,839111160
1757662492,845133672
1757662492,869407672
1757662492,897758264
1757662492,912044600
1757662492,932593624
1757662492,948557128
1757662492,963104360
1757662492,992511432
1757662493,20508424
1757662493,39000296
1757662493,42105448
1757662493,78758824
1757662493,89550008
1757662493,100027672
1757662493,118889224
1757662493,132467624
1757662493,138980728
1757662493,152039368
1757662493,173955208
1757662493,191928072
1757662493,206092088
1757662493,229319640
1757662493,235075480
1757662493,240974472
1757662493,268751160
1757662493,316371208
1757662493,324731368
1757662493,326820808
1757662493,331796296
1757662493,336318888
1757662493,337519416
1757662493,356252104
1757662493,370745384
1757662493,377455816
1757662493,389482696
1757662493,392129432
1757662493,447107160
1757662493,458498632
1757662493,462814808
1757662493,470821256
1757662493,488353176
1757662493,492674696
1757662493,501615720
1757662493,523462648
1757662493,544022392
1757662493,558951608
1757662493,589499352
1757662493,601396600
1757662493,608347704
1757662493,614498792
1757662493,617540088
1757662493,619600216
1757662493,638624408
1757662493,641032472
1757662493,700038536
1757662493,709709992
1757662493,753762728
1757662493,757813304
1757662493,767389960
1757662493,790692072
1757662493,798153336
1757662493,810601896
1757662493,847167128
1757662493,849083592
1757662493,875736024
1757662493,906580504
1757662493,946737896
1757662493,955584168
1757662493,965254664
1757662493,972802456
1757662493,998640168
1757662494,20907208
1757662494,23539448
1757662494,33081496
1757662494,57760728
1757662494,70547960
1757662494,95264568
1757662494,104739928
1757662494,108273528
1757662494,114147624
1757662494,135962776
1757662494,185973960
1757662494,229543912
1757662494,235650696
1757662494,267583544
1757662494,270179768
1757662494,304691800
1757662494,314892040
1757662494,336262216
1757662494,367892488
1757662494,374273256
1757662494,395999896
1757662494,398406680
1757662494,400200904
1757662494,401420072
1757662494,409498280
1757662494,411519128
1757662494,439833304
1757662494,451353752
1757662494,501676872
1757662494,528435704
1757662494,562277272
1757662494,576603672
1757662494,586513752
1757662494,620971464
1757662494,636089752
1757662494,641863480
1757662494,649251416
1757662494,662968264
1757662494,697592824
1757662494,700389448
1757662494,708473608
1757662494,721198232
1757662494,735555768
1757662494,748871864
1757662494,762899768
1757662494,788761224
1757662494,790746072
1757662494,793970184
1757662494,814457992
1757662494,850940280
1757662494,872834200
1757662494,885042728
1757662494,888810104
1757662494,912805320
1757662494,993477816
1757662494,995229768
1757662494,999057896
1757662495,8270136
1757662495,17104504
1757662495,40555528
1757662495,43428760
1757662495,75062168
1757662495,86552520
1757662495,107700280
1757662495,129678728
1757662495,139529720
1757662495,170888872
1757662495,187982584
1757662495,219483640
1757662495,237316072
1757662495,249565048
1757662495,300919064
1757662495,306996616
1757662495,325872136
1757662495,330670520
1757662495,337986456
1757662495,351789464
1757662495,360927256
1757662495,398774728
1757662495,400970024
1757662495,410796568
1757662495,436392008
1757662495,450274488
1757662495,453235544
1757662495,464022360
1757662495,484423976
1757662495,500887832
1757662495,502925640
1757662495,507079608
1757662495,513270440
1757662495,526545400
1757662495,527671768
1757662495,534217864
1757662495,536698024
1757662495,546340328
1757662495,570347016
1757662495,624600360
1757662495,707531160
1757662495,732755432
1757662495,735598280
1757662495,739113512
1757662495,749362600
1757662495,760475704
1757662495,762093992
1757662495,768947416
1757662495,788431352
1757662495,802497992
1757662495,817589592
1757662495,832970296
1757662495,853862712
1757662495,867844024
1757662495,872404408
1757662495,918623512
1757662495,939344968
1757662495,949254024
1757662495,967214712
1757662495,978364792
1757662495,981813896
1757662495,990693816
1757662495,998827992
1757662496,854760
1757662496,2331176
1757662496,24084328
1757662496,26718904
1757662496,43323688
1757662496,69112904
1757662496,71764696
1757662496,87283016
1757662496,89763064
1757662496,97646200
1757662496,140067016
1757662496,162570008
1757662496,169384696
1757662496,181696616
1757662496,195021704
1757662496,221740568
1757662496,233164248
1757662496,244385320
1757662496,245953944
1757662496,250410168
1757662496,260162376
1757662496,293147848
1757662496,302022584
1757662496,311823752
1757662496,314880728
1757662496,347956088
1757662496,357146792
1757662496,359488488
1757662496,365133128
1757662496,373905560
1757662496,387508184
1757662496,401084648
1757662496,423352040
1757662496,484519400
1757662496,486868328
1757662496,495001480
1757662496,508555400
1757662496,515861464
1757662496,550111192
1757662496,559544808
1757662496,566451128
1757662496,583969688
1757662496,616155320
1757662496,619767480
1757662496,627854152
1757662496,647807640
1757662496,691006328
1757662496,692975400
1757662496,732432040
1757662496,737145832
1757662496,760667608
1757662496,765643384
1757662496,772318776
1757662496,780992856
1757662496,844629832
1757662496,851406040
1757662496,873497032
1757662496,880862344
1757662496,885213256
1757662496,910936056
1757662496,936357704
1757662496,947147752
1757662496,999777064
1757662497,4775384
1757662497,17380024
1757662497,22425704
1757662497,24477320
1757662497,33992488
1757662497,40988072
1757662497,48842184
1757662497,87933752
1757662497,118155048
1757662497,142184056
1757662497,150525992
1757662497,151986120
1757662497,156235976
1757662497,188959672
1757662497,200600184
1757662497,223484488
1757662497,227188856
1757662497,235867672
1757662497,239335960
1757662497,256602632
1757662497,263820840
1757662497,278084088
1757662497,304205688
1757662497,312918088
1757662497,314069048
1757662497,332465736
1757662497,355884472
1757662497,364271416
1757662497,365872328
1757662497,373455688
1757662497,380152808
1757662497,388393880
1757662497,411620072
1757662497,433591752
1757662497,454620136
1757662497,492368904
1757662497,496600680
1757662497,501575016
1757662497,519078488
1757662497,534740824
1757662497,558503688
1757662497,573350840
1757662497,589834984
1757662497,634584168
1757662497,665684024
1757662497,672504104
1757662497,676403608
1757662497,685984104
1757662497,708482520
1757662497,712246808
1757662497,734146568
1757662497,749462280
1757662497,771491256
1757662497,789592984
1757662497,790975672
1757662497,796057432
1757662497,843243608
1757662497,905225928
1757662497,914051880
1757662497,977504248
1757662497,983616808
1757662497,986865256
1757662498,4852712
1757662498,11576952
1757662498,19705208
1757662498,49090808
1757662498,75033192
1757662498,95013192
1757662498,138181592
1757662498,139343416
1757662498,146414792
1757662498,154439512
1757662498,157946776
1757662498,163943864
1757662498,171964056
1757662498,173654936
1757662498,183158824
1757662498,195577672
1757662498,258735560
1757662498,290396584
1757662498,297929848
1757662498,299813368
1757662498,301396328
1757662498,324450904
1757662498,328987688
1757662498,349585400
1757662498,365900248
1757662498,369370392
1757662498,393711896
1757662498,399411816
1757662498,420942328
1757662498,432586904
1757662498,433693784
1757662498,435434584
1757662498,438456104
1757662498,439951768
1757662498,459555160
1757662498,465017304
1757662498,473006392
1757662498,481142632
1757662498,510301784
1757662498,512713816
1757662498,533254344
1757662498,538567720
1757662498,582823224
1757662498,585782712
1757662498,588003432
1757662498,608489832
1757662498,622653480
1757662498,628305656
1757662498,637144824
1757662498,638291768
1757662498,646243624
1757662498,649211144
1757662498,661660008
1757662498,663031672
1757662498,680764216
1757662498,683876680
1757662498,701716568
1757662498,748123304
1757662498,760359032
1757662498,778523576
1757662498,800743624
1757662498,834049768
1757662498,894069608
1757662498,906035560
1757662498,908330232
1757662498,914748968
1757662498,938800392
1757662498,983553336
1757662498,985168456
1757662498,994704312
1757662499,14843160
1757662499,40627752
1757662499,75838856
1757662499,138639240
1757662499,148285832
1757662499,151742520
1757662499,170699912
1757662499,174547912
1757662499,190715320
1757662499,253573080
1757662499,257118552
1757662499,269979560
1757662499,323422616
1757662499,339836120
1757662499,354085384
1757662499,376946360
1757662499,404984376
1757662499,440706680
1757662499,483738312
1757662499,489896408
1757662499,521781256
1757662499,527247592
1757662499,538414856
1757662499,540947192
1757662499,555303544
1757662499,561934792
1757662499,565378632
1757662499,578125160
1757662499,581919208
1757662499,591761592
1757662499,607598504
1757662499,615654984
1757662499,630070776
1757662499,665714616
1757662499,679069464
1757662499,680705352
1757662499,685748632
1757662499,710336936
1757662499,731826472
1757662499,744672744
1757662499,749704472
1757662499,774149128
1757662499,804867176
1757662499,858850712
1757662499,872385272
1757662499,897532008
1757662499,899388456
1757662499,918611944
1757662499,921725240
1757662499,925275608
1757662499,926556824
1757662499,935420504
1757662499,947648360
1757662499,963059192
1757662499,979008424
1757662499,982691448
1757662500,22726472
1757662500,29669224
1757662500,42745816
1757662500,45786280
1757662500,57212632
1757662500,91151016
1757662500,100953368
1757662500,116860968
1757662500,124205800
1757662500,143627384
1757662500,153949128
1757662500,202067880
1757662500,211474920
1757662500,214510712
1757662500,220121544
1757662500,225722792
1757662500,249886776
1757662500,255797496
1757662500,279478712
1757662500,287506568
1757662500,295135656
1757662500,299487480
1757662500,309525640
1757662500,315763544
1757662500,347153128
1757662500,351370360
1757662500,355318024
1757662500,365794216
1757662500,372735512
1757662500,375274296
1757662500,431030280
1757662500,453994808
1757662500,468565144
1757662500,473041144
1757662500,485121720
1757662500,487264616
1757662500,508723240
1757662500,518928664
1757662500,543714280
1757662500,552674792
1757662500,554312024
1757662500,562553704
1757662500,577560872
1757662500,590667784
1757662500,596512472
1757662500,598498744
1757662500,603106888
1757662500,608103576
1757662500,611238584
1757662500,661073624
1757662500,684144296
1757662500,686178488
1757662500,731368840
1757662500,822608536
1757662500,833696568
1757662500,852834504
1757662500,854078696
1757662500,855697672
1757662500,908510344
1757662500,913928152
1757662500,915318024
1757662500,935599848
1757662500,970856392
1757662500,972656104
1757662500,983738184
1757662501,536104
1757662501,4302488
1757662501,35199528
1757662501,52776040
1757662501,66554920
1757662501,73650744
1757662501,75452504
1757662501,87045960
1757662501,97313608
1757662501,102416040
1757662501,138162264
1757662501,143741816
1757662501,163351320
1757662501,179476936
1757662501,208545912
1757662501,232666552
1757662501,245505784
1757662501,287058168
1757662501,311271688
1757662501,313323960
1757662501,314986440
1757662501,321625304
1757662501,323277704
1757662501,332123352
1757662501,361826520
1757662501,369579640
1757662501,370993656
1757662501,372730296
1757662501,377063320
1757662501,398407304
1757662501,454763336
1757662501,459863112
1757662501,471380968
1757662501,474873352
1757662501,484360760
1757662501,530058728
1757662501,550121480
1757662501,564001576
1757662501,565890264
1757662501,572805528
1757662501,579150472
1757662501,589215992
1757662501,596130200
1757662501,621770328
1757662501,626978904
1757662501,632354328
1757662501,649139320
1757662501,682028712
1757662501,694002248
1757662501,699083480
1757662501,700865256
1757662501,713549656
1757662501,732817160
1757662501,752643896
1757662501,779924344
1757662501,791539016
1757662501,800944888
1757662501,811599560
1757662501,825565832
1757662501,826759656
1757662501,860395128
1757662501,878756536
1757662501,880457608
1757662501,943684728
1757662501,953590168
1757662502,6515160
1757662502,64128600
1757662502,65597608
1757662502,73617944
1757662502,96318808
1757662502,102240008
1757662502,106215672
1757662502,128760280
1757662502,136204472
1757662502,140902520
1757662502,152566952
1757662502,176817944
1757662502,177931448
1757662502,197484728
1757662502,219449016
1757662502,228780488
1757662502,233856664
1757662502,248438552
1757662502,261716392
1757662502,276575272
1757662502,289493656
1757662502,295358760
1757662502,347037416
1757662502,359025640
1757662502,365571400
1757662502,368286184
1757662502,388780136
1757662502,390005368
1757662502,396198104
1757662502,416486568
1757662502,440448856
1757662502,446897288
1757662502,457664968
1757662502,486096584
1757662502,535677416
1757662502,538871000
1757662502,545590520
1757662502,547400776
1757662502,604471224
1757662502,606495512
1757662502,614630104
1757662502,626048296
1757662502,631383544
1757662502,677389704
1757662502,682347512
1757662502,685003560
1757662502,689883944
1757662502,694450728
1757662502,710740712
1757662502,718121688
1757662502,774890408
1757662502,787573352
1757662502,790554632
1757662502,816871880
1757662502,829506824
1757662502,843306280
1757662502,887055736
1757662502,889582200
1757662502,892244728
1757662502,898916696
1757662502,906129336
1757662502,915364616
1757662502,940769368
1757662502,944121384
1757662503,3737896
1757662503,57486184
1757662503,71045464
1757662503,77408968
1757662503,79577016
1757662503,89772472
1757662503,108488632
1757662503,126760584
1757662503,143800040
1757662503,169848488
1757662503,212790328
1757662503,294487976
1757662503,296550264
1757662503,298388424
1757662503,310103240
1757662503,338548856
1757662503,342802744
1757662503,365873368
1757662503,378514696
1757662503,379863752
1757662503,390063736
1757662503,393595544
1757662503,401722104
1757662503,411635832
1757662503,421556600
1757662503,472234296
1757662503,486308952
1757662503,487749384
1757662503,491308360
1757662503,498854680
1757662503,518708488
1757662503,568718456
1757662503,612531288
1757662503,625819064
1757662503,692348568
1757662503,703602248
1757662503,710073352
1757662503,717286072
1757662503,719531240
1757662503,721362424
1757662503,737461608
1757662503,740777624
1757662503,742574808
1757662503,761140008
1757662503,822998520
1757662503,831037768
1757662503,839952312
1757662503,858323864
1757662503,874234408
1757662503,896452760
1757662503,912350200
1757662503,938787464
1757662503,967085336
1757662503,972834824
1757662504,30976568
1757662504,32752712
1757662504,36513304
1757662504,42263448
1757662504,60975912
1757662504,62451704
1757662504,76097416
1757662504,91631704
1757662504,95061656
1757662504,100623624
1757662504,142177016
1757662504,199545704
1757662504,208538664
1757662504,214358760
1757662504,222196552
1757662504,227380616
1757662504,232519080
1757662504,268305112
1757662504,286856616
1757662504,301448056
1757662504,325756248
1757662504,330089320
1757662504,332875736
1757662504,349251608
1757662504,353303800
1757662504,383348968
1757662504,405982264
1757662504,417186856
1757662504,440396680
1757662504,451651112
1757662504,453351640
1757662504,457021896
1757662504,471389512
1757662504,499913256
1757662504,506861736
1757662504,517482904
1757662504,533017560
1757662504,554894024
1757662504,557669128
1757662504,561349784
1757662504,599674632
1757662504,629027576
1757662504,630301432
1757662504,636853880
1757662504,645594632
1757662504,647807320
1757662504,668340648
1757662504,678781592
1757662504,700956616
1757662504,715787320
1757662504,727363816
1757662504,734864392
1757662504,743699688
1757662504,795435816
1757662504,797884504
1757662504,812294616
1757662504,818662072
1757662504,838519608
1757662504,842434808
1757662504,876113976
1757662504,880597096
1757662504,887043512
1757662504,900285016
1757662504,940277416
1757662504,950459976
1757662504,968598696
1757662504,998986712
1757662505,18836504
1757662505,22304712
1757662505,33376488
1757662505,40006056
1757662505,50403992
1757662505,57553944
1757662505,85259640
1757662505,96756280
1757662505,111818888
1757662505,122587960
1757662505,164046856
1757662505,172429528
1757662505,174379656
1757662505,184263128
1757662505,188352056
1757662505,218479960
1757662505,228417432
1757662505,251199000
1757662505,259235064
1757662505,260567000
1757662505,281915944
1757662505,339713176
1757662505,342956296
1757662505,345895096
1757662505,350186872
1757662505,354312008
1757662505,377290296
1757662505,387864616
1757662505,436110584
1757662505,439693192
1757662505,442793720
1757662505,454686232
1757662505,463858360
1757662505,473308728
1757662505,477937128
1757662505,483940040
1757662505,500305304
1757662505,522014552
1757662505,528002168
1757662505,532616808
1757662505,534401992
1757662505,555109928
1757662505,581098376
1757662505,593130568
1757662505,602069720
1757662505,625266024
1757662505,627152344
1757662505,632271848
1757662505,635498696
1757662505,645109784
1757662505,647985048
1757662505,650355064
1757662505,656861144
1757662505,682748280
1757662505,690098728
1757662505,699075032
1757662505,704784328
1757662505,768673928
1757662505,794156424
1757662505,797726040
1757662505,805430840
1757662505,826528408
1757662505,829801480
1757662505,836258040
1757662505,838228216
1757662505,860749832
1757662505,893417304
1757662505,899353208
1757662505,919250136
1757662505,925973560
1757662505,947043832
1757662505,959141416
1757662505,962210344
1757662505,991367240
1757662506,1212648
1757662506,26536200
1757662506,49404088
1757662506,70947432
1757662506,85819336
1757662506,116528968
1757662506,141661720
1757662506,178247960
1757662506,189437432
1757662506,201469336
1757662506,261843576
1757662506,271423544
1757662506,283410120
1757662506,323609240
1757662506,332387240
1757662506,345089976
1757662506,352364312
1757662506,373648232
1757662506,377038280
1757662506,383584792
1757662506,397488456
1757662506,400455656
1757662506,406800888
1757662506,447031656
1757662506,452970296
1757662506,463249672
1757662506,488618824
1757662506,491390632
1757662506,501930872
1757662506,521150696
1757662506,557316968
1757662506,568518424
1757662506,579010376
1757662506,584944744
1757662506,586594216
1757662506,595726200
1757662506,598173128
1757662506,608754232
1757662506,617859032
1757662506,632399848
1757662506,651020232
1757662506,678115192
1757662506,682682680
1757662506,693043128
1757662506,694181832
1757662506,700251560
1757662506,714529832
1757662506,726822264
1757662506,743886008
1757662506,748046392
1757662506,749261816
1757662506,750551160
1757662506,782795768
1757662506,825139080
1757662506,838874728
1757662506,844105368
1757662506,846539768
1757662506,849480296
1757662506,878955688
1757662506,890088344
1757662506,892000120
1757662506,923165208
1757662506,933138008
1757662506,957228968
1757662506,960279384
1757662506,962335704
1757662506,966616472
1757662506,976110664
1757662506,988653048
1757662506,995883224
1757662507,3526248
1757662507,5428104
1757662507,14541544
1757662507,35710248
1757662507,53049960
1757662507,64233592
1757662507,70874296
1757662507,80016504
1757662507,109355144
1757662507,121795640
1757662507,134002280
1757662507,151051640
1757662507,176778168
1757662507,185039672
1757662507,192288824
1757662507,227030616
1757662507,228214088
1757662507,233949000
1757662507,258735320
1757662507,301575688
1757662507,312785240
1757662507,324728936
1757662507,337436520
1757662507,346417720
1757662507,348831048
1757662507,352429608
1757662507,369476072
1757662507,398138680
1757662507,416807688
1757662507,446173704
1757662507,450143352
1757662507,463117000
1757662507,474208168
1757662507,510933352
1757662507,517137464
1757662507,518754152
1757662507,551284664
1757662507,555124840
1757662507,562402568
1757662507,563809784
1757662507,590318104
1757662507,628423688
1757662507,636511240
1757662507,645880920
1757662507,656081512
1757662507,658153064
1757662507,665649928
1757662507,705963928
1757662507,709472744
1757662507,714885256
1757662507,729132136
1757662507,733707960
1757662507,744261176
1757662507,775278664
1757662507,792838440
1757662507,799827160
1757662507,812855832
1757662507,855557432
1757662507,856568312
1757662507,869828120
1757662507,884358136
1757662507,904029704
1757662507,916181464
1757662507,922389512
1757662507,929000776
1757662507,931629672
1757662507,938604424
1757662507,992069608
1757662507,994502296
1757662508,7071992
1757662508,23558408
1757662508,27910488
1757662508,37368488
1757662508,42075864
1757662508,50942024
1757662508,58607640
1757662508,63271240
1757662508,65989416
1757662508,68514728
1757662508,104415384
1757662508,114505336
1757662508,121702488
1757662508,135228296
1757662508,138902280
1757662508,143617080
1757662508,158058248
1757662508,159639496
1757662508,163096232
1757662508,169972008
1757662508,173447704
1757662508,178694024
1757662508,184851112
1757662508,218165928
1757662508,255621880
1757662508,267078744
1757662508,269462808
1757662508,283747032
1757662508,284981672
1757662508,294293496
1757662508,300959544
1757662508,310512600
1757662508,322885592
1757662508,350234152
1757662508,361698104
1757662508,370564520
1757662508,386915352
1757662508,392449816
1757662508,404631400
1757662508,412521496
1757662508,416132856
1757662508,439079464
1757662508,445101608
1757662508,448940200
1757662508,452973448
1757662508,478643912
1757662508,497103768
1757662508,505562568
1757662508,518400184
1757662508,519758120
1757662508,558072856
1757662508,576469144
1757662508,592167944
1757662508,655950104
1757662508,719130600
1757662508,725015592
1757662508,731687032
1757662508,744653480
1757662508,746495496
1757662508,771233400
1757662508,773762344
1757662508,776604728
1757662508,789064712
1757662508,800870232
1757662508,810329432
1757662508,815605736
1757662508,844174040
1757662508,856918360
1757662508,877123816
1757662508,879842808
1757662508,882020056
1757662508,894862936
1757662508,896601832
1757662508,904980760
1757662508,933683000
1757662508,982950856
1757662508,993255336
1757662508,997555256
1757662509,21794952
1757662509,24424248
1757662509,46317368
1757662509,101947384
1757662509,103701944
1757662509,106795384
1757662509,120897048
1757662509,160705720
1757662509,171680936
1757662509,208380792
1757662509,218082984
1757662509,225892824
1757662509,242678856
1757662509,265307464
1757662509,278986024
1757662509,295660696
1757662509,296951128
1757662509,301972440
1757662509,304654920
1757662509,332622328
1757662509,340506536
1757662509,356953496
1757662509,361712280
1757662509,377629256
1757662509,381206152
1757662509,390160472
1757662509,419465608
1757662509,438254856
1757662509,451009256
1757662509,454048872
1757662509,458138072
1757662509,466034488
1757662509,467502840
1757662509,510821336
1757662509,523832472
1757662509,545979064
1757662509,591265640
1757662509,594029544
1757662509,606562104
1757662509,612047016
1757662509,643546664
1757662509,680592920
1757662509,681813672
1757662509,703547048
1757662509,721385480
1757662509,729068264
1757662509,731098440
1757662509,746934200
1757662509,749113720
1757662509,763557864
1757662509,777578712
1757662509,779632584
1757662509,793104696
1757662509,802174936
1757662509,808564008
1757662509,813595080
1757662509,820741320
1757662509,829456776
1757662509,837526776
1757662509,847881896
1757662509,885040552
1757662509,889753304
1757662509,933685080
1757662509,937257128
1757662509,941845400
1757662509,967648280
1757662509,981044504
1757662509,993790792
1757662510,27522504
1757662510,41331768
1757662510,46810648
1757662510,68055016
1757662510,74377736
1757662510,89402392
1757662510,91330088
1757662510,125376536
1757662510,135145224
1757662510,137478216
1757662510,150384008
1757662510,174019672
1757662510,201923000
1757662510,206656024
1757662510,210038808
1757662510,221449928
1757662510,236172088
1757662510,248044056
1757662510,251310024
1757662510,279545448
1757662510,295116328
1757662510,310130792
1757662510,335528776
1757662510,349192328
1757662510,370136840
1757662510,388499080
1757662510,395701080
1757662510,397876680
1757662510,418378488
1757662510,454859544
1757662510,456447384
1757662510,458947560
1757662510,500915448
1757662510,505948744
1757662510,511271144
1757662510,521149608
1757662510,543320648
1757662510,549439224
1757662510,553688520
1757662510,564562840
1757662510,570661800
1757662510,574281544
1757662510,591703992
1757662510,593804104
1757662510,601198664
1757662510,623187800
1757662510,633993784
1757662510,641379848
1757662510,680122312
1757662510,693402152
1757662510,717487048
1757662510,735741192
1757662510,763097656
1757662510,771106328
1757662510,776306264
1757662510,781556760
1757662510,791137192
1757662510,803631816
1757662510,840734360
1757662510,857457608
1757662510,900129208
1757662510,923023784
1757662510,958431416
1757662510,965996584
1757662510,995395208
1757662511,808232
1757662511,23835400
1757662511,60609048
1757662511,68084936
1757662511,114509368
1757662511,122004616
1757662511,130644920
1757662511,135101624
1757662511,147571496
1757662511,172517080
1757662511,178689368
1757662511,181969784
1757662511,200796024
1757662511,216466200
1757662511,233159000
1757662511,238474216
1757662511,255236104
1757662511,257731272
1757662511,273109704
1757662511,294721688
1757662511,311925576
1757662511,317616792
1757662511,335616344
1757662511,339448488
1757662511,354889960
1757662511,395701640
1757662511,418587608
1757662511,439322120
1757662511,457788840
1757662511,496176520
1757662511,503336824
1757662511,515862904
1757662511,536673160
1757662511,539925784
1757662511,552717144
1757662511,561341832
1757662511,575668584
1757662511,588422808
1757662511,634430424
1757662511,679896456
1757662511,705676344
1757662511,713612248
1757662511,720288264
1757662511,733929256
1757662511,743372216
1757662511,746165528
1757662511,750449176
1757662511,770325752
1757662511,824356760
1757662511,828705112
1757662511,831914072
1757662511,840602712
1757662511,845456712
1757662511,888773992
1757662511,889914968
1757662511,961443016
1757662512,19367480
1757662512,26597256
1757662512,33763528
1757662512,55041672
1757662512,67695240
1757662512,95915784
1757662512,167671608
1757662512,174324344
1757662512,185154104
1757662512,211955832
1757662512,217844184
1757662512,227806568
1757662512,238395272
1757662512,243078616
1757662512,253363992
1757662512,256243432
1757662512,268087976
1757662512,295560744
1757662512,300373176
1757662512,320794072
1757662512,335075592
1757662512,347218344
1757662512,366837368
1757662512,379569416
1757662512,389969240
1757662512,398433912
1757662512,402179096
1757662512,407449784
1757662512,409307160
1757662512,418330568
1757662512,424244072
1757662512,426815208
1757662512,435032392
1757662512,447328008
1757662512,466131224
1757662512,473063544
1757662512,488409048
1757662512,501191528
1757662512,528447928
1757662512,536007112
1757662512,553988200
1757662512,568098344
1757662512,571072440
1757662512,590174328
1757662512,593246616
1757662512,601820200
1757662512,612464152
1757662512,619220728
1757662512,623016824
1757662512,657254024
1757662512,677000072
1757662512,689462600
1757662512,721326520
1757662512,722690728
1757662512,744070088
1757662512,758117160
1757662512,761488536
1757662512,792480696
1757662512,798279976
1757662512,821061272
1757662512,826800104
1757662512,840396440
1757662512,847729976
1757662512,862279432
1757662512,868273288
1757662512,878930968
1757662512,907701128
1757662512,919898648
1757662512,949379352
1757662512,950719880
1757662512,956549112
1757662512,986881240
1757662513,8650856
1757662513,21393032
1757662513,23708008
1757662513,29468056
1757662513,32263272
1757662513,35287384
1757662513,43139592
1757662513,45577736
1757662513,58222344
1757662513,64168840
1757662513,87978776
1757662513,116619208
1757662513,139526600
1757662513,161335960
1757662513,169415112
1757662513,271173864
1757662513,279512328
1757662513,297018776
1757662513,318815080
1757662513,326174088
1757662513,328307976
1757662513,336027672
1757662513,337380440
1757662513,343747880
1757662513,359828440
1757662513,366891656
1757662513,370958616
1757662513,383055768
1757662513,384205560
1757662513,387783624
1757662513,407861496
1757662513,417387288
1757662513,482872440
1757662513,493878536
1757662513,497343288
1757662513,522238552
1757662513,525104696
1757662513,531557304
1757662513,545881320
1757662513,564491640
1757662513,590233768
1757662513,605484648
1757662513,608972040
1757662513,617943544
1757662513,619355608
1757662513,629849560
1757662513,632348024
1757662513,682104664
1757662513,699716824
1757662513,722419112
1757662513,728576424
1757662513,732168984
1757662513,733766392
1757662513,739326920
1757662513,741552616
1757662513,752515976
1757662513,772344568
1757662513,805302888
1757662513,807733704
1757662513,814717896
1757662513,856986936
1757662513,866068696
1757662513,871418728
1757662513,901464520
1757662513,940010440
1757662513,947312008
1757662513,955397768
1757662513,958431912
1757662513,966361272
1757662513,992531752
1757662514,4713864
1757662514,29338824
1757662514,51540472
1757662514,62794520
1757662514,66334616
1757662514,74282088
1757662514,81449368
1757662514,89630040
1757662514,95425992
1757662514,98871176
1757662514,101779912
1757662514,106391384
1757662514,110762872
1757662514,112275800
1757662514,141874104
1757662514,151773768
1757662514,158386296
1757662514,163662472
1757662514,190951144
1757662514,200125192
1757662514,209372728
1757662514,219158504
1757662514,222336568
1757662514,228461128
1757662514,270632280
1757662514,272957784
1757662514,277017512
1757662514,278117560
1757662514,285791288
1757662514,287692856
1757662514,330621480
1757662514,359397528
1757662514,389059448
1757662514,446716088
1757662514,492978584
1757662514,515693864
1757662514,521429368
1757662514,523732488
1757662514,539748888
1757662514,547693960
1757662514,553348072
1757662514,555280744
1757662514,556553480
1757662514,558121768
1757662514,573251400
1757662514,594002776
1757662514,604737688
1757662514,609732824
1757662514,612592664
1757662514,623977784
1757662514,646917816
1757662514,688450664
1757662514,707460936
1757662514,714066200
1757662514,718399688
1757662514,728503544
1757662514,731350376
1757662514,740107352
1757662514,745213464
1757662514,763123608
1757662514,840974184
1757662514,845568664
1757662514,865090936
1757662514,875877528
1757662514,888946840
1757662514,891059624
1757662514,893891992
1757662514,933615768
1757662514,943968136
1757662514,984141272
1757662514,999165656
1757662515,103817896
1757662515,131505768
1757662515,135821736
1757662515,140669144
1757662515,167170920
1757662515,174263624
1757662515,184754920
1757662515,211103880
1757662515,225859448
1757662515,234892072
1757662515,248355640
1757662515,255486840
1757662515,268271160
1757662515,286080984
1757662515,298103720
1757662515,378153816
1757662515,393363816
1757662515,394832056
1757662515,404255368
1757662515,414025576
1757662515,437828792
1757662515,448057400
1757662515,460960296
1757662515,481998264
1757662515,484876840
1757662515,487997832
1757662515,499096600
1757662515,500850104
1757662515,514207640
1757662515,520676120
1757662515,525142584
1757662515,589435624
1757662515,602673704
1757662515,616832888
1757662515,688738952
1757662515,692323880
1757662515,702720664
1757662515,715249144
1757662515,742714504
1757662515,759100232
1757662515,770990696
1757662515,791748040
1757662515,795715960
1757662515,834966296
1757662515,842149320
1757662515,865385432
1757662515,870634072
1757662515,880319288
1757662515,882483944
1757662515,890165768
1757662515,894708568
1757662515,941908728
1757662515,959069928
1757662515,964418840
1757662515,975001432
1757662515,976425912
1757662516,12855384
1757662516,31089144
1757662516,49187336
1757662516,58386056
1757662516,61486376
1757662516,67306920
1757662516,95026376
1757662516,140430424
1757662516,162356072
1757662516,233419256
1757662516,235991912
1757662516,249597912
1757662516,271141880
1757662516,281832280
1757662516,288364264
1757662516,293822920
1757662516,313205640
1757662516,328838024
1757662516,350592344
1757662516,353648664
1757662516,372262984
1757662516,405062840
1757662516,415283640
1757662516,420700408
1757662516,436279304
1757662516,442535944
1757662516,443819784
1757662516,529296328
1757662516,532265576
1757662516,608275992
1757662516,609667896
1757662516,703504056
1757662516,723112280
1757662516,729925528
1757662516,732245336
1757662516,735245384
1757662516,760809336
1757662516,772144712
1757662516,813895240
1757662516,816679816
1757662516,828646072
1757662516,841448360
1757662516,842987736
1757662516,845252360
1757662516,860382648
1757662516,878215320
1757662516,887744920
1757662516,930951064
1757662516,944144328
1757662516,963539976
1757662516,990134488
1757662517,9189304
1757662517,31977576
1757662517,37077256
1757662517,47387752
1757662517,90481304
1757662517,109085000
1757662517,111193448
1757662517,146808584
1757662517,148610184
1757662517,166260392
1757662517,173953992
1757662517,191723608
1757662517,208018136
1757662517,216619352
1757662517,219857000
1757662517,223143432
1757662517,227716920
1757662517,230215416
1757662517,237274776
1757662517,248254712
1757662517,278772376
1757662517,281258776
1757662517,294521480
1757662517,305462856
1757662517,312269496
1757662517,320822264
1757662517,323209720
1757662517,327887048
1757662517,353606904
1757662517,357511400
1757662517,359523992
1757662517,388689864
1757662517,402419592
1757662517,406245128
1757662517,408325528
1757662517,425600232
1757662517,432708808
1757662517,436694776
1757662517,439069784
1757662517,450212392
1757662517,454674456
1757662517,470748728
1757662517,525525016
1757662517,542964152
1757662517,554902168
1757662517,557939464
1757662517,563334504
1757662517,581820888
1757662517,608181496
1757662517,616136920
1757662517,621504408
1757662517,646203112
1757662517,652829688
1757662517,695666904
1757662517,702657832
1757662517,782874584
1757662517,793372968
1757662517,806384536
1757662517,844081928
1757662517,877438968
1757662517,897994104
1757662517,899382680
1757662517,922757016
1757662517,947016808
1757662517,959600648
1757662517,979085816
1757662517,994384664
1757662517,997540504
1757662518,20858440
1757662518,48927704
1757662518,60802904
1757662518,67201448
1757662518,114365000
1757662518,160381448
1757662518,186695448
1757662518,187862728
1757662518,200791944
1757662518,219944264
1757662518,224415000
1757662518,240820632
1757662518,266043592
1757662518,283784392
1757662518,296123416
1757662518,333877544
1757662518,341998648
1757662518,345409208
1757662518,353769992
1757662518,355588600
1757662518,366083848
1757662518,369164696
1757662518,462513032
1757662518,486976280
1757662518,489695544
1757662518,496440744
1757662518,505507144
1757662518,520941880
1757662518,551230520
1757662518,553475128
1757662518,571626856
1757662518,581166328
1757662518,623955608
1757662518,630410456
1757662518,639818056
1757662518,643342712
1757662518,649713272
1757662518,652008392
1757662518,655364072
1757662518,661755256
1757662518,667621704
1757662518,674891192
1757662518,679297016
1757662518,704244856
1757662518,761659416
1757662518,814800504
1757662518,833886648
1757662518,857050712
1757662518,871246600
1757662518,874046312
1757662518,938844536
1757662518,948202712
1757662518,953133848
1757662518,965454712
1757662518,980042168
1757662518,981171736
1757662518,983790856
1757662518,988869176
1757662518,990201576
1757662519,51811480
1757662519,58391480
1757662519,66884392
1757662519,84539880
1757662519,87993512
1757662519,91596648
1757662519,94621800
1757662519,113972520
1757662519,121609048
1757662519,129162168
1757662519,153699224
1757662519,163139384
1757662519,204943672
1757662519,219523480
1757662519,273472552
1757662519,336373032
1757662519,341154216
1757662519,348334232
1757662519,353740120
1757662519,358432392
1757662519,377246792
1757662519,390500024
1757662519,402256648
1757662519,415195928
1757662519,448006888
1757662519,459170952
1757662519,501692984
1757662519,510412488
1757662519,511704248
1757662519,526171464
1757662519,527649720
1757662519,554280296
1757662519,556937256
1757662519,564951544
1757662519,586010632
1757662519,594362664
1757662519,596022888
1757662519,597411272
1757662519,692028424
1757662519,693994024
1757662519,705900632
1757662519,728100664
1757662519,729794632
1757662519,733599512
1757662519,738802248
1757662519,745801448
1757662519,758051752
1757662519,761491048
1757662519,764787944
1757662519,869564280
1757662519,894615144
1757662519,976509992
1757662519,980445432
1757662519,994605992
1757662520,29799720
1757662520,42079944
1757662520,70665368
1757662520,77548648
1757662520,81384232
1757662520,83970248
1757662520,90730136
1757662520,92003944
1757662520,113435832
1757662520,119157880
1757662520,134708872
1757662520,149053160
1757662520,160180072
1757662520,182469816
1757662520,185284920
1757662520,187388840
1757662520,201836632
1757662520,219852920
1757662520,273964456
1757662520,291101800
1757662520,307796568
1757662520,321905912
1757662520,349984232
1757662520,358256056
1757662520,368717736
1757662520,370808552
1757662520,373893096
1757662520,386278056
1757662520,413818312
1757662520,415357352
1757662520,462967160
1757662520,476080648
1757662520,485830200
1757662520,488850120
1757662520,602362312
1757662520,605354120
1757662520,616648248
1757662520,629272024
1757662520,639157240
1757662520,642373448
1757662520,645713496
1757662520,658582088
1757662520,662607928
1757662520,663694568
1757662520,667337672
1757662520,689266968
1757662520,701477000
1757662520,711098152
1757662520,782336344
1757662520,814653576
1757662520,818589048
1757662520,825576424
1757662520,828794888
1757662520,886670504
1757662520,912813624
1757662520,919924184
1757662520,936812376
1757662520,959184536
1757662521,2455016
1757662521,21703208
1757662521,31219976
1757662521,88916504
1757662521,91940616
1757662521,134007368
1757662521,141830184
1757662521,155569592
1757662521,172484072
1757662521,174141896
1757662521,190639480
1757662521,205265816
1757662521,243142712
1757662521,275870056
1757662521,277685768
1757662521,285953304
1757662521,289112056
1757662521,298058712
1757662521,315382808
1757662521,334680056
1757662521,351042104
1757662521,378926248
1757662521,479667256
1757662521,529986008
1757662521,534142264
1757662521,553272904
1757662521,566761112
1757662521,571067896
1757662521,576840888
1757662521,591051688
1757662521,618394008
1757662521,637708856
1757662521,641130376
1757662521,663597656
1757662521,669965064
1757662521,673205336
1757662521,677114664
1757662521,680217320
1757662521,729050824
1757662521,731274392
1757662521,738286200
1757662521,744617816
1757662521,781405656
1757662521,835369672
1757662521,849654152
1757662521,864463656
1757662521,876628088
1757662521,883036296
1757662521,893271560
1757662521,909334664
1757662521,910892248
1757662521,915973592
1757662521,922645848
1757662521,932226520
1757662521,946551352
1757662521,948239272
1757662521,950163992
1757662521,955511912
1757662521,958421560
1757662521,980909736
1757662521,999782440
1757662522,23046616
1757662522,31870856
1757662522,44032216
1757662522,66921880
1757662522,69215752
1757662522,78169816
1757662522,80530296
1757662522,85182936
1757662522,98838344
1757662522,114559224
1757662522,149201896
1757662522,160556984
1757662522,189254264
1757662522,191392248
1757662522,201115112
1757662522,227569640
1757662522,248023448
1757662522,262859416
1757662522,275631960
1757662522,320486792
1757662522,322321016
1757662522,333487784
1757662522,358235560
1757662522,360297016
1757662522,372416152
1757662522,380134296
1757662522,407483240
1757662522,415869128
1757662522,418645752
1757662522,421784920
1757662522,423631304
1757662522,428206472
1757662522,438054440
1757662522,450940008
1757662522,463851656
1757662522,482790184
1757662522,484425512
1757662522,520254216
1757662522,541836440
1757662522,556513400
1757662522,577661560
1757662522,587660040
1757662522,593000616
1757662522,652529528
1757662522,686726104
1757662522,696747032
1757662522,704868024
1757662522,716922888
1757662522,736312008
1757662522,741673480
1757662522,748386088
1757662522,759476552
1757662522,796313592
1757662522,804802184
1757662522,826483144
1757662522,833885800
1757662522,856683544
1757662522,858238024
1757662522,886857352
1757662522,888331752
1757662522,893907032
1757662522,896409608
1757662522,897704840
1757662522,928073880
1757662522,937272792
1757662522,995618056
1757662523,30601656
1757662523,40003528
1757662523,43478136
1757662523,55002280
1757662523,58360072
1757662523,74294888
1757662523,91931032
1757662523,94097624
1757662523,116004616
1757662523,141862712
1757662523,149883480
1757662523,194095048
1757662523,229104776
1757662523,248667768
1757662523,252806024
1757662523,267999832
1757662523,283034872
1757662523,287973960
1757662523,317042248
1757662523,318583576
1757662523,340885144
1757662523,357521800
1757662523,361497624
1757662523,386632344
1757662523,395693416
1757662523,406656936
1757662523,459678808
1757662523,463741720
1757662523,468269656
1757662523,478257656
1757662523,483425640
1757662523,502247320
1757662523,551075304
1757662523,577242680
1757662523,590443288
1757662523,643421928
1757662523,685347256
1757662523,698637272
1757662523,702290904
1757662523,732551816
1757662523,745494504
1757662523,748917240
1757662523,753918184
1757662523,764473480
1757662523,774012568
1757662523,781318840
1757662523,819678488
1757662523,821882984
1757662523,837791896
1757662523,845670312
1757662523,853994968
1757662523,894978792
1757662523,909435096
1757662523,914151976
1757662523,957200984
1757662523,976297832
1757662523,984534712
1757662523,992787560
1757662524,6957112
1757662524,13011672
1757662524,46005880
1757662524,50044808
1757662524,60646632
1757662524,73173688
1757662524,115524024
1757662524,119339624
1757662524,126382104
1757662524,149708024
1757662524,165041400
1757662524,196838584
1757662524,204145704
1757662524,217796408
1757662524,223566616
1757662524,243372504
1757662524,279920936
1757662524,325170296
1757662524,331620776
1757662524,353303496
1757662524,357825320
1757662524,409493400
1757662524,448894792
1757662524,453207304
1757662524,460930536
1757662524,463083224
1757662524,534764872
1757662524,542525464
1757662524,562968120
1757662524,567621336
1757662524,582123640
1757662524,591671512
1757662524,632157928
1757662524,666101096
1757662524,674497304
1757662524,680621848
1757662524,686890360
1757662524,705788232
1757662524,736148696
1757662524,738209128
1757662524,747819352
1757662524,757645032
1757662524,761407304
1757662524,835366616
1757662524,837240104
1757662524,840129064
1757662524,861185208
1757662524,893769480
1757662524,910464024
1757662524,914038600
1757662524,917652888
1757662524,993969256
1757662525,16631976
1757662525,21096600
1757662525,23312168
1757662525,41939272
1757662525,47103336
1757662525,105776200
1757662525,137050152
1757662525,139096696
1757662525,158709928
1757662525,184604584
1757662525,198081448
1757662525,201291992
1757662525,203714168
1757662525,208192168
1757662525,231125160
1757662525,236554696
1757662525,240192056
1757662525,253634408
1757662525,273435832
1757662525,284064776
1757662525,318757352
1757662525,326231336
1757662525,357583576
1757662525,383992216
1757662525,395121208
1757662525,398370648
1757662525,404260504
1757662525,432513800
1757662525,439391048
1757662525,455266408
1757662525,468418136
1757662525,482137528
1757662525,515566280
1757662525,536445992
1757662525,573064088
1757662525,583450648
1757662525,630107960
1757662525,642290920
1757662525,673354376
1757662525,678598008
1757662525,700483480
1757662525,701768872
1757662525,704887208
1757662525,722694296
1757662525,735412024
1757662525,741071896
1757662525,770379000
1757662525,777154312
1757662525,788273320
1757662525,805978744
1757662525,814739224
1757662525,830562584
1757662525,851657512
1757662525,857128984
1757662525,875845352
1757662525,889323320
1757662525,894440072
1757662525,902875912
1757662525,923224376
1757662525,934782136
1757662525,952732296
1757662525,965588632
1757662525,969802536
1757662525,993771656
1757662526,24568040
1757662526,45531464
1757662526,105550504
1757662526,151363832
1757662526,178278200
1757662526,188691736
1757662526,197369944
1757662526,199351528
1757662526,205908520
1757662526,213483768
1757662526,221583720
1757662526,245763672
1757662526,282194760
1757662526,294579256
1757662526,304185800
1757662526,315513192
1757662526,325783416
1757662526,326926744
1757662526,339990872
1757662526,382095208
1757662526,442452632
1757662526,464451480
1757662526,468436136
1757662526,498013896
1757662526,526732312
1757662526,532096488
1757662526,534025096
1757662526,539286616
1757662526,553241672
1757662526,572148168
1757662526,575313320
1757662526,578505560
1757662526,582346200
1757662526,612438056
1757662526,632680872
1757662526,652709656
1757662526,668671848
1757662526,678752216
1757662526,697221736
1757662526,714302056
1757662526,721571496
1757662526,725236360
1757662526,750624840
1757662526,765477464
1757662526,787405272
1757662526,790308152
1757662526,798419096
1757662526,799698840
1757662526,801714792
1757662526,811269976
1757662526,827354408
1757662526,831030536
1757662526,842431704
1757662526,848048600
1757662526,860257656
1757662526,873357336
1757662526,875426216
1757662526,919890248
1757662526,926675880
1757662526,934275896
1757662526,944608136
1757662526,950345336
1757662526,955836104
1757662526,985265480
1757662526,987571224
1757662527,2731128
1757662527,5315112
1757662527,20071176
1757662527,33578200
1757662527,55588472
1757662527,57475016
1757662527,59965064
1757662527,122089912
1757662527,143194984
1757662527,164258456
1757662527,228671688
1757662527,250812776
1757662527,262783800
1757662527,284315288
1757662527,290941112
1757662527,292957768
1757662527,301411272
1757662527,303996264
1757662527,307568168
1757662527,309127704
1757662527,322366216
1757662527,325685976
1757662527,339100984
1757662527,349092408
1757662527,360360040
1757662527,388959304
1757662527,396050568
1757662527,407215912
1757662527,434139112
1757662527,484148136
1757662527,492276712
1757662527,510511704
1757662527,531256680
1757662527,546753048
1757662527,556043208
1757662527,561155544
1757662527,591534776
1757662527,603582344
1757662527,604874888
1757662527,630226664
1757662527,638588536
1757662527,651637880
1757662527,684582488
1757662527,687011352
1757662527,705210344
1757662527,708217400
1757662527,713013928
1757662527,729045224
1757662527,738227144
1757662527,750913432
1757662527,764462424
1757662527,768942264
1757662527,775813704
1757662527,785778792
1757662527,813441960
1757662527,817619432
1757662527,839419688
1757662527,840874312
1757662527,846324376
1757662527,852778120
1757662527,857412424
1757662527,861513992
1757662527,911665576
1757662527,915396216
1757662527,924437528
1757662527,929434568
1757662527,933811368
1757662527,936064664
1757662527,939483416
1757662527,974570696
1757662528,1901992
1757662528,7175016
1757662528,19962904
1757662528,25846744
1757662528,40512904
1757662528,58526648
1757662528,90866568
1757662528,116353976
1757662528,129035784
1757662528,136624712
1757662528,146683480
1757662528,166486376
1757662528,170943880
1757662528,172459016
1757662528,188251160
1757662528,214976984
1757662528,256413384
1757662528,261500088
1757662528,271081704
1757662528,280539432
1757662528,298382792
1757662528,357319512
1757662528,363413240
1757662528,428071640
1757662528,430203256
1757662528,447236360
1757662528,454794856
1757662528,469473240
1757662528,473557864
1757662528,502890632
1757662528,554706600
1757662528,571518760
1757662528,576485192
1757662528,596855048
1757662528,599408472
1757662528,615729592
1757662528,651942632
1757662528,693373272
1757662528,731541928
1757662528,762063016
1757662528,763629000
1757662528,777267560
1757662528,784839736
1757662528,797995192
1757662528,800336808
1757662528,814820648
1757662528,822425048
1757662528,835613560
1757662528,873145576
1757662528,909156936
1757662528,922154696
1757662528,925846008
1757662528,930105640
1757662528,935906232
1757662528,941092632
1757662528,944703128
1757662528,952447416
1757662528,960138360
1757662528,963359096
1757662529,2534888
1757662529,12889432
1757662529,32586088
1757662529,65534104
1757662529,75396568
1757662529,83354664
1757662529,109922360
1757662529,111191656
1757662529,122243176
1757662529,143106488
1757662529,174266552
1757662529,179822728
1757662529,192360696
1757662529,194686344
1757662529,211460712
1757662529,228285816
1757662529,254447784
1757662529,278928648
1757662529,296523080
1757662529,299346408
1757662529,311199896
1757662529,317887048
1757662529,334213192
1757662529,356264968
1757662529,409634808
1757662529,414526200
1757662529,428868616
1757662529,439881048
1757662529,447729208
1757662529,449633544
1757662529,471574520
1757662529,473537608
1757662529,478797816
1757662529,495807016
1757662529,518395768
1757662529,526908232
1757662529,544364680
1757662529,557976280
1757662529,573737896
1757662529,589845304
1757662529,605534408
1757662529,609673320
1757662529,613807544
1757662529,633040232
1757662529,637359112
1757662529,640447016
1757662529,643868472
1757662529,665981432
1757662529,669034168
1757662529,681737640
1757662529,685251656
1757662529,686646824
1757662529,707929656
1757662529,725242200
1757662529,727315784
1757662529,729492440
1757662529,773413464
1757662529,782291064
1757662529,785914040
1757662529,812456376
1757662529,817557816
1757662529,827972392
1757662529,851544680
1757662529,859445624
1757662529,868577032
1757662529,872813944
1757662529,900466952
1757662529,909962040
1757662529,926757496
1757662529,935506344
1757662529,940411160
1757662529,944144088
1757662529,961999128
1757662530,5594232
1757662530,9160600
1757662530,15289560
1757662530,21789240
1757662530,49292552
1757662530,53285224
1757662530,59552088
1757662530,65115608
1757662530,73634344
1757662530,82499800
1757662530,147266136
1757662530,155002456
1757662530,176909064
1757662530,251225544
1757662530,272802888
1757662530,279956104
1757662530,326713800
1757662530,355262824
1757662530,418484952
1757662530,467658792
1757662530,485308456
1757662530,493927784
1757662530,508960840
1757662530,516718104
1757662530,526434440
1757662530,528629224
1757662530,572169624
1757662530,594935032
1757662530,606960552
1757662530,608943768
1757662530,615162744
1757662530,627888872
1757662530,639402600
1757662530,646438552
1757662530,684753880
1757662530,696695864
1757662530,699828488
1757662530,728933368
1757662530,758133192
1757662530,770292808
1757662530,790529320
1757662530,792854792
1757662530,804159016
1757662530,810319560
1757662530,825717608
1757662530,832811608
1757662530,842704728
1757662530,870610568
1757662530,944429512
1757662530,945969512
1757662530,959664040
1757662530,981727144
1757662530,993464504
1757662531,1776040
1757662531,4233064
1757662531,26643256
1757662531,28976584
1757662531,32776376
1757662531,46630296
1757662531,49574904
1757662531,92441064
1757662531,103499848
1757662531,106310280
1757662531,112848696
1757662531,114446552
1757662531,119103304
1757662531,128781272
1757662531,174320040
1757662531,179631080
1757662531,198021064
1757662531,200577992
1757662531,204821704
1757662531,227971752
1757662531,246355944
1757662531,247633352
1757662531,250893512
1757662531,253272104
1757662531,256144840
1757662531,258944120
1757662531,294118440
1757662531,318287224
1757662531,320021592
1757662531,327902968
1757662531,344789640
1757662531,349204888
1757662531,362531432
1757662531,393648472
1757662531,397508968
1757662531,399066344
1757662531,424205928
1757662531,430044504
1757662531,440522712
1757662531,445269880
1757662531,453389464
1757662531,488742184
1757662531,503343688
1757662531,505143496
1757662531,510208952
1757662531,548607688
1757662531,572115224
1757662531,615581096
1757662531,641032056
1757662531,655599688
1757662531,660281208
1757662531,661786760
1757662531,681203240
1757662531,687393240
1757662531,699374072
1757662531,710097096
1757662531,716614936
1757662531,720076680
1757662531,736635448
1757662531,741221992
1757662531,761925400
1757662531,784815752
1757662531,801580424
1757662531,829040824
1757662531,845490456
1757662531,847972344
1757662531,868511160
1757662531,872497784
1757662531,876955992
1757662531,879596664
1757662531,891036424
1757662531,908230824
1757662531,927863816
1757662531,954169720
1757662531,960157400
1757662531,966770472
1757662532,51927064
1757662532,62376936
1757662532,67571096
1757662532,70642568
1757662532,95918696
1757662532,165561288
1757662532,169540056
1757662532,189219432
1757662532,217966360
1757662532,220187704
1757662532,236284456
1757662532,239311208
1757662532,290495224
1757662532,315886184
1757662532,340921000
1757662532,387461288
1757662532,388906264
1757662532,391520296
1757662532,398008472
1757662532,407487592
1757662532,412101848
1757662532,421284872
1757662532,427316056
1757662532,451056600
1757662532,452638472
1757662532,486797448
1757662532,522079336
1757662532,529048968
1757662532,541006056
1757662532,585006136
1757662532,589232184
1757662532,596124232
1757662532,612076136
1757662532,624003352
1757662532,631903784
1757662532,633407608
1757662532,634942648
1757662532,647324920
1757662532,651556568
1757662532,668280904
1757662532,696432280
1757662532,703045480
1757662532,709541496
1757662532,759254808
1757662532,779231752
1757662532,806078584
1757662532,810094040
1757662532,823358392
1757662532,824887688
1757662532,837310056
1757662532,842515000
1757662532,852209864
1757662532,861941368
1757662532,913537560
1757662532,944659704
1757662532,960927848
1757662532,963768264
1757662532,978538936
1757662532,979616648
1757662533,11390664
1757662533,32618440
1757662533,37002488
1757662533,40100808
1757662533,78622024
1757662533,91004424
1757662533,100628584
1757662533,134760504
1757662533,151221000
1757662533,166735752
1757662533,177905208
1757662533,193796376
1757662533,208419128
1757662533,209831800
1757662533,215524136
1757662533,220427032
1757662533,223539096
1757662533,225477432
1757662533,230267160
1757662533,261273432
1757662533,286075800
1757662533,288809528
1757662533,319267144
1757662533,325265496
1757662533,328275256
1757662533,344590408
1757662533,351189064
1757662533,383014728
1757662533,416775368
1757662533,440353480
1757662533,442387848
1757662533,449130920
1757662533,470366520
1757662533,477316712
1757662533,481613704
1757662533,490069896
1757662533,505954856
1757662533,526797064
1757662533,532126936
1757662533,533386120
1757662533,538644056
1757662533,554279176
1757662533,565583896
1757662533,577200248
1757662533,590043768
1757662533,596769624
1757662533,609303016
1757662533,624058552
1757662533,627735112
1757662533,634629032
1757662533,642136696
1757662533,662304920
1757662533,708709240
1757662533,718643544
1757662533,735065528
1757662533,772461816
1757662533,794859416
1757662533,839188920
1757662533,868718456
1757662533,888572776
1757662533,895130520
1757662533,896524216
1757662533,925532168
1757662533,937839992
1757662533,982045480
1757662533,992119352
1757662533,998035144
1757662534,4743544
1757662534,8927416
1757662534,15513368
1757662534,30257608
1757662534,43532088
1757662534,75064664
1757662534,79102376
1757662534,83312904
1757662534,149192600
1757662534,160258856
1757662534,168132648
1757662534,181521192
1757662534,214327896
1757662534,218782408
1757662534,221335256
1757662534,236581832
1757662534,247652264
1757662534,252388648
1757662534,305667016
1757662534,326296408
1757662534,328921704
1757662534,397666184
1757662534,430286136
1757662534,465414600
1757662534,466964264
1757662534,474015944
1757662534,483325656
1757662534,486335208
1757662534,525491928
1757662534,546050696
1757662534,565398120
1757662534,571700440
1757662534,609132424
1757662534,611525064
1757662534,623465544
1757662534,629504840
1757662534,653499352
1757662534,670346264
1757662534,675230792
1757662534,698124488
1757662534,710661640
1757662534,735493448
1757662534,743108200
1757662534,758367208
1757662534,796143672
1757662534,799983768
1757662534,812660552
1757662534,813804936
1757662534,818407704
1757662534,823098824
1757662534,826017752
1757662534,834738472
1757662534,840210296
1757662534,854760776
1757662534,903194200
1757662534,918052456
1757662534,919964744
1757662534,925919000
1757662534,940308504
1757662534,985337864
1757662534,996515992
1757662535,3725944
1757662535,27903144
1757662535,37663048
1757662535,48975784
1757662535,69060472
1757662535,83948792
1757662535,121218120
1757662535,127949288
1757662535,137515816
1757662535,143391352
1757662535,150464680
1757662535,165705784
1757662535,168400072
1757662535,227613928
1757662535,243784024
1757662535,264997784
1757662535,301864904
1757662535,310774488
1757662535,316511048
1757662535,323363528
1757662535,331299096
1757662535,365042248
1757662535,373635960
1757662535,387837368
1757662535,411677384
1757662535,415437640
1757662535,424877320
1757662535,484942120
1757662535,522214232
1757662535,535857016
1757662535,549920136
1757662535,595851768
1757662535,611691496
1757662535,623484216
1757662535,625489592
1757662535,628329528
1757662535,670775576
1757662535,678579976
1757662535,686877560
1757662535,704463080
1757662535,706693720
1757662535,710874120
1757662535,745666712
1757662535,754375800
1757662535,774051192
1757662535,796697064
1757662535,826974216
1757662535,842564024
1757662535,860658856
1757662535,882629000
1757662535,903234312
1757662535,910815032
1757662535,917497704
1757662535,932051384
1757662535,943699336
1757662535,961022104
1757662535,978789128
1757662535,989717368
1757662536,3240312
1757662536,4744568
1757662536,16561992
1757662536,22098936
1757662536,47624952
1757662536,58009976
1757662536,71685672
1757662536,105149000
1757662536,107861864
1757662536,148304552
1757662536,176223192
1757662536,177410408
1757662536,185332072
1757662536,211349688
1757662536,212598744
1757662536,251354488
1757662536,254060488
1757662536,278961848
1757662536,286477800
1757662536,299612936
1757662536,305161592
1757662536,332807416
1757662536,339909736
1757662536,373403992
1757662536,389096744
1757662536,392772232
1757662536,407766280
1757662536,432144344
1757662536,434375208
1757662536,438726392
1757662536,458250904
1757662536,460500856
1757662536,463763832
1757662536,482396152
1757662536,490754008
1757662536,511638072
1757662536,521926168
1757662536,550272232
1757662536,553167416
1757662536,555033160
1757662536,578668344
1757662536,613804344
1757662536,629612088
1757662536,656010024
1757662536,671421272
1757662536,677814584
1757662536,684758920
1757662536,725565816
1757662536,729861624
1757662536,751794776
1757662536,755094984
1757662536,756435720
1757662536,757531752
1757662536,784839416
1757662536,792391496
1757662536,794357832
1757662536,810489320
1757662536,848857448
1757662536,850129432
1757662536,852899240
1757662536,879126488
1757662536,882342088
1757662536,887399352
1757662536,893640472
1757662536,904900456
1757662536,908431864
1757662536,936979512
1757662536,949295016
1757662536,989438280
1757662537,338024
1757662537,45390088
1757662537,53027992
1757662537,60979336
1757662537,74671576
1757662537,111787960
1757662537,158946216
1757662537,160107608
1757662537,186665688
1757662537,195106984
1757662537,205727160
1757662537,210465032
1757662537,216207224
1757662537,224987640
1757662537,230737672
1757662537,280761064
1757662537,292629320
1757662537,296864792
1757662537,321935608
1757662537,351695000
1757662537,362419176
1757662537,376275480
1757662537,403785336
1757662537,410298168
1757662537,413659800
1757662537,422114760
1757662537,431037720
1757662537,458564024
1757662537,470195720
1757662537,473037960
1757662537,475904488
1757662537,479608280
1757662537,480989288
1757662537,492731032
1757662537,497140104
1757662537,519864344
1757662537,583464200
1757662537,591328984
1757662537,614710472
1757662537,638689256
1757662537,640810600
1757662537,647924488
1757662537,660053656
1757662537,724547400
1757662537,728947416
1757662537,746086808
1757662537,753137720
1757662537,756410504
1757662537,766188024
1757662537,779424232
1757662537,788230456
1757662537,790947096
1757662537,795332312
1757662537,815739272
1757662537,842221128
1757662537,843907880
1757662537,848613640
1757662537,856874760
1757662537,862600904
1757662537,867245432
1757662537,874106920
1757662537,902084632
1757662537,918429576
1757662537,930125368
1757662537,972942024
1757662537,976023096
1757662537,979506904
1757662538,21430568
1757662538,42513528
1757662538,45556632
1757662538,105587928
1757662538,114027480
1757662538,146231896
1757662538,176651976
1757662538,195578168
1757662538,197976296
1757662538,254283848
1757662538,261641368
1757662538,267039976
1757662538,330591608
1757662538,346752088
1757662538,367237160
1757662538,374965672
1757662538,378221240
1757662538,383336936
1757662538,385357144
1757662538,415972520
1757662538,437681880
1757662538,441707336
1757662538,450418200
1757662538,453478536
1757662538,466090584
1757662538,469889992
1757662538,475135080
1757662538,484585960
